title,industry,ai_approved,ai_reason,judged_at
Access Board,cybersecurity,True,,2026-08-18T07:43:20.334023+09:00
Access Center,cybersecurity,True,,2026-08-18T07:43:20.334023+09:00
Access Chain,cybersecurity,True,,2026-08-18T07:43:20.334023+09:00
Access Console,cybersecurity,True,,2026-08-18T07:43:20.334023+09:00
Access Core,cybersecurity,True,,2026-08-18T07:43:20.334023+09:00
Access Deck,cybersecurity,True,,2026-08-18T07:43:20.334023+09:00
Access Dial,cybersecurity,True,,2026-08-18T07:43:20.334023+09:00
Access Dock,cybersecurity,True,,2026-08-18T07:43:20.334023+09:00
Access Gate,cybersecurity,True,,2026-08-18T07:43:20.334023+09:00
Access Lab,cybersecurity,True,,2026-08-18T07:43:20.334023+09:00
Access Ledger,cybersecurity,True,,2026-08-18T07:43:20.334023+09:00
Access Meter,cybersecurity,True,,2026-08-18T07:43:20.334023+09:00
Access Node,cybersecurity,True,,2026-08-18T07:43:20.334023+09:00
Access Panel,cybersecurity,True,,2026-08-18T07:43:20.334023+09:00
Access Portal,cybersecurity,True,,2026-08-18T07:43:20.334023+09:00
Access Rail,cybersecurity,True,,2026-08-18T07:43:20.334023+09:00
Access Ring,cybersecurity,False,"TITLE_UNCLEAR: Ring is abstract, no SaaS function is suggested (established prior batches)",2026-08-18T07:43:20.334023+09:00
Access Route,cybersecurity,True,,2026-08-18T07:43:20.334023+09:00
Access Scale,cybersecurity,True,,2026-08-18T07:43:20.334023+09:00
Access Station,cybersecurity,True,,2026-08-18T07:43:20.334023+09:00
Access Studio,cybersecurity,True,,2026-08-18T07:43:20.334023+09:00
Access Terminal,cybersecurity,False,"TITLE_UNCLEAR: Terminal only reads clearly for transportation/maritime_shipping/aviation/logistics, industry=cybersecurity",2026-08-18T07:43:20.334023+09:00
Access Trail,cybersecurity,True,,2026-08-18T07:43:20.334023+09:00
Access Zone,cybersecurity,True,,2026-08-18T07:43:20.334023+09:00
Accrual Assistant,finance,True,,2026-08-18T07:43:20.334023+09:00
Accrual Atlas,finance,True,,2026-08-18T07:43:20.334023+09:00
Accrual Chain,finance,True,,2026-08-18T07:43:20.334023+09:00
Accrual Console,finance,True,,2026-08-18T07:43:20.334023+09:00
Accrual Dial,finance,True,,2026-08-18T07:43:20.334023+09:00
Accrual Dock,finance,True,,2026-08-18T07:43:20.334023+09:00
Accrual Engine,finance,True,,2026-08-18T07:43:20.334023+09:00
Accrual Gate,finance,True,,2026-08-18T07:43:20.334023+09:00
Accrual Keeper,finance,True,,2026-08-18T07:43:20.334023+09:00
Accrual Manager,finance,True,,2026-08-18T07:43:20.334023+09:00
Accrual Meter,finance,True,,2026-08-18T07:43:20.334023+09:00
Accrual Nexus,finance,True,,2026-08-18T07:43:20.334023+09:00
Accrual Node,finance,True,,2026-08-18T07:43:20.334023+09:00
Accrual Panel,finance,True,,2026-08-18T07:43:20.334023+09:00
Accrual Planner,finance,True,,2026-08-18T07:43:20.334023+09:00
Accrual Rail,finance,True,,2026-08-18T07:43:20.334023+09:00
Accrual Ring,finance,False,"TITLE_UNCLEAR: Ring is abstract, no SaaS function is suggested (established prior batches)",2026-08-18T07:43:20.334023+09:00
Accrual Route,finance,True,,2026-08-18T07:43:20.334023+09:00
Accrual Scale,finance,True,,2026-08-18T07:43:20.334023+09:00
Accrual Scheduler,finance,True,,2026-08-18T07:43:20.334023+09:00
Accrual Sentry,finance,True,,2026-08-18T07:43:20.334023+09:00
Accrual Suite,finance,True,,2026-08-18T07:43:20.334023+09:00
Accrual Trail,finance,True,,2026-08-18T07:43:20.334023+09:00
Activation Anchor,telecom,True,,2026-08-18T07:43:20.334023+09:00
Activation Beacon,telecom,True,,2026-08-18T07:43:20.334023+09:00
Activation Bridge,telecom,True,,2026-08-18T07:43:20.334023+09:00
Activation Cascade,telecom,True,,2026-08-18T07:43:20.334023+09:00
Activation Companion,telecom,True,,2026-08-18T07:43:20.334023+09:00
Activation Compass,telecom,True,,2026-08-18T07:43:20.334023+09:00
Activation Dashboard,telecom,True,,2026-08-18T07:43:20.334023+09:00
Activation Desk,telecom,True,,2026-08-18T07:43:20.334023+09:00
Activation Flow,telecom,True,,2026-08-18T07:43:20.334023+09:00
Activation Forge,telecom,True,,2026-08-18T07:43:20.334023+09:00
Activation Guard,telecom,True,,2026-08-18T07:43:20.334023+09:00
Activation Hub,telecom,True,,2026-08-18T07:43:20.334023+09:00
Activation Navigator,telecom,True,,2026-08-18T07:43:20.334023+09:00
Activation Ops,telecom,True,,2026-08-18T07:43:20.334023+09:00
Activation Pilot,telecom,True,,2026-08-18T07:43:20.334023+09:00
Activation Radar,telecom,True,,2026-08-18T07:43:20.334023+09:00
Activation Register,telecom,True,,2026-08-18T07:43:20.334023+09:00
Activation Relay,telecom,True,,2026-08-18T07:43:20.334023+09:00
Activation Signal,telecom,True,,2026-08-18T07:43:20.334023+09:00
Activation Sync,telecom,True,,2026-08-18T07:43:20.334023+09:00
Activation Tracker,telecom,True,,2026-08-18T07:43:20.334023+09:00
Activation Vault,telecom,True,,2026-08-18T07:43:20.334023+09:00
Activation Watch,telecom,True,,2026-08-18T07:43:20.334023+09:00
Actuary Anchor,insurance,True,,2026-08-18T07:43:20.334023+09:00
Actuary Base,insurance,True,,2026-08-18T07:43:20.334023+09:00
Actuary Board,insurance,True,,2026-08-18T07:43:20.334023+09:00
Actuary Bridge,insurance,True,,2026-08-18T07:43:20.334023+09:00
Actuary Cascade,insurance,True,,2026-08-18T07:43:20.334023+09:00
Actuary Core,insurance,True,,2026-08-18T07:43:20.334023+09:00
Actuary Deck,insurance,True,,2026-08-18T07:43:20.334023+09:00
Actuary Frame,insurance,True,,2026-08-18T07:43:20.334023+09:00
Actuary Grid,insurance,True,,2026-08-18T07:43:20.334023+09:00
Actuary Lab,insurance,True,,2026-08-18T07:43:20.334023+09:00
Actuary Ledger,insurance,True,,2026-08-18T07:43:20.334023+09:00
Actuary Lens,insurance,True,,2026-08-18T07:43:20.334023+09:00
Actuary Lock,insurance,True,,2026-08-18T07:43:20.334023+09:00
Actuary Loop,insurance,True,,2026-08-18T07:43:20.334023+09:00
Actuary Map,insurance,True,,2026-08-18T07:43:20.334023+09:00
Actuary Path,insurance,True,,2026-08-18T07:43:20.334023+09:00
Actuary Point,insurance,True,,2026-08-18T07:43:20.334023+09:00
Actuary Pulse,insurance,True,,2026-08-18T07:43:20.334023+09:00
Actuary Scope,insurance,True,,2026-08-18T07:43:20.334023+09:00
Actuary Signal,insurance,True,,2026-08-18T07:43:20.334023+09:00
Actuary Studio,insurance,True,,2026-08-18T07:43:20.334023+09:00
Actuary Watch,insurance,True,,2026-08-18T07:43:20.334023+09:00
Actuary Wave,insurance,True,,2026-08-18T07:43:20.334023+09:00
Adherence Assistant,pharmacy,True,,2026-08-18T07:43:20.334023+09:00
Adherence Cockpit,pharmacy,True,,2026-08-18T07:43:20.334023+09:00
Adherence Companion,pharmacy,True,,2026-08-18T07:43:20.334023+09:00
Adherence Dashboard,pharmacy,True,,2026-08-18T07:43:20.334023+09:00
Adherence Desk,pharmacy,True,,2026-08-18T07:43:20.334023+09:00
Adherence Engine,pharmacy,True,,2026-08-18T07:43:20.334023+09:00
Adherence Flow,pharmacy,True,,2026-08-18T07:43:20.334023+09:00
Adherence Guard,pharmacy,True,,2026-08-18T07:43:20.334023+09:00
Adherence Hub,pharmacy,True,,2026-08-18T07:43:20.334023+09:00
Adherence Insight,pharmacy,True,,2026-08-18T07:43:20.334023+09:00
Adherence Manager,pharmacy,True,,2026-08-18T07:43:20.334023+09:00
Adherence Metrics,pharmacy,True,,2026-08-18T07:43:20.334023+09:00
Adherence Monitor,pharmacy,True,,2026-08-18T07:43:20.334023+09:00
Adherence Navigator,pharmacy,True,,2026-08-18T07:43:20.334023+09:00
Adherence Ops,pharmacy,True,,2026-08-18T07:43:20.334023+09:00
Adherence Organizer,pharmacy,True,,2026-08-18T07:43:20.334023+09:00
Adherence Pilot,pharmacy,True,,2026-08-18T07:43:20.334023+09:00
Adherence Planner,pharmacy,True,,2026-08-18T07:43:20.334023+09:00
Adherence Radar,pharmacy,True,,2026-08-18T07:43:20.334023+09:00
Adherence Register,pharmacy,True,,2026-08-18T07:43:20.334023+09:00
Adherence Scheduler,pharmacy,True,,2026-08-18T07:43:20.334023+09:00
Adherence Suite,pharmacy,True,,2026-08-18T07:43:20.334023+09:00
Adherence Sync,pharmacy,True,,2026-08-18T07:43:20.334023+09:00
Adherence Tracker,pharmacy,True,,2026-08-18T07:43:20.334023+09:00
Adjuster Base,insurance,True,,2026-08-18T07:43:20.334023+09:00
Adjuster Board,insurance,True,,2026-08-18T07:43:20.334023+09:00
Adjuster Center,insurance,True,,2026-08-18T07:43:20.334023+09:00
Adjuster Console,insurance,True,,2026-08-18T07:43:20.334023+09:00
Adjuster Core,insurance,True,,2026-08-18T07:43:20.334023+09:00
Adjuster Deck,insurance,True,,2026-08-18T07:43:20.334023+09:00
Adjuster Dial,insurance,True,,2026-08-18T07:43:20.334023+09:00
Adjuster Dock,insurance,True,,2026-08-18T07:43:20.334023+09:00
Adjuster Frame,insurance,True,,2026-08-18T07:43:20.334023+09:00
Adjuster Lab,insurance,True,,2026-08-18T07:43:20.334023+09:00
Adjuster Ledger,insurance,True,,2026-08-18T07:43:20.334023+09:00
Adjuster Lens,insurance,True,,2026-08-18T07:43:20.334023+09:00
Adjuster Lock,insurance,True,,2026-08-18T07:43:20.334023+09:00
Adjuster Map,insurance,True,,2026-08-18T07:43:20.334023+09:00
Adjuster Meter,insurance,True,,2026-08-18T07:43:20.334023+09:00
Adjuster Panel,insurance,True,,2026-08-18T07:43:20.334023+09:00
Adjuster Portal,insurance,True,,2026-08-18T07:43:20.334023+09:00
Adjuster Rail,insurance,True,,2026-08-18T07:43:20.334023+09:00
Adjuster Route,insurance,True,,2026-08-18T07:43:20.334023+09:00
Adjuster Scale,insurance,True,,2026-08-18T07:43:20.334023+09:00
Adjuster Station,insurance,True,,2026-08-18T07:43:20.334023+09:00
Adjuster Studio,insurance,True,,2026-08-18T07:43:20.334023+09:00
Adjuster Terminal,insurance,False,"TITLE_UNCLEAR: Terminal only reads clearly for transportation/maritime_shipping/aviation/logistics, industry=insurance",2026-08-18T07:43:20.334023+09:00
Adjuster Zone,insurance,True,,2026-08-18T07:43:20.334023+09:00
Admission Base,senior_care,True,,2026-08-18T07:43:20.334023+09:00
Admission Board,senior_care,True,,2026-08-18T07:43:20.334023+09:00
Admission Center,senior_care,True,,2026-08-18T07:43:20.334023+09:00
Admission Chain,senior_care,True,,2026-08-18T07:43:20.334023+09:00
Admission Console,senior_care,True,,2026-08-18T07:43:20.334023+09:00
Admission Core,senior_care,True,,2026-08-18T07:43:20.334023+09:00
Admission Deck,senior_care,True,,2026-08-18T07:43:20.334023+09:00
Admission Dial,senior_care,True,,2026-08-18T07:43:20.334023+09:00
Admission Dock,senior_care,True,,2026-08-18T07:43:20.334023+09:00
Admission Lab,senior_care,True,,2026-08-18T07:43:20.334023+09:00
Admission Ledger,senior_care,True,,2026-08-18T07:43:20.334023+09:00
Admission Meter,senior_care,True,,2026-08-18T07:43:20.334023+09:00
Admission Panel,senior_care,True,,2026-08-18T07:43:20.334023+09:00
Admission Portal,senior_care,True,,2026-08-18T07:43:20.334023+09:00
Admission Rail,senior_care,True,,2026-08-18T07:43:20.334023+09:00
Admission Ring,senior_care,False,"TITLE_UNCLEAR: Ring is abstract, no SaaS function is suggested (established prior batches)",2026-08-18T07:43:20.334023+09:00
Admission Route,senior_care,True,,2026-08-18T07:43:20.334023+09:00
Admission Scale,senior_care,True,,2026-08-18T07:43:20.334023+09:00
Admission Station,senior_care,True,,2026-08-18T07:43:20.334023+09:00
Admission Studio,senior_care,True,,2026-08-18T07:43:20.334023+09:00
Admission Terminal,senior_care,False,"TITLE_UNCLEAR: Terminal only reads clearly for transportation/maritime_shipping/aviation/logistics, industry=senior_care",2026-08-18T07:43:20.334023+09:00
Admission Trail,senior_care,True,,2026-08-18T07:43:20.334023+09:00
Admission Zone,senior_care,True,,2026-08-18T07:43:20.334023+09:00
Advisor Assistant,education,True,,2026-08-18T07:43:20.334023+09:00
Advisor Atlas,education,True,,2026-08-18T07:43:20.334023+09:00
Advisor Chain,education,True,,2026-08-18T07:43:20.334023+09:00
Advisor Cockpit,education,True,,2026-08-18T07:43:20.334023+09:00
Advisor Companion,education,True,,2026-08-18T07:43:20.334023+09:00
Advisor Dashboard,education,True,,2026-08-18T07:43:20.334023+09:00
Advisor Engine,education,True,,2026-08-18T07:43:20.334023+09:00
Advisor Gate,education,True,,2026-08-18T07:43:20.334023+09:00
Advisor Insight,education,True,,2026-08-18T07:43:20.334023+09:00
Advisor Keeper,education,True,,2026-08-18T07:43:20.334023+09:00
Advisor Manager,education,True,,2026-08-18T07:43:20.334023+09:00
Advisor Metrics,education,True,,2026-08-18T07:43:20.334023+09:00
Advisor Monitor,education,True,,2026-08-18T07:43:20.334023+09:00
Advisor Navigator,education,True,,2026-08-18T07:43:20.334023+09:00
Advisor Nexus,education,True,,2026-08-18T07:43:20.334023+09:00
Advisor Node,education,True,,2026-08-18T07:43:20.334023+09:00
Advisor Organizer,education,True,,2026-08-18T07:43:20.334023+09:00
Advisor Planner,education,True,,2026-08-18T07:43:20.334023+09:00
Advisor Register,education,True,,2026-08-18T07:43:20.334023+09:00
Advisor Ring,education,False,"TITLE_UNCLEAR: Ring is abstract, no SaaS function is suggested (established prior batches)",2026-08-18T07:43:20.334023+09:00
Advisor Scheduler,education,True,,2026-08-18T07:43:20.334023+09:00
Advisor Sentry,education,True,,2026-08-18T07:43:20.334023+09:00
Advisor Suite,education,True,,2026-08-18T07:43:20.334023+09:00
Agenda Anchor,events,True,,2026-08-18T07:43:20.334023+09:00
Agenda Base,events,True,,2026-08-18T07:43:20.334023+09:00
Agenda Board,events,True,,2026-08-18T07:43:20.334023+09:00
Agenda Bridge,events,True,,2026-08-18T07:43:20.334023+09:00
Agenda Cascade,events,True,,2026-08-18T07:43:20.334023+09:00
Agenda Core,events,True,,2026-08-18T07:43:20.334023+09:00
Agenda Deck,events,True,,2026-08-18T07:43:20.334023+09:00
Agenda Forge,events,True,,2026-08-18T07:43:20.334023+09:00
Agenda Frame,events,True,,2026-08-18T07:43:20.334023+09:00
Agenda Grid,events,True,,2026-08-18T07:43:20.334023+09:00
Agenda Lab,events,True,,2026-08-18T07:43:20.334023+09:00
Agenda Ledger,events,True,,2026-08-18T07:43:20.334023+09:00
Agenda Lens,events,True,,2026-08-18T07:43:20.334023+09:00
Agenda Lock,events,True,,2026-08-18T07:43:20.334023+09:00
Agenda Loop,events,True,,2026-08-18T07:43:20.334023+09:00
Agenda Map,events,True,,2026-08-18T07:43:20.334023+09:00
Agenda Path,events,True,,2026-08-18T07:43:20.334023+09:00
Agenda Point,events,True,,2026-08-18T07:43:20.334023+09:00
Agenda Pulse,events,True,,2026-08-18T07:43:20.334023+09:00
Agenda Scope,events,True,,2026-08-18T07:43:20.334023+09:00
Agenda Signal,events,True,,2026-08-18T07:43:20.334023+09:00
Agenda Studio,events,True,,2026-08-18T07:43:20.334023+09:00
Agenda Watch,events,True,,2026-08-18T07:43:20.334023+09:00
Agenda Wave,events,True,,2026-08-18T07:43:20.334023+09:00
Allergen Anchor,food_service,True,,2026-08-18T07:43:20.334023+09:00
Allergen Beacon,food_service,True,,2026-08-18T07:43:20.334023+09:00
Allergen Bridge,food_service,True,,2026-08-18T07:43:20.334023+09:00
Allergen Cascade,food_service,True,,2026-08-18T07:43:20.334023+09:00
Allergen Compass,food_service,True,,2026-08-18T07:43:20.334023+09:00
Allergen Desk,food_service,True,,2026-08-18T07:43:20.334023+09:00
Allergen Flow,food_service,True,,2026-08-18T07:43:20.334023+09:00
Allergen Forge,food_service,True,,2026-08-18T07:43:20.334023+09:00
Allergen Grid,food_service,True,,2026-08-18T07:43:20.334023+09:00
Allergen Hub,food_service,True,,2026-08-18T07:43:20.334023+09:00
Allergen Loop,food_service,True,,2026-08-18T07:43:20.334023+09:00
Allergen Path,food_service,True,,2026-08-18T07:43:20.334023+09:00
Allergen Pilot,food_service,True,,2026-08-18T07:43:20.334023+09:00
Allergen Point,food_service,True,,2026-08-18T07:43:20.334023+09:00
Allergen Pulse,food_service,True,,2026-08-18T07:43:20.334023+09:00
Allergen Radar,food_service,True,,2026-08-18T07:43:20.334023+09:00
Allergen Relay,food_service,True,,2026-08-18T07:43:20.334023+09:00
Allergen Scope,food_service,True,,2026-08-18T07:43:20.334023+09:00
Allergen Signal,food_service,True,,2026-08-18T07:43:20.334023+09:00
Allergen Sync,food_service,True,,2026-08-18T07:43:20.334023+09:00
Allergen Vault,food_service,True,,2026-08-18T07:43:20.334023+09:00
Allergen Watch,food_service,True,,2026-08-18T07:43:20.334023+09:00
Allergen Wave,food_service,True,,2026-08-18T07:43:20.334023+09:00
Alteration Assistant,laundry_dry_cleaning,True,,2026-08-18T07:43:20.334023+09:00
Alteration Atlas,laundry_dry_cleaning,True,,2026-08-18T07:43:20.334023+09:00
Alteration Cockpit,laundry_dry_cleaning,True,,2026-08-18T07:43:20.334023+09:00
Alteration Companion,laundry_dry_cleaning,True,,2026-08-18T07:43:20.334023+09:00
Alteration Dashboard,laundry_dry_cleaning,True,,2026-08-18T07:43:20.334023+09:00
Alteration Engine,laundry_dry_cleaning,True,,2026-08-18T07:43:20.334023+09:00
Alteration Gate,laundry_dry_cleaning,True,,2026-08-18T07:43:20.334023+09:00
Alteration Guard,laundry_dry_cleaning,True,,2026-08-18T07:43:20.334023+09:00
Alteration Insight,laundry_dry_cleaning,True,,2026-08-18T07:43:20.334023+09:00
Alteration Keeper,laundry_dry_cleaning,True,,2026-08-18T07:43:20.334023+09:00
Alteration Manager,laundry_dry_cleaning,True,,2026-08-18T07:43:20.334023+09:00
Alteration Metrics,laundry_dry_cleaning,True,,2026-08-18T07:43:20.334023+09:00
Alteration Monitor,laundry_dry_cleaning,True,,2026-08-18T07:43:20.334023+09:00
Alteration Navigator,laundry_dry_cleaning,True,,2026-08-18T07:43:20.334023+09:00
Alteration Nexus,laundry_dry_cleaning,True,,2026-08-18T07:43:20.334023+09:00
Alteration Ops,laundry_dry_cleaning,True,,2026-08-18T07:43:20.334023+09:00
Alteration Organizer,laundry_dry_cleaning,True,,2026-08-18T07:43:20.334023+09:00
Alteration Planner,laundry_dry_cleaning,True,,2026-08-18T07:43:20.334023+09:00
Alteration Register,laundry_dry_cleaning,True,,2026-08-18T07:43:20.334023+09:00
Alteration Scheduler,laundry_dry_cleaning,True,,2026-08-18T07:43:20.334023+09:00
Alteration Sentry,laundry_dry_cleaning,True,,2026-08-18T07:43:20.334023+09:00
Alteration Suite,laundry_dry_cleaning,True,,2026-08-18T07:43:20.334023+09:00
Alteration Tracker,laundry_dry_cleaning,True,,2026-08-18T07:43:20.334023+09:00
Alumni Base,education,True,,2026-08-18T07:43:20.334023+09:00
Alumni Board,education,True,,2026-08-18T07:43:20.334023+09:00
Alumni Center,education,True,,2026-08-18T07:43:20.334023+09:00
Alumni Chain,education,True,,2026-08-18T07:43:20.334023+09:00
Alumni Console,education,True,,2026-08-18T07:43:20.334023+09:00
Alumni Core,education,True,,2026-08-18T07:43:20.334023+09:00
Alumni Deck,education,True,,2026-08-18T07:43:20.334023+09:00
Alumni Dial,education,True,,2026-08-18T07:43:20.334023+09:00
Alumni Dock,education,True,,2026-08-18T07:43:20.334023+09:00
Alumni Frame,education,True,,2026-08-18T07:43:20.334023+09:00
Alumni Lab,education,True,,2026-08-18T07:43:20.334023+09:00
Alumni Ledger,education,True,,2026-08-18T07:43:20.334023+09:00
Alumni Meter,education,True,,2026-08-18T07:43:20.334023+09:00
Alumni Panel,education,True,,2026-08-18T07:43:20.334023+09:00
Alumni Portal,education,True,,2026-08-18T07:43:20.334023+09:00
Alumni Rail,education,True,,2026-08-18T07:43:20.334023+09:00
Alumni Route,education,True,,2026-08-18T07:43:20.334023+09:00
Alumni Scale,education,True,,2026-08-18T07:43:20.334023+09:00
Alumni Station,education,True,,2026-08-18T07:43:20.334023+09:00
Alumni Studio,education,True,,2026-08-18T07:43:20.334023+09:00
Alumni Terminal,education,False,"TITLE_UNCLEAR: Terminal only reads clearly for transportation/maritime_shipping/aviation/logistics, industry=education",2026-08-18T07:43:20.334023+09:00
Alumni Trail,education,True,,2026-08-18T07:43:20.334023+09:00
Alumni Zone,education,True,,2026-08-18T07:43:20.334023+09:00
Amenity Base,hospitality,True,,2026-08-18T07:43:20.334023+09:00
Amenity Board,hospitality,True,,2026-08-18T07:43:20.334023+09:00
Amenity Center,hospitality,True,,2026-08-18T07:43:20.334023+09:00
Amenity Chain,hospitality,True,,2026-08-18T07:43:20.334023+09:00
Amenity Console,hospitality,True,,2026-08-18T07:43:20.334023+09:00
Amenity Core,hospitality,True,,2026-08-18T07:43:20.334023+09:00
Amenity Deck,hospitality,True,,2026-08-18T07:43:20.334023+09:00
Amenity Dial,hospitality,True,,2026-08-18T07:43:20.334023+09:00
Amenity Dock,hospitality,True,,2026-08-18T07:43:20.334023+09:00
Amenity Lab,hospitality,True,,2026-08-18T07:43:20.334023+09:00
Amenity Ledger,hospitality,True,,2026-08-18T07:43:20.334023+09:00
Amenity Meter,hospitality,True,,2026-08-18T07:43:20.334023+09:00
Amenity Node,hospitality,True,,2026-08-18T07:43:20.334023+09:00
Amenity Panel,hospitality,True,,2026-08-18T07:43:20.334023+09:00
Amenity Portal,hospitality,True,,2026-08-18T07:43:20.334023+09:00
Amenity Rail,hospitality,True,,2026-08-18T07:43:20.334023+09:00
Amenity Ring,hospitality,False,"TITLE_UNCLEAR: Ring is abstract, no SaaS function is suggested (established prior batches)",2026-08-18T07:43:20.334023+09:00
Amenity Route,hospitality,True,,2026-08-18T07:43:20.334023+09:00
Amenity Scale,hospitality,True,,2026-08-18T07:43:20.334023+09:00
Amenity Station,hospitality,True,,2026-08-18T07:43:20.334023+09:00
Amenity Studio,hospitality,True,,2026-08-18T07:43:20.334023+09:00
Amenity Terminal,hospitality,False,"TITLE_UNCLEAR: Terminal only reads clearly for transportation/maritime_shipping/aviation/logistics, industry=hospitality",2026-08-18T07:43:20.334023+09:00
Amenity Trail,hospitality,True,,2026-08-18T07:43:20.334023+09:00
Amenity Zone,hospitality,True,,2026-08-18T07:43:20.334023+09:00
Appointment Anchor,veterinary,True,,2026-08-18T07:43:20.334023+09:00
Appointment Atlas,salon_spa,True,,2026-08-18T07:43:20.334023+09:00
Appointment Base,veterinary,True,,2026-08-18T07:43:20.334023+09:00
Appointment Beacon,dental,True,,2026-08-18T07:43:20.334023+09:00
Appointment Board,veterinary,True,,2026-08-18T07:43:20.334023+09:00
Appointment Bridge,dental,True,,2026-08-18T07:43:20.334023+09:00
Appointment Cascade,dental,True,,2026-08-18T07:43:20.334023+09:00
Appointment Center,salon_spa,True,,2026-08-18T07:43:20.334023+09:00
Appointment Chain,salon_spa,True,,2026-08-18T07:43:20.334023+09:00
Appointment Cockpit,healthcare,True,,2026-08-18T07:43:20.334023+09:00
Appointment Companion,dental,True,,2026-08-18T07:43:20.334023+09:00
Appointment Compass,dental,True,,2026-08-18T07:43:20.334023+09:00
Appointment Console,salon_spa,True,,2026-08-18T07:43:20.334023+09:00
Appointment Core,veterinary,True,,2026-08-18T07:43:20.334023+09:00
Appointment Dashboard,healthcare,True,,2026-08-18T07:43:20.334023+09:00
Appointment Deck,veterinary,True,,2026-08-18T07:43:20.334023+09:00
Appointment Desk,dental,True,,2026-08-18T07:43:20.334023+09:00
Appointment Dial,salon_spa,True,,2026-08-18T07:43:20.334023+09:00
Appointment Dock,salon_spa,True,,2026-08-18T07:43:20.334023+09:00
Appointment Engine,salon_spa,True,,2026-08-18T07:43:20.334023+09:00
Appointment Flow,dental,True,,2026-08-18T07:43:20.334023+09:00
Appointment Forge,dental,True,,2026-08-18T07:43:20.334023+09:00
Appointment Frame,veterinary,True,,2026-08-18T07:43:20.334023+09:00
Appointment Gate,salon_spa,True,,2026-08-18T07:43:20.334023+09:00
Appointment Grid,veterinary,True,,2026-08-18T07:43:20.334023+09:00
Appointment Guard,dental,True,,2026-08-18T07:43:20.334023+09:00
Appointment Hub,dental,True,,2026-08-18T07:43:20.334023+09:00
Appointment Insight,healthcare,True,,2026-08-18T07:43:20.334023+09:00
Appointment Keeper,salon_spa,True,,2026-08-18T07:43:20.334023+09:00
Appointment Lab,veterinary,True,,2026-08-18T07:43:20.334023+09:00
Appointment Ledger,veterinary,True,,2026-08-18T07:43:20.334023+09:00
Appointment Lens,veterinary,True,,2026-08-18T07:43:20.334023+09:00
Appointment Lock,veterinary,True,,2026-08-18T07:43:20.334023+09:00
Appointment Loop,veterinary,True,,2026-08-18T07:43:20.334023+09:00
Appointment Manager,salon_spa,True,,2026-08-18T07:43:20.334023+09:00
Appointment Map,veterinary,True,,2026-08-18T07:43:20.334023+09:00
Appointment Meter,salon_spa,True,,2026-08-18T07:43:20.334023+09:00
Appointment Metrics,healthcare,True,,2026-08-18T07:43:20.334023+09:00
Appointment Monitor,healthcare,True,,2026-08-18T07:43:20.334023+09:00
Appointment Navigator,dental,True,,2026-08-18T07:43:20.334023+09:00
Appointment Nexus,salon_spa,True,,2026-08-18T07:43:20.334023+09:00
Appointment Node,salon_spa,True,,2026-08-18T07:43:20.334023+09:00
Appointment Ops,dental,True,,2026-08-18T07:43:20.334023+09:00
Appointment Organizer,healthcare,True,,2026-08-18T07:43:20.334023+09:00
Appointment Panel,salon_spa,True,,2026-08-18T07:43:20.334023+09:00
Appointment Path,veterinary,True,,2026-08-18T07:43:20.334023+09:00
Appointment Pilot,dental,True,,2026-08-18T07:43:20.334023+09:00
Appointment Planner,healthcare,True,,2026-08-18T07:43:20.334023+09:00
Appointment Point,veterinary,True,,2026-08-18T07:43:20.334023+09:00
Appointment Portal,salon_spa,True,,2026-08-18T07:43:20.334023+09:00
Appointment Pulse,veterinary,True,,2026-08-18T07:43:20.334023+09:00
Appointment Radar,dental,True,,2026-08-18T07:43:20.334023+09:00
Appointment Rail,salon_spa,True,,2026-08-18T07:43:20.334023+09:00
Appointment Register,dental,True,,2026-08-18T07:43:20.334023+09:00
Appointment Relay,dental,True,,2026-08-18T07:43:20.334023+09:00
Appointment Ring,salon_spa,False,"TITLE_UNCLEAR: Ring is abstract, no SaaS function is suggested (established prior batches)",2026-08-18T07:43:20.334023+09:00
Appointment Route,salon_spa,True,,2026-08-18T07:43:20.334023+09:00
Appointment Scale,salon_spa,True,,2026-08-18T07:43:20.334023+09:00
Appointment Scheduler,healthcare,True,,2026-08-18T07:43:20.334023+09:00
Appointment Scope,veterinary,True,,2026-08-18T07:43:20.334023+09:00
Appointment Sentry,salon_spa,True,,2026-08-18T07:43:20.334023+09:00
Appointment Signal,veterinary,True,,2026-08-18T07:43:20.334023+09:00
Appointment Station,veterinary,True,,2026-08-18T07:43:20.334023+09:00
Appointment Studio,veterinary,True,,2026-08-18T07:43:20.334023+09:00
Appointment Suite,salon_spa,True,,2026-08-18T07:43:20.334023+09:00
Appointment Sync,dental,True,,2026-08-18T07:43:20.334023+09:00
Appointment Terminal,salon_spa,False,Terminal은 운송/해운/항공/물류 업계 외에는 의미가 맞지 않음(salon_spa),2026-08-18T01:30:57.525706+09:00
Appointment Tracker,dental,True,,2026-08-18T07:43:20.334023+09:00
Appointment Trail,salon_spa,True,,2026-08-18T07:43:20.334023+09:00
Appointment Vault,dental,True,,2026-08-18T07:43:20.334023+09:00
Appointment Watch,veterinary,True,,2026-08-18T07:43:20.334023+09:00
Appointment Wave,veterinary,True,,2026-08-18T07:43:20.334023+09:00
Appointment Zone,salon_spa,True,,2026-08-18T07:43:20.334023+09:00
Appraisal Assistant,automotive,True,,2026-08-18T07:43:20.334023+09:00
Appraisal Atlas,automotive,True,,2026-08-18T07:43:20.334023+09:00
Appraisal Base,real_estate,True,,2026-08-18T07:43:20.334023+09:00
Appraisal Board,real_estate,True,,2026-08-18T07:43:20.334023+09:00
Appraisal Center,real_estate,True,,2026-08-18T07:43:20.334023+09:00
Appraisal Chain,automotive,True,,2026-08-18T07:43:20.334023+09:00
Appraisal Console,real_estate,True,,2026-08-18T07:43:20.334023+09:00
Appraisal Core,real_estate,True,,2026-08-18T07:43:20.334023+09:00
Appraisal Deck,real_estate,True,,2026-08-18T07:43:20.334023+09:00
Appraisal Dial,automotive,True,,2026-08-18T07:43:20.334023+09:00
Appraisal Dock,automotive,True,,2026-08-18T07:43:20.334023+09:00
Appraisal Engine,automotive,True,,2026-08-18T07:43:20.334023+09:00
Appraisal Frame,real_estate,True,,2026-08-18T07:43:20.334023+09:00
Appraisal Gate,automotive,True,,2026-08-18T07:43:20.334023+09:00
Appraisal Keeper,automotive,True,,2026-08-18T07:43:20.334023+09:00
Appraisal Lab,real_estate,True,,2026-08-18T07:43:20.334023+09:00
Appraisal Ledger,real_estate,True,,2026-08-18T07:43:20.334023+09:00
Appraisal Lens,real_estate,True,,2026-08-18T07:43:20.334023+09:00
Appraisal Lock,real_estate,True,,2026-08-18T07:43:20.334023+09:00
Appraisal Manager,automotive,True,,2026-08-18T07:43:20.334023+09:00
Appraisal Map,real_estate,True,,2026-08-18T07:43:20.334023+09:00
Appraisal Meter,automotive,True,,2026-08-18T07:43:20.334023+09:00
Appraisal Monitor,automotive,True,,2026-08-18T07:43:20.334023+09:00
Appraisal Nexus,automotive,True,,2026-08-18T07:43:20.334023+09:00
Appraisal Node,automotive,True,,2026-08-18T07:43:20.334023+09:00
Appraisal Organizer,automotive,True,,2026-08-18T07:43:20.334023+09:00
Appraisal Panel,real_estate,True,,2026-08-18T07:43:20.334023+09:00
Appraisal Path,real_estate,True,,2026-08-18T07:43:20.334023+09:00
Appraisal Planner,automotive,True,,2026-08-18T07:43:20.334023+09:00
Appraisal Point,real_estate,True,,2026-08-18T07:43:20.334023+09:00
Appraisal Portal,real_estate,True,,2026-08-18T07:43:20.334023+09:00
Appraisal Rail,automotive,True,,2026-08-18T07:43:20.334023+09:00
Appraisal Ring,automotive,False,"TITLE_UNCLEAR: Ring is abstract, no SaaS function is suggested (established prior batches)",2026-08-18T07:43:20.334023+09:00
Appraisal Route,automotive,True,,2026-08-18T07:43:20.334023+09:00
Appraisal Scale,automotive,True,,2026-08-18T07:43:20.334023+09:00
Appraisal Scheduler,automotive,True,,2026-08-18T07:43:20.334023+09:00
Appraisal Sentry,automotive,True,,2026-08-18T07:43:20.334023+09:00
Appraisal Station,real_estate,True,,2026-08-18T07:43:20.334023+09:00
Appraisal Studio,real_estate,True,,2026-08-18T07:43:20.334023+09:00
Appraisal Suite,automotive,True,,2026-08-18T07:43:20.334023+09:00
Appraisal Terminal,real_estate,False,"TITLE_UNCLEAR: Terminal only reads clearly for transportation/maritime_shipping/aviation/logistics, industry=real_estate",2026-08-18T07:43:20.334023+09:00
Appraisal Trail,automotive,True,,2026-08-18T07:43:20.334023+09:00
Appraisal Wave,real_estate,True,,2026-08-18T07:43:20.334023+09:00
Appraisal Zone,real_estate,True,,2026-08-18T07:43:20.334023+09:00
Archive Anchor,media_publishing,True,,2026-08-18T07:43:20.334023+09:00
Archive Beacon,media_publishing,True,,2026-08-18T07:43:20.334023+09:00
Archive Bridge,media_publishing,True,,2026-08-18T07:43:20.334023+09:00
Archive Cascade,media_publishing,True,,2026-08-18T07:43:20.334023+09:00
Archive Compass,media_publishing,True,,2026-08-18T07:43:20.334023+09:00
Archive Desk,media_publishing,True,,2026-08-18T07:43:20.334023+09:00
Archive Forge,media_publishing,True,,2026-08-18T07:43:20.334023+09:00
Archive Frame,media_publishing,True,,2026-08-18T07:43:20.334023+09:00
Archive Grid,media_publishing,True,,2026-08-18T07:43:20.334023+09:00
Archive Lens,media_publishing,True,,2026-08-18T07:43:20.334023+09:00
Archive Lock,media_publishing,True,,2026-08-18T07:43:20.334023+09:00
Archive Loop,media_publishing,True,,2026-08-18T07:43:20.334023+09:00
Archive Map,media_publishing,True,,2026-08-18T07:43:20.334023+09:00
Archive Path,media_publishing,True,,2026-08-18T07:43:20.334023+09:00
Archive Pilot,media_publishing,True,,2026-08-18T07:43:20.334023+09:00
Archive Point,media_publishing,True,,2026-08-18T07:43:20.334023+09:00
Archive Pulse,media_publishing,True,,2026-08-18T07:43:20.334023+09:00
Archive Radar,media_publishing,True,,2026-08-18T07:43:20.334023+09:00
Archive Relay,media_publishing,True,,2026-08-18T07:43:20.334023+09:00
Archive Scope,media_publishing,True,,2026-08-18T07:43:20.334023+09:00
Archive Signal,media_publishing,True,,2026-08-18T07:43:20.334023+09:00
Archive Vault,media_publishing,True,,2026-08-18T07:43:20.334023+09:00
Archive Watch,media_publishing,True,,2026-08-18T07:43:20.334023+09:00
Archive Wave,media_publishing,True,,2026-08-18T07:43:20.334023+09:00
Arrangement Atlas,funeral_services,True,,2026-08-18T07:43:20.334023+09:00
Arrangement Center,funeral_services,True,,2026-08-18T07:43:20.334023+09:00
Arrangement Chain,funeral_services,True,,2026-08-18T07:43:20.334023+09:00
Arrangement Console,funeral_services,True,,2026-08-18T07:43:20.334023+09:00
Arrangement Dial,funeral_services,True,,2026-08-18T07:43:20.334023+09:00
Arrangement Dock,funeral_services,True,,2026-08-18T07:43:20.334023+09:00
Arrangement Gate,funeral_services,True,,2026-08-18T07:43:20.334023+09:00
Arrangement Keeper,funeral_services,True,,2026-08-18T07:43:20.334023+09:00
Arrangement Manager,funeral_services,True,,2026-08-18T07:43:20.334023+09:00
Arrangement Meter,funeral_services,True,,2026-08-18T07:43:20.334023+09:00
Arrangement Nexus,funeral_services,True,,2026-08-18T07:43:20.334023+09:00
Arrangement Node,funeral_services,True,,2026-08-18T07:43:20.334023+09:00
Arrangement Panel,funeral_services,True,,2026-08-18T07:43:20.334023+09:00
Arrangement Portal,funeral_services,True,,2026-08-18T07:43:20.334023+09:00
Arrangement Rail,funeral_services,True,,2026-08-18T07:43:20.334023+09:00
Arrangement Ring,funeral_services,False,"TITLE_UNCLEAR: Ring is abstract, no SaaS function is suggested (established prior batches)",2026-08-18T07:43:20.334023+09:00
Arrangement Route,funeral_services,True,,2026-08-18T07:43:20.334023+09:00
Arrangement Scale,funeral_services,True,,2026-08-18T07:43:20.334023+09:00
Arrangement Sentry,funeral_services,True,,2026-08-18T07:43:20.334023+09:00
Arrangement Station,funeral_services,True,,2026-08-18T01:30:57.525706+09:00
Arrangement Suite,funeral_services,True,,2026-08-18T07:43:20.334023+09:00
Arrangement Terminal,funeral_services,False,"TITLE_UNCLEAR: Terminal only reads clearly for transportation/maritime_shipping/aviation/logistics, industry=funeral_services",2026-08-18T07:43:20.334023+09:00
Arrangement Trail,funeral_services,True,,2026-08-18T07:43:20.334023+09:00
Arrangement Zone,funeral_services,True,,2026-08-18T07:43:20.334023+09:00
Assembly Assistant,manufacturing,True,,2026-08-18T07:43:20.334023+09:00
Assembly Atlas,manufacturing,True,,2026-08-18T07:43:20.334023+09:00
Assembly Cockpit,manufacturing,True,,2026-08-18T07:43:20.334023+09:00
Assembly Companion,manufacturing,True,,2026-08-18T07:43:20.334023+09:00
Assembly Dashboard,manufacturing,True,,2026-08-18T07:43:20.334023+09:00
Assembly Engine,manufacturing,True,,2026-08-18T07:43:20.334023+09:00
Assembly Gate,manufacturing,True,,2026-08-18T07:43:20.334023+09:00
Assembly Guard,manufacturing,True,,2026-08-18T07:43:20.334023+09:00
Assembly Insight,manufacturing,True,,2026-08-18T07:43:20.334023+09:00
Assembly Keeper,manufacturing,True,,2026-08-18T07:43:20.334023+09:00
Assembly Manager,manufacturing,True,,2026-08-18T07:43:20.334023+09:00
Assembly Metrics,manufacturing,True,,2026-08-18T07:43:20.334023+09:00
Assembly Monitor,manufacturing,True,,2026-08-18T07:43:20.334023+09:00
Assembly Navigator,manufacturing,True,,2026-08-18T07:43:20.334023+09:00
Assembly Nexus,manufacturing,True,,2026-08-18T07:43:20.334023+09:00
Assembly Ops,manufacturing,True,,2026-08-18T07:43:20.334023+09:00
Assembly Organizer,manufacturing,True,,2026-08-18T07:43:20.334023+09:00
Assembly Planner,manufacturing,True,,2026-08-18T07:43:20.334023+09:00
Assembly Register,manufacturing,True,,2026-08-18T07:43:20.334023+09:00
Assembly Scheduler,manufacturing,True,,2026-08-18T07:43:20.334023+09:00
Assembly Sentry,manufacturing,True,,2026-08-18T07:43:20.334023+09:00
Assembly Suite,manufacturing,True,,2026-08-18T07:43:20.334023+09:00
Assembly Sync,manufacturing,True,,2026-08-18T07:43:20.334023+09:00
Assembly Tracker,manufacturing,True,,2026-08-18T07:43:20.334023+09:00
Assessment Board,recruiting,True,,2026-08-18T07:43:20.334023+09:00
Assessment Center,recruiting,True,,2026-08-18T07:43:20.334023+09:00
Assessment Chain,recruiting,True,,2026-08-18T07:43:20.334023+09:00
Assessment Console,recruiting,True,,2026-08-18T07:43:20.334023+09:00
Assessment Deck,recruiting,True,,2026-08-18T07:43:20.334023+09:00
Assessment Dial,recruiting,True,,2026-08-18T07:43:20.334023+09:00
Assessment Dock,recruiting,True,,2026-08-18T07:43:20.334023+09:00
Assessment Gate,recruiting,True,,2026-08-18T07:43:20.334023+09:00
Assessment Lab,recruiting,True,,2026-08-18T07:43:20.334023+09:00
Assessment Ledger,recruiting,True,,2026-08-18T07:43:20.334023+09:00
Assessment Meter,recruiting,True,,2026-08-18T07:43:20.334023+09:00
Assessment Node,recruiting,True,,2026-08-18T07:43:20.334023+09:00
Assessment Panel,recruiting,True,,2026-08-18T07:43:20.334023+09:00
Assessment Portal,recruiting,True,,2026-08-18T07:43:20.334023+09:00
Assessment Rail,recruiting,True,,2026-08-18T07:43:20.334023+09:00
Assessment Ring,recruiting,False,"TITLE_UNCLEAR: Ring is abstract, no SaaS function is suggested (established prior batches)",2026-08-18T07:43:20.334023+09:00
Assessment Route,recruiting,True,,2026-08-18T07:43:20.334023+09:00
Assessment Scale,recruiting,True,,2026-08-18T07:43:20.334023+09:00
Assessment Station,recruiting,True,,2026-08-18T07:43:20.334023+09:00
Assessment Studio,recruiting,True,,2026-08-18T07:43:20.334023+09:00
Assessment Terminal,recruiting,False,"TITLE_UNCLEAR: Terminal only reads clearly for transportation/maritime_shipping/aviation/logistics, industry=recruiting",2026-08-18T07:43:20.334023+09:00
Assessment Trail,recruiting,True,,2026-08-18T07:43:20.334023+09:00
Assessment Zone,recruiting,True,,2026-08-18T07:43:20.334023+09:00
Attendance Anchor,fitness_wellness,True,,2026-08-18T07:43:20.334023+09:00
Attendance Base,education,True,,2026-08-18T07:43:20.334023+09:00
Attendance Beacon,fitness_wellness,True,,2026-08-18T07:43:20.334023+09:00
Attendance Board,education,True,,2026-08-18T07:43:20.334023+09:00
Attendance Bridge,fitness_wellness,True,,2026-08-18T07:43:20.334023+09:00
Attendance Cascade,fitness_wellness,True,,2026-08-18T07:43:20.334023+09:00
Attendance Center,education,True,,2026-08-18T07:43:20.334023+09:00
Attendance Compass,fitness_wellness,True,,2026-08-18T07:43:20.334023+09:00
Attendance Console,education,True,,2026-08-18T07:43:20.334023+09:00
Attendance Core,education,True,,2026-08-18T07:43:20.334023+09:00
Attendance Deck,education,True,,2026-08-18T07:43:20.334023+09:00
Attendance Desk,childcare,True,,2026-08-18T07:43:20.334023+09:00
Attendance Dial,education,True,,2026-08-18T07:43:20.334023+09:00
Attendance Flow,childcare,True,,2026-08-18T07:43:20.334023+09:00
Attendance Forge,fitness_wellness,True,,2026-08-18T07:43:20.334023+09:00
Attendance Frame,education,True,,2026-08-18T07:43:20.334023+09:00
Attendance Grid,education,True,,2026-08-18T07:43:20.334023+09:00
Attendance Guard,childcare,True,,2026-08-18T07:43:20.334023+09:00
Attendance Hub,childcare,True,,2026-08-18T07:43:20.334023+09:00
Attendance Lab,education,True,,2026-08-18T07:43:20.334023+09:00
Attendance Ledger,education,True,,2026-08-18T07:43:20.334023+09:00
Attendance Lens,education,True,,2026-08-18T07:43:20.334023+09:00
Attendance Lock,education,True,,2026-08-18T07:43:20.334023+09:00
Attendance Loop,fitness_wellness,True,,2026-08-18T07:43:20.334023+09:00
Attendance Map,education,True,,2026-08-18T07:43:20.334023+09:00
Attendance Ops,childcare,True,,2026-08-18T07:43:20.334023+09:00
Attendance Panel,education,True,,2026-08-18T07:43:20.334023+09:00
Attendance Path,education,True,,2026-08-18T07:43:20.334023+09:00
Attendance Pilot,childcare,True,,2026-08-18T07:43:20.334023+09:00
Attendance Point,education,True,,2026-08-18T07:43:20.334023+09:00
Attendance Portal,education,True,,2026-08-18T07:43:20.334023+09:00
Attendance Pulse,education,True,,2026-08-18T07:43:20.334023+09:00
Attendance Radar,fitness_wellness,True,,2026-08-18T07:43:20.334023+09:00
Attendance Register,childcare,True,,2026-08-18T07:43:20.334023+09:00
Attendance Relay,fitness_wellness,True,,2026-08-18T07:43:20.334023+09:00
Attendance Scope,fitness_wellness,True,,2026-08-18T07:43:20.334023+09:00
Attendance Signal,fitness_wellness,True,,2026-08-18T07:43:20.334023+09:00
Attendance Station,education,True,,2026-08-18T07:43:20.334023+09:00
Attendance Studio,education,True,,2026-08-18T07:43:20.334023+09:00
Attendance Sync,childcare,True,,2026-08-18T07:43:20.334023+09:00
Attendance Terminal,education,False,"TITLE_UNCLEAR: Terminal only reads clearly for transportation/maritime_shipping/aviation/logistics, industry=education",2026-08-18T07:43:20.334023+09:00
Attendance Tracker,childcare,True,,2026-08-18T07:43:20.334023+09:00
Attendance Vault,fitness_wellness,True,,2026-08-18T07:43:20.334023+09:00
Attendance Watch,fitness_wellness,True,,2026-08-18T07:43:20.334023+09:00
Attendance Wave,education,True,,2026-08-18T07:43:20.334023+09:00
Attendance Zone,education,True,,2026-08-18T07:43:20.334023+09:00
Attendee Anchor,events,True,,2026-08-18T07:43:20.334023+09:00
Attendee Beacon,events,True,,2026-08-18T07:43:20.334023+09:00
Attendee Bridge,events,True,,2026-08-18T07:43:20.334023+09:00
Attendee Cascade,events,True,,2026-08-18T07:43:20.334023+09:00
Attendee Cockpit,events,True,,2026-08-18T07:43:20.334023+09:00
Attendee Companion,events,True,,2026-08-18T07:43:20.334023+09:00
Attendee Compass,events,True,,2026-08-18T07:43:20.334023+09:00
Attendee Dashboard,events,True,,2026-08-18T07:43:20.334023+09:00
Attendee Desk,events,True,,2026-08-18T07:43:20.334023+09:00
Attendee Flow,events,True,,2026-08-18T07:43:20.334023+09:00
Attendee Forge,events,True,,2026-08-18T07:43:20.334023+09:00
Attendee Guard,events,True,,2026-08-18T07:43:20.334023+09:00
Attendee Hub,events,True,,2026-08-18T07:43:20.334023+09:00
Attendee Insight,events,True,,2026-08-18T07:43:20.334023+09:00
Attendee Metrics,events,True,,2026-08-18T07:43:20.334023+09:00
Attendee Navigator,events,True,,2026-08-18T07:43:20.334023+09:00
Attendee Ops,events,True,,2026-08-18T07:43:20.334023+09:00
Attendee Pilot,events,True,,2026-08-18T07:43:20.334023+09:00
Attendee Radar,events,True,,2026-08-18T07:43:20.334023+09:00
Attendee Register,events,True,,2026-08-18T07:43:20.334023+09:00
Attendee Relay,events,True,,2026-08-18T07:43:20.334023+09:00
Attendee Sync,events,True,,2026-08-18T07:43:20.334023+09:00
Attendee Tracker,events,True,,2026-08-18T07:43:20.334023+09:00
Attendee Vault,events,True,,2026-08-18T07:43:20.334023+09:00
Attribution Anchor,marketing,True,,2026-08-18T07:43:20.334023+09:00
Attribution Beacon,marketing,True,,2026-08-18T07:43:20.334023+09:00
Attribution Bridge,marketing,True,,2026-08-18T07:43:20.334023+09:00
Attribution Cascade,marketing,True,,2026-08-18T07:43:20.334023+09:00
Attribution Cockpit,marketing,True,,2026-08-18T07:43:20.334023+09:00
Attribution Companion,marketing,True,,2026-08-18T07:43:20.334023+09:00
Attribution Compass,marketing,True,,2026-08-18T07:43:20.334023+09:00
Attribution Dashboard,marketing,True,,2026-08-18T07:43:20.334023+09:00
Attribution Desk,marketing,True,,2026-08-18T07:43:20.334023+09:00
Attribution Flow,marketing,True,,2026-08-18T07:43:20.334023+09:00
Attribution Forge,marketing,True,,2026-08-18T07:43:20.334023+09:00
Attribution Guard,marketing,True,,2026-08-18T07:43:20.334023+09:00
Attribution Hub,marketing,True,,2026-08-18T07:43:20.334023+09:00
Attribution Navigator,marketing,True,,2026-08-18T07:43:20.334023+09:00
Attribution Ops,marketing,True,,2026-08-18T07:43:20.334023+09:00
Attribution Pilot,marketing,True,,2026-08-18T07:43:20.334023+09:00
Attribution Radar,marketing,True,,2026-08-18T07:43:20.334023+09:00
Attribution Register,marketing,True,,2026-08-18T07:43:20.334023+09:00
Attribution Relay,marketing,True,,2026-08-18T07:43:20.334023+09:00
Attribution Signal,marketing,True,,2026-08-18T07:43:20.334023+09:00
Attribution Sync,marketing,True,,2026-08-18T07:43:20.334023+09:00
Attribution Tracker,marketing,True,,2026-08-18T07:43:20.334023+09:00
Attribution Vault,marketing,True,,2026-08-18T07:43:20.334023+09:00
Attribution Watch,marketing,True,,2026-08-18T07:43:20.334023+09:00
Audience Assistant,marketing,True,,2026-08-18T07:43:20.334023+09:00
Audience Cockpit,marketing,True,,2026-08-18T07:43:20.334023+09:00
Audience Companion,marketing,True,,2026-08-18T07:43:20.334023+09:00
Audience Dashboard,marketing,True,,2026-08-18T07:43:20.334023+09:00
Audience Desk,marketing,True,,2026-08-18T07:43:20.334023+09:00
Audience Engine,marketing,True,,2026-08-18T07:43:20.334023+09:00
Audience Flow,marketing,True,,2026-08-18T07:43:20.334023+09:00
Audience Guard,marketing,True,,2026-08-18T07:43:20.334023+09:00
Audience Hub,marketing,True,,2026-08-18T07:43:20.334023+09:00
Audience Insight,marketing,True,,2026-08-18T07:43:20.334023+09:00
Audience Manager,marketing,True,,2026-08-18T07:43:20.334023+09:00
Audience Metrics,marketing,True,,2026-08-18T07:43:20.334023+09:00
Audience Monitor,marketing,True,,2026-08-18T07:43:20.334023+09:00
Audience Navigator,marketing,True,,2026-08-18T07:43:20.334023+09:00
Audience Ops,marketing,True,,2026-08-18T07:43:20.334023+09:00
Audience Organizer,marketing,True,,2026-08-18T07:43:20.334023+09:00
Audience Pilot,marketing,True,,2026-08-18T07:43:20.334023+09:00
Audience Planner,marketing,True,,2026-08-18T07:43:20.334023+09:00
Audience Radar,marketing,True,,2026-08-18T07:43:20.334023+09:00
Audience Register,marketing,True,,2026-08-18T07:43:20.334023+09:00
Audience Scheduler,marketing,True,,2026-08-18T07:43:20.334023+09:00
Audience Suite,marketing,True,,2026-08-18T07:43:20.334023+09:00
Audience Sync,marketing,True,,2026-08-18T07:43:20.334023+09:00
Audience Tracker,marketing,True,,2026-08-18T07:43:20.334023+09:00
Audit Anchor,cybersecurity,True,,2026-08-18T07:43:20.334023+09:00
Audit Base,cybersecurity,True,,2026-08-18T07:43:20.334023+09:00
Audit Beacon,cybersecurity,True,,2026-08-18T07:43:20.334023+09:00
Audit Bridge,cybersecurity,True,,2026-08-18T07:43:20.334023+09:00
Audit Cascade,cybersecurity,True,,2026-08-18T07:43:20.334023+09:00
Audit Compass,cybersecurity,True,,2026-08-18T07:43:20.334023+09:00
Audit Core,cybersecurity,True,,2026-08-18T07:43:20.334023+09:00
Audit Desk,finance,True,,2026-08-18T07:43:20.334023+09:00
Audit Flow,finance,True,,2026-08-18T07:43:20.334023+09:00
Audit Forge,cybersecurity,True,,2026-08-18T07:43:20.334023+09:00
Audit Frame,cybersecurity,True,,2026-08-18T07:43:20.334023+09:00
Audit Grid,cybersecurity,True,,2026-08-18T07:43:20.334023+09:00
Audit Guard,finance,True,,2026-08-18T07:43:20.334023+09:00
Audit Hub,finance,True,,2026-08-18T07:43:20.334023+09:00
Audit Ledger,cybersecurity,True,,2026-08-18T07:43:20.334023+09:00
Audit Lens,cybersecurity,True,,2026-08-18T07:43:20.334023+09:00
Audit Lock,cybersecurity,True,,2026-08-18T07:43:20.334023+09:00
Audit Loop,cybersecurity,True,,2026-08-18T07:43:20.334023+09:00
Audit Map,cybersecurity,True,,2026-08-18T07:43:20.334023+09:00
Audit Ops,finance,True,,2026-08-18T07:43:20.334023+09:00
Audit Path,cybersecurity,True,,2026-08-18T07:43:20.334023+09:00
Audit Pilot,finance,True,,2026-08-18T07:43:20.334023+09:00
Audit Point,cybersecurity,True,,2026-08-18T07:43:20.334023+09:00
Audit Pulse,cybersecurity,True,,2026-08-18T07:43:20.334023+09:00
Audit Radar,finance,True,,2026-08-18T07:43:20.334023+09:00
Audit Relay,cybersecurity,True,,2026-08-18T07:43:20.334023+09:00
Audit Scope,cybersecurity,True,,2026-08-18T07:43:20.334023+09:00
Audit Signal,cybersecurity,True,,2026-08-18T07:43:20.334023+09:00
Audit Sync,finance,True,,2026-08-18T07:43:20.334023+09:00
Audit Tracker,finance,True,,2026-08-18T07:43:20.334023+09:00
Audit Vault,cybersecurity,True,,2026-08-18T07:43:20.334023+09:00
Audit Watch,cybersecurity,True,,2026-08-18T07:43:20.334023+09:00
Audit Wave,cybersecurity,True,,2026-08-18T07:43:20.334023+09:00
Backorder Base,logistics,True,,2026-08-18T07:43:20.334023+09:00
Backorder Board,logistics,True,,2026-08-18T07:43:20.334023+09:00
Backorder Center,logistics,True,,2026-08-18T07:43:20.334023+09:00
Backorder Console,logistics,True,,2026-08-18T07:43:20.334023+09:00
Backorder Core,logistics,True,,2026-08-18T07:43:20.334023+09:00
Backorder Deck,logistics,True,,2026-08-18T07:43:20.334023+09:00
Backorder Dial,logistics,True,,2026-08-18T07:43:20.334023+09:00
Backorder Frame,logistics,True,,2026-08-18T07:43:20.334023+09:00
Backorder Lab,logistics,True,,2026-08-18T07:43:20.334023+09:00
Backorder Ledger,logistics,True,,2026-08-18T07:43:20.334023+09:00
Backorder Lens,logistics,True,,2026-08-18T07:43:20.334023+09:00
Backorder Lock,logistics,True,,2026-08-18T07:43:20.334023+09:00
Backorder Map,logistics,True,,2026-08-18T07:43:20.334023+09:00
Backorder Panel,logistics,True,,2026-08-18T07:43:20.334023+09:00
Backorder Path,logistics,True,,2026-08-18T07:43:20.334023+09:00
Backorder Point,logistics,True,,2026-08-18T07:43:20.334023+09:00
Backorder Portal,logistics,True,,2026-08-18T07:43:20.334023+09:00
Backorder Pulse,logistics,True,,2026-08-18T07:43:20.334023+09:00
Backorder Station,logistics,True,,2026-08-18T07:43:20.334023+09:00
Backorder Studio,logistics,True,,2026-08-18T07:43:20.334023+09:00
Backorder Terminal,logistics,True,,2026-08-18T07:43:20.334023+09:00
Backorder Wave,logistics,True,,2026-08-18T07:43:20.334023+09:00
Backorder Zone,logistics,True,,2026-08-18T07:43:20.334023+09:00
Backup Anchor,it_devops,True,,2026-08-18T07:43:20.334023+09:00
Backup Beacon,it_devops,True,,2026-08-18T07:43:20.334023+09:00
Backup Bridge,it_devops,True,,2026-08-18T07:43:20.334023+09:00
Backup Cascade,it_devops,True,,2026-08-18T07:43:20.334023+09:00
Backup Compass,it_devops,True,,2026-08-18T07:43:20.334023+09:00
Backup Desk,it_devops,True,,2026-08-18T07:43:20.334023+09:00
Backup Flow,it_devops,True,,2026-08-18T07:43:20.334023+09:00
Backup Forge,it_devops,True,,2026-08-18T07:43:20.334023+09:00
Backup Grid,it_devops,True,,2026-08-18T07:43:20.334023+09:00
Backup Guard,it_devops,True,,2026-08-18T07:43:20.334023+09:00
Backup Hub,it_devops,True,,2026-08-18T07:43:20.334023+09:00
Backup Loop,it_devops,True,,2026-08-18T07:43:20.334023+09:00
Backup Ops,it_devops,True,,2026-08-18T07:43:20.334023+09:00
Backup Pilot,it_devops,True,,2026-08-18T07:43:20.334023+09:00
Backup Pulse,it_devops,True,,2026-08-18T07:43:20.334023+09:00
Backup Radar,it_devops,True,,2026-08-18T07:43:20.334023+09:00
Backup Relay,it_devops,True,,2026-08-18T07:43:20.334023+09:00
Backup Scope,it_devops,True,,2026-08-18T07:43:20.334023+09:00
Backup Signal,it_devops,True,,2026-08-18T07:43:20.334023+09:00
Backup Sync,it_devops,True,,2026-08-18T07:43:20.334023+09:00
Backup Tracker,it_devops,True,,2026-08-18T07:43:20.334023+09:00
Backup Vault,it_devops,True,,2026-08-18T07:43:20.334023+09:00
Backup Watch,it_devops,True,,2026-08-18T07:43:20.334023+09:00
Backup Wave,it_devops,True,,2026-08-18T07:43:20.334023+09:00
Badge Assistant,events,True,,2026-08-18T07:43:20.334023+09:00
Badge Atlas,events,True,,2026-08-18T07:43:20.334023+09:00
Badge Chain,events,True,,2026-08-18T07:43:20.334023+09:00
Badge Dock,events,True,,2026-08-18T07:43:20.334023+09:00
Badge Engine,events,True,,2026-08-18T07:43:20.334023+09:00
Badge Gate,events,True,,2026-08-18T07:43:20.334023+09:00
Badge Insight,events,True,,2026-08-18T07:43:20.334023+09:00
Badge Keeper,events,True,,2026-08-18T07:43:20.334023+09:00
Badge Manager,events,True,,2026-08-18T07:43:20.334023+09:00
Badge Meter,events,True,,2026-08-18T07:43:20.334023+09:00
Badge Metrics,events,True,,2026-08-18T07:43:20.334023+09:00
Badge Monitor,events,True,,2026-08-18T07:43:20.334023+09:00
Badge Nexus,events,True,,2026-08-18T07:43:20.334023+09:00
Badge Node,events,True,,2026-08-18T07:43:20.334023+09:00
Badge Organizer,events,True,,2026-08-18T07:43:20.334023+09:00
Badge Planner,events,True,,2026-08-18T07:43:20.334023+09:00
Badge Rail,events,True,,2026-08-18T07:43:20.334023+09:00
Badge Ring,events,False,"TITLE_UNCLEAR: Ring is abstract, no SaaS function is suggested (established prior batches)",2026-08-18T07:43:20.334023+09:00
Badge Route,events,True,,2026-08-18T07:43:20.334023+09:00
Badge Scale,events,True,,2026-08-18T07:43:20.334023+09:00
Badge Scheduler,events,True,,2026-08-18T07:43:20.334023+09:00
Badge Sentry,events,True,,2026-08-18T07:43:20.334023+09:00
Badge Suite,events,True,,2026-08-18T07:43:20.334023+09:00
Badge Trail,events,True,,2026-08-18T07:43:20.334023+09:00
Ballot Atlas,government,True,,2026-08-18T07:43:20.334023+09:00
Ballot Center,government,True,,2026-08-18T07:43:20.334023+09:00
Ballot Chain,government,True,,2026-08-18T07:43:20.334023+09:00
Ballot Console,government,True,,2026-08-18T07:43:20.334023+09:00
Ballot Deck,government,True,,2026-08-18T07:43:20.334023+09:00
Ballot Dial,government,True,,2026-08-18T07:43:20.334023+09:00
Ballot Dock,government,True,,2026-08-18T07:43:20.334023+09:00
Ballot Gate,government,True,,2026-08-18T07:43:20.334023+09:00
Ballot Lab,government,True,,2026-08-18T07:43:20.334023+09:00
Ballot Meter,government,True,,2026-08-18T07:43:20.334023+09:00
Ballot Nexus,government,True,,2026-08-18T07:43:20.334023+09:00
Ballot Node,government,True,,2026-08-18T07:43:20.334023+09:00
Ballot Panel,government,True,,2026-08-18T07:43:20.334023+09:00
Ballot Portal,government,True,,2026-08-18T07:43:20.334023+09:00
Ballot Rail,government,True,,2026-08-18T07:43:20.334023+09:00
Ballot Ring,government,False,"TITLE_UNCLEAR: Ring is abstract, no SaaS function is suggested (established prior batches)",2026-08-18T07:43:20.334023+09:00
Ballot Route,government,True,,2026-08-18T07:43:20.334023+09:00
Ballot Scale,government,True,,2026-08-18T07:43:20.334023+09:00
Ballot Station,government,True,,2026-08-18T07:43:20.334023+09:00
Ballot Studio,government,True,,2026-08-18T07:43:20.334023+09:00
Ballot Terminal,government,False,"TITLE_UNCLEAR: Terminal only reads clearly for transportation/maritime_shipping/aviation/logistics, industry=government",2026-08-18T07:43:20.334023+09:00
Ballot Trail,government,True,,2026-08-18T07:43:20.334023+09:00
Ballot Zone,government,True,,2026-08-18T07:43:20.334023+09:00
Bandwidth Anchor,telecom,True,,2026-08-18T07:43:20.334023+09:00
Bandwidth Beacon,telecom,True,,2026-08-18T07:43:20.334023+09:00
Bandwidth Bridge,telecom,True,,2026-08-18T07:43:20.334023+09:00
Bandwidth Cascade,telecom,True,,2026-08-18T07:43:20.334023+09:00
Bandwidth Companion,telecom,True,,2026-08-18T07:43:20.334023+09:00
Bandwidth Compass,telecom,True,,2026-08-18T07:43:20.334023+09:00
Bandwidth Desk,telecom,True,,2026-08-18T07:43:20.334023+09:00
Bandwidth Flow,telecom,True,,2026-08-18T07:43:20.334023+09:00
Bandwidth Forge,telecom,True,,2026-08-18T07:43:20.334023+09:00
Bandwidth Grid,telecom,True,,2026-08-18T07:43:20.334023+09:00
Bandwidth Guard,telecom,True,,2026-08-18T07:43:20.334023+09:00
Bandwidth Hub,telecom,True,,2026-08-18T07:43:20.334023+09:00
Bandwidth Loop,telecom,True,,2026-08-18T07:43:20.334023+09:00
Bandwidth Ops,telecom,True,,2026-08-18T07:43:20.334023+09:00
Bandwidth Pilot,telecom,True,,2026-08-18T07:43:20.334023+09:00
Bandwidth Radar,telecom,True,,2026-08-18T07:43:20.334023+09:00
Bandwidth Register,telecom,True,,2026-08-18T07:43:20.334023+09:00
Bandwidth Relay,telecom,True,,2026-08-18T07:43:20.334023+09:00
Bandwidth Scope,telecom,True,,2026-08-18T07:43:20.334023+09:00
Bandwidth Signal,telecom,True,,2026-08-18T07:43:20.334023+09:00
Bandwidth Sync,telecom,True,,2026-08-18T07:43:20.334023+09:00
Bandwidth Tracker,telecom,True,,2026-08-18T07:43:20.334023+09:00
Bandwidth Vault,telecom,True,,2026-08-18T07:43:20.334023+09:00
Bandwidth Watch,telecom,True,,2026-08-18T07:43:20.334023+09:00
Banquet Assistant,hospitality,True,,2026-08-18T07:43:20.334023+09:00
Banquet Atlas,hospitality,True,,2026-08-18T07:43:20.334023+09:00
Banquet Chain,hospitality,True,,2026-08-18T07:43:20.334023+09:00
Banquet Cockpit,hospitality,True,,2026-08-18T07:43:20.334023+09:00
Banquet Companion,hospitality,True,,2026-08-18T07:43:20.334023+09:00
Banquet Dashboard,hospitality,True,,2026-08-18T07:43:20.334023+09:00
Banquet Engine,hospitality,True,,2026-08-18T07:43:20.334023+09:00
Banquet Gate,hospitality,True,,2026-08-18T07:43:20.334023+09:00
Banquet Insight,hospitality,True,,2026-08-18T07:43:20.334023+09:00
Banquet Keeper,hospitality,True,,2026-08-18T07:43:20.334023+09:00
Banquet Manager,hospitality,True,,2026-08-18T07:43:20.334023+09:00
Banquet Metrics,hospitality,True,,2026-08-18T07:43:20.334023+09:00
Banquet Monitor,hospitality,True,,2026-08-18T07:43:20.334023+09:00
Banquet Navigator,hospitality,True,,2026-08-18T07:43:20.334023+09:00
Banquet Nexus,hospitality,True,,2026-08-18T07:43:20.334023+09:00
Banquet Node,hospitality,True,,2026-08-18T07:43:20.334023+09:00
Banquet Organizer,hospitality,True,,2026-08-18T07:43:20.334023+09:00
Banquet Planner,hospitality,True,,2026-08-18T07:43:20.334023+09:00
Banquet Ring,hospitality,False,"TITLE_UNCLEAR: Ring is abstract, no SaaS function is suggested (established prior batches)",2026-08-18T07:43:20.334023+09:00
Banquet Scheduler,hospitality,True,,2026-08-18T07:43:20.334023+09:00
Banquet Sentry,hospitality,True,,2026-08-18T07:43:20.334023+09:00
Banquet Suite,hospitality,True,,2026-08-18T07:43:20.334023+09:00
Banquet Trail,hospitality,True,,2026-08-18T07:43:20.334023+09:00
Batch Anchor,manufacturing,True,,2026-08-18T07:43:20.334023+09:00
Batch Base,manufacturing,True,,2026-08-18T07:43:20.334023+09:00
Batch Beacon,manufacturing,True,,2026-08-18T07:43:20.334023+09:00
Batch Board,manufacturing,True,,2026-08-18T07:43:20.334023+09:00
Batch Bridge,manufacturing,True,,2026-08-18T07:43:20.334023+09:00
Batch Cascade,manufacturing,True,,2026-08-18T07:43:20.334023+09:00
Batch Compass,manufacturing,True,,2026-08-18T07:43:20.334023+09:00
Batch Core,manufacturing,True,,2026-08-18T07:43:20.334023+09:00
Batch Forge,manufacturing,True,,2026-08-18T07:43:20.334023+09:00
Batch Frame,manufacturing,True,,2026-08-18T07:43:20.334023+09:00
Batch Grid,manufacturing,True,,2026-08-18T07:43:20.334023+09:00
Batch Ledger,manufacturing,True,,2026-08-18T07:43:20.334023+09:00
Batch Lens,manufacturing,True,,2026-08-18T07:43:20.334023+09:00
Batch Lock,manufacturing,True,,2026-08-18T07:43:20.334023+09:00
Batch Loop,manufacturing,True,,2026-08-18T07:43:20.334023+09:00
Batch Map,manufacturing,True,,2026-08-18T07:43:20.334023+09:00
Batch Path,manufacturing,True,,2026-08-18T07:43:20.334023+09:00
Batch Point,manufacturing,True,,2026-08-18T07:43:20.334023+09:00
Batch Pulse,manufacturing,True,,2026-08-18T07:43:20.334023+09:00
Batch Scope,manufacturing,True,,2026-08-18T07:43:20.334023+09:00
Batch Signal,manufacturing,True,,2026-08-18T07:43:20.334023+09:00
Batch Vault,manufacturing,True,,2026-08-18T07:43:20.334023+09:00
Batch Watch,manufacturing,True,,2026-08-18T07:43:20.334023+09:00
Batch Wave,manufacturing,True,,2026-08-18T07:43:20.334023+09:00
Beneficiary Assistant,nonprofit,True,,2026-08-18T07:43:20.334023+09:00
Beneficiary Atlas,nonprofit,True,,2026-08-18T07:43:20.334023+09:00
Beneficiary Chain,nonprofit,True,,2026-08-18T07:43:20.334023+09:00
Beneficiary Dock,nonprofit,True,,2026-08-18T07:43:20.334023+09:00
Beneficiary Engine,nonprofit,True,,2026-08-18T07:43:20.334023+09:00
Beneficiary Gate,nonprofit,True,,2026-08-18T07:43:20.334023+09:00
Beneficiary Insight,nonprofit,True,,2026-08-18T07:43:20.334023+09:00
Beneficiary Keeper,nonprofit,True,,2026-08-18T07:43:20.334023+09:00
Beneficiary Manager,nonprofit,True,,2026-08-18T07:43:20.334023+09:00
Beneficiary Meter,nonprofit,True,,2026-08-18T07:43:20.334023+09:00
Beneficiary Metrics,nonprofit,True,,2026-08-18T07:43:20.334023+09:00
Beneficiary Monitor,nonprofit,True,,2026-08-18T07:43:20.334023+09:00
Beneficiary Nexus,nonprofit,True,,2026-08-18T07:43:20.334023+09:00
Beneficiary Node,nonprofit,True,,2026-08-18T07:43:20.334023+09:00
Beneficiary Organizer,nonprofit,True,,2026-08-18T07:43:20.334023+09:00
Beneficiary Planner,nonprofit,True,,2026-08-18T07:43:20.334023+09:00
Beneficiary Rail,nonprofit,True,,2026-08-18T07:43:20.334023+09:00
Beneficiary Ring,nonprofit,False,"TITLE_UNCLEAR: Ring is abstract, no SaaS function is suggested (established prior batches)",2026-08-18T07:43:20.334023+09:00
Beneficiary Route,nonprofit,True,,2026-08-18T07:43:20.334023+09:00
Beneficiary Scale,nonprofit,True,,2026-08-18T07:43:20.334023+09:00
Beneficiary Scheduler,nonprofit,True,,2026-08-18T07:43:20.334023+09:00
Beneficiary Sentry,nonprofit,True,,2026-08-18T07:43:20.334023+09:00
Beneficiary Suite,nonprofit,True,,2026-08-18T07:43:20.334023+09:00
Beneficiary Trail,nonprofit,True,,2026-08-18T07:43:20.334023+09:00
Benefits Base,hr_payroll,True,,2026-08-18T07:43:20.334023+09:00
Benefits Board,hr_payroll,True,,2026-08-18T07:43:20.334023+09:00
Benefits Center,hr_payroll,True,,2026-08-18T07:43:20.334023+09:00
Benefits Core,hr_payroll,True,,2026-08-18T07:43:20.334023+09:00
Benefits Deck,hr_payroll,True,,2026-08-18T07:43:20.334023+09:00
Benefits Frame,hr_payroll,True,,2026-08-18T07:43:20.334023+09:00
Benefits Grid,hr_payroll,True,,2026-08-18T07:43:20.334023+09:00
Benefits Lab,hr_payroll,True,,2026-08-18T07:43:20.334023+09:00
Benefits Ledger,hr_payroll,True,,2026-08-18T07:43:20.334023+09:00
Benefits Lens,hr_payroll,True,,2026-08-18T07:43:20.334023+09:00
Benefits Lock,hr_payroll,True,,2026-08-18T07:43:20.334023+09:00
Benefits Loop,hr_payroll,True,,2026-08-18T07:43:20.334023+09:00
Benefits Map,hr_payroll,True,,2026-08-18T07:43:20.334023+09:00
Benefits Path,hr_payroll,True,,2026-08-18T07:43:20.334023+09:00
Benefits Point,hr_payroll,True,,2026-08-18T07:43:20.334023+09:00
Benefits Pulse,hr_payroll,True,,2026-08-18T07:43:20.334023+09:00
Benefits Scope,hr_payroll,True,,2026-08-18T07:43:20.334023+09:00
Benefits Signal,hr_payroll,True,,2026-08-18T07:43:20.334023+09:00
Benefits Station,hr_payroll,True,,2026-08-18T07:43:20.334023+09:00
Benefits Studio,hr_payroll,True,,2026-08-18T07:43:20.334023+09:00
Benefits Terminal,hr_payroll,False,"TITLE_UNCLEAR: Terminal only reads clearly for transportation/maritime_shipping/aviation/logistics, industry=hr_payroll",2026-08-18T07:43:20.334023+09:00
Benefits Watch,hr_payroll,True,,2026-08-18T07:43:20.334023+09:00
Benefits Wave,hr_payroll,True,,2026-08-18T07:43:20.334023+09:00
Benefits Zone,hr_payroll,True,,2026-08-18T07:43:20.334023+09:00
Berth Assistant,maritime_shipping,True,,2026-08-18T07:43:20.334023+09:00
Berth Cockpit,maritime_shipping,True,,2026-08-18T07:43:20.334023+09:00
Berth Companion,maritime_shipping,True,,2026-08-18T07:43:20.334023+09:00
Berth Dashboard,maritime_shipping,True,,2026-08-18T07:43:20.334023+09:00
Berth Desk,maritime_shipping,True,,2026-08-18T07:43:20.334023+09:00
Berth Engine,maritime_shipping,True,,2026-08-18T07:43:20.334023+09:00
Berth Flow,maritime_shipping,True,,2026-08-18T07:43:20.334023+09:00
Berth Guard,maritime_shipping,True,,2026-08-18T07:43:20.334023+09:00
Berth Hub,maritime_shipping,True,,2026-08-18T07:43:20.334023+09:00
Berth Insight,maritime_shipping,True,,2026-08-18T07:43:20.334023+09:00
Berth Metrics,maritime_shipping,True,,2026-08-18T07:43:20.334023+09:00
Berth Monitor,maritime_shipping,True,,2026-08-18T07:43:20.334023+09:00
Berth Navigator,maritime_shipping,True,,2026-08-18T07:43:20.334023+09:00
Berth Ops,maritime_shipping,True,,2026-08-18T07:43:20.334023+09:00
Berth Organizer,maritime_shipping,True,,2026-08-18T07:43:20.334023+09:00
Berth Pilot,maritime_shipping,True,,2026-08-18T07:43:20.334023+09:00
Berth Planner,maritime_shipping,True,,2026-08-18T07:43:20.334023+09:00
Berth Radar,maritime_shipping,True,,2026-08-18T07:43:20.334023+09:00
Berth Register,maritime_shipping,True,,2026-08-18T07:43:20.334023+09:00
Berth Relay,maritime_shipping,True,,2026-08-18T07:43:20.334023+09:00
Berth Scheduler,maritime_shipping,True,,2026-08-18T07:43:20.334023+09:00
Berth Suite,maritime_shipping,True,,2026-08-18T07:43:20.334023+09:00
Berth Sync,maritime_shipping,True,,2026-08-18T07:43:20.334023+09:00
Berth Tracker,maritime_shipping,True,,2026-08-18T07:43:20.334023+09:00
Bid Base,construction,True,,2026-08-18T07:43:20.334023+09:00
Bid Board,construction,True,,2026-08-18T07:43:20.334023+09:00
Bid Center,construction,True,,2026-08-18T07:43:20.334023+09:00
Bid Chain,construction,True,,2026-08-18T07:43:20.334023+09:00
Bid Console,construction,True,,2026-08-18T07:43:20.334023+09:00
Bid Core,construction,True,,2026-08-18T07:43:20.334023+09:00
Bid Deck,construction,True,,2026-08-18T07:43:20.334023+09:00
Bid Dial,construction,True,,2026-08-18T07:43:20.334023+09:00
Bid Dock,construction,True,,2026-08-18T07:43:20.334023+09:00
Bid Frame,construction,True,,2026-08-18T07:43:20.334023+09:00
Bid Lab,construction,True,,2026-08-18T07:43:20.334023+09:00
Bid Ledger,construction,True,,2026-08-18T07:43:20.334023+09:00
Bid Lens,construction,True,,2026-08-18T07:43:20.334023+09:00
Bid Meter,construction,True,,2026-08-18T07:43:20.334023+09:00
Bid Panel,construction,True,,2026-08-18T07:43:20.334023+09:00
Bid Portal,construction,True,,2026-08-18T07:43:20.334023+09:00
Bid Rail,construction,True,,2026-08-18T07:43:20.334023+09:00
Bid Route,construction,True,,2026-08-18T07:43:20.334023+09:00
Bid Scale,construction,True,,2026-08-18T07:43:20.334023+09:00
Bid Station,construction,True,,2026-08-18T07:43:20.334023+09:00
Bid Studio,construction,True,,2026-08-18T07:43:20.334023+09:00
Bid Terminal,construction,False,"TITLE_UNCLEAR: Terminal only reads clearly for transportation/maritime_shipping/aviation/logistics, industry=construction",2026-08-18T07:43:20.334023+09:00
Bid Trail,construction,True,,2026-08-18T07:43:20.334023+09:00
Bid Zone,construction,True,,2026-08-18T07:43:20.334023+09:00
Billing Assistant,childcare,True,,2026-08-18T07:43:20.334023+09:00
Billing Atlas,childcare,True,,2026-08-18T07:43:20.334023+09:00
Billing Center,energy_utilities,True,,2026-08-18T07:43:20.334023+09:00
Billing Chain,childcare,True,,2026-08-18T07:43:20.334023+09:00
Billing Cockpit,childcare,True,,2026-08-18T07:43:20.334023+09:00
Billing Companion,childcare,True,,2026-08-18T07:43:20.334023+09:00
Billing Console,telecom,True,,2026-08-18T07:43:20.334023+09:00
Billing Dashboard,childcare,True,,2026-08-18T07:43:20.334023+09:00
Billing Deck,energy_utilities,True,,2026-08-18T07:43:20.334023+09:00
Billing Dial,cleaning_services,True,,2026-08-18T07:43:20.334023+09:00
Billing Dock,cleaning_services,True,,2026-08-18T07:43:20.334023+09:00
Billing Engine,childcare,True,,2026-08-18T07:43:20.334023+09:00
Billing Gate,childcare,True,,2026-08-18T07:43:20.334023+09:00
Billing Insight,childcare,True,,2026-08-18T07:43:20.334023+09:00
Billing Keeper,childcare,True,,2026-08-18T07:43:20.334023+09:00
Billing Lab,energy_utilities,True,,2026-08-18T07:43:20.334023+09:00
Billing Manager,childcare,True,,2026-08-18T07:43:20.334023+09:00
Billing Meter,cleaning_services,True,,2026-08-18T07:43:20.334023+09:00
Billing Metrics,childcare,True,,2026-08-18T07:43:20.334023+09:00
Billing Monitor,childcare,True,,2026-08-18T07:43:20.334023+09:00
Billing Navigator,childcare,True,,2026-08-18T07:43:20.334023+09:00
Billing Nexus,childcare,True,,2026-08-18T07:43:20.334023+09:00
Billing Node,childcare,True,,2026-08-18T07:43:20.334023+09:00
Billing Ops,childcare,True,,2026-08-18T07:43:20.334023+09:00
Billing Organizer,childcare,True,,2026-08-18T07:43:20.334023+09:00
Billing Panel,cleaning_services,True,,2026-08-18T07:43:20.334023+09:00
Billing Planner,childcare,True,,2026-08-18T07:43:20.334023+09:00
Billing Portal,telecom,True,,2026-08-18T07:43:20.334023+09:00
Billing Rail,cleaning_services,True,,2026-08-18T07:43:20.334023+09:00
Billing Register,childcare,True,,2026-08-18T07:43:20.334023+09:00
Billing Ring,childcare,False,"TITLE_UNCLEAR: Ring is abstract, no SaaS function is suggested (established prior batches)",2026-08-18T07:43:20.334023+09:00
Billing Route,cleaning_services,True,,2026-08-18T07:43:20.334023+09:00
Billing Scale,cleaning_services,True,,2026-08-18T07:43:20.334023+09:00
Billing Scheduler,childcare,True,,2026-08-18T07:43:20.334023+09:00
Billing Sentry,childcare,True,,2026-08-18T07:43:20.334023+09:00
Billing Station,energy_utilities,True,,2026-08-18T07:43:20.334023+09:00
Billing Studio,energy_utilities,True,,2026-08-18T07:43:20.334023+09:00
Billing Suite,childcare,True,,2026-08-18T07:43:20.334023+09:00
Billing Terminal,energy_utilities,False,"TITLE_UNCLEAR: Terminal only reads clearly for transportation/maritime_shipping/aviation/logistics, industry=energy_utilities",2026-08-18T07:43:20.334023+09:00
Billing Trail,fitness_wellness,True,,2026-08-18T07:43:20.334023+09:00
Billing Zone,telecom,True,,2026-08-18T07:43:20.334023+09:00
Binder Base,insurance,True,,2026-08-18T07:43:20.334023+09:00
Binder Board,insurance,True,,2026-08-18T07:43:20.334023+09:00
Binder Center,insurance,True,,2026-08-18T07:43:20.334023+09:00
Binder Console,insurance,True,,2026-08-18T07:43:20.334023+09:00
Binder Core,insurance,True,,2026-08-18T07:43:20.334023+09:00
Binder Deck,insurance,True,,2026-08-18T07:43:20.334023+09:00
Binder Dial,insurance,True,,2026-08-18T07:43:20.334023+09:00
Binder Frame,insurance,True,,2026-08-18T07:43:20.334023+09:00
Binder Lab,insurance,True,,2026-08-18T07:43:20.334023+09:00
Binder Ledger,insurance,True,,2026-08-18T07:43:20.334023+09:00
Binder Lens,insurance,True,,2026-08-18T07:43:20.334023+09:00
Binder Lock,insurance,True,,2026-08-18T07:43:20.334023+09:00
Binder Map,insurance,True,,2026-08-18T07:43:20.334023+09:00
Binder Meter,insurance,True,,2026-08-18T07:43:20.334023+09:00
Binder Panel,insurance,True,,2026-08-18T07:43:20.334023+09:00
Binder Path,insurance,True,,2026-08-18T07:43:20.334023+09:00
Binder Point,insurance,True,,2026-08-18T07:43:20.334023+09:00
Binder Portal,insurance,True,,2026-08-18T07:43:20.334023+09:00
Binder Scale,insurance,True,,2026-08-18T07:43:20.334023+09:00
Binder Station,insurance,True,,2026-08-18T07:43:20.334023+09:00
Binder Studio,insurance,True,,2026-08-18T07:43:20.334023+09:00
Binder Terminal,insurance,False,"TITLE_UNCLEAR: Terminal only reads clearly for transportation/maritime_shipping/aviation/logistics, industry=insurance",2026-08-18T07:43:20.334023+09:00
Binder Zone,insurance,True,,2026-08-18T07:43:20.334023+09:00
Blast Assistant,mining,True,,2026-08-18T07:43:20.334023+09:00
Blast Atlas,mining,True,,2026-08-18T07:43:20.334023+09:00
Blast Chain,mining,True,,2026-08-18T07:43:20.334023+09:00
Blast Cockpit,mining,True,,2026-08-18T07:43:20.334023+09:00
Blast Companion,mining,True,,2026-08-18T07:43:20.334023+09:00
Blast Dashboard,mining,True,,2026-08-18T07:43:20.334023+09:00
Blast Engine,mining,True,,2026-08-18T07:43:20.334023+09:00
Blast Gate,mining,True,,2026-08-18T07:43:20.334023+09:00
Blast Insight,mining,True,,2026-08-18T07:43:20.334023+09:00
Blast Keeper,mining,True,,2026-08-18T07:43:20.334023+09:00
Blast Manager,mining,True,,2026-08-18T07:43:20.334023+09:00
Blast Metrics,mining,True,,2026-08-18T07:43:20.334023+09:00
Blast Monitor,mining,True,,2026-08-18T07:43:20.334023+09:00
Blast Navigator,mining,True,,2026-08-18T07:43:20.334023+09:00
Blast Nexus,mining,True,,2026-08-18T07:43:20.334023+09:00
Blast Node,mining,True,,2026-08-18T07:43:20.334023+09:00
Blast Organizer,mining,True,,2026-08-18T07:43:20.334023+09:00
Blast Planner,mining,True,,2026-08-18T07:43:20.334023+09:00
Blast Ring,mining,False,"TITLE_UNCLEAR: Ring is abstract, no SaaS function is suggested (established prior batches)",2026-08-18T07:43:20.334023+09:00
Blast Scheduler,mining,True,,2026-08-18T07:43:20.334023+09:00
Blast Sentry,mining,True,,2026-08-18T07:43:20.334023+09:00
Blast Suite,mining,True,,2026-08-18T07:43:20.334023+09:00
Blast Trail,mining,True,,2026-08-18T07:43:20.334023+09:00
Blueprint Assistant,construction,True,,2026-08-18T07:43:20.334023+09:00
Blueprint Atlas,construction,True,,2026-08-18T07:43:20.334023+09:00
Blueprint Chain,construction,True,,2026-08-18T07:43:20.334023+09:00
Blueprint Cockpit,construction,True,,2026-08-18T07:43:20.334023+09:00
Blueprint Companion,construction,True,,2026-08-18T07:43:20.334023+09:00
Blueprint Dashboard,construction,True,,2026-08-18T07:43:20.334023+09:00
Blueprint Engine,construction,True,,2026-08-18T07:43:20.334023+09:00
Blueprint Gate,construction,True,,2026-08-18T07:43:20.334023+09:00
Blueprint Insight,construction,True,,2026-08-18T07:43:20.334023+09:00
Blueprint Keeper,construction,True,,2026-08-18T07:43:20.334023+09:00
Blueprint Manager,construction,True,,2026-08-18T07:43:20.334023+09:00
Blueprint Metrics,construction,True,,2026-08-18T07:43:20.334023+09:00
Blueprint Monitor,construction,True,,2026-08-18T07:43:20.334023+09:00
Blueprint Navigator,construction,True,,2026-08-18T07:43:20.334023+09:00
Blueprint Nexus,construction,True,,2026-08-18T07:43:20.334023+09:00
Blueprint Node,construction,True,,2026-08-18T07:43:20.334023+09:00
Blueprint Organizer,construction,True,,2026-08-18T07:43:20.334023+09:00
Blueprint Planner,construction,True,,2026-08-18T07:43:20.334023+09:00
Blueprint Register,construction,True,,2026-08-18T07:43:20.334023+09:00
Blueprint Ring,construction,False,"TITLE_UNCLEAR: Ring is abstract, no SaaS function is suggested (established prior batches)",2026-08-18T07:43:20.334023+09:00
Blueprint Scheduler,construction,True,,2026-08-18T07:43:20.334023+09:00
Blueprint Sentry,construction,True,,2026-08-18T07:43:20.334023+09:00
Blueprint Suite,construction,True,,2026-08-18T07:43:20.334023+09:00
Blueprint Trail,construction,True,,2026-08-18T01:30:57.525706+09:00
Boarding Atlas,veterinary,True,,2026-08-18T07:43:20.334023+09:00
Boarding Center,veterinary,True,,2026-08-18T07:43:20.334023+09:00
Boarding Chain,veterinary,True,,2026-08-18T07:43:20.334023+09:00
Boarding Console,veterinary,True,,2026-08-18T07:43:20.334023+09:00
Boarding Dial,veterinary,True,,2026-08-18T07:43:20.334023+09:00
Boarding Dock,veterinary,True,,2026-08-18T07:43:20.334023+09:00
Boarding Engine,veterinary,True,,2026-08-18T07:43:20.334023+09:00
Boarding Gate,veterinary,True,,2026-08-18T07:43:20.334023+09:00
Boarding Keeper,veterinary,True,,2026-08-18T07:43:20.334023+09:00
Boarding Manager,veterinary,True,,2026-08-18T07:43:20.334023+09:00
Boarding Meter,veterinary,True,,2026-08-18T07:43:20.334023+09:00
Boarding Nexus,veterinary,True,,2026-08-18T07:43:20.334023+09:00
Boarding Node,veterinary,True,,2026-08-18T07:43:20.334023+09:00
Boarding Panel,veterinary,True,,2026-08-18T07:43:20.334023+09:00
Boarding Portal,veterinary,True,,2026-08-18T07:43:20.334023+09:00
Boarding Rail,veterinary,True,,2026-08-18T07:43:20.334023+09:00
Boarding Ring,veterinary,False,"TITLE_UNCLEAR: Ring is abstract, no SaaS function is suggested (established prior batches)",2026-08-18T07:43:20.334023+09:00
Boarding Route,veterinary,True,,2026-08-18T07:43:20.334023+09:00
Boarding Scale,veterinary,True,,2026-08-18T07:43:20.334023+09:00
Boarding Sentry,veterinary,True,,2026-08-18T07:43:20.334023+09:00
Boarding Suite,veterinary,True,,2026-08-18T07:43:20.334023+09:00
Boarding Terminal,veterinary,False,"TITLE_UNCLEAR: Terminal only reads clearly for transportation/maritime_shipping/aviation/logistics, industry=veterinary",2026-08-18T07:43:20.334023+09:00
Boarding Trail,veterinary,True,,2026-08-18T07:43:20.334023+09:00
Boarding Zone,veterinary,True,,2026-08-18T07:43:20.334023+09:00
Booking Anchor,hospitality,True,,2026-08-18T07:43:20.334023+09:00
Booking Assistant,salon_spa,True,,2026-08-18T07:43:20.334023+09:00
Booking Atlas,salon_spa,True,,2026-08-18T07:43:20.334023+09:00
Booking Base,hospitality,True,,2026-08-18T07:43:20.334023+09:00
Booking Beacon,hospitality,True,,2026-08-18T07:43:20.334023+09:00
Booking Bridge,hospitality,True,,2026-08-18T07:43:20.334023+09:00
Booking Cascade,hospitality,True,,2026-08-18T07:43:20.334023+09:00
Booking Chain,salon_spa,True,,2026-08-18T07:43:20.334023+09:00
Booking Cockpit,salon_spa,True,,2026-08-18T07:43:20.334023+09:00
Booking Compass,hospitality,True,,2026-08-18T07:43:20.334023+09:00
Booking Core,hospitality,True,,2026-08-18T07:43:20.334023+09:00
Booking Dashboard,salon_spa,True,,2026-08-18T07:43:20.334023+09:00
Booking Dock,salon_spa,True,,2026-08-18T07:43:20.334023+09:00
Booking Engine,salon_spa,True,,2026-08-18T07:43:20.334023+09:00
Booking Forge,hospitality,True,,2026-08-18T07:43:20.334023+09:00
Booking Frame,hospitality,True,,2026-08-18T07:43:20.334023+09:00
Booking Gate,salon_spa,True,,2026-08-18T07:43:20.334023+09:00
Booking Grid,hospitality,True,,2026-08-18T07:43:20.334023+09:00
Booking Insight,salon_spa,True,,2026-08-18T07:43:20.334023+09:00
Booking Keeper,salon_spa,True,,2026-08-18T07:43:20.334023+09:00
Booking Lens,hospitality,True,,2026-08-18T07:43:20.334023+09:00
Booking Lock,hospitality,True,,2026-08-18T07:43:20.334023+09:00
Booking Loop,hospitality,True,,2026-08-18T07:43:20.334023+09:00
Booking Manager,salon_spa,True,,2026-08-18T07:43:20.334023+09:00
Booking Map,hospitality,True,,2026-08-18T07:43:20.334023+09:00
Booking Metrics,salon_spa,True,,2026-08-18T07:43:20.334023+09:00
Booking Monitor,salon_spa,True,,2026-08-18T07:43:20.334023+09:00
Booking Navigator,salon_spa,True,,2026-08-18T07:43:20.334023+09:00
Booking Nexus,salon_spa,True,,2026-08-18T07:43:20.334023+09:00
Booking Node,salon_spa,True,,2026-08-18T07:43:20.334023+09:00
Booking Organizer,salon_spa,True,,2026-08-18T07:43:20.334023+09:00
Booking Path,hospitality,True,,2026-08-18T07:43:20.334023+09:00
Booking Planner,salon_spa,True,,2026-08-18T07:43:20.334023+09:00
Booking Point,hospitality,True,,2026-08-18T07:43:20.334023+09:00
Booking Pulse,hospitality,True,,2026-08-18T07:43:20.334023+09:00
Booking Radar,hospitality,True,,2026-08-18T07:43:20.334023+09:00
Booking Rail,salon_spa,True,,2026-08-18T07:43:20.334023+09:00
Booking Relay,hospitality,True,,2026-08-18T07:43:20.334023+09:00
Booking Ring,salon_spa,False,"TITLE_UNCLEAR: Ring is abstract, no SaaS function is suggested (established prior batches)",2026-08-18T07:43:20.334023+09:00
Booking Scheduler,salon_spa,True,,2026-08-18T07:43:20.334023+09:00
Booking Scope,hospitality,True,,2026-08-18T07:43:20.334023+09:00
Booking Sentry,salon_spa,True,,2026-08-18T07:43:20.334023+09:00
Booking Signal,hospitality,True,,2026-08-18T07:43:20.334023+09:00
Booking Suite,salon_spa,True,,2026-08-18T07:43:20.334023+09:00
Booking Trail,salon_spa,True,,2026-08-18T07:43:20.334023+09:00
Booking Vault,hospitality,True,,2026-08-18T07:43:20.334023+09:00
Booking Watch,hospitality,True,,2026-08-18T07:43:20.334023+09:00
Booking Wave,hospitality,True,,2026-08-18T07:43:20.334023+09:00
Brand Atlas,marketing,True,,2026-08-18T07:43:20.334023+09:00
Brand Center,marketing,True,,2026-08-18T07:43:20.334023+09:00
Brand Chain,marketing,True,,2026-08-18T07:43:20.334023+09:00
Brand Console,marketing,True,,2026-08-18T07:43:20.334023+09:00
Brand Dial,marketing,True,,2026-08-18T07:43:20.334023+09:00
Brand Dock,marketing,True,,2026-08-18T07:43:20.334023+09:00
Brand Gate,marketing,True,,2026-08-18T07:43:20.334023+09:00
Brand Keeper,marketing,True,,2026-08-18T07:43:20.334023+09:00
Brand Manager,marketing,True,,2026-08-18T07:43:20.334023+09:00
Brand Meter,marketing,True,,2026-08-18T07:43:20.334023+09:00
Brand Nexus,marketing,True,,2026-08-18T07:43:20.334023+09:00
Brand Node,marketing,True,,2026-08-18T07:43:20.334023+09:00
Brand Panel,marketing,True,,2026-08-18T07:43:20.334023+09:00
Brand Portal,marketing,True,,2026-08-18T07:43:20.334023+09:00
Brand Rail,marketing,True,,2026-08-18T07:43:20.334023+09:00
Brand Ring,marketing,False,"TITLE_UNCLEAR: Ring is abstract, no SaaS function is suggested (established prior batches)",2026-08-18T07:43:20.334023+09:00
Brand Route,marketing,True,,2026-08-18T07:43:20.334023+09:00
Brand Scale,marketing,True,,2026-08-18T07:43:20.334023+09:00
Brand Sentry,marketing,True,,2026-08-18T07:43:20.334023+09:00
Brand Station,marketing,True,,2026-08-18T07:43:20.334023+09:00
Brand Suite,marketing,True,,2026-08-18T07:43:20.334023+09:00
Brand Terminal,marketing,False,"TITLE_UNCLEAR: Terminal only reads clearly for transportation/maritime_shipping/aviation/logistics, industry=marketing",2026-08-18T07:43:20.334023+09:00
Brand Trail,marketing,True,,2026-08-18T07:43:20.334023+09:00
Brand Zone,marketing,True,,2026-08-18T07:43:20.334023+09:00
Breach Assistant,cybersecurity,True,,2026-08-18T07:43:20.334023+09:00
Breach Cockpit,cybersecurity,True,,2026-08-18T07:43:20.334023+09:00
Breach Companion,cybersecurity,True,,2026-08-18T07:43:20.334023+09:00
Breach Dashboard,cybersecurity,True,,2026-08-18T07:43:20.334023+09:00
Breach Desk,cybersecurity,True,,2026-08-18T07:43:20.334023+09:00
Breach Engine,cybersecurity,True,,2026-08-18T07:43:20.334023+09:00
Breach Flow,cybersecurity,True,,2026-08-18T07:43:20.334023+09:00
Breach Guard,cybersecurity,True,,2026-08-18T07:43:20.334023+09:00
Breach Hub,cybersecurity,True,,2026-08-18T07:43:20.334023+09:00
Breach Insight,cybersecurity,True,,2026-08-18T07:43:20.334023+09:00
Breach Metrics,cybersecurity,True,,2026-08-18T07:43:20.334023+09:00
Breach Monitor,cybersecurity,True,,2026-08-18T07:43:20.334023+09:00
Breach Navigator,cybersecurity,True,,2026-08-18T07:43:20.334023+09:00
Breach Ops,cybersecurity,True,,2026-08-18T07:43:20.334023+09:00
Breach Organizer,cybersecurity,True,,2026-08-18T07:43:20.334023+09:00
Breach Pilot,cybersecurity,True,,2026-08-18T07:43:20.334023+09:00
Breach Planner,cybersecurity,True,,2026-08-18T07:43:20.334023+09:00
Breach Radar,cybersecurity,True,,2026-08-18T07:43:20.334023+09:00
Breach Register,cybersecurity,True,,2026-08-18T07:43:20.334023+09:00
Breach Relay,cybersecurity,True,,2026-08-18T07:43:20.334023+09:00
Breach Scheduler,cybersecurity,True,,2026-08-18T07:43:20.334023+09:00
Breach Sync,cybersecurity,True,,2026-08-18T07:43:20.334023+09:00
Breach Tracker,cybersecurity,True,,2026-08-18T07:43:20.334023+09:00
Breed Assistant,veterinary,True,,2026-08-18T07:43:20.334023+09:00
Breed Cockpit,veterinary,True,,2026-08-18T07:43:20.334023+09:00
Breed Companion,veterinary,True,,2026-08-18T07:43:20.334023+09:00
Breed Dashboard,veterinary,True,,2026-08-18T07:43:20.334023+09:00
Breed Desk,veterinary,True,,2026-08-18T07:43:20.334023+09:00
Breed Engine,veterinary,True,,2026-08-18T07:43:20.334023+09:00
Breed Flow,veterinary,True,,2026-08-18T07:43:20.334023+09:00
Breed Guard,veterinary,True,,2026-08-18T07:43:20.334023+09:00
Breed Hub,veterinary,True,,2026-08-18T07:43:20.334023+09:00
Breed Insight,veterinary,True,,2026-08-18T07:43:20.334023+09:00
Breed Keeper,veterinary,True,,2026-08-18T07:43:20.334023+09:00
Breed Manager,veterinary,True,,2026-08-18T07:43:20.334023+09:00
Breed Metrics,veterinary,True,,2026-08-18T07:43:20.334023+09:00
Breed Monitor,veterinary,True,,2026-08-18T07:43:20.334023+09:00
Breed Navigator,veterinary,True,,2026-08-18T07:43:20.334023+09:00
Breed Ops,veterinary,True,,2026-08-18T07:43:20.334023+09:00
Breed Organizer,veterinary,True,,2026-08-18T07:43:20.334023+09:00
Breed Pilot,veterinary,True,,2026-08-18T07:43:20.334023+09:00
Breed Planner,veterinary,True,,2026-08-18T07:43:20.334023+09:00
Breed Register,veterinary,True,,2026-08-18T07:43:20.334023+09:00
Breed Scheduler,veterinary,True,,2026-08-18T07:43:20.334023+09:00
Breed Suite,veterinary,True,,2026-08-18T07:43:20.334023+09:00
Breed Sync,veterinary,True,,2026-08-18T07:43:20.334023+09:00
Breed Tracker,veterinary,True,,2026-08-18T07:43:20.334023+09:00
Broadcast Assistant,media_publishing,True,,2026-08-18T07:43:20.334023+09:00
Broadcast Atlas,media_publishing,True,,2026-08-18T07:43:20.334023+09:00
Broadcast Chain,media_publishing,True,,2026-08-18T07:43:20.334023+09:00
Broadcast Cockpit,media_publishing,True,,2026-08-18T07:43:20.334023+09:00
Broadcast Dashboard,media_publishing,True,,2026-08-18T07:43:20.334023+09:00
Broadcast Dock,media_publishing,True,,2026-08-18T07:43:20.334023+09:00
Broadcast Engine,media_publishing,True,,2026-08-18T07:43:20.334023+09:00
Broadcast Gate,media_publishing,True,,2026-08-18T07:43:20.334023+09:00
Broadcast Insight,media_publishing,True,,2026-08-18T07:43:20.334023+09:00
Broadcast Keeper,media_publishing,True,,2026-08-18T07:43:20.334023+09:00
Broadcast Manager,media_publishing,True,,2026-08-18T07:43:20.334023+09:00
Broadcast Metrics,media_publishing,True,,2026-08-18T07:43:20.334023+09:00
Broadcast Monitor,media_publishing,True,,2026-08-18T07:43:20.334023+09:00
Broadcast Navigator,media_publishing,True,,2026-08-18T07:43:20.334023+09:00
Broadcast Nexus,media_publishing,True,,2026-08-18T07:43:20.334023+09:00
Broadcast Node,media_publishing,True,,2026-08-18T07:43:20.334023+09:00
Broadcast Organizer,media_publishing,True,,2026-08-18T07:43:20.334023+09:00
Broadcast Planner,media_publishing,True,,2026-08-18T07:43:20.334023+09:00
Broadcast Rail,media_publishing,True,,2026-08-18T07:43:20.334023+09:00
Broadcast Ring,media_publishing,False,"TITLE_UNCLEAR: Ring is abstract, no SaaS function is suggested (established prior batches)",2026-08-18T07:43:20.334023+09:00
Broadcast Scheduler,media_publishing,True,,2026-08-18T07:43:20.334023+09:00
Broadcast Sentry,media_publishing,True,,2026-08-18T07:43:20.334023+09:00
Broadcast Suite,media_publishing,True,,2026-08-18T07:43:20.334023+09:00
Broadcast Trail,media_publishing,True,,2026-08-18T07:43:20.334023+09:00
Budget Base,finance,True,,2026-08-18T07:43:20.334023+09:00
Budget Board,finance,True,,2026-08-18T07:43:20.334023+09:00
Budget Center,finance,True,,2026-08-18T07:43:20.334023+09:00
Budget Console,finance,True,,2026-08-18T07:43:20.334023+09:00
Budget Core,finance,True,,2026-08-18T07:43:20.334023+09:00
Budget Deck,finance,True,,2026-08-18T07:43:20.334023+09:00
Budget Dial,finance,True,,2026-08-18T07:43:20.334023+09:00
Budget Frame,finance,True,,2026-08-18T07:43:20.334023+09:00
Budget Lab,finance,True,,2026-08-18T07:43:20.334023+09:00
Budget Ledger,finance,True,,2026-08-18T07:43:20.334023+09:00
Budget Lens,finance,True,,2026-08-18T07:43:20.334023+09:00
Budget Lock,finance,True,,2026-08-18T07:43:20.334023+09:00
Budget Map,finance,True,,2026-08-18T07:43:20.334023+09:00
Budget Meter,finance,True,,2026-08-18T07:43:20.334023+09:00
Budget Panel,finance,True,,2026-08-18T07:43:20.334023+09:00
Budget Path,finance,True,,2026-08-18T07:43:20.334023+09:00
Budget Point,finance,True,,2026-08-18T07:43:20.334023+09:00
Budget Portal,finance,True,,2026-08-18T07:43:20.334023+09:00
Budget Pulse,finance,True,,2026-08-18T07:43:20.334023+09:00
Budget Station,finance,True,,2026-08-18T07:43:20.334023+09:00
Budget Studio,finance,True,,2026-08-18T07:43:20.334023+09:00
Budget Terminal,finance,False,"TITLE_UNCLEAR: Terminal only reads clearly for transportation/maritime_shipping/aviation/logistics, industry=finance",2026-08-18T07:43:20.334023+09:00
Budget Wave,finance,True,,2026-08-18T07:43:20.334023+09:00
Budget Zone,finance,True,,2026-08-18T07:43:20.334023+09:00
Bundle Base,retail_ecommerce,True,,2026-08-18T07:43:20.334023+09:00
Bundle Board,retail_ecommerce,True,,2026-08-18T07:43:20.334023+09:00
Bundle Center,retail_ecommerce,True,,2026-08-18T07:43:20.334023+09:00
Bundle Console,retail_ecommerce,True,,2026-08-18T07:43:20.334023+09:00
Bundle Core,retail_ecommerce,True,,2026-08-18T07:43:20.334023+09:00
Bundle Deck,retail_ecommerce,True,,2026-08-18T07:43:20.334023+09:00
Bundle Dial,retail_ecommerce,True,,2026-08-18T07:43:20.334023+09:00
Bundle Dock,retail_ecommerce,True,,2026-08-18T07:43:20.334023+09:00
Bundle Frame,retail_ecommerce,True,,2026-08-18T07:43:20.334023+09:00
Bundle Lab,retail_ecommerce,True,,2026-08-18T07:43:20.334023+09:00
Bundle Ledger,retail_ecommerce,True,,2026-08-18T07:43:20.334023+09:00
Bundle Lens,retail_ecommerce,True,,2026-08-18T07:43:20.334023+09:00
Bundle Map,retail_ecommerce,True,,2026-08-18T07:43:20.334023+09:00
Bundle Meter,retail_ecommerce,True,,2026-08-18T07:43:20.334023+09:00
Bundle Panel,retail_ecommerce,True,,2026-08-18T07:43:20.334023+09:00
Bundle Portal,retail_ecommerce,True,,2026-08-18T07:43:20.334023+09:00
Bundle Rail,retail_ecommerce,True,,2026-08-18T07:43:20.334023+09:00
Bundle Route,retail_ecommerce,True,,2026-08-18T07:43:20.334023+09:00
Bundle Scale,retail_ecommerce,True,,2026-08-18T07:43:20.334023+09:00
Bundle Station,retail_ecommerce,True,,2026-08-18T07:43:20.334023+09:00
Bundle Studio,retail_ecommerce,True,,2026-08-18T07:43:20.334023+09:00
Bundle Terminal,retail_ecommerce,False,"TITLE_UNCLEAR: Terminal only reads clearly for transportation/maritime_shipping/aviation/logistics, industry=retail_ecommerce",2026-08-18T07:43:20.334023+09:00
Bundle Zone,retail_ecommerce,True,,2026-08-18T07:43:20.334023+09:00
Bunker Anchor,maritime_shipping,True,,2026-08-18T07:43:20.334023+09:00
Bunker Beacon,maritime_shipping,True,,2026-08-18T07:43:20.334023+09:00
Bunker Bridge,maritime_shipping,True,,2026-08-18T07:43:20.334023+09:00
Bunker Cascade,maritime_shipping,True,,2026-08-18T07:43:20.334023+09:00
Bunker Compass,maritime_shipping,True,,2026-08-18T07:43:20.334023+09:00
Bunker Desk,maritime_shipping,True,,2026-08-18T07:43:20.334023+09:00
Bunker Forge,maritime_shipping,True,,2026-08-18T07:43:20.334023+09:00
Bunker Grid,maritime_shipping,True,,2026-08-18T07:43:20.334023+09:00
Bunker Lens,maritime_shipping,True,,2026-08-18T07:43:20.334023+09:00
Bunker Lock,maritime_shipping,True,,2026-08-18T07:43:20.334023+09:00
Bunker Loop,maritime_shipping,True,,2026-08-18T07:43:20.334023+09:00
Bunker Map,maritime_shipping,True,,2026-08-18T07:43:20.334023+09:00
Bunker Path,maritime_shipping,True,,2026-08-18T07:43:20.334023+09:00
Bunker Pilot,maritime_shipping,True,,2026-08-18T07:43:20.334023+09:00
Bunker Point,maritime_shipping,True,,2026-08-18T07:43:20.334023+09:00
Bunker Pulse,maritime_shipping,True,,2026-08-18T07:43:20.334023+09:00
Bunker Radar,maritime_shipping,True,,2026-08-18T07:43:20.334023+09:00
Bunker Relay,maritime_shipping,True,,2026-08-18T07:43:20.334023+09:00
Bunker Scope,maritime_shipping,True,,2026-08-18T07:43:20.334023+09:00
Bunker Signal,maritime_shipping,True,,2026-08-18T07:43:20.334023+09:00
Bunker Vault,maritime_shipping,True,,2026-08-18T07:43:20.334023+09:00
Bunker Watch,maritime_shipping,True,,2026-08-18T07:43:20.334023+09:00
Bunker Wave,maritime_shipping,True,,2026-08-18T07:43:20.334023+09:00
Calibration Assistant,manufacturing,True,,2026-08-18T07:43:20.334023+09:00
Calibration Cockpit,manufacturing,True,,2026-08-18T07:43:20.334023+09:00
Calibration Companion,manufacturing,True,,2026-08-18T07:43:20.334023+09:00
Calibration Dashboard,manufacturing,True,,2026-08-18T07:43:20.334023+09:00
Calibration Desk,manufacturing,True,,2026-08-18T07:43:20.334023+09:00
Calibration Flow,manufacturing,True,,2026-08-18T07:43:20.334023+09:00
Calibration Guard,manufacturing,True,,2026-08-18T07:43:20.334023+09:00
Calibration Hub,manufacturing,True,,2026-08-18T07:43:20.334023+09:00
Calibration Insight,manufacturing,True,,2026-08-18T07:43:20.334023+09:00
Calibration Metrics,manufacturing,True,,2026-08-18T07:43:20.334023+09:00
Calibration Monitor,manufacturing,True,,2026-08-18T07:43:20.334023+09:00
Calibration Navigator,manufacturing,True,,2026-08-18T07:43:20.334023+09:00
Calibration Ops,manufacturing,True,,2026-08-18T07:43:20.334023+09:00
Calibration Organizer,manufacturing,True,,2026-08-18T07:43:20.334023+09:00
Calibration Pilot,manufacturing,True,,2026-08-18T07:43:20.334023+09:00
Calibration Planner,manufacturing,True,,2026-08-18T07:43:20.334023+09:00
Calibration Radar,manufacturing,True,,2026-08-18T07:43:20.334023+09:00
Calibration Register,manufacturing,True,,2026-08-18T07:43:20.334023+09:00
Calibration Relay,manufacturing,True,,2026-08-18T07:43:20.334023+09:00
Calibration Scheduler,manufacturing,True,,2026-08-18T07:43:20.334023+09:00
Calibration Sync,manufacturing,True,,2026-08-18T07:43:20.334023+09:00
Calibration Tracker,manufacturing,True,,2026-08-18T07:43:20.334023+09:00
Calibration Vault,manufacturing,True,,2026-08-18T07:43:20.334023+09:00
Callback Assistant,customer_support,True,,2026-08-18T07:43:20.334023+09:00
Callback Atlas,customer_support,True,,2026-08-18T07:43:20.334023+09:00
Callback Chain,customer_support,True,,2026-08-18T07:43:20.334023+09:00
Callback Console,customer_support,True,,2026-08-18T07:43:20.334023+09:00
Callback Dial,customer_support,True,,2026-08-18T07:43:20.334023+09:00
Callback Dock,customer_support,True,,2026-08-18T07:43:20.334023+09:00
Callback Engine,customer_support,True,,2026-08-18T07:43:20.334023+09:00
Callback Gate,customer_support,True,,2026-08-18T07:43:20.334023+09:00
Callback Keeper,customer_support,True,,2026-08-18T07:43:20.334023+09:00
Callback Manager,customer_support,True,,2026-08-18T07:43:20.334023+09:00
Callback Meter,customer_support,True,,2026-08-18T07:43:20.334023+09:00
Callback Nexus,customer_support,True,,2026-08-18T07:43:20.334023+09:00
Callback Node,customer_support,True,,2026-08-18T07:43:20.334023+09:00
Callback Panel,customer_support,True,,2026-08-18T07:43:20.334023+09:00
Callback Planner,customer_support,True,,2026-08-18T07:43:20.334023+09:00
Callback Portal,customer_support,True,,2026-08-18T07:43:20.334023+09:00
Callback Rail,customer_support,True,,2026-08-18T07:43:20.334023+09:00
Callback Ring,customer_support,False,"TITLE_UNCLEAR: Ring is abstract, no SaaS function is suggested (established prior batches)",2026-08-18T07:43:20.334023+09:00
Callback Route,customer_support,True,,2026-08-18T07:43:20.334023+09:00
Callback Scale,customer_support,True,,2026-08-18T07:43:20.334023+09:00
Callback Sentry,customer_support,True,,2026-08-18T07:43:20.334023+09:00
Callback Suite,customer_support,True,,2026-08-18T07:43:20.334023+09:00
Callback Trail,customer_support,True,,2026-08-18T07:43:20.334023+09:00
Campaign Anchor,nonprofit,True,,2026-08-18T07:43:20.334023+09:00
Campaign Base,marketing,True,,2026-08-18T07:43:20.334023+09:00
Campaign Beacon,nonprofit,True,,2026-08-18T07:43:20.334023+09:00
Campaign Board,marketing,True,,2026-08-18T07:43:20.334023+09:00
Campaign Bridge,nonprofit,True,,2026-08-18T07:43:20.334023+09:00
Campaign Cascade,nonprofit,True,,2026-08-18T07:43:20.334023+09:00
Campaign Center,marketing,True,,2026-08-18T07:43:20.334023+09:00
Campaign Cockpit,nonprofit,True,,2026-08-18T07:43:20.334023+09:00
Campaign Companion,nonprofit,True,,2026-08-18T07:43:20.334023+09:00
Campaign Compass,nonprofit,True,,2026-08-18T07:43:20.334023+09:00
Campaign Core,marketing,True,,2026-08-18T07:43:20.334023+09:00
Campaign Dashboard,nonprofit,True,,2026-08-18T07:43:20.334023+09:00
Campaign Deck,marketing,True,,2026-08-18T07:43:20.334023+09:00
Campaign Desk,nonprofit,True,,2026-08-18T07:43:20.334023+09:00
Campaign Flow,nonprofit,True,,2026-08-18T07:43:20.334023+09:00
Campaign Forge,nonprofit,True,,2026-08-18T07:43:20.334023+09:00
Campaign Frame,marketing,True,,2026-08-18T07:43:20.334023+09:00
Campaign Grid,marketing,True,,2026-08-18T07:43:20.334023+09:00
Campaign Guard,nonprofit,True,,2026-08-18T07:43:20.334023+09:00
Campaign Hub,nonprofit,True,,2026-08-18T07:43:20.334023+09:00
Campaign Insight,nonprofit,True,,2026-08-18T07:43:20.334023+09:00
Campaign Lab,marketing,True,,2026-08-18T07:43:20.334023+09:00
Campaign Ledger,marketing,True,,2026-08-18T07:43:20.334023+09:00
Campaign Lens,marketing,True,,2026-08-18T07:43:20.334023+09:00
Campaign Lock,marketing,True,,2026-08-18T07:43:20.334023+09:00
Campaign Loop,marketing,True,,2026-08-18T07:43:20.334023+09:00
Campaign Map,marketing,True,,2026-08-18T07:43:20.334023+09:00
Campaign Metrics,nonprofit,True,,2026-08-18T07:43:20.334023+09:00
Campaign Navigator,nonprofit,True,,2026-08-18T07:43:20.334023+09:00
Campaign Ops,nonprofit,True,,2026-08-18T07:43:20.334023+09:00
Campaign Path,marketing,True,,2026-08-18T07:43:20.334023+09:00
Campaign Pilot,nonprofit,True,,2026-08-18T07:43:20.334023+09:00
Campaign Point,marketing,True,,2026-08-18T07:43:20.334023+09:00
Campaign Pulse,marketing,True,,2026-08-18T07:43:20.334023+09:00
Campaign Radar,nonprofit,True,,2026-08-18T07:43:20.334023+09:00
Campaign Register,nonprofit,True,,2026-08-18T07:43:20.334023+09:00
Campaign Relay,nonprofit,True,,2026-08-18T07:43:20.334023+09:00
Campaign Scope,marketing,True,,2026-08-18T07:43:20.334023+09:00
Campaign Signal,marketing,True,,2026-08-18T01:28:04.577831+09:00
Campaign Station,marketing,True,,2026-08-18T07:43:20.334023+09:00
Campaign Studio,marketing,True,,2026-08-18T07:43:20.334023+09:00
Campaign Sync,nonprofit,True,,2026-08-18T07:43:20.334023+09:00
Campaign Terminal,marketing,False,"TITLE_UNCLEAR: Terminal only reads clearly for transportation/maritime_shipping/aviation/logistics, industry=marketing",2026-08-18T07:43:20.334023+09:00
Campaign Tracker,nonprofit,True,,2026-08-18T07:43:20.334023+09:00
Campaign Vault,nonprofit,True,,2026-08-18T07:43:20.334023+09:00
Campaign Watch,marketing,True,,2026-08-18T07:43:20.334023+09:00
Campaign Wave,marketing,True,,2026-08-18T07:43:20.334023+09:00
Campaign Zone,marketing,True,,2026-08-18T07:43:20.334023+09:00
Candidate Assistant,hr_payroll,True,,2026-08-18T07:43:20.334023+09:00
Candidate Base,recruiting,True,,2026-08-18T07:43:20.334023+09:00
Candidate Board,recruiting,True,,2026-08-18T07:43:20.334023+09:00
Candidate Center,recruiting,True,,2026-08-18T07:43:20.334023+09:00
Candidate Cockpit,hr_payroll,True,,2026-08-18T07:43:20.334023+09:00
Candidate Companion,hr_payroll,True,,2026-08-18T07:43:20.334023+09:00
Candidate Console,recruiting,True,,2026-08-18T07:43:20.334023+09:00
Candidate Core,recruiting,True,,2026-08-18T07:43:20.334023+09:00
Candidate Dashboard,hr_payroll,True,,2026-08-18T07:43:20.334023+09:00
Candidate Deck,recruiting,True,,2026-08-18T07:43:20.334023+09:00
Candidate Dial,recruiting,True,,2026-08-18T07:43:20.334023+09:00
Candidate Engine,hr_payroll,True,,2026-08-18T07:43:20.334023+09:00
Candidate Flow,hr_payroll,True,,2026-08-18T07:43:20.334023+09:00
Candidate Frame,recruiting,True,,2026-08-18T07:43:20.334023+09:00
Candidate Guard,hr_payroll,True,,2026-08-18T07:43:20.334023+09:00
Candidate Hub,hr_payroll,True,,2026-08-18T07:43:20.334023+09:00
Candidate Insight,hr_payroll,True,,2026-08-18T07:43:20.334023+09:00
Candidate Keeper,hr_payroll,True,,2026-08-18T07:43:20.334023+09:00
Candidate Lab,recruiting,True,,2026-08-18T07:43:20.334023+09:00
Candidate Ledger,recruiting,True,,2026-08-18T07:43:20.334023+09:00
Candidate Lens,recruiting,True,,2026-08-18T07:43:20.334023+09:00
Candidate Lock,recruiting,True,,2026-08-18T07:43:20.334023+09:00
Candidate Manager,hr_payroll,True,,2026-08-18T07:43:20.334023+09:00
Candidate Map,recruiting,True,,2026-08-18T07:43:20.334023+09:00
Candidate Meter,recruiting,True,,2026-08-18T07:43:20.334023+09:00
Candidate Metrics,hr_payroll,True,,2026-08-18T07:43:20.334023+09:00
Candidate Monitor,hr_payroll,True,,2026-08-18T07:43:20.334023+09:00
Candidate Navigator,hr_payroll,True,,2026-08-18T07:43:20.334023+09:00
Candidate Ops,hr_payroll,True,,2026-08-18T07:43:20.334023+09:00
Candidate Organizer,hr_payroll,True,,2026-08-18T07:43:20.334023+09:00
Candidate Panel,recruiting,True,,2026-08-18T07:43:20.334023+09:00
Candidate Path,recruiting,True,,2026-08-18T01:28:04.577831+09:00
Candidate Planner,hr_payroll,True,,2026-08-18T07:43:20.334023+09:00
Candidate Point,recruiting,True,,2026-08-18T07:43:20.334023+09:00
Candidate Portal,recruiting,True,,2026-08-18T07:43:20.334023+09:00
Candidate Register,hr_payroll,True,,2026-08-18T07:43:20.334023+09:00
Candidate Route,recruiting,True,,2026-08-18T07:43:20.334023+09:00
Candidate Scale,recruiting,True,,2026-08-18T07:43:20.334023+09:00
Candidate Scheduler,hr_payroll,True,,2026-08-18T07:43:20.334023+09:00
Candidate Sentry,hr_payroll,True,,2026-08-18T07:43:20.334023+09:00
Candidate Station,recruiting,True,,2026-08-18T07:43:20.334023+09:00
Candidate Studio,recruiting,True,,2026-08-18T07:43:20.334023+09:00
Candidate Suite,hr_payroll,True,,2026-08-18T07:43:20.334023+09:00
Candidate Sync,hr_payroll,True,,2026-08-18T07:43:20.334023+09:00
Candidate Terminal,recruiting,False,"TITLE_UNCLEAR: Terminal only reads clearly for transportation/maritime_shipping/aviation/logistics, industry=recruiting",2026-08-18T07:43:20.334023+09:00
Candidate Tracker,hr_payroll,True,,2026-08-18T07:43:20.334023+09:00
Candidate Zone,recruiting,True,,2026-08-18T07:43:20.334023+09:00
Capacity Assistant,it_devops,True,,2026-08-18T07:43:20.334023+09:00
Capacity Cockpit,it_devops,True,,2026-08-18T07:43:20.334023+09:00
Capacity Companion,it_devops,True,,2026-08-18T07:43:20.334023+09:00
Capacity Dashboard,it_devops,True,,2026-08-18T07:43:20.334023+09:00
Capacity Desk,it_devops,True,,2026-08-18T07:43:20.334023+09:00
Capacity Flow,it_devops,True,,2026-08-18T07:43:20.334023+09:00
Capacity Guard,it_devops,True,,2026-08-18T07:43:20.334023+09:00
Capacity Hub,it_devops,True,,2026-08-18T07:43:20.334023+09:00
Capacity Insight,it_devops,True,,2026-08-18T07:43:20.334023+09:00
Capacity Metrics,it_devops,True,,2026-08-18T07:43:20.334023+09:00
Capacity Monitor,it_devops,True,,2026-08-18T07:43:20.334023+09:00
Capacity Navigator,it_devops,True,,2026-08-18T07:43:20.334023+09:00
Capacity Ops,it_devops,True,,2026-08-18T07:43:20.334023+09:00
Capacity Organizer,it_devops,True,,2026-08-18T07:43:20.334023+09:00
Capacity Pilot,it_devops,True,,2026-08-18T07:43:20.334023+09:00
Capacity Planner,it_devops,True,,2026-08-18T07:43:20.334023+09:00
Capacity Radar,it_devops,True,,2026-08-18T07:43:20.334023+09:00
Capacity Register,it_devops,True,,2026-08-18T07:43:20.334023+09:00
Capacity Relay,it_devops,True,,2026-08-18T07:43:20.334023+09:00
Capacity Scheduler,it_devops,True,,2026-08-18T07:43:20.334023+09:00
Capacity Sync,it_devops,True,,2026-08-18T07:43:20.334023+09:00
Capacity Tracker,it_devops,True,,2026-08-18T07:43:20.334023+09:00
Capacity Vault,it_devops,True,,2026-08-18T07:43:20.334023+09:00
Care Assistant,senior_care,True,,2026-08-18T07:43:20.334023+09:00
Care Atlas,senior_care,True,,2026-08-18T07:43:20.334023+09:00
Care Cockpit,senior_care,True,,2026-08-18T07:43:20.334023+09:00
Care Companion,senior_care,True,,2026-08-18T07:43:20.334023+09:00
Care Dashboard,senior_care,True,,2026-08-18T07:43:20.334023+09:00
Care Engine,senior_care,True,,2026-08-18T07:43:20.334023+09:00
Care Gate,senior_care,True,,2026-08-18T07:43:20.334023+09:00
Care Guard,senior_care,True,,2026-08-18T07:43:20.334023+09:00
Care Insight,senior_care,True,,2026-08-18T07:43:20.334023+09:00
Care Keeper,senior_care,True,,2026-08-18T07:43:20.334023+09:00
Care Manager,senior_care,True,,2026-08-18T07:43:20.334023+09:00
Care Metrics,senior_care,True,,2026-08-18T07:43:20.334023+09:00
Care Monitor,senior_care,True,,2026-08-18T07:43:20.334023+09:00
Care Navigator,senior_care,True,,2026-08-18T07:43:20.334023+09:00
Care Nexus,senior_care,True,,2026-08-18T07:43:20.334023+09:00
Care Node,senior_care,True,,2026-08-18T07:43:20.334023+09:00
Care Ops,senior_care,True,,2026-08-18T07:43:20.334023+09:00
Care Organizer,senior_care,True,,2026-08-18T07:43:20.334023+09:00
Care Planner,senior_care,True,,2026-08-18T07:43:20.334023+09:00
Care Register,senior_care,True,,2026-08-18T07:43:20.334023+09:00
Care Ring,senior_care,False,"TITLE_UNCLEAR: Ring is abstract, no SaaS function is suggested (established prior batches)",2026-08-18T07:43:20.334023+09:00
Care Scheduler,senior_care,True,,2026-08-18T07:43:20.334023+09:00
Care Sentry,senior_care,True,,2026-08-18T07:43:20.334023+09:00
Care Suite,senior_care,True,,2026-08-18T07:43:20.334023+09:00
Cargo Assistant,maritime_shipping,True,,2026-08-18T07:43:20.334023+09:00
Cargo Atlas,maritime_shipping,True,,2026-08-18T07:43:20.334023+09:00
Cargo Base,transportation,True,,2026-08-18T07:43:20.334023+09:00
Cargo Board,transportation,True,,2026-08-18T07:43:20.334023+09:00
Cargo Center,transportation,True,,2026-08-18T07:43:20.334023+09:00
Cargo Chain,maritime_shipping,True,,2026-08-18T07:43:20.334023+09:00
Cargo Cockpit,maritime_shipping,True,,2026-08-18T07:43:20.334023+09:00
Cargo Companion,maritime_shipping,True,,2026-08-18T07:43:20.334023+09:00
Cargo Console,transportation,True,,2026-08-18T07:43:20.334023+09:00
Cargo Core,transportation,True,,2026-08-18T07:43:20.334023+09:00
Cargo Dashboard,maritime_shipping,True,,2026-08-18T07:43:20.334023+09:00
Cargo Deck,transportation,True,,2026-08-18T07:43:20.334023+09:00
Cargo Dial,transportation,True,,2026-08-18T07:43:20.334023+09:00
Cargo Dock,transportation,True,,2026-08-18T07:43:20.334023+09:00
Cargo Engine,maritime_shipping,True,,2026-08-18T07:43:20.334023+09:00
Cargo Frame,transportation,True,,2026-08-18T07:43:20.334023+09:00
Cargo Gate,maritime_shipping,True,,2026-08-18T07:43:20.334023+09:00
Cargo Insight,maritime_shipping,True,,2026-08-18T07:43:20.334023+09:00
Cargo Keeper,maritime_shipping,True,,2026-08-18T07:43:20.334023+09:00
Cargo Lab,transportation,True,,2026-08-18T07:43:20.334023+09:00
Cargo Ledger,transportation,True,,2026-08-18T07:43:20.334023+09:00
Cargo Lens,transportation,True,,2026-08-18T07:43:20.334023+09:00
Cargo Manager,maritime_shipping,True,,2026-08-18T07:43:20.334023+09:00
Cargo Map,transportation,True,,2026-08-18T07:43:20.334023+09:00
Cargo Meter,transportation,True,,2026-08-18T07:43:20.334023+09:00
Cargo Metrics,maritime_shipping,True,,2026-08-18T07:43:20.334023+09:00
Cargo Monitor,maritime_shipping,True,,2026-08-18T07:43:20.334023+09:00
Cargo Navigator,maritime_shipping,True,,2026-08-18T07:43:20.334023+09:00
Cargo Nexus,maritime_shipping,True,,2026-08-18T07:43:20.334023+09:00
Cargo Node,maritime_shipping,True,,2026-08-18T07:43:20.334023+09:00
Cargo Organizer,maritime_shipping,True,,2026-08-18T07:43:20.334023+09:00
Cargo Panel,transportation,True,,2026-08-18T07:43:20.334023+09:00
Cargo Planner,maritime_shipping,True,,2026-08-18T07:43:20.334023+09:00
Cargo Portal,transportation,True,,2026-08-18T07:43:20.334023+09:00
Cargo Rail,transportation,True,,2026-08-18T07:43:20.334023+09:00
Cargo Register,maritime_shipping,True,,2026-08-18T07:43:20.334023+09:00
Cargo Ring,maritime_shipping,False,"TITLE_UNCLEAR: Ring is abstract, no SaaS function is suggested (established prior batches)",2026-08-18T07:43:20.334023+09:00
Cargo Route,transportation,True,,2026-08-18T07:43:20.334023+09:00
Cargo Scale,transportation,True,,2026-08-18T07:43:20.334023+09:00
Cargo Scheduler,maritime_shipping,True,,2026-08-18T07:43:20.334023+09:00
Cargo Sentry,maritime_shipping,True,,2026-08-18T07:43:20.334023+09:00
Cargo Station,transportation,True,,2026-08-18T07:43:20.334023+09:00
Cargo Studio,transportation,True,,2026-08-18T07:43:20.334023+09:00
Cargo Suite,maritime_shipping,True,,2026-08-18T07:43:20.334023+09:00
Cargo Terminal,transportation,True,,2026-08-18T07:43:20.334023+09:00
Cargo Trail,maritime_shipping,True,,2026-08-18T07:43:20.334023+09:00
Cargo Zone,transportation,True,,2026-08-18T07:43:20.334023+09:00
Casket Anchor,funeral_services,True,,2026-08-18T07:43:20.334023+09:00
Casket Beacon,funeral_services,True,,2026-08-18T07:43:20.334023+09:00
Casket Bridge,funeral_services,True,,2026-08-18T07:43:20.334023+09:00
Casket Cascade,funeral_services,True,,2026-08-18T07:43:20.334023+09:00
Casket Compass,funeral_services,True,,2026-08-18T07:43:20.334023+09:00
Casket Desk,funeral_services,True,,2026-08-18T07:43:20.334023+09:00
Casket Forge,funeral_services,True,,2026-08-18T07:43:20.334023+09:00
Casket Grid,funeral_services,True,,2026-08-18T07:43:20.334023+09:00
Casket Hub,funeral_services,True,,2026-08-18T07:43:20.334023+09:00
Casket Lens,funeral_services,True,,2026-08-18T07:43:20.334023+09:00
Casket Lock,funeral_services,True,,2026-08-18T07:43:20.334023+09:00
Casket Loop,funeral_services,True,,2026-08-18T07:43:20.334023+09:00
Casket Map,funeral_services,True,,2026-08-18T07:43:20.334023+09:00
Casket Path,funeral_services,True,,2026-08-18T07:43:20.334023+09:00
Casket Pilot,funeral_services,True,,2026-08-18T07:43:20.334023+09:00
Casket Point,funeral_services,True,,2026-08-18T07:43:20.334023+09:00
Casket Pulse,funeral_services,True,,2026-08-18T07:43:20.334023+09:00
Casket Radar,funeral_services,True,,2026-08-18T07:43:20.334023+09:00
Casket Relay,funeral_services,True,,2026-08-18T07:43:20.334023+09:00
Casket Scope,funeral_services,True,,2026-08-18T07:43:20.334023+09:00
Casket Signal,funeral_services,True,,2026-08-18T07:43:20.334023+09:00
Casket Vault,funeral_services,True,,2026-08-18T07:43:20.334023+09:00
Casket Watch,funeral_services,True,,2026-08-18T07:43:20.334023+09:00
Casket Wave,funeral_services,True,,2026-08-18T07:43:20.334023+09:00
Catalog Assistant,retail_ecommerce,True,,2026-08-18T07:43:20.334023+09:00
Catalog Atlas,retail_ecommerce,True,,2026-08-18T07:43:20.334023+09:00
Catalog Center,retail_ecommerce,True,,2026-08-18T07:43:20.334023+09:00
Catalog Chain,retail_ecommerce,True,,2026-08-18T07:43:20.334023+09:00
Catalog Console,retail_ecommerce,True,,2026-08-18T07:43:20.334023+09:00
Catalog Dial,retail_ecommerce,True,,2026-08-18T07:43:20.334023+09:00
Catalog Dock,retail_ecommerce,True,,2026-08-18T07:43:20.334023+09:00
Catalog Engine,retail_ecommerce,True,,2026-08-18T07:43:20.334023+09:00
Catalog Gate,retail_ecommerce,True,,2026-08-18T07:43:20.334023+09:00
Catalog Keeper,retail_ecommerce,True,,2026-08-18T07:43:20.334023+09:00
Catalog Manager,retail_ecommerce,True,,2026-08-18T07:43:20.334023+09:00
Catalog Meter,retail_ecommerce,True,,2026-08-18T07:43:20.334023+09:00
Catalog Nexus,retail_ecommerce,True,,2026-08-18T07:43:20.334023+09:00
Catalog Node,retail_ecommerce,True,,2026-08-18T07:43:20.334023+09:00
Catalog Panel,retail_ecommerce,True,,2026-08-18T07:43:20.334023+09:00
Catalog Portal,retail_ecommerce,True,,2026-08-18T07:43:20.334023+09:00
Catalog Rail,retail_ecommerce,True,,2026-08-18T07:43:20.334023+09:00
Catalog Ring,retail_ecommerce,False,"TITLE_UNCLEAR: Ring is abstract, no SaaS function is suggested (established prior batches)",2026-08-18T07:43:20.334023+09:00
Catalog Route,retail_ecommerce,True,,2026-08-18T07:43:20.334023+09:00
Catalog Scale,retail_ecommerce,True,,2026-08-18T07:43:20.334023+09:00
Catalog Sentry,retail_ecommerce,True,,2026-08-18T07:43:20.334023+09:00
Catalog Suite,retail_ecommerce,True,,2026-08-18T07:43:20.334023+09:00
Catalog Trail,retail_ecommerce,True,,2026-08-18T07:43:20.334023+09:00
Catalog Zone,retail_ecommerce,True,,2026-08-18T07:43:20.334023+09:00
Catering Beacon,food_service,True,,2026-08-18T07:43:20.334023+09:00
Catering Board,events,True,,2026-08-18T07:43:20.334023+09:00
Catering Bridge,food_service,True,,2026-08-18T07:43:20.334023+09:00
Catering Cascade,food_service,True,,2026-08-18T07:43:20.334023+09:00
Catering Center,events,True,,2026-08-18T07:43:20.334023+09:00
Catering Chain,events,True,,2026-08-18T07:43:20.334023+09:00
Catering Cockpit,food_service,True,,2026-08-18T07:43:20.334023+09:00
Catering Companion,food_service,True,,2026-08-18T07:43:20.334023+09:00
Catering Compass,food_service,True,,2026-08-18T07:43:20.334023+09:00
Catering Console,events,True,,2026-08-18T07:43:20.334023+09:00
Catering Dashboard,food_service,True,,2026-08-18T07:43:20.334023+09:00
Catering Deck,events,True,,2026-08-18T07:43:20.334023+09:00
Catering Desk,food_service,True,,2026-08-18T07:43:20.334023+09:00
Catering Dial,events,True,,2026-08-18T07:43:20.334023+09:00
Catering Dock,events,True,,2026-08-18T07:43:20.334023+09:00
Catering Flow,food_service,True,,2026-08-18T07:43:20.334023+09:00
Catering Forge,food_service,True,,2026-08-18T07:43:20.334023+09:00
Catering Gate,events,True,,2026-08-18T07:43:20.334023+09:00
Catering Guard,food_service,True,,2026-08-18T07:43:20.334023+09:00
Catering Hub,food_service,True,,2026-08-18T07:43:20.334023+09:00
Catering Insight,food_service,True,,2026-08-18T07:43:20.334023+09:00
Catering Lab,events,True,,2026-08-18T07:43:20.334023+09:00
Catering Meter,events,True,,2026-08-18T07:43:20.334023+09:00
Catering Metrics,food_service,True,,2026-08-18T07:43:20.334023+09:00
Catering Navigator,food_service,True,,2026-08-18T07:43:20.334023+09:00
Catering Nexus,events,True,,2026-08-18T07:43:20.334023+09:00
Catering Node,events,True,,2026-08-18T07:43:20.334023+09:00
Catering Ops,food_service,True,,2026-08-18T07:43:20.334023+09:00
Catering Panel,events,True,,2026-08-18T07:43:20.334023+09:00
Catering Pilot,food_service,True,,2026-08-18T07:43:20.334023+09:00
Catering Portal,events,True,,2026-08-18T07:43:20.334023+09:00
Catering Radar,food_service,True,,2026-08-18T07:43:20.334023+09:00
Catering Rail,events,True,,2026-08-18T07:43:20.334023+09:00
Catering Register,food_service,True,,2026-08-18T07:43:20.334023+09:00
Catering Relay,food_service,True,,2026-08-18T07:43:20.334023+09:00
Catering Ring,events,False,"TITLE_UNCLEAR: Ring is abstract, no SaaS function is suggested (established prior batches)",2026-08-18T07:43:20.334023+09:00
Catering Route,events,True,,2026-08-18T07:43:20.334023+09:00
Catering Scale,events,True,,2026-08-18T07:43:20.334023+09:00
Catering Station,events,True,,2026-08-18T07:43:20.334023+09:00
Catering Studio,events,True,,2026-08-18T07:43:20.334023+09:00
Catering Sync,food_service,True,,2026-08-18T07:43:20.334023+09:00
Catering Terminal,events,False,"TITLE_UNCLEAR: Terminal only reads clearly for transportation/maritime_shipping/aviation/logistics, industry=events",2026-08-18T07:43:20.334023+09:00
Catering Tracker,food_service,True,,2026-08-18T07:43:20.334023+09:00
Catering Trail,events,True,,2026-08-18T07:43:20.334023+09:00
Catering Vault,food_service,True,,2026-08-18T07:43:20.334023+09:00
Catering Zone,events,True,,2026-08-18T07:43:20.334023+09:00
Cemetery Base,funeral_services,True,,2026-08-18T07:43:20.334023+09:00
Cemetery Board,funeral_services,True,,2026-08-18T07:43:20.334023+09:00
Cemetery Center,funeral_services,True,,2026-08-18T07:43:20.334023+09:00
Cemetery Console,funeral_services,True,,2026-08-18T07:43:20.334023+09:00
Cemetery Core,funeral_services,True,,2026-08-18T07:43:20.334023+09:00
Cemetery Deck,funeral_services,True,,2026-08-18T07:43:20.334023+09:00
Cemetery Dial,funeral_services,True,,2026-08-18T07:43:20.334023+09:00
Cemetery Dock,funeral_services,True,,2026-08-18T07:43:20.334023+09:00
Cemetery Frame,funeral_services,True,,2026-08-18T07:43:20.334023+09:00
Cemetery Lab,funeral_services,True,,2026-08-18T07:43:20.334023+09:00
Cemetery Ledger,funeral_services,True,,2026-08-18T07:43:20.334023+09:00
Cemetery Lens,funeral_services,True,,2026-08-18T07:43:20.334023+09:00
Cemetery Lock,funeral_services,True,,2026-08-18T07:43:20.334023+09:00
Cemetery Map,funeral_services,True,,2026-08-18T07:43:20.334023+09:00
Cemetery Meter,funeral_services,True,,2026-08-18T07:43:20.334023+09:00
Cemetery Panel,funeral_services,True,,2026-08-18T07:43:20.334023+09:00
Cemetery Point,funeral_services,True,,2026-08-18T07:43:20.334023+09:00
Cemetery Portal,funeral_services,True,,2026-08-18T07:43:20.334023+09:00
Cemetery Route,funeral_services,True,,2026-08-18T07:43:20.334023+09:00
Cemetery Scale,funeral_services,True,,2026-08-18T07:43:20.334023+09:00
Cemetery Station,funeral_services,True,,2026-08-18T07:43:20.334023+09:00
Cemetery Studio,funeral_services,True,,2026-08-18T07:43:20.334023+09:00
Cemetery Terminal,funeral_services,False,"TITLE_UNCLEAR: Terminal only reads clearly for transportation/maritime_shipping/aviation/logistics, industry=funeral_services",2026-08-18T07:43:20.334023+09:00
Cemetery Zone,funeral_services,True,,2026-08-18T07:43:20.334023+09:00
Certification Base,aviation,True,,2026-08-18T07:43:20.334023+09:00
Certification Board,aviation,True,,2026-08-18T07:43:20.334023+09:00
Certification Center,aviation,True,,2026-08-18T07:43:20.334023+09:00
Certification Core,aviation,True,,2026-08-18T07:43:20.334023+09:00
Certification Deck,aviation,True,,2026-08-18T07:43:20.334023+09:00
Certification Frame,aviation,True,,2026-08-18T07:43:20.334023+09:00
Certification Grid,aviation,True,,2026-08-18T07:43:20.334023+09:00
Certification Lab,aviation,True,,2026-08-18T07:43:20.334023+09:00
Certification Ledger,aviation,True,,2026-08-18T07:43:20.334023+09:00
Certification Lens,aviation,True,,2026-08-18T07:43:20.334023+09:00
Certification Lock,aviation,True,,2026-08-18T07:43:20.334023+09:00
Certification Loop,aviation,True,,2026-08-18T07:43:20.334023+09:00
Certification Map,aviation,True,,2026-08-18T07:43:20.334023+09:00
Certification Path,aviation,True,,2026-08-18T07:43:20.334023+09:00
Certification Point,aviation,True,,2026-08-18T07:43:20.334023+09:00
Certification Pulse,aviation,True,,2026-08-18T07:43:20.334023+09:00
Certification Scope,aviation,True,,2026-08-18T07:43:20.334023+09:00
Certification Signal,aviation,True,,2026-08-18T07:43:20.334023+09:00
Certification Station,aviation,True,,2026-08-18T07:43:20.334023+09:00
Certification Studio,aviation,True,,2026-08-18T07:43:20.334023+09:00
Certification Terminal,aviation,True,,2026-08-18T07:43:20.334023+09:00
Certification Watch,aviation,True,,2026-08-18T07:43:20.334023+09:00
Certification Wave,aviation,True,,2026-08-18T07:43:20.334023+09:00
Change Anchor,construction,True,,2026-08-18T07:43:20.334023+09:00
Change Beacon,construction,True,,2026-08-18T07:43:20.334023+09:00
Change Bridge,construction,True,,2026-08-18T07:43:20.334023+09:00
Change Cascade,construction,True,,2026-08-18T07:43:20.334023+09:00
Change Companion,construction,True,,2026-08-18T07:43:20.334023+09:00
Change Compass,construction,True,,2026-08-18T07:43:20.334023+09:00
Change Dashboard,construction,True,,2026-08-18T07:43:20.334023+09:00
Change Desk,construction,True,,2026-08-18T07:43:20.334023+09:00
Change Flow,construction,True,,2026-08-18T07:43:20.334023+09:00
Change Forge,construction,True,,2026-08-18T07:43:20.334023+09:00
Change Guard,construction,True,,2026-08-18T07:43:20.334023+09:00
Change Hub,construction,True,,2026-08-18T07:43:20.334023+09:00
Change Navigator,construction,True,,2026-08-18T07:43:20.334023+09:00
Change Ops,construction,True,,2026-08-18T07:43:20.334023+09:00
Change Pilot,construction,True,,2026-08-18T07:43:20.334023+09:00
Change Radar,construction,True,,2026-08-18T07:43:20.334023+09:00
Change Register,construction,True,,2026-08-18T07:43:20.334023+09:00
Change Relay,construction,True,,2026-08-18T07:43:20.334023+09:00
Change Scope,construction,True,,2026-08-18T07:43:20.334023+09:00
Change Signal,construction,True,,2026-08-18T07:43:20.334023+09:00
Change Sync,construction,True,,2026-08-18T07:43:20.334023+09:00
Change Tracker,construction,True,,2026-08-18T07:43:20.334023+09:00
Change Vault,construction,True,,2026-08-18T07:43:20.334023+09:00
Change Watch,construction,True,,2026-08-18T07:43:20.334023+09:00
Chargeback Assistant,finance,True,,2026-08-18T07:43:20.334023+09:00
Chargeback Atlas,finance,True,,2026-08-18T07:43:20.334023+09:00
Chargeback Cockpit,finance,True,,2026-08-18T07:43:20.334023+09:00
Chargeback Companion,finance,True,,2026-08-18T07:43:20.334023+09:00
Chargeback Dashboard,finance,True,,2026-08-18T07:43:20.334023+09:00
Chargeback Engine,finance,True,,2026-08-18T07:43:20.334023+09:00
Chargeback Gate,finance,True,,2026-08-18T07:43:20.334023+09:00
Chargeback Insight,finance,True,,2026-08-18T07:43:20.334023+09:00
Chargeback Keeper,finance,True,,2026-08-18T07:43:20.334023+09:00
Chargeback Manager,finance,True,,2026-08-18T07:43:20.334023+09:00
Chargeback Metrics,finance,True,,2026-08-18T07:43:20.334023+09:00
Chargeback Monitor,finance,True,,2026-08-18T07:43:20.334023+09:00
Chargeback Navigator,finance,True,,2026-08-18T07:43:20.334023+09:00
Chargeback Nexus,finance,True,,2026-08-18T07:43:20.334023+09:00
Chargeback Node,finance,True,,2026-08-18T07:43:20.334023+09:00
Chargeback Ops,finance,True,,2026-08-18T07:43:20.334023+09:00
Chargeback Organizer,finance,True,,2026-08-18T07:43:20.334023+09:00
Chargeback Planner,finance,True,,2026-08-18T07:43:20.334023+09:00
Chargeback Register,finance,True,,2026-08-18T07:43:20.334023+09:00
Chargeback Ring,finance,False,"TITLE_UNCLEAR: Ring is abstract, no SaaS function is suggested (established prior batches)",2026-08-18T07:43:20.334023+09:00
Chargeback Scheduler,finance,True,,2026-08-18T07:43:20.334023+09:00
Chargeback Sentry,finance,True,,2026-08-18T07:43:20.334023+09:00
Chargeback Suite,finance,True,,2026-08-18T07:43:20.334023+09:00
Chart Assistant,dental,True,,2026-08-18T07:43:20.334023+09:00
Chart Cockpit,dental,True,,2026-08-18T07:43:20.334023+09:00
Chart Companion,dental,True,,2026-08-18T07:43:20.334023+09:00
Chart Dashboard,dental,True,,2026-08-18T07:43:20.334023+09:00
Chart Desk,dental,True,,2026-08-18T07:43:20.334023+09:00
Chart Engine,dental,True,,2026-08-18T07:43:20.334023+09:00
Chart Flow,dental,True,,2026-08-18T07:43:20.334023+09:00
Chart Guard,dental,True,,2026-08-18T07:43:20.334023+09:00
Chart Hub,dental,True,,2026-08-18T07:43:20.334023+09:00
Chart Insight,dental,True,,2026-08-18T07:43:20.334023+09:00
Chart Manager,dental,True,,2026-08-18T07:43:20.334023+09:00
Chart Metrics,dental,True,,2026-08-18T07:43:20.334023+09:00
Chart Monitor,dental,True,,2026-08-18T07:43:20.334023+09:00
Chart Navigator,dental,True,,2026-08-18T07:43:20.334023+09:00
Chart Ops,dental,True,,2026-08-18T07:43:20.334023+09:00
Chart Organizer,dental,True,,2026-08-18T07:43:20.334023+09:00
Chart Pilot,dental,True,,2026-08-18T07:43:20.334023+09:00
Chart Planner,dental,True,,2026-08-18T07:43:20.334023+09:00
Chart Radar,dental,True,,2026-08-18T07:43:20.334023+09:00
Chart Register,dental,True,,2026-08-18T07:43:20.334023+09:00
Chart Scheduler,dental,True,,2026-08-18T07:43:20.334023+09:00
Chart Suite,dental,True,,2026-08-18T07:43:20.334023+09:00
Chart Sync,dental,True,,2026-08-18T07:43:20.334023+09:00
Chart Tracker,dental,True,,2026-08-18T07:43:20.334023+09:00
Charter Anchor,aviation,True,,2026-08-18T07:43:20.334023+09:00
Charter Base,maritime_shipping,True,,2026-08-18T07:43:20.334023+09:00
Charter Beacon,aviation,True,,2026-08-18T07:43:20.334023+09:00
Charter Board,maritime_shipping,True,,2026-08-18T07:43:20.334023+09:00
Charter Bridge,aviation,True,,2026-08-18T07:43:20.334023+09:00
Charter Cascade,aviation,True,,2026-08-18T07:43:20.334023+09:00
Charter Center,maritime_shipping,True,,2026-08-18T07:43:20.334023+09:00
Charter Chain,maritime_shipping,True,,2026-08-18T07:43:20.334023+09:00
Charter Companion,aviation,True,,2026-08-18T07:43:20.334023+09:00
Charter Compass,aviation,True,,2026-08-18T07:43:20.334023+09:00
Charter Console,maritime_shipping,True,,2026-08-18T07:43:20.334023+09:00
Charter Core,maritime_shipping,True,,2026-08-18T07:43:20.334023+09:00
Charter Deck,maritime_shipping,True,,2026-08-18T07:43:20.334023+09:00
Charter Desk,aviation,True,,2026-08-18T07:43:20.334023+09:00
Charter Dial,maritime_shipping,True,,2026-08-18T07:43:20.334023+09:00
Charter Dock,maritime_shipping,True,,2026-08-18T07:43:20.334023+09:00
Charter Flow,aviation,True,,2026-08-18T07:43:20.334023+09:00
Charter Forge,aviation,True,,2026-08-18T07:43:20.334023+09:00
Charter Frame,maritime_shipping,True,,2026-08-18T07:43:20.334023+09:00
Charter Guard,aviation,True,,2026-08-18T07:43:20.334023+09:00
Charter Hub,aviation,True,,2026-08-18T07:43:20.334023+09:00
Charter Lab,maritime_shipping,True,,2026-08-18T07:43:20.334023+09:00
Charter Ledger,maritime_shipping,True,,2026-08-18T07:43:20.334023+09:00
Charter Lens,maritime_shipping,True,,2026-08-18T07:43:20.334023+09:00
Charter Loop,aviation,True,,2026-08-18T07:43:20.334023+09:00
Charter Meter,maritime_shipping,True,,2026-08-18T07:43:20.334023+09:00
Charter Navigator,aviation,True,,2026-08-18T07:43:20.334023+09:00
Charter Ops,aviation,True,,2026-08-18T07:43:20.334023+09:00
Charter Panel,maritime_shipping,True,,2026-08-18T07:43:20.334023+09:00
Charter Pilot,aviation,True,,2026-08-18T07:43:20.334023+09:00
Charter Portal,maritime_shipping,True,,2026-08-18T07:43:20.334023+09:00
Charter Radar,aviation,True,,2026-08-18T07:43:20.334023+09:00
Charter Rail,maritime_shipping,True,,2026-08-18T07:43:20.334023+09:00
Charter Register,aviation,True,,2026-08-18T07:43:20.334023+09:00
Charter Relay,aviation,True,,2026-08-18T07:43:20.334023+09:00
Charter Route,maritime_shipping,True,,2026-08-18T07:43:20.334023+09:00
Charter Scale,maritime_shipping,True,,2026-08-18T07:43:20.334023+09:00
Charter Scope,aviation,True,,2026-08-18T07:43:20.334023+09:00
Charter Signal,aviation,True,,2026-08-18T07:43:20.334023+09:00
Charter Station,maritime_shipping,True,,2026-08-18T07:43:20.334023+09:00
Charter Studio,maritime_shipping,True,,2026-08-18T07:43:20.334023+09:00
Charter Sync,aviation,True,,2026-08-18T07:43:20.334023+09:00
Charter Terminal,maritime_shipping,True,,2026-08-18T07:43:20.334023+09:00
Charter Tracker,aviation,True,,2026-08-18T07:43:20.334023+09:00
Charter Trail,maritime_shipping,True,,2026-08-18T07:43:20.334023+09:00
Charter Vault,aviation,True,,2026-08-18T07:43:20.334023+09:00
Charter Watch,aviation,True,,2026-08-18T07:43:20.334023+09:00
Charter Zone,maritime_shipping,True,,2026-08-18T07:43:20.334023+09:00
Chat Anchor,customer_support,True,,2026-08-18T07:43:20.334023+09:00
Chat Beacon,customer_support,True,,2026-08-18T07:43:20.334023+09:00
Chat Bridge,customer_support,True,,2026-08-18T07:43:20.334023+09:00
Chat Cascade,customer_support,True,,2026-08-18T07:43:20.334023+09:00
Chat Compass,customer_support,True,,2026-08-18T07:43:20.334023+09:00
Chat Desk,customer_support,True,,2026-08-18T07:43:20.334023+09:00
Chat Flow,customer_support,True,,2026-08-18T07:43:20.334023+09:00
Chat Forge,customer_support,True,,2026-08-18T07:43:20.334023+09:00
Chat Grid,customer_support,True,,2026-08-18T07:43:20.334023+09:00
Chat Guard,customer_support,True,,2026-08-18T07:43:20.334023+09:00
Chat Hub,customer_support,True,,2026-08-18T07:43:20.334023+09:00
Chat Loop,customer_support,True,,2026-08-18T07:43:20.334023+09:00
Chat Ops,customer_support,True,,2026-08-18T07:43:20.334023+09:00
Chat Pilot,customer_support,True,,2026-08-18T07:43:20.334023+09:00
Chat Radar,customer_support,True,,2026-08-18T07:43:20.334023+09:00
Chat Register,customer_support,True,,2026-08-18T07:43:20.334023+09:00
Chat Relay,customer_support,True,,2026-08-18T07:43:20.334023+09:00
Chat Scope,customer_support,True,,2026-08-18T07:43:20.334023+09:00
Chat Signal,customer_support,True,,2026-08-18T07:43:20.334023+09:00
Chat Sync,customer_support,True,,2026-08-18T07:43:20.334023+09:00
Chat Tracker,customer_support,True,,2026-08-18T07:43:20.334023+09:00
Chat Vault,customer_support,True,,2026-08-18T07:43:20.334023+09:00
Chat Watch,customer_support,True,,2026-08-18T07:43:20.334023+09:00
Checkin Anchor,fitness_wellness,True,,2026-08-18T07:43:20.334023+09:00
Checkin Assistant,hospitality,True,,2026-08-18T07:43:20.334023+09:00
Checkin Beacon,fitness_wellness,True,,2026-08-18T07:43:20.334023+09:00
Checkin Bridge,fitness_wellness,True,,2026-08-18T07:43:20.334023+09:00
Checkin Cascade,fitness_wellness,True,,2026-08-18T07:43:20.334023+09:00
Checkin Cockpit,hospitality,True,,2026-08-18T07:43:20.334023+09:00
Checkin Companion,fitness_wellness,True,,2026-08-18T07:43:20.334023+09:00
Checkin Compass,fitness_wellness,True,,2026-08-18T07:43:20.334023+09:00
Checkin Dashboard,fitness_wellness,True,,2026-08-18T07:43:20.334023+09:00
Checkin Desk,fitness_wellness,True,,2026-08-18T07:43:20.334023+09:00
Checkin Flow,fitness_wellness,True,,2026-08-18T07:43:20.334023+09:00
Checkin Forge,fitness_wellness,True,,2026-08-18T07:43:20.334023+09:00
Checkin Guard,fitness_wellness,True,,2026-08-18T07:43:20.334023+09:00
Checkin Hub,fitness_wellness,True,,2026-08-18T07:43:20.334023+09:00
Checkin Insight,hospitality,True,,2026-08-18T07:43:20.334023+09:00
Checkin Metrics,hospitality,True,,2026-08-18T07:43:20.334023+09:00
Checkin Monitor,hospitality,True,,2026-08-18T07:43:20.334023+09:00
Checkin Navigator,fitness_wellness,True,,2026-08-18T07:43:20.334023+09:00
Checkin Ops,fitness_wellness,True,,2026-08-18T07:43:20.334023+09:00
Checkin Organizer,hospitality,True,,2026-08-18T07:43:20.334023+09:00
Checkin Pilot,fitness_wellness,True,,2026-08-18T07:43:20.334023+09:00
Checkin Planner,hospitality,True,,2026-08-18T07:43:20.334023+09:00
Checkin Radar,fitness_wellness,True,,2026-08-18T07:43:20.334023+09:00
Checkin Register,fitness_wellness,True,,2026-08-18T07:43:20.334023+09:00
Checkin Relay,fitness_wellness,True,,2026-08-18T07:43:20.334023+09:00
Checkin Scheduler,hospitality,True,,2026-08-18T07:43:20.334023+09:00
Checkin Signal,fitness_wellness,True,,2026-08-18T07:43:20.334023+09:00
Checkin Sync,fitness_wellness,True,,2026-08-18T07:43:20.334023+09:00
Checkin Tracker,fitness_wellness,True,,2026-08-18T07:43:20.334023+09:00
Checkin Vault,fitness_wellness,True,,2026-08-18T07:43:20.334023+09:00
Checkin Watch,fitness_wellness,True,,2026-08-18T07:43:20.334023+09:00
Checklist Assistant,cleaning_services,True,,2026-08-18T07:43:20.334023+09:00
Checklist Atlas,cleaning_services,True,,2026-08-18T07:43:20.334023+09:00
Checklist Chain,cleaning_services,True,,2026-08-18T07:43:20.334023+09:00
Checklist Dock,cleaning_services,True,,2026-08-18T07:43:20.334023+09:00
Checklist Engine,cleaning_services,True,,2026-08-18T07:43:20.334023+09:00
Checklist Gate,cleaning_services,True,,2026-08-18T07:43:20.334023+09:00
Checklist Insight,cleaning_services,True,,2026-08-18T07:43:20.334023+09:00
Checklist Keeper,cleaning_services,True,,2026-08-18T07:43:20.334023+09:00
Checklist Manager,cleaning_services,True,,2026-08-18T07:43:20.334023+09:00
Checklist Meter,cleaning_services,True,,2026-08-18T07:43:20.334023+09:00
Checklist Metrics,cleaning_services,True,,2026-08-18T07:43:20.334023+09:00
Checklist Monitor,cleaning_services,True,,2026-08-18T07:43:20.334023+09:00
Checklist Nexus,cleaning_services,True,,2026-08-18T07:43:20.334023+09:00
Checklist Node,cleaning_services,True,,2026-08-18T07:43:20.334023+09:00
Checklist Organizer,cleaning_services,True,,2026-08-18T07:43:20.334023+09:00
Checklist Planner,cleaning_services,True,,2026-08-18T07:43:20.334023+09:00
Checklist Rail,cleaning_services,True,,2026-08-18T07:43:20.334023+09:00
Checklist Ring,cleaning_services,False,"TITLE_UNCLEAR: Ring is abstract, no SaaS function is suggested (established prior batches)",2026-08-18T07:43:20.334023+09:00
Checklist Route,cleaning_services,True,,2026-08-18T07:43:20.334023+09:00
Checklist Scale,cleaning_services,True,,2026-08-18T07:43:20.334023+09:00
Checklist Scheduler,cleaning_services,True,,2026-08-18T07:43:20.334023+09:00
Checklist Sentry,cleaning_services,True,,2026-08-18T07:43:20.334023+09:00
Checklist Suite,cleaning_services,True,,2026-08-18T07:43:20.334023+09:00
Checklist Trail,cleaning_services,True,,2026-08-18T07:43:20.334023+09:00
Checkout Assistant,salon_spa,True,,2026-08-18T07:43:20.334023+09:00
Checkout Atlas,salon_spa,True,,2026-08-18T07:43:20.334023+09:00
Checkout Base,retail_ecommerce,True,,2026-08-18T07:43:20.334023+09:00
Checkout Board,retail_ecommerce,True,,2026-08-18T07:43:20.334023+09:00
Checkout Center,retail_ecommerce,True,,2026-08-18T07:43:20.334023+09:00
Checkout Cockpit,salon_spa,True,,2026-08-18T07:43:20.334023+09:00
Checkout Companion,salon_spa,True,,2026-08-18T07:43:20.334023+09:00
Checkout Console,retail_ecommerce,True,,2026-08-18T07:43:20.334023+09:00
Checkout Core,retail_ecommerce,True,,2026-08-18T07:43:20.334023+09:00
Checkout Dashboard,salon_spa,True,,2026-08-18T07:43:20.334023+09:00
Checkout Deck,retail_ecommerce,True,,2026-08-18T07:43:20.334023+09:00
Checkout Engine,salon_spa,True,,2026-08-18T07:43:20.334023+09:00
Checkout Flow,salon_spa,True,,2026-08-18T07:43:20.334023+09:00
Checkout Frame,retail_ecommerce,True,,2026-08-18T07:43:20.334023+09:00
Checkout Grid,retail_ecommerce,True,,2026-08-18T07:43:20.334023+09:00
Checkout Guard,salon_spa,True,,2026-08-18T07:43:20.334023+09:00
Checkout Insight,salon_spa,True,,2026-08-18T07:43:20.334023+09:00
Checkout Keeper,salon_spa,True,,2026-08-18T07:43:20.334023+09:00
Checkout Lab,retail_ecommerce,True,,2026-08-18T07:43:20.334023+09:00
Checkout Ledger,retail_ecommerce,True,,2026-08-18T07:43:20.334023+09:00
Checkout Lens,retail_ecommerce,True,,2026-08-18T07:43:20.334023+09:00
Checkout Lock,retail_ecommerce,True,,2026-08-18T07:43:20.334023+09:00
Checkout Loop,retail_ecommerce,True,,2026-08-18T07:43:20.334023+09:00
Checkout Manager,salon_spa,True,,2026-08-18T07:43:20.334023+09:00
Checkout Map,retail_ecommerce,True,,2026-08-18T07:43:20.334023+09:00
Checkout Metrics,salon_spa,True,,2026-08-18T07:43:20.334023+09:00
Checkout Monitor,salon_spa,True,,2026-08-18T07:43:20.334023+09:00
Checkout Navigator,salon_spa,True,,2026-08-18T07:43:20.334023+09:00
Checkout Ops,salon_spa,True,,2026-08-18T07:43:20.334023+09:00
Checkout Organizer,salon_spa,True,,2026-08-18T07:43:20.334023+09:00
Checkout Path,retail_ecommerce,True,,2026-08-18T07:43:20.334023+09:00
Checkout Planner,salon_spa,True,,2026-08-18T07:43:20.334023+09:00
Checkout Point,retail_ecommerce,True,,2026-08-18T07:43:20.334023+09:00
Checkout Portal,retail_ecommerce,True,,2026-08-18T07:43:20.334023+09:00
Checkout Pulse,retail_ecommerce,True,,2026-08-18T07:43:20.334023+09:00
Checkout Register,salon_spa,True,,2026-08-18T07:43:20.334023+09:00
Checkout Scheduler,salon_spa,True,,2026-08-18T07:43:20.334023+09:00
Checkout Scope,retail_ecommerce,True,,2026-08-18T07:43:20.334023+09:00
Checkout Sentry,salon_spa,True,,2026-08-18T07:43:20.334023+09:00
Checkout Station,retail_ecommerce,True,,2026-08-18T07:43:20.334023+09:00
Checkout Studio,retail_ecommerce,True,,2026-08-18T07:43:20.334023+09:00
Checkout Suite,salon_spa,True,,2026-08-18T07:43:20.334023+09:00
Checkout Sync,salon_spa,True,,2026-08-18T07:43:20.334023+09:00
Checkout Terminal,retail_ecommerce,False,"TITLE_UNCLEAR: Terminal only reads clearly for transportation/maritime_shipping/aviation/logistics, industry=retail_ecommerce",2026-08-18T07:43:20.334023+09:00
Checkout Tracker,salon_spa,True,,2026-08-18T07:43:20.334023+09:00
Checkout Wave,retail_ecommerce,True,,2026-08-18T07:43:20.334023+09:00
Checkout Zone,retail_ecommerce,True,,2026-08-18T07:43:20.334023+09:00
Chemical Base,pest_control,True,,2026-08-18T07:43:20.334023+09:00
Chemical Board,pest_control,True,,2026-08-18T07:43:20.334023+09:00
Chemical Center,pest_control,True,,2026-08-18T07:43:20.334023+09:00
Chemical Console,pest_control,True,,2026-08-18T07:43:20.334023+09:00
Chemical Core,pest_control,True,,2026-08-18T07:43:20.334023+09:00
Chemical Deck,pest_control,True,,2026-08-18T07:43:20.334023+09:00
Chemical Dial,pest_control,True,,2026-08-18T07:43:20.334023+09:00
Chemical Frame,pest_control,True,,2026-08-18T07:43:20.334023+09:00
Chemical Grid,pest_control,True,,2026-08-18T07:43:20.334023+09:00
Chemical Lab,pest_control,True,,2026-08-18T07:43:20.334023+09:00
Chemical Ledger,pest_control,True,,2026-08-18T07:43:20.334023+09:00
Chemical Lens,pest_control,True,,2026-08-18T07:43:20.334023+09:00
Chemical Lock,pest_control,True,,2026-08-18T07:43:20.334023+09:00
Chemical Map,pest_control,True,,2026-08-18T07:43:20.334023+09:00
Chemical Panel,pest_control,True,,2026-08-18T07:43:20.334023+09:00
Chemical Path,pest_control,True,,2026-08-18T07:43:20.334023+09:00
Chemical Point,pest_control,True,,2026-08-18T07:43:20.334023+09:00
Chemical Portal,pest_control,True,,2026-08-18T07:43:20.334023+09:00
Chemical Pulse,pest_control,True,,2026-08-18T07:43:20.334023+09:00
Chemical Station,pest_control,True,,2026-08-18T07:43:20.334023+09:00
Chemical Studio,pest_control,True,,2026-08-18T07:43:20.334023+09:00
Chemical Terminal,pest_control,False,"TITLE_UNCLEAR: Terminal only reads clearly for transportation/maritime_shipping/aviation/logistics, industry=pest_control",2026-08-18T07:43:20.334023+09:00
Chemical Wave,pest_control,True,,2026-08-18T07:43:20.334023+09:00
Chemical Zone,pest_control,True,,2026-08-18T07:43:20.334023+09:00
Churn Base,telecom,True,,2026-08-18T07:43:20.334023+09:00
Churn Board,telecom,True,,2026-08-18T07:43:20.334023+09:00
Churn Center,telecom,True,,2026-08-18T07:43:20.334023+09:00
Churn Console,telecom,True,,2026-08-18T07:43:20.334023+09:00
Churn Core,telecom,True,,2026-08-18T07:43:20.334023+09:00
Churn Deck,telecom,True,,2026-08-18T07:43:20.334023+09:00
Churn Dial,telecom,True,,2026-08-18T07:43:20.334023+09:00
Churn Dock,telecom,True,,2026-08-18T07:43:20.334023+09:00
Churn Frame,telecom,True,,2026-08-18T07:43:20.334023+09:00
Churn Lab,telecom,True,,2026-08-18T07:43:20.334023+09:00
Churn Ledger,telecom,True,,2026-08-18T07:43:20.334023+09:00
Churn Lens,telecom,True,,2026-08-18T07:43:20.334023+09:00
Churn Meter,telecom,True,,2026-08-18T07:43:20.334023+09:00
Churn Panel,telecom,True,,2026-08-18T07:43:20.334023+09:00
Churn Portal,telecom,True,,2026-08-18T07:43:20.334023+09:00
Churn Rail,telecom,True,,2026-08-18T07:43:20.334023+09:00
Churn Route,telecom,True,,2026-08-18T07:43:20.334023+09:00
Churn Scale,telecom,True,,2026-08-18T07:43:20.334023+09:00
Churn Station,telecom,True,,2026-08-18T07:43:20.334023+09:00
Churn Studio,telecom,True,,2026-08-18T07:43:20.334023+09:00
Churn Terminal,telecom,False,"TITLE_UNCLEAR: Terminal only reads clearly for transportation/maritime_shipping/aviation/logistics, industry=telecom",2026-08-18T07:43:20.334023+09:00
Churn Trail,telecom,True,,2026-08-18T07:43:20.334023+09:00
Churn Zone,telecom,True,,2026-08-18T07:43:20.334023+09:00
Circulation Anchor,media_publishing,True,,2026-08-18T07:43:20.334023+09:00
Circulation Beacon,media_publishing,True,,2026-08-18T07:43:20.334023+09:00
Circulation Bridge,media_publishing,True,,2026-08-18T07:43:20.334023+09:00
Circulation Cascade,media_publishing,True,,2026-08-18T07:43:20.334023+09:00
Circulation Cockpit,media_publishing,True,,2026-08-18T07:43:20.334023+09:00
Circulation Companion,media_publishing,True,,2026-08-18T07:43:20.334023+09:00
Circulation Compass,media_publishing,True,,2026-08-18T07:43:20.334023+09:00
Circulation Dashboard,media_publishing,True,,2026-08-18T07:43:20.334023+09:00
Circulation Desk,media_publishing,True,,2026-08-18T07:43:20.334023+09:00
Circulation Flow,media_publishing,True,,2026-08-18T07:43:20.334023+09:00
Circulation Forge,media_publishing,True,,2026-08-18T07:43:20.334023+09:00
Circulation Guard,media_publishing,True,,2026-08-18T07:43:20.334023+09:00
Circulation Hub,media_publishing,True,,2026-08-18T07:43:20.334023+09:00
Circulation Metrics,media_publishing,True,,2026-08-18T07:43:20.334023+09:00
Circulation Navigator,media_publishing,True,,2026-08-18T07:43:20.334023+09:00
Circulation Ops,media_publishing,True,,2026-08-18T07:43:20.334023+09:00
Circulation Pilot,media_publishing,True,,2026-08-18T07:43:20.334023+09:00
Circulation Radar,media_publishing,True,,2026-08-18T07:43:20.334023+09:00
Circulation Register,media_publishing,True,,2026-08-18T07:43:20.334023+09:00
Circulation Relay,media_publishing,True,,2026-08-18T07:43:20.334023+09:00
Circulation Sync,media_publishing,True,,2026-08-18T07:43:20.334023+09:00
Circulation Tracker,media_publishing,True,,2026-08-18T07:43:20.334023+09:00
Circulation Vault,media_publishing,True,,2026-08-18T07:43:20.334023+09:00
Citation Assistant,government,True,,2026-08-18T07:43:20.334023+09:00
Citation Cockpit,government,True,,2026-08-18T07:43:20.334023+09:00
Citation Companion,government,True,,2026-08-18T07:43:20.334023+09:00
Citation Dashboard,government,True,,2026-08-18T07:43:20.334023+09:00
Citation Desk,government,True,,2026-08-18T07:43:20.334023+09:00
Citation Engine,government,True,,2026-08-18T07:43:20.334023+09:00
Citation Flow,government,True,,2026-08-18T07:43:20.334023+09:00
Citation Guard,government,True,,2026-08-18T07:43:20.334023+09:00
Citation Hub,government,True,,2026-08-18T07:43:20.334023+09:00
Citation Insight,government,True,,2026-08-18T07:43:20.334023+09:00
Citation Keeper,government,True,,2026-08-18T07:43:20.334023+09:00
Citation Manager,government,True,,2026-08-18T07:43:20.334023+09:00
Citation Metrics,government,True,,2026-08-18T07:43:20.334023+09:00
Citation Monitor,government,True,,2026-08-18T07:43:20.334023+09:00
Citation Navigator,government,True,,2026-08-18T07:43:20.334023+09:00
Citation Ops,government,True,,2026-08-18T07:43:20.334023+09:00
Citation Organizer,government,True,,2026-08-18T07:43:20.334023+09:00
Citation Pilot,government,True,,2026-08-18T07:43:20.334023+09:00
Citation Planner,government,True,,2026-08-18T07:43:20.334023+09:00
Citation Register,government,True,,2026-08-18T07:43:20.334023+09:00
Citation Scheduler,government,True,,2026-08-18T07:43:20.334023+09:00
Citation Suite,government,True,,2026-08-18T07:43:20.334023+09:00
Citation Sync,government,True,,2026-08-18T07:43:20.334023+09:00
Citation Tracker,government,True,,2026-08-18T07:43:20.334023+09:00
Claim Assistant,insurance,True,,2026-08-18T07:43:20.334023+09:00
Claim Atlas,healthcare,True,,2026-08-18T07:43:20.334023+09:00
Claim Center,dental,True,,2026-08-18T07:43:20.334023+09:00
Claim Chain,dental,True,,2026-08-18T07:43:20.334023+09:00
Claim Cockpit,insurance,True,,2026-08-18T07:43:20.334023+09:00
Claim Companion,insurance,True,,2026-08-18T07:43:20.334023+09:00
Claim Console,dental,True,,2026-08-18T07:43:20.334023+09:00
Claim Dashboard,insurance,True,,2026-08-18T07:43:20.334023+09:00
Claim Desk,insurance,True,,2026-08-18T07:43:20.334023+09:00
Claim Dial,dental,True,,2026-08-18T07:43:20.334023+09:00
Claim Dock,dental,True,,2026-08-18T07:43:20.334023+09:00
Claim Engine,insurance,True,,2026-08-18T07:43:20.334023+09:00
Claim Flow,insurance,True,,2026-08-18T07:43:20.334023+09:00
Claim Gate,healthcare,True,,2026-08-18T07:43:20.334023+09:00
Claim Guard,insurance,True,,2026-08-18T07:43:20.334023+09:00
Claim Hub,insurance,True,,2026-08-18T07:43:20.334023+09:00
Claim Insight,insurance,True,,2026-08-18T07:43:20.334023+09:00
Claim Keeper,insurance,True,,2026-08-18T07:43:20.334023+09:00
Claim Manager,insurance,True,,2026-08-18T07:43:20.334023+09:00
Claim Meter,dental,True,,2026-08-18T07:43:20.334023+09:00
Claim Metrics,insurance,True,,2026-08-18T07:43:20.334023+09:00
Claim Monitor,insurance,True,,2026-08-18T07:43:20.334023+09:00
Claim Navigator,insurance,True,,2026-08-18T07:43:20.334023+09:00
Claim Nexus,healthcare,True,,2026-08-18T07:43:20.334023+09:00
Claim Node,healthcare,True,,2026-08-18T07:43:20.334023+09:00
Claim Ops,insurance,True,,2026-08-18T07:43:20.334023+09:00
Claim Organizer,insurance,True,,2026-08-18T07:43:20.334023+09:00
Claim Panel,dental,True,,2026-08-18T07:43:20.334023+09:00
Claim Pilot,insurance,True,,2026-08-18T07:43:20.334023+09:00
Claim Planner,insurance,True,,2026-08-18T07:43:20.334023+09:00
Claim Portal,dental,True,,2026-08-18T07:43:20.334023+09:00
Claim Rail,dental,True,,2026-08-18T07:43:20.334023+09:00
Claim Register,insurance,True,,2026-08-18T07:43:20.334023+09:00
Claim Ring,dental,False,"TITLE_UNCLEAR: Ring is abstract, no SaaS function is suggested (established prior batches)",2026-08-18T07:43:20.334023+09:00
Claim Route,dental,True,,2026-08-18T07:43:20.334023+09:00
Claim Scale,dental,True,,2026-08-18T07:43:20.334023+09:00
Claim Scheduler,insurance,True,,2026-08-18T07:43:20.334023+09:00
Claim Sentry,healthcare,True,,2026-08-18T07:43:20.334023+09:00
Claim Suite,insurance,True,,2026-08-18T07:43:20.334023+09:00
Claim Sync,insurance,True,,2026-08-18T07:43:20.334023+09:00
Claim Tracker,insurance,True,,2026-08-18T07:43:20.334023+09:00
Claim Trail,dental,True,,2026-08-18T07:43:20.334023+09:00
Claim Zone,dental,True,,2026-08-18T07:43:20.334023+09:00
Class Anchor,fitness_wellness,True,,2026-08-18T07:43:20.334023+09:00
Class Beacon,fitness_wellness,True,,2026-08-18T07:43:20.334023+09:00
Class Bridge,fitness_wellness,True,,2026-08-18T07:43:20.334023+09:00
Class Cascade,fitness_wellness,True,,2026-08-18T07:43:20.334023+09:00
Class Companion,fitness_wellness,True,,2026-08-18T07:43:20.334023+09:00
Class Compass,fitness_wellness,True,,2026-08-18T07:43:20.334023+09:00
Class Desk,fitness_wellness,True,,2026-08-18T07:43:20.334023+09:00
Class Flow,fitness_wellness,True,,2026-08-18T07:43:20.334023+09:00
Class Forge,fitness_wellness,True,,2026-08-18T07:43:20.334023+09:00
Class Grid,fitness_wellness,True,,2026-08-18T07:43:20.334023+09:00
Class Guard,fitness_wellness,True,,2026-08-18T07:43:20.334023+09:00
Class Hub,fitness_wellness,True,,2026-08-18T07:43:20.334023+09:00
Class Loop,fitness_wellness,True,,2026-08-18T07:43:20.334023+09:00
Class Ops,fitness_wellness,True,,2026-08-18T07:43:20.334023+09:00
Class Pilot,fitness_wellness,True,,2026-08-18T07:43:20.334023+09:00
Class Radar,fitness_wellness,True,,2026-08-18T07:43:20.334023+09:00
Class Register,fitness_wellness,True,,2026-08-18T07:43:20.334023+09:00
Class Relay,fitness_wellness,True,,2026-08-18T07:43:20.334023+09:00
Class Scope,fitness_wellness,True,,2026-08-18T07:43:20.334023+09:00
Class Signal,fitness_wellness,True,,2026-08-18T07:43:20.334023+09:00
Class Sync,fitness_wellness,True,,2026-08-18T07:43:20.334023+09:00
Class Tracker,fitness_wellness,True,,2026-08-18T07:43:20.334023+09:00
Class Vault,fitness_wellness,True,,2026-08-18T07:43:20.334023+09:00
Class Watch,fitness_wellness,True,,2026-08-18T07:43:20.334023+09:00
Classroom Assistant,education,True,,2026-08-18T07:43:20.334023+09:00
Classroom Cockpit,education,True,,2026-08-18T07:43:20.334023+09:00
Classroom Companion,education,True,,2026-08-18T07:43:20.334023+09:00
Classroom Dashboard,education,True,,2026-08-18T07:43:20.334023+09:00
Classroom Desk,education,True,,2026-08-18T07:43:20.334023+09:00
Classroom Engine,education,True,,2026-08-18T07:43:20.334023+09:00
Classroom Flow,education,True,,2026-08-18T07:43:20.334023+09:00
Classroom Guard,education,True,,2026-08-18T07:43:20.334023+09:00
Classroom Hub,education,True,,2026-08-18T07:43:20.334023+09:00
Classroom Insight,education,True,,2026-08-18T07:43:20.334023+09:00
Classroom Metrics,education,True,,2026-08-18T07:43:20.334023+09:00
Classroom Monitor,education,True,,2026-08-18T07:43:20.334023+09:00
Classroom Navigator,education,True,,2026-08-18T07:43:20.334023+09:00
Classroom Ops,education,True,,2026-08-18T07:43:20.334023+09:00
Classroom Organizer,education,True,,2026-08-18T07:43:20.334023+09:00
Classroom Pilot,education,True,,2026-08-18T07:43:20.334023+09:00
Classroom Planner,education,True,,2026-08-18T07:43:20.334023+09:00
Classroom Radar,education,True,,2026-08-18T07:43:20.334023+09:00
Classroom Register,education,True,,2026-08-18T07:43:20.334023+09:00
Classroom Relay,education,True,,2026-08-18T07:43:20.334023+09:00
Classroom Scheduler,education,True,,2026-08-18T07:43:20.334023+09:00
Classroom Sync,education,True,,2026-08-18T07:43:20.334023+09:00
Classroom Tracker,education,True,,2026-08-18T07:43:20.334023+09:00
Clause Assistant,legal,True,,2026-08-18T07:43:20.334023+09:00
Clause Atlas,legal,True,,2026-08-18T07:43:20.334023+09:00
Clause Cockpit,legal,True,,2026-08-18T07:43:20.334023+09:00
Clause Companion,legal,True,,2026-08-18T07:43:20.334023+09:00
Clause Dashboard,legal,True,,2026-08-18T07:43:20.334023+09:00
Clause Engine,legal,True,,2026-08-18T07:43:20.334023+09:00
Clause Flow,legal,True,,2026-08-18T07:43:20.334023+09:00
Clause Guard,legal,True,,2026-08-18T07:43:20.334023+09:00
Clause Insight,legal,True,,2026-08-18T07:43:20.334023+09:00
Clause Keeper,legal,True,,2026-08-18T07:43:20.334023+09:00
Clause Manager,legal,True,,2026-08-18T07:43:20.334023+09:00
Clause Metrics,legal,True,,2026-08-18T07:43:20.334023+09:00
Clause Monitor,legal,True,,2026-08-18T07:43:20.334023+09:00
Clause Navigator,legal,True,,2026-08-18T07:43:20.334023+09:00
Clause Nexus,legal,True,,2026-08-18T07:43:20.334023+09:00
Clause Ops,legal,True,,2026-08-18T07:43:20.334023+09:00
Clause Organizer,legal,True,,2026-08-18T07:43:20.334023+09:00
Clause Planner,legal,True,,2026-08-18T07:43:20.334023+09:00
Clause Register,legal,True,,2026-08-18T07:43:20.334023+09:00
Clause Scheduler,legal,True,,2026-08-18T07:43:20.334023+09:00
Clause Sentry,legal,True,,2026-08-18T07:43:20.334023+09:00
Clause Suite,legal,True,,2026-08-18T07:43:20.334023+09:00
Clause Sync,legal,True,,2026-08-18T07:43:20.334023+09:00
Clause Tracker,legal,True,,2026-08-18T07:43:20.334023+09:00
Client Board,cleaning_services,True,,2026-08-18T07:43:20.334023+09:00
Client Center,cleaning_services,True,,2026-08-18T07:43:20.334023+09:00
Client Chain,cleaning_services,True,,2026-08-18T07:43:20.334023+09:00
Client Console,cleaning_services,True,,2026-08-18T07:43:20.334023+09:00
Client Deck,cleaning_services,True,,2026-08-18T07:43:20.334023+09:00
Client Dial,cleaning_services,True,,2026-08-18T07:43:20.334023+09:00
Client Dock,cleaning_services,True,,2026-08-18T07:43:20.334023+09:00
Client Gate,cleaning_services,True,,2026-08-18T07:43:20.334023+09:00
Client Lab,cleaning_services,True,,2026-08-18T07:43:20.334023+09:00
Client Meter,cleaning_services,True,,2026-08-18T07:43:20.334023+09:00
Client Nexus,cleaning_services,True,,2026-08-18T07:43:20.334023+09:00
Client Node,cleaning_services,True,,2026-08-18T07:43:20.334023+09:00
Client Panel,cleaning_services,True,,2026-08-18T07:43:20.334023+09:00
Client Portal,cleaning_services,True,,2026-08-18T07:43:20.334023+09:00
Client Rail,cleaning_services,True,,2026-08-18T07:43:20.334023+09:00
Client Ring,cleaning_services,False,"TITLE_UNCLEAR: Ring is abstract, no SaaS function is suggested (established prior batches)",2026-08-18T07:43:20.334023+09:00
Client Route,cleaning_services,True,,2026-08-18T07:43:20.334023+09:00
Client Scale,cleaning_services,True,,2026-08-18T07:43:20.334023+09:00
Client Station,cleaning_services,True,,2026-08-18T07:43:20.334023+09:00
Client Studio,cleaning_services,True,,2026-08-18T07:43:20.334023+09:00
Client Terminal,cleaning_services,False,"TITLE_UNCLEAR: Terminal only reads clearly for transportation/maritime_shipping/aviation/logistics, industry=cleaning_services",2026-08-18T07:43:20.334023+09:00
Client Trail,cleaning_services,True,,2026-08-18T07:43:20.334023+09:00
Client Zone,cleaning_services,True,,2026-08-18T07:43:20.334023+09:00
Cohort Assistant,education,True,,2026-08-18T07:43:20.334023+09:00
Cohort Atlas,education,True,,2026-08-18T07:43:20.334023+09:00
Cohort Chain,education,True,,2026-08-18T07:43:20.334023+09:00
Cohort Console,education,True,,2026-08-18T07:43:20.334023+09:00
Cohort Dial,education,True,,2026-08-18T07:43:20.334023+09:00
Cohort Dock,education,True,,2026-08-18T07:43:20.334023+09:00
Cohort Engine,education,True,,2026-08-18T07:43:20.334023+09:00
Cohort Gate,education,True,,2026-08-18T07:43:20.334023+09:00
Cohort Keeper,education,True,,2026-08-18T07:43:20.334023+09:00
Cohort Manager,education,True,,2026-08-18T07:43:20.334023+09:00
Cohort Meter,education,True,,2026-08-18T07:43:20.334023+09:00
Cohort Nexus,education,True,,2026-08-18T07:43:20.334023+09:00
Cohort Node,education,True,,2026-08-18T07:43:20.334023+09:00
Cohort Panel,education,True,,2026-08-18T07:43:20.334023+09:00
Cohort Planner,education,True,,2026-08-18T07:43:20.334023+09:00
Cohort Portal,education,True,,2026-08-18T07:43:20.334023+09:00
Cohort Rail,education,True,,2026-08-18T07:43:20.334023+09:00
Cohort Ring,education,False,"TITLE_UNCLEAR: Ring is abstract, no SaaS function is suggested (established prior batches)",2026-08-18T07:43:20.334023+09:00
Cohort Route,education,True,,2026-08-18T07:43:20.334023+09:00
Cohort Scale,education,True,,2026-08-18T07:43:20.334023+09:00
Cohort Scheduler,education,True,,2026-08-18T07:43:20.334023+09:00
Cohort Sentry,education,True,,2026-08-18T07:43:20.334023+09:00
Cohort Suite,education,True,,2026-08-18T07:43:20.334023+09:00
Cohort Trail,education,True,,2026-08-18T07:43:20.334023+09:00
Commission Base,salon_spa,True,,2026-08-18T07:43:20.334023+09:00
Commission Board,salon_spa,True,,2026-08-18T07:43:20.334023+09:00
Commission Center,salon_spa,True,,2026-08-18T07:43:20.334023+09:00
Commission Console,salon_spa,True,,2026-08-18T07:43:20.334023+09:00
Commission Core,salon_spa,True,,2026-08-18T07:43:20.334023+09:00
Commission Deck,salon_spa,True,,2026-08-18T07:43:20.334023+09:00
Commission Dial,salon_spa,True,,2026-08-18T07:43:20.334023+09:00
Commission Dock,salon_spa,True,,2026-08-18T07:43:20.334023+09:00
Commission Frame,salon_spa,True,,2026-08-18T07:43:20.334023+09:00
Commission Lab,salon_spa,True,,2026-08-18T07:43:20.334023+09:00
Commission Ledger,salon_spa,True,,2026-08-18T07:43:20.334023+09:00
Commission Lens,salon_spa,True,,2026-08-18T07:43:20.334023+09:00
Commission Lock,salon_spa,True,,2026-08-18T07:43:20.334023+09:00
Commission Map,salon_spa,True,,2026-08-18T07:43:20.334023+09:00
Commission Meter,salon_spa,True,,2026-08-18T07:43:20.334023+09:00
Commission Panel,salon_spa,True,,2026-08-18T07:43:20.334023+09:00
Commission Portal,salon_spa,True,,2026-08-18T07:43:20.334023+09:00
Commission Rail,salon_spa,True,,2026-08-18T07:43:20.334023+09:00
Commission Route,salon_spa,True,,2026-08-18T07:43:20.334023+09:00
Commission Scale,salon_spa,True,,2026-08-18T07:43:20.334023+09:00
Commission Station,salon_spa,True,,2026-08-18T07:43:20.334023+09:00
Commission Studio,salon_spa,True,,2026-08-18T07:43:20.334023+09:00
Commission Terminal,salon_spa,False,"TITLE_UNCLEAR: Terminal only reads clearly for transportation/maritime_shipping/aviation/logistics, industry=salon_spa",2026-08-18T07:43:20.334023+09:00
Commission Zone,salon_spa,True,,2026-08-18T07:43:20.334023+09:00
Compliance Anchor,food_service,True,,2026-08-18T07:43:20.334023+09:00
Compliance Assistant,government,True,,2026-08-18T07:43:20.334023+09:00
Compliance Atlas,government,True,,2026-08-18T07:43:20.334023+09:00
Compliance Base,legal,True,,2026-08-18T07:43:20.334023+09:00
Compliance Board,legal,True,,2026-08-18T07:43:20.334023+09:00
Compliance Bridge,food_service,True,,2026-08-18T07:43:20.334023+09:00
Compliance Center,aviation,True,,2026-08-18T07:43:20.334023+09:00
Compliance Chain,cybersecurity,True,,2026-08-18T07:43:20.334023+09:00
Compliance Cockpit,government,True,,2026-08-18T07:43:20.334023+09:00
Compliance Companion,government,True,,2026-08-18T07:43:20.334023+09:00
Compliance Console,pest_control,True,,2026-08-18T07:43:20.334023+09:00
Compliance Core,legal,True,,2026-08-18T07:43:20.334023+09:00
Compliance Dashboard,government,True,,2026-08-18T07:43:20.334023+09:00
Compliance Deck,legal,True,,2026-08-18T07:43:20.334023+09:00
Compliance Dial,pest_control,True,,2026-08-18T07:43:20.334023+09:00
Compliance Dock,pharmacy,True,,2026-08-18T07:43:20.334023+09:00
Compliance Engine,government,True,,2026-08-18T07:43:20.334023+09:00
Compliance Flow,government,True,,2026-08-18T07:43:20.334023+09:00
Compliance Frame,legal,True,,2026-08-18T07:43:20.334023+09:00
Compliance Gate,cybersecurity,True,,2026-08-18T07:43:20.334023+09:00
Compliance Grid,food_service,True,,2026-08-18T07:43:20.334023+09:00
Compliance Guard,government,True,,2026-08-18T07:43:20.334023+09:00
Compliance Insight,government,True,,2026-08-18T07:43:20.334023+09:00
Compliance Keeper,government,True,,2026-08-18T07:43:20.334023+09:00
Compliance Lab,legal,True,,2026-08-18T07:43:20.334023+09:00
Compliance Ledger,legal,True,,2026-08-18T07:43:20.334023+09:00
Compliance Lens,legal,True,,2026-08-18T07:43:20.334023+09:00
Compliance Lock,legal,True,,2026-08-18T07:43:20.334023+09:00
Compliance Loop,food_service,True,,2026-08-18T07:43:20.334023+09:00
Compliance Manager,government,True,,2026-08-18T07:43:20.334023+09:00
Compliance Map,legal,True,,2026-08-18T07:43:20.334023+09:00
Compliance Meter,pest_control,True,,2026-08-18T07:43:20.334023+09:00
Compliance Metrics,government,True,,2026-08-18T07:43:20.334023+09:00
Compliance Monitor,government,True,,2026-08-18T07:43:20.334023+09:00
Compliance Navigator,government,True,,2026-08-18T07:43:20.334023+09:00
Compliance Nexus,cybersecurity,True,,2026-08-18T07:43:20.334023+09:00
Compliance Node,cybersecurity,True,,2026-08-18T07:43:20.334023+09:00
Compliance Ops,government,True,,2026-08-18T07:43:20.334023+09:00
Compliance Organizer,government,True,,2026-08-18T07:43:20.334023+09:00
Compliance Panel,pest_control,True,,2026-08-18T07:43:20.334023+09:00
Compliance Path,legal,True,,2026-08-18T07:43:20.334023+09:00
Compliance Planner,government,True,,2026-08-18T07:43:20.334023+09:00
Compliance Point,legal,True,,2026-08-18T07:43:20.334023+09:00
Compliance Portal,pest_control,True,,2026-08-18T07:43:20.334023+09:00
Compliance Pulse,energy_utilities,True,,2026-08-18T07:43:20.334023+09:00
Compliance Rail,transportation,True,,2026-08-18T07:43:20.334023+09:00
Compliance Register,government,True,,2026-08-18T07:43:20.334023+09:00
Compliance Ring,cybersecurity,False,"TITLE_UNCLEAR: Ring is abstract, no SaaS function is suggested (established prior batches)",2026-08-18T07:43:20.334023+09:00
Compliance Route,pharmacy,True,,2026-08-18T07:43:20.334023+09:00
Compliance Scale,pest_control,True,,2026-08-18T07:43:20.334023+09:00
Compliance Scheduler,government,True,,2026-08-18T07:43:20.334023+09:00
Compliance Scope,food_service,True,,2026-08-18T07:43:20.334023+09:00
Compliance Sentry,government,True,,2026-08-18T07:43:20.334023+09:00
Compliance Signal,food_service,True,,2026-08-18T07:43:20.334023+09:00
Compliance Station,legal,True,,2026-08-18T07:43:20.334023+09:00
Compliance Studio,legal,True,,2026-08-18T07:43:20.334023+09:00
Compliance Suite,government,True,,2026-08-18T07:43:20.334023+09:00
Compliance Sync,government,True,,2026-08-18T07:43:20.334023+09:00
Compliance Terminal,legal,False,"TITLE_UNCLEAR: Terminal only reads clearly for transportation/maritime_shipping/aviation/logistics, industry=legal",2026-08-18T07:43:20.334023+09:00
Compliance Tracker,government,True,,2026-08-18T07:43:20.334023+09:00
Compliance Trail,transportation,True,,2026-08-18T07:43:20.334023+09:00
Compliance Watch,food_service,True,,2026-08-18T07:43:20.334023+09:00
Compliance Wave,legal,True,,2026-08-18T07:43:20.334023+09:00
Compliance Zone,mining,True,,2026-08-18T07:43:20.334023+09:00
Concierge Anchor,hospitality,True,,2026-08-18T07:43:20.334023+09:00
Concierge Beacon,hospitality,True,,2026-08-18T07:43:20.334023+09:00
Concierge Bridge,hospitality,True,,2026-08-18T07:43:20.334023+09:00
Concierge Cascade,hospitality,True,,2026-08-18T07:43:20.334023+09:00
Concierge Companion,hospitality,True,,2026-08-18T07:43:20.334023+09:00
Concierge Compass,hospitality,True,,2026-08-18T07:43:20.334023+09:00
Concierge Desk,hospitality,True,,2026-08-18T07:43:20.334023+09:00
Concierge Flow,hospitality,True,,2026-08-18T07:43:20.334023+09:00
Concierge Forge,hospitality,True,,2026-08-18T07:43:20.334023+09:00
Concierge Grid,hospitality,True,,2026-08-18T07:43:20.334023+09:00
Concierge Guard,hospitality,True,,2026-08-18T07:43:20.334023+09:00
Concierge Hub,hospitality,True,,2026-08-18T07:43:20.334023+09:00
Concierge Loop,hospitality,True,,2026-08-18T07:43:20.334023+09:00
Concierge Ops,hospitality,True,,2026-08-18T07:43:20.334023+09:00
Concierge Pilot,hospitality,True,,2026-08-18T07:43:20.334023+09:00
Concierge Radar,hospitality,True,,2026-08-18T07:43:20.334023+09:00
Concierge Register,hospitality,True,,2026-08-18T07:43:20.334023+09:00
Concierge Relay,hospitality,True,,2026-08-18T07:43:20.334023+09:00
Concierge Scope,hospitality,True,,2026-08-18T07:43:20.334023+09:00
Concierge Signal,hospitality,True,,2026-08-18T07:43:20.334023+09:00
Concierge Sync,hospitality,True,,2026-08-18T07:43:20.334023+09:00
Concierge Tracker,hospitality,True,,2026-08-18T07:43:20.334023+09:00
Concierge Vault,hospitality,True,,2026-08-18T07:43:20.334023+09:00
Concierge Watch,hospitality,True,,2026-08-18T07:43:20.334023+09:00
Configuration Anchor,it_devops,True,,2026-08-18T07:43:20.334023+09:00
Configuration Beacon,it_devops,True,,2026-08-18T07:43:20.334023+09:00
Configuration Bridge,it_devops,True,,2026-08-18T07:43:20.334023+09:00
Configuration Cascade,it_devops,True,,2026-08-18T07:43:20.334023+09:00
Configuration Companion,it_devops,True,,2026-08-18T07:43:20.334023+09:00
Configuration Compass,it_devops,True,,2026-08-18T07:43:20.334023+09:00
Configuration Desk,it_devops,True,,2026-08-18T07:43:20.334023+09:00
Configuration Flow,it_devops,True,,2026-08-18T07:43:20.334023+09:00
Configuration Forge,it_devops,True,,2026-08-18T07:43:20.334023+09:00
Configuration Guard,it_devops,True,,2026-08-18T07:43:20.334023+09:00
Configuration Hub,it_devops,True,,2026-08-18T07:43:20.334023+09:00
Configuration Loop,it_devops,True,,2026-08-18T07:43:20.334023+09:00
Configuration Ops,it_devops,True,,2026-08-18T07:43:20.334023+09:00
Configuration Pilot,it_devops,True,,2026-08-18T07:43:20.334023+09:00
Configuration Radar,it_devops,True,,2026-08-18T07:43:20.334023+09:00
Configuration Register,it_devops,True,,2026-08-18T07:43:20.334023+09:00
Configuration Relay,it_devops,True,,2026-08-18T07:43:20.334023+09:00
Configuration Scope,it_devops,True,,2026-08-18T07:43:20.334023+09:00
Configuration Signal,it_devops,True,,2026-08-18T07:43:20.334023+09:00
Configuration Sync,it_devops,True,,2026-08-18T07:43:20.334023+09:00
Configuration Tracker,it_devops,True,,2026-08-18T07:43:20.334023+09:00
Configuration Vault,it_devops,True,,2026-08-18T07:43:20.334023+09:00
Configuration Watch,it_devops,True,,2026-08-18T07:43:20.334023+09:00
Consent Anchor,dental,True,,2026-08-18T07:43:20.334023+09:00
Consent Base,healthcare,True,,2026-08-18T07:43:20.334023+09:00
Consent Beacon,dental,True,,2026-08-18T07:43:20.334023+09:00
Consent Board,healthcare,True,,2026-08-18T07:43:20.334023+09:00
Consent Bridge,dental,True,,2026-08-18T07:43:20.334023+09:00
Consent Cascade,dental,True,,2026-08-18T07:43:20.334023+09:00
Consent Center,healthcare,True,,2026-08-18T07:43:20.334023+09:00
Consent Compass,dental,True,,2026-08-18T07:43:20.334023+09:00
Consent Core,healthcare,True,,2026-08-18T07:43:20.334023+09:00
Consent Deck,healthcare,True,,2026-08-18T07:43:20.334023+09:00
Consent Desk,dental,True,,2026-08-18T07:43:20.334023+09:00
Consent Forge,dental,True,,2026-08-18T07:43:20.334023+09:00
Consent Frame,healthcare,True,,2026-08-18T07:43:20.334023+09:00
Consent Grid,healthcare,True,,2026-08-18T07:43:20.334023+09:00
Consent Hub,dental,True,,2026-08-18T07:43:20.334023+09:00
Consent Lab,healthcare,True,,2026-08-18T07:43:20.334023+09:00
Consent Ledger,healthcare,True,,2026-08-18T07:43:20.334023+09:00
Consent Lens,healthcare,True,,2026-08-18T07:43:20.334023+09:00
Consent Lock,healthcare,True,,2026-08-18T07:43:20.334023+09:00
Consent Loop,healthcare,True,,2026-08-18T07:43:20.334023+09:00
Consent Map,healthcare,True,,2026-08-18T07:43:20.334023+09:00
Consent Path,healthcare,True,,2026-08-18T07:43:20.334023+09:00
Consent Pilot,dental,True,,2026-08-18T07:43:20.334023+09:00
Consent Point,healthcare,True,,2026-08-18T07:43:20.334023+09:00
Consent Portal,healthcare,True,,2026-08-18T07:43:20.334023+09:00
Consent Pulse,healthcare,True,,2026-08-18T07:43:20.334023+09:00
Consent Radar,dental,True,,2026-08-18T07:43:20.334023+09:00
Consent Relay,dental,True,,2026-08-18T07:43:20.334023+09:00
Consent Scope,healthcare,True,,2026-08-18T07:43:20.334023+09:00
Consent Signal,dental,True,,2026-08-18T07:43:20.334023+09:00
Consent Station,healthcare,True,,2026-08-18T07:43:20.334023+09:00
Consent Studio,healthcare,True,,2026-08-18T07:43:20.334023+09:00
Consent Terminal,healthcare,False,"TITLE_UNCLEAR: Terminal only reads clearly for transportation/maritime_shipping/aviation/logistics, industry=healthcare",2026-08-18T07:43:20.334023+09:00
Consent Vault,dental,True,,2026-08-18T07:43:20.334023+09:00
Consent Watch,dental,True,,2026-08-18T07:43:20.334023+09:00
Consent Wave,healthcare,True,,2026-08-18T07:43:20.334023+09:00
Consent Zone,healthcare,True,,2026-08-18T07:43:20.334023+09:00
Constituent Atlas,government,True,,2026-08-18T07:43:20.334023+09:00
Constituent Center,government,True,,2026-08-18T07:43:20.334023+09:00
Constituent Chain,government,True,,2026-08-18T07:43:20.334023+09:00
Constituent Console,government,True,,2026-08-18T07:43:20.334023+09:00
Constituent Dial,government,True,,2026-08-18T07:43:20.334023+09:00
Constituent Dock,government,True,,2026-08-18T07:43:20.334023+09:00
Constituent Gate,government,True,,2026-08-18T07:43:20.334023+09:00
Constituent Keeper,government,True,,2026-08-18T07:43:20.334023+09:00
Constituent Lab,government,True,,2026-08-18T07:43:20.334023+09:00
Constituent Manager,government,True,,2026-08-18T07:43:20.334023+09:00
Constituent Meter,government,True,,2026-08-18T07:43:20.334023+09:00
Constituent Nexus,government,True,,2026-08-18T07:43:20.334023+09:00
Constituent Node,government,True,,2026-08-18T07:43:20.334023+09:00
Constituent Panel,government,True,,2026-08-18T07:43:20.334023+09:00
Constituent Portal,government,True,,2026-08-18T07:43:20.334023+09:00
Constituent Rail,government,True,,2026-08-18T07:43:20.334023+09:00
Constituent Ring,government,False,"TITLE_UNCLEAR: Ring is abstract, no SaaS function is suggested (established prior batches)",2026-08-18T07:43:20.334023+09:00
Constituent Route,government,True,,2026-08-18T07:43:20.334023+09:00
Constituent Scale,government,True,,2026-08-18T07:43:20.334023+09:00
Constituent Sentry,government,True,,2026-08-18T07:43:20.334023+09:00
Constituent Station,government,True,,2026-08-18T07:43:20.334023+09:00
Constituent Terminal,government,False,"TITLE_UNCLEAR: Terminal only reads clearly for transportation/maritime_shipping/aviation/logistics, industry=government",2026-08-18T07:43:20.334023+09:00
Constituent Trail,government,True,,2026-08-18T07:43:20.334023+09:00
Constituent Zone,government,True,,2026-08-18T07:43:20.334023+09:00
Consultation Anchor,pharmacy,True,,2026-08-18T07:43:20.334023+09:00
Consultation Base,pharmacy,True,,2026-08-18T07:43:20.334023+09:00
Consultation Board,pharmacy,True,,2026-08-18T07:43:20.334023+09:00
Consultation Bridge,pharmacy,True,,2026-08-18T07:43:20.334023+09:00
Consultation Core,pharmacy,True,,2026-08-18T07:43:20.334023+09:00
Consultation Deck,pharmacy,True,,2026-08-18T07:43:20.334023+09:00
Consultation Frame,pharmacy,True,,2026-08-18T07:43:20.334023+09:00
Consultation Grid,pharmacy,True,,2026-08-18T07:43:20.334023+09:00
Consultation Lab,pharmacy,True,,2026-08-18T07:43:20.334023+09:00
Consultation Ledger,pharmacy,True,,2026-08-18T07:43:20.334023+09:00
Consultation Lens,pharmacy,True,,2026-08-18T07:43:20.334023+09:00
Consultation Lock,pharmacy,True,,2026-08-18T07:43:20.334023+09:00
Consultation Loop,pharmacy,True,,2026-08-18T07:43:20.334023+09:00
Consultation Map,pharmacy,True,,2026-08-18T07:43:20.334023+09:00
Consultation Path,pharmacy,True,,2026-08-18T07:43:20.334023+09:00
Consultation Point,pharmacy,True,,2026-08-18T07:43:20.334023+09:00
Consultation Pulse,pharmacy,True,,2026-08-18T07:43:20.334023+09:00
Consultation Scope,pharmacy,True,,2026-08-18T07:43:20.334023+09:00
Consultation Signal,pharmacy,True,,2026-08-18T07:43:20.334023+09:00
Consultation Station,pharmacy,True,,2026-08-18T07:43:20.334023+09:00
Consultation Studio,pharmacy,True,,2026-08-18T07:43:20.334023+09:00
Consultation Watch,pharmacy,True,,2026-08-18T07:43:20.334023+09:00
Consultation Wave,pharmacy,True,,2026-08-18T07:43:20.334023+09:00
Consumption Beacon,energy_utilities,True,,2026-08-18T07:43:20.334023+09:00
Consumption Bridge,energy_utilities,True,,2026-08-18T07:43:20.334023+09:00
Consumption Cascade,energy_utilities,True,,2026-08-18T07:43:20.334023+09:00
Consumption Cockpit,energy_utilities,True,,2026-08-18T07:43:20.334023+09:00
Consumption Companion,energy_utilities,True,,2026-08-18T07:43:20.334023+09:00
Consumption Compass,energy_utilities,True,,2026-08-18T07:43:20.334023+09:00
Consumption Dashboard,energy_utilities,True,,2026-08-18T07:43:20.334023+09:00
Consumption Desk,energy_utilities,True,,2026-08-18T07:43:20.334023+09:00
Consumption Flow,energy_utilities,True,,2026-08-18T07:43:20.334023+09:00
Consumption Forge,energy_utilities,True,,2026-08-18T07:43:20.334023+09:00
Consumption Guard,energy_utilities,True,,2026-08-18T07:43:20.334023+09:00
Consumption Hub,energy_utilities,True,,2026-08-18T07:43:20.334023+09:00
Consumption Insight,energy_utilities,True,,2026-08-18T07:43:20.334023+09:00
Consumption Metrics,energy_utilities,True,,2026-08-18T07:43:20.334023+09:00
Consumption Monitor,energy_utilities,True,,2026-08-18T07:43:20.334023+09:00
Consumption Navigator,energy_utilities,True,,2026-08-18T07:43:20.334023+09:00
Consumption Ops,energy_utilities,True,,2026-08-18T07:43:20.334023+09:00
Consumption Pilot,energy_utilities,True,,2026-08-18T07:43:20.334023+09:00
Consumption Radar,energy_utilities,True,,2026-08-18T07:43:20.334023+09:00
Consumption Register,energy_utilities,True,,2026-08-18T07:43:20.334023+09:00
Consumption Relay,energy_utilities,True,,2026-08-18T07:43:20.334023+09:00
Consumption Sync,energy_utilities,True,,2026-08-18T07:43:20.334023+09:00
Consumption Tracker,energy_utilities,True,,2026-08-18T07:43:20.334023+09:00
Consumption Vault,energy_utilities,True,,2026-08-18T07:43:20.334023+09:00
Container Anchor,maritime_shipping,True,,2026-08-18T07:43:20.334023+09:00
Container Atlas,logistics,True,,2026-08-18T07:43:20.334023+09:00
Container Base,maritime_shipping,True,,2026-08-18T07:43:20.334023+09:00
Container Board,maritime_shipping,True,,2026-08-18T07:43:20.334023+09:00
Container Center,logistics,True,,2026-08-18T07:43:20.334023+09:00
Container Chain,logistics,True,,2026-08-18T07:43:20.334023+09:00
Container Console,logistics,True,,2026-08-18T07:43:20.334023+09:00
Container Core,maritime_shipping,True,,2026-08-18T07:43:20.334023+09:00
Container Deck,logistics,True,,2026-08-18T07:43:20.334023+09:00
Container Dial,logistics,True,,2026-08-18T07:43:20.334023+09:00
Container Dock,logistics,True,,2026-08-18T07:43:20.334023+09:00
Container Frame,maritime_shipping,True,,2026-08-18T07:43:20.334023+09:00
Container Gate,logistics,True,,2026-08-18T07:43:20.334023+09:00
Container Grid,maritime_shipping,True,,2026-08-18T07:43:20.334023+09:00
Container Lab,logistics,True,,2026-08-18T07:43:20.334023+09:00
Container Ledger,maritime_shipping,True,,2026-08-18T07:43:20.334023+09:00
Container Lens,maritime_shipping,True,,2026-08-18T07:43:20.334023+09:00
Container Lock,maritime_shipping,True,,2026-08-18T07:43:20.334023+09:00
Container Loop,maritime_shipping,True,,2026-08-18T07:43:20.334023+09:00
Container Map,maritime_shipping,True,,2026-08-18T07:43:20.334023+09:00
Container Meter,logistics,True,,2026-08-18T07:43:20.334023+09:00
Container Nexus,logistics,True,,2026-08-18T07:43:20.334023+09:00
Container Node,logistics,True,,2026-08-18T07:43:20.334023+09:00
Container Panel,logistics,True,,2026-08-18T07:43:20.334023+09:00
Container Path,maritime_shipping,True,,2026-08-18T07:43:20.334023+09:00
Container Point,maritime_shipping,True,,2026-08-18T07:43:20.334023+09:00
Container Portal,logistics,True,,2026-08-18T07:43:20.334023+09:00
Container Pulse,maritime_shipping,True,,2026-08-18T07:43:20.334023+09:00
Container Rail,logistics,True,,2026-08-18T07:43:20.334023+09:00
Container Ring,logistics,False,"TITLE_UNCLEAR: Ring is abstract, no SaaS function is suggested (established prior batches)",2026-08-18T07:43:20.334023+09:00
Container Route,logistics,True,,2026-08-18T07:43:20.334023+09:00
Container Scale,logistics,True,,2026-08-18T07:43:20.334023+09:00
Container Scope,maritime_shipping,True,,2026-08-18T07:43:20.334023+09:00
Container Sentry,logistics,True,,2026-08-18T07:43:20.334023+09:00
Container Signal,maritime_shipping,True,,2026-08-18T07:43:20.334023+09:00
Container Station,logistics,True,,2026-08-18T07:43:20.334023+09:00
Container Studio,logistics,True,,2026-08-18T07:43:20.334023+09:00
Container Terminal,logistics,True,,2026-08-18T07:43:20.334023+09:00
Container Trail,logistics,True,,2026-08-18T07:43:20.334023+09:00
Container Watch,maritime_shipping,True,,2026-08-18T07:43:20.334023+09:00
Container Wave,maritime_shipping,True,,2026-08-18T07:43:20.334023+09:00
Container Zone,logistics,True,,2026-08-18T07:43:20.334023+09:00
Content Beacon,marketing,True,,2026-08-18T07:43:20.334023+09:00
Content Bridge,marketing,True,,2026-08-18T07:43:20.334023+09:00
Content Cascade,marketing,True,,2026-08-18T07:43:20.334023+09:00
Content Cockpit,marketing,True,,2026-08-18T07:43:20.334023+09:00
Content Companion,marketing,True,,2026-08-18T07:43:20.334023+09:00
Content Compass,marketing,True,,2026-08-18T07:43:20.334023+09:00
Content Dashboard,marketing,True,,2026-08-18T07:43:20.334023+09:00
Content Desk,marketing,True,,2026-08-18T07:43:20.334023+09:00
Content Flow,marketing,True,,2026-08-18T07:43:20.334023+09:00
Content Forge,marketing,True,,2026-08-18T07:43:20.334023+09:00
Content Guard,marketing,True,,2026-08-18T07:43:20.334023+09:00
Content Hub,marketing,True,,2026-08-18T07:43:20.334023+09:00
Content Insight,marketing,True,,2026-08-18T07:43:20.334023+09:00
Content Metrics,marketing,True,,2026-08-18T07:43:20.334023+09:00
Content Navigator,marketing,True,,2026-08-18T07:43:20.334023+09:00
Content Ops,marketing,True,,2026-08-18T07:43:20.334023+09:00
Content Pilot,marketing,True,,2026-08-18T07:43:20.334023+09:00
Content Radar,marketing,True,,2026-08-18T07:43:20.334023+09:00
Content Register,marketing,True,,2026-08-18T07:43:20.334023+09:00
Content Relay,marketing,True,,2026-08-18T07:43:20.334023+09:00
Content Sync,marketing,True,,2026-08-18T07:43:20.334023+09:00
Content Tracker,marketing,True,,2026-08-18T07:43:20.334023+09:00
Content Vault,marketing,True,,2026-08-18T07:43:20.334023+09:00
Contract Anchor,cleaning_services,True,,2026-08-18T07:43:20.334023+09:00
Contract Assistant,pest_control,True,,2026-08-18T07:43:20.334023+09:00
Contract Atlas,pest_control,True,,2026-08-18T07:43:20.334023+09:00
Contract Base,cleaning_services,True,,2026-08-18T07:43:20.334023+09:00
Contract Beacon,legal,True,,2026-08-18T07:43:20.334023+09:00
Contract Board,cleaning_services,True,,2026-08-18T07:43:20.334023+09:00
Contract Bridge,cleaning_services,True,,2026-08-18T07:43:20.334023+09:00
Contract Cascade,cleaning_services,True,,2026-08-18T07:43:20.334023+09:00
Contract Chain,landscaping,True,,2026-08-18T07:43:20.334023+09:00
Contract Cockpit,pest_control,True,,2026-08-18T07:43:20.334023+09:00
Contract Companion,pest_control,True,,2026-08-18T07:43:20.334023+09:00
Contract Compass,legal,True,,2026-08-18T07:43:20.334023+09:00
Contract Console,landscaping,True,,2026-08-18T07:43:20.334023+09:00
Contract Core,cleaning_services,True,,2026-08-18T07:43:20.334023+09:00
Contract Dashboard,pest_control,True,,2026-08-18T07:43:20.334023+09:00
Contract Deck,cleaning_services,True,,2026-08-18T07:43:20.334023+09:00
Contract Desk,legal,True,,2026-08-18T07:43:20.334023+09:00
Contract Dial,landscaping,True,,2026-08-18T07:43:20.334023+09:00
Contract Dock,landscaping,True,,2026-08-18T07:43:20.334023+09:00
Contract Engine,pest_control,True,,2026-08-18T07:43:20.334023+09:00
Contract Flow,legal,True,,2026-08-18T07:43:20.334023+09:00
Contract Forge,cleaning_services,True,,2026-08-18T07:43:20.334023+09:00
Contract Frame,cleaning_services,True,,2026-08-18T07:43:20.334023+09:00
Contract Gate,pest_control,True,,2026-08-18T07:43:20.334023+09:00
Contract Grid,cleaning_services,True,,2026-08-18T07:43:20.334023+09:00
Contract Guard,pest_control,True,,2026-08-18T07:43:20.334023+09:00
Contract Hub,legal,True,,2026-08-18T07:43:20.334023+09:00
Contract Insight,pest_control,True,,2026-08-18T07:43:20.334023+09:00
Contract Keeper,pest_control,True,,2026-08-18T07:43:20.334023+09:00
Contract Lab,cleaning_services,True,,2026-08-18T07:43:20.334023+09:00
Contract Ledger,cleaning_services,True,,2026-08-18T07:43:20.334023+09:00
Contract Lens,cleaning_services,True,,2026-08-18T07:43:20.334023+09:00
Contract Lock,cleaning_services,True,,2026-08-18T07:43:20.334023+09:00
Contract Loop,cleaning_services,True,,2026-08-18T07:43:20.334023+09:00
Contract Manager,pest_control,True,,2026-08-18T07:43:20.334023+09:00
Contract Map,cleaning_services,True,,2026-08-18T07:43:20.334023+09:00
Contract Meter,landscaping,True,,2026-08-18T07:43:20.334023+09:00
Contract Metrics,pest_control,True,,2026-08-18T07:43:20.334023+09:00
Contract Monitor,pest_control,True,,2026-08-18T07:43:20.334023+09:00
Contract Navigator,pest_control,True,,2026-08-18T07:43:20.334023+09:00
Contract Nexus,pest_control,True,,2026-08-18T07:43:20.334023+09:00
Contract Node,pest_control,True,,2026-08-18T07:43:20.334023+09:00
Contract Ops,pest_control,True,,2026-08-18T07:43:20.334023+09:00
Contract Organizer,pest_control,True,,2026-08-18T07:43:20.334023+09:00
Contract Panel,landscaping,True,,2026-08-18T07:43:20.334023+09:00
Contract Path,cleaning_services,True,,2026-08-18T07:43:20.334023+09:00
Contract Pilot,legal,True,,2026-08-18T07:43:20.334023+09:00
Contract Planner,pest_control,True,,2026-08-18T07:43:20.334023+09:00
Contract Point,cleaning_services,True,,2026-08-18T07:43:20.334023+09:00
Contract Pulse,cleaning_services,True,,2026-08-18T07:43:20.334023+09:00
Contract Radar,legal,True,,2026-08-18T07:43:20.334023+09:00
Contract Rail,landscaping,True,,2026-08-18T07:43:20.334023+09:00
Contract Register,pest_control,True,,2026-08-18T07:43:20.334023+09:00
Contract Relay,legal,True,,2026-08-18T07:43:20.334023+09:00
Contract Ring,landscaping,False,"TITLE_UNCLEAR: Ring is abstract, no SaaS function is suggested (established prior batches)",2026-08-18T07:43:20.334023+09:00
Contract Route,landscaping,True,,2026-08-18T07:43:20.334023+09:00
Contract Scale,landscaping,True,,2026-08-18T07:43:20.334023+09:00
Contract Scheduler,pest_control,True,,2026-08-18T07:43:20.334023+09:00
Contract Scope,cleaning_services,True,,2026-08-18T07:43:20.334023+09:00
Contract Sentry,pest_control,True,,2026-08-18T07:43:20.334023+09:00
Contract Signal,cleaning_services,True,,2026-08-18T07:43:20.334023+09:00
Contract Studio,cleaning_services,True,,2026-08-18T07:43:20.334023+09:00
Contract Suite,pest_control,True,,2026-08-18T07:43:20.334023+09:00
Contract Sync,legal,True,,2026-08-18T01:28:04.577831+09:00
Contract Tracker,pest_control,True,,2026-08-18T07:43:20.334023+09:00
Contract Trail,landscaping,True,,2026-08-18T07:43:20.334023+09:00
Contract Vault,legal,True,,2026-08-18T07:43:20.334023+09:00
Contract Watch,cleaning_services,True,,2026-08-18T07:43:20.334023+09:00
Contract Wave,cleaning_services,True,,2026-08-18T07:43:20.334023+09:00
Conversion Assistant,marketing,True,,2026-08-18T07:43:20.334023+09:00
Conversion Cockpit,marketing,True,,2026-08-18T07:43:20.334023+09:00
Conversion Companion,marketing,True,,2026-08-18T07:43:20.334023+09:00
Conversion Dashboard,marketing,True,,2026-08-18T07:43:20.334023+09:00
Conversion Engine,marketing,True,,2026-08-18T07:43:20.334023+09:00
Conversion Flow,marketing,True,,2026-08-18T07:43:20.334023+09:00
Conversion Guard,marketing,True,,2026-08-18T07:43:20.334023+09:00
Conversion Hub,marketing,True,,2026-08-18T07:43:20.334023+09:00
Conversion Insight,marketing,True,,2026-08-18T07:43:20.334023+09:00
Conversion Keeper,marketing,True,,2026-08-18T07:43:20.334023+09:00
Conversion Manager,marketing,True,,2026-08-18T07:43:20.334023+09:00
Conversion Metrics,marketing,True,,2026-08-18T07:43:20.334023+09:00
Conversion Monitor,marketing,True,,2026-08-18T07:43:20.334023+09:00
Conversion Navigator,marketing,True,,2026-08-18T07:43:20.334023+09:00
Conversion Ops,marketing,True,,2026-08-18T07:43:20.334023+09:00
Conversion Organizer,marketing,True,,2026-08-18T07:43:20.334023+09:00
Conversion Planner,marketing,True,,2026-08-18T07:43:20.334023+09:00
Conversion Register,marketing,True,,2026-08-18T07:43:20.334023+09:00
Conversion Scheduler,marketing,True,,2026-08-18T07:43:20.334023+09:00
Conversion Sentry,marketing,True,,2026-08-18T07:43:20.334023+09:00
Conversion Suite,marketing,True,,2026-08-18T07:43:20.334023+09:00
Conversion Sync,marketing,True,,2026-08-18T07:43:20.334023+09:00
Conversion Tracker,marketing,True,,2026-08-18T07:43:20.334023+09:00
Copay Anchor,pharmacy,True,,2026-08-18T07:43:20.334023+09:00
Copay Beacon,pharmacy,True,,2026-08-18T07:43:20.334023+09:00
Copay Bridge,pharmacy,True,,2026-08-18T07:43:20.334023+09:00
Copay Cascade,pharmacy,True,,2026-08-18T07:43:20.334023+09:00
Copay Compass,pharmacy,True,,2026-08-18T07:43:20.334023+09:00
Copay Desk,pharmacy,True,,2026-08-18T07:43:20.334023+09:00
Copay Forge,pharmacy,True,,2026-08-18T07:43:20.334023+09:00
Copay Grid,pharmacy,True,,2026-08-18T07:43:20.334023+09:00
Copay Hub,pharmacy,True,,2026-08-18T07:43:20.334023+09:00
Copay Lock,pharmacy,True,,2026-08-18T07:43:20.334023+09:00
Copay Loop,pharmacy,True,,2026-08-18T07:43:20.334023+09:00
Copay Map,pharmacy,True,,2026-08-18T07:43:20.334023+09:00
Copay Path,pharmacy,True,,2026-08-18T07:43:20.334023+09:00
Copay Pilot,pharmacy,True,,2026-08-18T07:43:20.334023+09:00
Copay Point,pharmacy,True,,2026-08-18T07:43:20.334023+09:00
Copay Pulse,pharmacy,True,,2026-08-18T07:43:20.334023+09:00
Copay Radar,pharmacy,True,,2026-08-18T07:43:20.334023+09:00
Copay Relay,pharmacy,True,,2026-08-18T07:43:20.334023+09:00
Copay Scope,pharmacy,True,,2026-08-18T07:43:20.334023+09:00
Copay Signal,pharmacy,True,,2026-08-18T07:43:20.334023+09:00
Copay Vault,pharmacy,True,,2026-08-18T07:43:20.334023+09:00
Copay Watch,pharmacy,True,,2026-08-18T07:43:20.334023+09:00
Copay Wave,pharmacy,True,,2026-08-18T07:43:20.334023+09:00
Coverage Anchor,insurance,True,,2026-08-18T07:43:20.334023+09:00
Coverage Base,telecom,True,,2026-08-18T07:43:20.334023+09:00
Coverage Beacon,insurance,True,,2026-08-18T07:43:20.334023+09:00
Coverage Board,telecom,True,,2026-08-18T07:43:20.334023+09:00
Coverage Bridge,insurance,True,,2026-08-18T07:43:20.334023+09:00
Coverage Cascade,insurance,True,,2026-08-18T07:43:20.334023+09:00
Coverage Center,telecom,True,,2026-08-18T07:43:20.334023+09:00
Coverage Cockpit,insurance,True,,2026-08-18T07:43:20.334023+09:00
Coverage Companion,insurance,True,,2026-08-18T07:43:20.334023+09:00
Coverage Compass,insurance,True,,2026-08-18T07:43:20.334023+09:00
Coverage Core,telecom,True,,2026-08-18T07:43:20.334023+09:00
Coverage Dashboard,insurance,True,,2026-08-18T07:43:20.334023+09:00
Coverage Deck,telecom,True,,2026-08-18T07:43:20.334023+09:00
Coverage Desk,insurance,True,,2026-08-18T07:43:20.334023+09:00
Coverage Flow,insurance,True,,2026-08-18T07:43:20.334023+09:00
Coverage Forge,insurance,True,,2026-08-18T07:43:20.334023+09:00
Coverage Frame,telecom,True,,2026-08-18T07:43:20.334023+09:00
Coverage Grid,telecom,True,,2026-08-18T07:43:20.334023+09:00
Coverage Guard,insurance,True,,2026-08-18T07:43:20.334023+09:00
Coverage Hub,insurance,True,,2026-08-18T07:43:20.334023+09:00
Coverage Lab,telecom,True,,2026-08-18T07:43:20.334023+09:00
Coverage Ledger,telecom,True,,2026-08-18T07:43:20.334023+09:00
Coverage Lens,telecom,True,,2026-08-18T07:43:20.334023+09:00
Coverage Lock,telecom,True,,2026-08-18T07:43:20.334023+09:00
Coverage Loop,telecom,True,,2026-08-18T07:43:20.334023+09:00
Coverage Map,telecom,True,,2026-08-18T07:43:20.334023+09:00
Coverage Metrics,insurance,True,,2026-08-18T07:43:20.334023+09:00
Coverage Navigator,insurance,True,,2026-08-18T07:43:20.334023+09:00
Coverage Ops,insurance,True,,2026-08-18T07:43:20.334023+09:00
Coverage Path,telecom,True,,2026-08-18T07:43:20.334023+09:00
Coverage Pilot,insurance,True,,2026-08-18T07:43:20.334023+09:00
Coverage Point,telecom,True,,2026-08-18T07:43:20.334023+09:00
Coverage Portal,telecom,True,,2026-08-18T07:43:20.334023+09:00
Coverage Pulse,telecom,True,,2026-08-18T07:43:20.334023+09:00
Coverage Radar,insurance,True,,2026-08-18T07:43:20.334023+09:00
Coverage Register,insurance,True,,2026-08-18T07:43:20.334023+09:00
Coverage Relay,insurance,True,,2026-08-18T07:43:20.334023+09:00
Coverage Scope,telecom,True,,2026-08-18T07:43:20.334023+09:00
Coverage Signal,insurance,True,,2026-08-18T07:43:20.334023+09:00
Coverage Station,telecom,True,,2026-08-18T07:43:20.334023+09:00
Coverage Studio,telecom,True,,2026-08-18T07:43:20.334023+09:00
Coverage Sync,insurance,True,,2026-08-18T07:43:20.334023+09:00
Coverage Terminal,telecom,False,"TITLE_UNCLEAR: Terminal only reads clearly for transportation/maritime_shipping/aviation/logistics, industry=telecom",2026-08-18T07:43:20.334023+09:00
Coverage Tracker,insurance,True,,2026-08-18T07:43:20.334023+09:00
Coverage Vault,insurance,True,,2026-08-18T07:43:20.334023+09:00
Coverage Watch,telecom,True,,2026-08-18T07:43:20.334023+09:00
Coverage Wave,telecom,True,,2026-08-18T07:43:20.334023+09:00
Coverage Zone,telecom,True,,2026-08-18T07:43:20.334023+09:00
Creative Anchor,marketing,True,,2026-08-18T07:43:20.334023+09:00
Creative Beacon,marketing,True,,2026-08-18T07:43:20.334023+09:00
Creative Bridge,marketing,True,,2026-08-18T07:43:20.334023+09:00
Creative Cascade,marketing,True,,2026-08-18T07:43:20.334023+09:00
Creative Compass,marketing,True,,2026-08-18T07:43:20.334023+09:00
Creative Desk,marketing,True,,2026-08-18T07:43:20.334023+09:00
Creative Forge,marketing,True,,2026-08-18T07:43:20.334023+09:00
Creative Grid,marketing,True,,2026-08-18T07:43:20.334023+09:00
Creative Hub,marketing,True,,2026-08-18T07:43:20.334023+09:00
Creative Lens,marketing,True,,2026-08-18T07:43:20.334023+09:00
Creative Lock,marketing,True,,2026-08-18T07:43:20.334023+09:00
Creative Loop,marketing,True,,2026-08-18T07:43:20.334023+09:00
Creative Map,marketing,True,,2026-08-18T07:43:20.334023+09:00
Creative Path,marketing,True,,2026-08-18T07:43:20.334023+09:00
Creative Pilot,marketing,True,,2026-08-18T07:43:20.334023+09:00
Creative Point,marketing,True,,2026-08-18T07:43:20.334023+09:00
Creative Pulse,marketing,True,,2026-08-18T07:43:20.334023+09:00
Creative Radar,marketing,True,,2026-08-18T07:43:20.334023+09:00
Creative Relay,marketing,True,,2026-08-18T07:43:20.334023+09:00
Creative Scope,marketing,True,,2026-08-18T07:43:20.334023+09:00
Creative Signal,marketing,True,,2026-08-18T07:43:20.334023+09:00
Creative Vault,marketing,True,,2026-08-18T07:43:20.334023+09:00
Creative Watch,marketing,True,,2026-08-18T07:43:20.334023+09:00
Creative Wave,marketing,True,,2026-08-18T07:43:20.334023+09:00
Credential Anchor,cybersecurity,True,,2026-08-18T07:43:20.334023+09:00
Credential Beacon,cybersecurity,True,,2026-08-18T07:43:20.334023+09:00
Credential Bridge,cybersecurity,True,,2026-08-18T07:43:20.334023+09:00
Credential Cascade,cybersecurity,True,,2026-08-18T07:43:20.334023+09:00
Credential Compass,cybersecurity,True,,2026-08-18T07:43:20.334023+09:00
Credential Desk,cybersecurity,True,,2026-08-18T07:43:20.334023+09:00
Credential Flow,cybersecurity,True,,2026-08-18T07:43:20.334023+09:00
Credential Forge,cybersecurity,True,,2026-08-18T07:43:20.334023+09:00
Credential Grid,cybersecurity,True,,2026-08-18T07:43:20.334023+09:00
Credential Guard,cybersecurity,True,,2026-08-18T07:43:20.334023+09:00
Credential Hub,cybersecurity,True,,2026-08-18T07:43:20.334023+09:00
Credential Loop,cybersecurity,True,,2026-08-18T07:43:20.334023+09:00
Credential Ops,cybersecurity,True,,2026-08-18T07:43:20.334023+09:00
Credential Pilot,cybersecurity,True,,2026-08-18T07:43:20.334023+09:00
Credential Pulse,cybersecurity,True,,2026-08-18T07:43:20.334023+09:00
Credential Radar,cybersecurity,True,,2026-08-18T07:43:20.334023+09:00
Credential Register,cybersecurity,True,,2026-08-18T07:43:20.334023+09:00
Credential Relay,cybersecurity,True,,2026-08-18T07:43:20.334023+09:00
Credential Scope,cybersecurity,True,,2026-08-18T07:43:20.334023+09:00
Credential Signal,cybersecurity,True,,2026-08-18T07:43:20.334023+09:00
Credential Sync,cybersecurity,True,,2026-08-18T07:43:20.334023+09:00
Credential Tracker,cybersecurity,True,,2026-08-18T07:43:20.334023+09:00
Credential Vault,cybersecurity,True,,2026-08-18T07:43:20.334023+09:00
Credential Watch,cybersecurity,True,,2026-08-18T07:43:20.334023+09:00
Crew Anchor,cleaning_services,True,,2026-08-18T07:43:20.334023+09:00
Crew Assistant,aviation,True,,2026-08-18T07:43:20.334023+09:00
Crew Atlas,aviation,True,,2026-08-18T07:43:20.334023+09:00
Crew Beacon,cleaning_services,True,,2026-08-18T07:43:20.334023+09:00
Crew Bridge,cleaning_services,True,,2026-08-18T07:43:20.334023+09:00
Crew Cascade,cleaning_services,True,,2026-08-18T07:43:20.334023+09:00
Crew Chain,aviation,True,,2026-08-18T07:43:20.334023+09:00
Crew Cockpit,aviation,True,,2026-08-18T07:43:20.334023+09:00
Crew Companion,maritime_shipping,True,,2026-08-18T07:43:20.334023+09:00
Crew Compass,cleaning_services,True,,2026-08-18T07:43:20.334023+09:00
Crew Dashboard,maritime_shipping,True,,2026-08-18T07:43:20.334023+09:00
Crew Desk,cleaning_services,True,,2026-08-18T07:43:20.334023+09:00
Crew Dock,construction,True,,2026-08-18T07:43:20.334023+09:00
Crew Engine,aviation,True,,2026-08-18T07:43:20.334023+09:00
Crew Flow,cleaning_services,True,,2026-08-18T07:43:20.334023+09:00
Crew Forge,cleaning_services,True,,2026-08-18T07:43:20.334023+09:00
Crew Gate,aviation,True,,2026-08-18T07:43:20.334023+09:00
Crew Grid,cleaning_services,True,,2026-08-18T07:43:20.334023+09:00
Crew Guard,maritime_shipping,True,,2026-08-18T07:43:20.334023+09:00
Crew Hub,cleaning_services,True,,2026-08-18T07:43:20.334023+09:00
Crew Insight,aviation,True,,2026-08-18T07:43:20.334023+09:00
Crew Keeper,aviation,True,,2026-08-18T07:43:20.334023+09:00
Crew Lock,cleaning_services,True,,2026-08-18T07:43:20.334023+09:00
Crew Loop,cleaning_services,True,,2026-08-18T07:43:20.334023+09:00
Crew Manager,aviation,True,,2026-08-18T07:43:20.334023+09:00
Crew Metrics,aviation,True,,2026-08-18T07:43:20.334023+09:00
Crew Monitor,aviation,True,,2026-08-18T07:43:20.334023+09:00
Crew Navigator,maritime_shipping,True,,2026-08-18T07:43:20.334023+09:00
Crew Nexus,aviation,True,,2026-08-18T07:43:20.334023+09:00
Crew Node,aviation,True,,2026-08-18T07:43:20.334023+09:00
Crew Ops,maritime_shipping,True,,2026-08-18T07:43:20.334023+09:00
Crew Organizer,aviation,True,,2026-08-18T07:43:20.334023+09:00
Crew Path,cleaning_services,True,,2026-08-18T07:43:20.334023+09:00
Crew Pilot,cleaning_services,True,,2026-08-18T07:43:20.334023+09:00
Crew Planner,aviation,True,,2026-08-18T07:43:20.334023+09:00
Crew Point,cleaning_services,True,,2026-08-18T07:43:20.334023+09:00
Crew Pulse,cleaning_services,True,,2026-08-18T07:43:20.334023+09:00
Crew Radar,cleaning_services,True,,2026-08-18T07:43:20.334023+09:00
Crew Rail,construction,True,,2026-08-18T07:43:20.334023+09:00
Crew Register,maritime_shipping,True,,2026-08-18T07:43:20.334023+09:00
Crew Relay,cleaning_services,True,,2026-08-18T07:43:20.334023+09:00
Crew Ring,aviation,False,"TITLE_UNCLEAR: Ring is abstract, no SaaS function is suggested (established prior batches)",2026-08-18T07:43:20.334023+09:00
Crew Scheduler,aviation,True,,2026-08-18T07:43:20.334023+09:00
Crew Scope,cleaning_services,True,,2026-08-18T07:43:20.334023+09:00
Crew Sentry,aviation,True,,2026-08-18T07:43:20.334023+09:00
Crew Signal,cleaning_services,True,,2026-08-18T07:43:20.334023+09:00
Crew Suite,aviation,True,,2026-08-18T07:43:20.334023+09:00
Crew Sync,cleaning_services,True,,2026-08-18T07:43:20.334023+09:00
Crew Tracker,landscaping,True,,2026-08-18T07:43:20.334023+09:00
Crew Trail,construction,True,,2026-08-18T07:43:20.334023+09:00
Crew Vault,cleaning_services,True,,2026-08-18T07:43:20.334023+09:00
Crew Watch,cleaning_services,True,,2026-08-18T07:43:20.334023+09:00
Crew Wave,cleaning_services,True,,2026-08-18T07:43:20.334023+09:00
Crop Atlas,agriculture,True,,2026-08-18T07:43:20.334023+09:00
Crop Board,agriculture,True,,2026-08-18T07:43:20.334023+09:00
Crop Center,agriculture,True,,2026-08-18T07:43:20.334023+09:00
Crop Chain,agriculture,True,,2026-08-18T07:43:20.334023+09:00
Crop Console,agriculture,True,,2026-08-18T07:43:20.334023+09:00
Crop Deck,agriculture,True,,2026-08-18T07:43:20.334023+09:00
Crop Dial,agriculture,True,,2026-08-18T07:43:20.334023+09:00
Crop Dock,agriculture,True,,2026-08-18T07:43:20.334023+09:00
Crop Gate,agriculture,True,,2026-08-18T07:43:20.334023+09:00
Crop Lab,agriculture,True,,2026-08-18T07:43:20.334023+09:00
Crop Meter,agriculture,True,,2026-08-18T07:43:20.334023+09:00
Crop Nexus,agriculture,True,,2026-08-18T07:43:20.334023+09:00
Crop Node,agriculture,True,,2026-08-18T07:43:20.334023+09:00
Crop Panel,agriculture,True,,2026-08-18T07:43:20.334023+09:00
Crop Portal,agriculture,True,,2026-08-18T07:43:20.334023+09:00
Crop Rail,agriculture,True,,2026-08-18T07:43:20.334023+09:00
Crop Ring,agriculture,False,"TITLE_UNCLEAR: Ring is abstract, no SaaS function is suggested (established prior batches)",2026-08-18T07:43:20.334023+09:00
Crop Route,agriculture,True,,2026-08-18T07:43:20.334023+09:00
Crop Scale,agriculture,True,,2026-08-18T07:43:20.334023+09:00
Crop Station,agriculture,True,,2026-08-18T07:43:20.334023+09:00
Crop Studio,agriculture,True,,2026-08-18T07:43:20.334023+09:00
Crop Terminal,agriculture,False,"TITLE_UNCLEAR: Terminal only reads clearly for transportation/maritime_shipping/aviation/logistics, industry=agriculture",2026-08-18T07:43:20.334023+09:00
Crop Trail,agriculture,True,,2026-08-18T07:43:20.334023+09:00
Crop Zone,agriculture,True,,2026-08-18T07:43:20.334023+09:00
Curriculum Anchor,childcare,True,,2026-08-18T07:43:20.334023+09:00
Curriculum Assistant,education,True,,2026-08-18T07:43:20.334023+09:00
Curriculum Atlas,education,True,,2026-08-18T07:43:20.334023+09:00
Curriculum Base,childcare,True,,2026-08-18T07:43:20.334023+09:00
Curriculum Beacon,childcare,True,,2026-08-18T07:43:20.334023+09:00
Curriculum Bridge,childcare,True,,2026-08-18T07:43:20.334023+09:00
Curriculum Cascade,childcare,True,,2026-08-18T07:43:20.334023+09:00
Curriculum Cockpit,education,True,,2026-08-18T07:43:20.334023+09:00
Curriculum Companion,education,True,,2026-08-18T07:43:20.334023+09:00
Curriculum Compass,childcare,True,,2026-08-18T07:43:20.334023+09:00
Curriculum Core,childcare,True,,2026-08-18T07:43:20.334023+09:00
Curriculum Dashboard,education,True,,2026-08-18T07:43:20.334023+09:00
Curriculum Engine,education,True,,2026-08-18T07:43:20.334023+09:00
Curriculum Forge,childcare,True,,2026-08-18T07:43:20.334023+09:00
Curriculum Frame,childcare,True,,2026-08-18T07:43:20.334023+09:00
Curriculum Gate,education,True,,2026-08-18T07:43:20.334023+09:00
Curriculum Grid,childcare,True,,2026-08-18T07:43:20.334023+09:00
Curriculum Guard,education,True,,2026-08-18T07:43:20.334023+09:00
Curriculum Insight,education,True,,2026-08-18T07:43:20.334023+09:00
Curriculum Keeper,education,True,,2026-08-18T07:43:20.334023+09:00
Curriculum Ledger,childcare,True,,2026-08-18T07:43:20.334023+09:00
Curriculum Lens,childcare,True,,2026-08-18T07:43:20.334023+09:00
Curriculum Lock,childcare,True,,2026-08-18T07:43:20.334023+09:00
Curriculum Loop,childcare,True,,2026-08-18T07:43:20.334023+09:00
Curriculum Manager,education,True,,2026-08-18T07:43:20.334023+09:00
Curriculum Map,childcare,True,,2026-08-18T07:43:20.334023+09:00
Curriculum Metrics,education,True,,2026-08-18T07:43:20.334023+09:00
Curriculum Monitor,education,True,,2026-08-18T07:43:20.334023+09:00
Curriculum Navigator,education,True,,2026-08-18T07:43:20.334023+09:00
Curriculum Nexus,education,True,,2026-08-18T07:43:20.334023+09:00
Curriculum Node,education,True,,2026-08-18T07:43:20.334023+09:00
Curriculum Ops,education,True,,2026-08-18T07:43:20.334023+09:00
Curriculum Organizer,education,True,,2026-08-18T07:43:20.334023+09:00
Curriculum Path,childcare,True,,2026-08-18T07:43:20.334023+09:00
Curriculum Planner,education,True,,2026-08-18T07:43:20.334023+09:00
Curriculum Point,childcare,True,,2026-08-18T07:43:20.334023+09:00
Curriculum Pulse,childcare,True,,2026-08-18T07:43:20.334023+09:00
Curriculum Register,education,True,,2026-08-18T07:43:20.334023+09:00
Curriculum Relay,childcare,True,,2026-08-18T07:43:20.334023+09:00
Curriculum Scheduler,education,True,,2026-08-18T07:43:20.334023+09:00
Curriculum Scope,childcare,True,,2026-08-18T07:43:20.334023+09:00
Curriculum Sentry,education,True,,2026-08-18T07:43:20.334023+09:00
Curriculum Signal,childcare,True,,2026-08-18T07:43:20.334023+09:00
Curriculum Suite,education,True,,2026-08-18T07:43:20.334023+09:00
Curriculum Tracker,education,True,,2026-08-18T07:43:20.334023+09:00
Curriculum Vault,childcare,True,,2026-08-18T07:43:20.334023+09:00
Curriculum Watch,childcare,True,,2026-08-18T07:43:20.334023+09:00
Curriculum Wave,childcare,True,,2026-08-18T07:43:20.334023+09:00
Customs Assistant,logistics,True,,2026-08-18T07:43:20.334023+09:00
Customs Atlas,logistics,True,,2026-08-18T07:43:20.334023+09:00
Customs Base,maritime_shipping,True,,2026-08-18T07:43:20.334023+09:00
Customs Board,maritime_shipping,True,,2026-08-18T07:43:20.334023+09:00
Customs Center,maritime_shipping,True,,2026-08-18T07:43:20.334023+09:00
Customs Cockpit,logistics,True,,2026-08-18T07:43:20.334023+09:00
Customs Companion,logistics,True,,2026-08-18T07:43:20.334023+09:00
Customs Core,maritime_shipping,True,,2026-08-18T07:43:20.334023+09:00
Customs Dashboard,logistics,True,,2026-08-18T07:43:20.334023+09:00
Customs Deck,maritime_shipping,True,,2026-08-18T07:43:20.334023+09:00
Customs Engine,logistics,True,,2026-08-18T07:43:20.334023+09:00
Customs Flow,logistics,True,,2026-08-18T07:43:20.334023+09:00
Customs Frame,maritime_shipping,True,,2026-08-18T07:43:20.334023+09:00
Customs Grid,maritime_shipping,True,,2026-08-18T07:43:20.334023+09:00
Customs Guard,logistics,True,,2026-08-18T07:43:20.334023+09:00
Customs Hub,logistics,True,,2026-08-18T07:43:20.334023+09:00
Customs Insight,logistics,True,,2026-08-18T07:43:20.334023+09:00
Customs Keeper,logistics,True,,2026-08-18T07:43:20.334023+09:00
Customs Lab,maritime_shipping,True,,2026-08-18T07:43:20.334023+09:00
Customs Ledger,maritime_shipping,True,,2026-08-18T07:43:20.334023+09:00
Customs Lens,maritime_shipping,True,,2026-08-18T07:43:20.334023+09:00
Customs Lock,maritime_shipping,True,,2026-08-18T07:43:20.334023+09:00
Customs Loop,maritime_shipping,True,,2026-08-18T07:43:20.334023+09:00
Customs Manager,logistics,True,,2026-08-18T07:43:20.334023+09:00
Customs Map,maritime_shipping,True,,2026-08-18T07:43:20.334023+09:00
Customs Metrics,logistics,True,,2026-08-18T07:43:20.334023+09:00
Customs Monitor,logistics,True,,2026-08-18T07:43:20.334023+09:00
Customs Navigator,logistics,True,,2026-08-18T07:43:20.334023+09:00
Customs Ops,logistics,True,,2026-08-18T07:43:20.334023+09:00
Customs Organizer,logistics,True,,2026-08-18T07:43:20.334023+09:00
Customs Path,maritime_shipping,True,,2026-08-18T07:43:20.334023+09:00
Customs Planner,logistics,True,,2026-08-18T07:43:20.334023+09:00
Customs Point,maritime_shipping,True,,2026-08-18T07:43:20.334023+09:00
Customs Portal,maritime_shipping,True,,2026-08-18T07:43:20.334023+09:00
Customs Pulse,maritime_shipping,True,,2026-08-18T07:43:20.334023+09:00
Customs Register,logistics,True,,2026-08-18T07:43:20.334023+09:00
Customs Scheduler,logistics,True,,2026-08-18T07:43:20.334023+09:00
Customs Scope,maritime_shipping,True,,2026-08-18T07:43:20.334023+09:00
Customs Sentry,logistics,True,,2026-08-18T07:43:20.334023+09:00
Customs Station,maritime_shipping,True,,2026-08-18T07:43:20.334023+09:00
Customs Studio,maritime_shipping,True,,2026-08-18T07:43:20.334023+09:00
Customs Suite,logistics,True,,2026-08-18T07:43:20.334023+09:00
Customs Sync,logistics,True,,2026-08-18T07:43:20.334023+09:00
Customs Terminal,maritime_shipping,True,,2026-08-18T07:43:20.334023+09:00
Customs Tracker,logistics,True,,2026-08-18T07:43:20.334023+09:00
Customs Watch,maritime_shipping,True,,2026-08-18T07:43:20.334023+09:00
Customs Wave,maritime_shipping,True,,2026-08-18T07:43:20.334023+09:00
Customs Zone,maritime_shipping,True,,2026-08-18T07:43:20.334023+09:00
Dealer Beacon,automotive,True,,2026-08-18T07:43:20.334023+09:00
Dealer Cascade,automotive,True,,2026-08-18T07:43:20.334023+09:00
Dealer Cockpit,automotive,True,,2026-08-18T07:43:20.334023+09:00
Dealer Companion,automotive,True,,2026-08-18T07:43:20.334023+09:00
Dealer Compass,automotive,True,,2026-08-18T07:43:20.334023+09:00
Dealer Dashboard,automotive,True,,2026-08-18T07:43:20.334023+09:00
Dealer Desk,automotive,True,,2026-08-18T07:43:20.334023+09:00
Dealer Flow,automotive,True,,2026-08-18T07:43:20.334023+09:00
Dealer Forge,automotive,True,,2026-08-18T07:43:20.334023+09:00
Dealer Guard,automotive,True,,2026-08-18T07:43:20.334023+09:00
Dealer Hub,automotive,True,,2026-08-18T07:43:20.334023+09:00
Dealer Insight,automotive,True,,2026-08-18T07:43:20.334023+09:00
Dealer Metrics,automotive,True,,2026-08-18T07:43:20.334023+09:00
Dealer Monitor,automotive,True,,2026-08-18T07:43:20.334023+09:00
Dealer Navigator,automotive,True,,2026-08-18T07:43:20.334023+09:00
Dealer Ops,automotive,True,,2026-08-18T07:43:20.334023+09:00
Dealer Pilot,automotive,True,,2026-08-18T07:43:20.334023+09:00
Dealer Radar,automotive,True,,2026-08-18T07:43:20.334023+09:00
Dealer Register,automotive,True,,2026-08-18T07:43:20.334023+09:00
Dealer Relay,automotive,True,,2026-08-18T07:43:20.334023+09:00
Dealer Sync,automotive,True,,2026-08-18T07:43:20.334023+09:00
Dealer Tracker,automotive,True,,2026-08-18T07:43:20.334023+09:00
Dealer Vault,automotive,True,,2026-08-18T07:43:20.334023+09:00
Deductible Atlas,insurance,True,,2026-08-18T07:43:20.334023+09:00
Deductible Center,insurance,True,,2026-08-18T07:43:20.334023+09:00
Deductible Chain,insurance,True,,2026-08-18T07:43:20.334023+09:00
Deductible Console,insurance,True,,2026-08-18T07:43:20.334023+09:00
Deductible Dial,insurance,True,,2026-08-18T07:43:20.334023+09:00
Deductible Dock,insurance,True,,2026-08-18T07:43:20.334023+09:00
Deductible Gate,insurance,True,,2026-08-18T07:43:20.334023+09:00
Deductible Keeper,insurance,True,,2026-08-18T07:43:20.334023+09:00
Deductible Lab,insurance,True,,2026-08-18T07:43:20.334023+09:00
Deductible Manager,insurance,True,,2026-08-18T07:43:20.334023+09:00
Deductible Meter,insurance,True,,2026-08-18T07:43:20.334023+09:00
Deductible Nexus,insurance,True,,2026-08-18T07:43:20.334023+09:00
Deductible Node,insurance,True,,2026-08-18T07:43:20.334023+09:00
Deductible Panel,insurance,True,,2026-08-18T07:43:20.334023+09:00
Deductible Portal,insurance,True,,2026-08-18T07:43:20.334023+09:00
Deductible Rail,insurance,True,,2026-08-18T07:43:20.334023+09:00
Deductible Ring,insurance,False,"TITLE_UNCLEAR: Ring is abstract, no SaaS function is suggested (established prior batches)",2026-08-18T07:43:20.334023+09:00
Deductible Route,insurance,True,,2026-08-18T07:43:20.334023+09:00
Deductible Scale,insurance,True,,2026-08-18T07:43:20.334023+09:00
Deductible Sentry,insurance,True,,2026-08-18T07:43:20.334023+09:00
Deductible Station,insurance,True,,2026-08-18T07:43:20.334023+09:00
Deductible Terminal,insurance,False,"TITLE_UNCLEAR: Terminal only reads clearly for transportation/maritime_shipping/aviation/logistics, industry=insurance",2026-08-18T07:43:20.334023+09:00
Deductible Trail,insurance,True,,2026-08-18T07:43:20.334023+09:00
Deductible Zone,insurance,True,,2026-08-18T07:43:20.334023+09:00
Defect Beacon,manufacturing,True,,2026-08-18T07:43:20.334023+09:00
Defect Cockpit,manufacturing,True,,2026-08-18T07:43:20.334023+09:00
Defect Companion,manufacturing,True,,2026-08-18T07:43:20.334023+09:00
Defect Compass,manufacturing,True,,2026-08-18T07:43:20.334023+09:00
Defect Dashboard,manufacturing,True,,2026-08-18T07:43:20.334023+09:00
Defect Desk,manufacturing,True,,2026-08-18T07:43:20.334023+09:00
Defect Flow,manufacturing,True,,2026-08-18T07:43:20.334023+09:00
Defect Forge,manufacturing,True,,2026-08-18T07:43:20.334023+09:00
Defect Guard,manufacturing,True,,2026-08-18T07:43:20.334023+09:00
Defect Hub,manufacturing,True,,2026-08-18T07:43:20.334023+09:00
Defect Insight,manufacturing,True,,2026-08-18T07:43:20.334023+09:00
Defect Metrics,manufacturing,True,,2026-08-18T07:43:20.334023+09:00
Defect Monitor,manufacturing,True,,2026-08-18T07:43:20.334023+09:00
Defect Navigator,manufacturing,True,,2026-08-18T07:43:20.334023+09:00
Defect Ops,manufacturing,True,,2026-08-18T07:43:20.334023+09:00
Defect Organizer,manufacturing,True,,2026-08-18T07:43:20.334023+09:00
Defect Pilot,manufacturing,True,,2026-08-18T07:43:20.334023+09:00
Defect Radar,manufacturing,True,,2026-08-18T07:43:20.334023+09:00
Defect Register,manufacturing,True,,2026-08-18T07:43:20.334023+09:00
Defect Relay,manufacturing,True,,2026-08-18T07:43:20.334023+09:00
Defect Scheduler,manufacturing,True,,2026-08-18T07:43:20.334023+09:00
Defect Sync,manufacturing,True,,2026-08-18T07:43:20.334023+09:00
Defect Tracker,manufacturing,True,,2026-08-18T07:43:20.334023+09:00
Defect Vault,manufacturing,True,,2026-08-18T07:43:20.334023+09:00
Delivery Assistant,laundry_dry_cleaning,True,,2026-08-18T07:43:20.334023+09:00
Delivery Atlas,laundry_dry_cleaning,True,,2026-08-18T07:43:20.334023+09:00
Delivery Chain,food_service,True,,2026-08-18T07:43:20.334023+09:00
Delivery Cockpit,laundry_dry_cleaning,True,,2026-08-18T07:43:20.334023+09:00
Delivery Companion,laundry_dry_cleaning,True,,2026-08-18T07:43:20.334023+09:00
Delivery Dashboard,laundry_dry_cleaning,True,,2026-08-18T07:43:20.334023+09:00
Delivery Dock,food_service,True,,2026-08-18T07:43:20.334023+09:00
Delivery Engine,laundry_dry_cleaning,True,,2026-08-18T07:43:20.334023+09:00
Delivery Flow,laundry_dry_cleaning,True,,2026-08-18T07:43:20.334023+09:00
Delivery Gate,food_service,True,,2026-08-18T07:43:20.334023+09:00
Delivery Guard,laundry_dry_cleaning,True,,2026-08-18T07:43:20.334023+09:00
Delivery Hub,laundry_dry_cleaning,True,,2026-08-18T07:43:20.334023+09:00
Delivery Insight,laundry_dry_cleaning,True,,2026-08-18T07:43:20.334023+09:00
Delivery Keeper,laundry_dry_cleaning,True,,2026-08-18T07:43:20.334023+09:00
Delivery Manager,laundry_dry_cleaning,True,,2026-08-18T07:43:20.334023+09:00
Delivery Metrics,laundry_dry_cleaning,True,,2026-08-18T07:43:20.334023+09:00
Delivery Monitor,laundry_dry_cleaning,True,,2026-08-18T07:43:20.334023+09:00
Delivery Navigator,laundry_dry_cleaning,True,,2026-08-18T07:43:20.334023+09:00
Delivery Nexus,food_service,True,,2026-08-18T07:43:20.334023+09:00
Delivery Node,food_service,True,,2026-08-18T07:43:20.334023+09:00
Delivery Ops,laundry_dry_cleaning,True,,2026-08-18T07:43:20.334023+09:00
Delivery Organizer,laundry_dry_cleaning,True,,2026-08-18T07:43:20.334023+09:00
Delivery Planner,laundry_dry_cleaning,True,,2026-08-18T07:43:20.334023+09:00
Delivery Rail,food_service,True,,2026-08-18T07:43:20.334023+09:00
Delivery Register,laundry_dry_cleaning,True,,2026-08-18T07:43:20.334023+09:00
Delivery Ring,food_service,False,"TITLE_UNCLEAR: Ring is abstract, no SaaS function is suggested (established prior batches)",2026-08-18T07:43:20.334023+09:00
Delivery Route,food_service,True,,2026-08-18T07:43:20.334023+09:00
Delivery Scheduler,laundry_dry_cleaning,True,,2026-08-18T07:43:20.334023+09:00
Delivery Sentry,laundry_dry_cleaning,True,,2026-08-18T07:43:20.334023+09:00
Delivery Suite,laundry_dry_cleaning,True,,2026-08-18T07:43:20.334023+09:00
Delivery Sync,laundry_dry_cleaning,True,,2026-08-18T07:43:20.334023+09:00
Delivery Tracker,laundry_dry_cleaning,True,,2026-08-18T07:43:20.334023+09:00
Delivery Trail,food_service,True,,2026-08-18T07:43:20.334023+09:00
Demand Anchor,energy_utilities,True,,2026-08-18T07:43:20.334023+09:00
Demand Base,energy_utilities,True,,2026-08-18T07:43:20.334023+09:00
Demand Beacon,energy_utilities,True,,2026-08-18T07:43:20.334023+09:00
Demand Board,energy_utilities,True,,2026-08-18T07:43:20.334023+09:00
Demand Bridge,energy_utilities,True,,2026-08-18T07:43:20.334023+09:00
Demand Cascade,energy_utilities,True,,2026-08-18T07:43:20.334023+09:00
Demand Core,energy_utilities,True,,2026-08-18T07:43:20.334023+09:00
Demand Deck,energy_utilities,True,,2026-08-18T07:43:20.334023+09:00
Demand Forge,energy_utilities,True,,2026-08-18T07:43:20.334023+09:00
Demand Frame,energy_utilities,True,,2026-08-18T07:43:20.334023+09:00
Demand Grid,energy_utilities,True,,2026-08-18T07:43:20.334023+09:00
Demand Ledger,energy_utilities,True,,2026-08-18T07:43:20.334023+09:00
Demand Lens,energy_utilities,True,,2026-08-18T07:43:20.334023+09:00
Demand Lock,energy_utilities,True,,2026-08-18T07:43:20.334023+09:00
Demand Loop,energy_utilities,True,,2026-08-18T07:43:20.334023+09:00
Demand Map,energy_utilities,True,,2026-08-18T07:43:20.334023+09:00
Demand Path,energy_utilities,True,,2026-08-18T07:43:20.334023+09:00
Demand Point,energy_utilities,True,,2026-08-18T07:43:20.334023+09:00
Demand Pulse,energy_utilities,True,,2026-08-18T07:43:20.334023+09:00
Demand Scope,energy_utilities,True,,2026-08-18T07:43:20.334023+09:00
Demand Signal,energy_utilities,True,,2026-08-18T07:43:20.334023+09:00
Demand Studio,energy_utilities,True,,2026-08-18T07:43:20.334023+09:00
Demand Watch,energy_utilities,True,,2026-08-18T07:43:20.334023+09:00
Demand Wave,energy_utilities,True,,2026-08-18T07:43:20.334023+09:00
Deployment Base,it_devops,True,,2026-08-18T07:43:20.334023+09:00
Deployment Board,it_devops,True,,2026-08-18T07:43:20.334023+09:00
Deployment Center,it_devops,True,,2026-08-18T07:43:20.334023+09:00
Deployment Console,it_devops,True,,2026-08-18T07:43:20.334023+09:00
Deployment Core,it_devops,True,,2026-08-18T07:43:20.334023+09:00
Deployment Deck,it_devops,True,,2026-08-18T07:43:20.334023+09:00
Deployment Dial,it_devops,True,,2026-08-18T07:43:20.334023+09:00
Deployment Frame,it_devops,True,,2026-08-18T07:43:20.334023+09:00
Deployment Lab,it_devops,True,,2026-08-18T07:43:20.334023+09:00
Deployment Ledger,it_devops,True,,2026-08-18T07:43:20.334023+09:00
Deployment Lens,it_devops,True,,2026-08-18T07:43:20.334023+09:00
Deployment Lock,it_devops,True,,2026-08-18T07:43:20.334023+09:00
Deployment Map,it_devops,True,,2026-08-18T07:43:20.334023+09:00
Deployment Meter,it_devops,True,,2026-08-18T07:43:20.334023+09:00
Deployment Panel,it_devops,True,,2026-08-18T07:43:20.334023+09:00
Deployment Path,it_devops,True,,2026-08-18T07:43:20.334023+09:00
Deployment Point,it_devops,True,,2026-08-18T07:43:20.334023+09:00
Deployment Portal,it_devops,True,,2026-08-18T07:43:20.334023+09:00
Deployment Pulse,it_devops,True,,2026-08-18T01:28:04.577831+09:00
Deployment Station,it_devops,True,,2026-08-18T07:43:20.334023+09:00
Deployment Studio,it_devops,True,,2026-08-18T07:43:20.334023+09:00
Deployment Terminal,it_devops,False,"TITLE_UNCLEAR: Terminal only reads clearly for transportation/maritime_shipping/aviation/logistics, industry=it_devops",2026-08-18T07:43:20.334023+09:00
Deployment Wave,it_devops,True,,2026-08-18T07:43:20.334023+09:00
Deployment Zone,it_devops,True,,2026-08-18T07:43:20.334023+09:00
Deposit Anchor,real_estate,True,,2026-08-18T07:43:20.334023+09:00
Deposit Beacon,real_estate,True,,2026-08-18T07:43:20.334023+09:00
Deposit Bridge,real_estate,True,,2026-08-18T07:43:20.334023+09:00
Deposit Cascade,real_estate,True,,2026-08-18T07:43:20.334023+09:00
Deposit Compass,real_estate,True,,2026-08-18T07:43:20.334023+09:00
Deposit Desk,real_estate,True,,2026-08-18T07:43:20.334023+09:00
Deposit Flow,real_estate,True,,2026-08-18T07:43:20.334023+09:00
Deposit Forge,real_estate,True,,2026-08-18T07:43:20.334023+09:00
Deposit Grid,real_estate,True,,2026-08-18T07:43:20.334023+09:00
Deposit Hub,real_estate,True,,2026-08-18T07:43:20.334023+09:00
Deposit Lock,real_estate,True,,2026-08-18T07:43:20.334023+09:00
Deposit Loop,real_estate,True,,2026-08-18T07:43:20.334023+09:00
Deposit Path,real_estate,True,,2026-08-18T07:43:20.334023+09:00
Deposit Pilot,real_estate,True,,2026-08-18T07:43:20.334023+09:00
Deposit Point,real_estate,True,,2026-08-18T07:43:20.334023+09:00
Deposit Pulse,real_estate,True,,2026-08-18T07:43:20.334023+09:00
Deposit Radar,real_estate,True,,2026-08-18T07:43:20.334023+09:00
Deposit Relay,real_estate,True,,2026-08-18T07:43:20.334023+09:00
Deposit Scope,real_estate,True,,2026-08-18T07:43:20.334023+09:00
Deposit Signal,real_estate,True,,2026-08-18T07:43:20.334023+09:00
Deposit Sync,real_estate,True,,2026-08-18T07:43:20.334023+09:00
Deposit Vault,real_estate,True,,2026-08-18T07:43:20.334023+09:00
Deposit Watch,real_estate,True,,2026-08-18T07:43:20.334023+09:00
Deposit Wave,real_estate,True,,2026-08-18T07:43:20.334023+09:00
Deposition Anchor,legal,True,,2026-08-18T07:43:20.334023+09:00
Deposition Beacon,legal,True,,2026-08-18T07:43:20.334023+09:00
Deposition Bridge,legal,True,,2026-08-18T07:43:20.334023+09:00
Deposition Cascade,legal,True,,2026-08-18T07:43:20.334023+09:00
Deposition Compass,legal,True,,2026-08-18T07:43:20.334023+09:00
Deposition Desk,legal,True,,2026-08-18T07:43:20.334023+09:00
Deposition Flow,legal,True,,2026-08-18T07:43:20.334023+09:00
Deposition Forge,legal,True,,2026-08-18T07:43:20.334023+09:00
Deposition Grid,legal,True,,2026-08-18T07:43:20.334023+09:00
Deposition Guard,legal,True,,2026-08-18T07:43:20.334023+09:00
Deposition Hub,legal,True,,2026-08-18T07:43:20.334023+09:00
Deposition Loop,legal,True,,2026-08-18T07:43:20.334023+09:00
Deposition Path,legal,True,,2026-08-18T07:43:20.334023+09:00
Deposition Pilot,legal,True,,2026-08-18T07:43:20.334023+09:00
Deposition Pulse,legal,True,,2026-08-18T07:43:20.334023+09:00
Deposition Radar,legal,True,,2026-08-18T07:43:20.334023+09:00
Deposition Relay,legal,True,,2026-08-18T07:43:20.334023+09:00
Deposition Scope,legal,True,,2026-08-18T07:43:20.334023+09:00
Deposition Signal,legal,True,,2026-08-18T07:43:20.334023+09:00
Deposition Sync,legal,True,,2026-08-18T07:43:20.334023+09:00
Deposition Tracker,legal,True,,2026-08-18T07:43:20.334023+09:00
Deposition Vault,legal,True,,2026-08-18T07:43:20.334023+09:00
Deposition Watch,legal,True,,2026-08-18T07:43:20.334023+09:00
Deposition Wave,legal,True,,2026-08-18T07:43:20.334023+09:00
Diagnosis Assistant,healthcare,True,,2026-08-18T07:43:20.334023+09:00
Diagnosis Atlas,healthcare,True,,2026-08-18T07:43:20.334023+09:00
Diagnosis Chain,healthcare,True,,2026-08-18T07:43:20.334023+09:00
Diagnosis Console,healthcare,True,,2026-08-18T07:43:20.334023+09:00
Diagnosis Dial,healthcare,True,,2026-08-18T07:43:20.334023+09:00
Diagnosis Dock,healthcare,True,,2026-08-18T07:43:20.334023+09:00
Diagnosis Engine,healthcare,True,,2026-08-18T07:43:20.334023+09:00
Diagnosis Gate,healthcare,True,,2026-08-18T07:43:20.334023+09:00
Diagnosis Keeper,healthcare,True,,2026-08-18T07:43:20.334023+09:00
Diagnosis Manager,healthcare,True,,2026-08-18T07:43:20.334023+09:00
Diagnosis Meter,healthcare,True,,2026-08-18T07:43:20.334023+09:00
Diagnosis Nexus,healthcare,True,,2026-08-18T07:43:20.334023+09:00
Diagnosis Node,healthcare,True,,2026-08-18T07:43:20.334023+09:00
Diagnosis Panel,healthcare,True,,2026-08-18T07:43:20.334023+09:00
Diagnosis Planner,healthcare,True,,2026-08-18T07:43:20.334023+09:00
Diagnosis Portal,healthcare,True,,2026-08-18T07:43:20.334023+09:00
Diagnosis Rail,healthcare,True,,2026-08-18T07:43:20.334023+09:00
Diagnosis Ring,healthcare,False,"TITLE_UNCLEAR: Ring is abstract, no SaaS function is suggested (established prior batches)",2026-08-18T07:43:20.334023+09:00
Diagnosis Route,healthcare,True,,2026-08-18T07:43:20.334023+09:00
Diagnosis Scale,healthcare,True,,2026-08-18T07:43:20.334023+09:00
Diagnosis Sentry,healthcare,True,,2026-08-18T07:43:20.334023+09:00
Diagnosis Suite,healthcare,True,,2026-08-18T07:43:20.334023+09:00
Diagnosis Trail,healthcare,True,,2026-08-18T07:43:20.334023+09:00
Discharge Anchor,healthcare,True,,2026-08-18T07:43:20.334023+09:00
Discharge Assistant,veterinary,True,,2026-08-18T07:43:20.334023+09:00
Discharge Atlas,veterinary,True,,2026-08-18T07:43:20.334023+09:00
Discharge Base,healthcare,True,,2026-08-18T07:43:20.334023+09:00
Discharge Beacon,healthcare,True,,2026-08-18T07:43:20.334023+09:00
Discharge Bridge,healthcare,True,,2026-08-18T07:43:20.334023+09:00
Discharge Cascade,healthcare,True,,2026-08-18T07:43:20.334023+09:00
Discharge Chain,veterinary,True,,2026-08-18T07:43:20.334023+09:00
Discharge Companion,senior_care,True,,2026-08-18T07:43:20.334023+09:00
Discharge Compass,healthcare,True,,2026-08-18T07:43:20.334023+09:00
Discharge Core,healthcare,True,,2026-08-18T07:43:20.334023+09:00
Discharge Desk,senior_care,True,,2026-08-18T07:43:20.334023+09:00
Discharge Dock,veterinary,True,,2026-08-18T07:43:20.334023+09:00
Discharge Engine,veterinary,True,,2026-08-18T07:43:20.334023+09:00
Discharge Flow,senior_care,True,,2026-08-18T07:43:20.334023+09:00
Discharge Forge,healthcare,True,,2026-08-18T07:43:20.334023+09:00
Discharge Frame,healthcare,True,,2026-08-18T07:43:20.334023+09:00
Discharge Gate,veterinary,True,,2026-08-18T07:43:20.334023+09:00
Discharge Grid,healthcare,True,,2026-08-18T07:43:20.334023+09:00
Discharge Guard,senior_care,True,,2026-08-18T07:43:20.334023+09:00
Discharge Hub,senior_care,True,,2026-08-18T07:43:20.334023+09:00
Discharge Insight,veterinary,True,,2026-08-18T07:43:20.334023+09:00
Discharge Keeper,veterinary,True,,2026-08-18T07:43:20.334023+09:00
Discharge Lens,healthcare,True,,2026-08-18T07:43:20.334023+09:00
Discharge Lock,healthcare,True,,2026-08-18T07:43:20.334023+09:00
Discharge Loop,healthcare,True,,2026-08-18T07:43:20.334023+09:00
Discharge Manager,veterinary,True,,2026-08-18T07:43:20.334023+09:00
Discharge Map,healthcare,True,,2026-08-18T07:43:20.334023+09:00
Discharge Metrics,veterinary,True,,2026-08-18T07:43:20.334023+09:00
Discharge Monitor,veterinary,True,,2026-08-18T07:43:20.334023+09:00
Discharge Nexus,veterinary,True,,2026-08-18T07:43:20.334023+09:00
Discharge Node,veterinary,True,,2026-08-18T07:43:20.334023+09:00
Discharge Ops,senior_care,True,,2026-08-18T07:43:20.334023+09:00
Discharge Organizer,veterinary,True,,2026-08-18T07:43:20.334023+09:00
Discharge Path,healthcare,True,,2026-08-18T07:43:20.334023+09:00
Discharge Pilot,senior_care,True,,2026-08-18T07:43:20.334023+09:00
Discharge Planner,veterinary,True,,2026-08-18T07:43:20.334023+09:00
Discharge Point,healthcare,True,,2026-08-18T07:43:20.334023+09:00
Discharge Pulse,healthcare,True,,2026-08-18T07:43:20.334023+09:00
Discharge Radar,senior_care,True,,2026-08-18T07:43:20.334023+09:00
Discharge Rail,veterinary,True,,2026-08-18T07:43:20.334023+09:00
Discharge Register,senior_care,True,,2026-08-18T07:43:20.334023+09:00
Discharge Relay,healthcare,True,,2026-08-18T07:43:20.334023+09:00
Discharge Ring,veterinary,False,"TITLE_UNCLEAR: Ring is abstract, no SaaS function is suggested (established prior batches)",2026-08-18T07:43:20.334023+09:00
Discharge Route,veterinary,True,,2026-08-18T07:43:20.334023+09:00
Discharge Scale,veterinary,True,,2026-08-18T07:43:20.334023+09:00
Discharge Scheduler,veterinary,True,,2026-08-18T07:43:20.334023+09:00
Discharge Scope,healthcare,True,,2026-08-18T07:43:20.334023+09:00
Discharge Sentry,veterinary,True,,2026-08-18T07:43:20.334023+09:00
Discharge Signal,healthcare,True,,2026-08-18T07:43:20.334023+09:00
Discharge Suite,veterinary,True,,2026-08-18T07:43:20.334023+09:00
Discharge Sync,senior_care,True,,2026-08-18T07:43:20.334023+09:00
Discharge Tracker,senior_care,True,,2026-08-18T07:43:20.334023+09:00
Discharge Trail,veterinary,True,,2026-08-18T07:43:20.334023+09:00
Discharge Vault,healthcare,True,,2026-08-18T07:43:20.334023+09:00
Discharge Watch,healthcare,True,,2026-08-18T07:43:20.334023+09:00
Discharge Wave,healthcare,True,,2026-08-18T07:43:20.334023+09:00
Discovery Assistant,legal,True,,2026-08-18T07:43:20.334023+09:00
Discovery Atlas,legal,True,,2026-08-18T07:43:20.334023+09:00
Discovery Cockpit,legal,True,,2026-08-18T07:43:20.334023+09:00
Discovery Companion,legal,True,,2026-08-18T07:43:20.334023+09:00
Discovery Dashboard,legal,True,,2026-08-18T07:43:20.334023+09:00
Discovery Engine,legal,True,,2026-08-18T07:43:20.334023+09:00
Discovery Gate,legal,True,,2026-08-18T07:43:20.334023+09:00
Discovery Guard,legal,True,,2026-08-18T07:43:20.334023+09:00
Discovery Insight,legal,True,,2026-08-18T07:43:20.334023+09:00
Discovery Keeper,legal,True,,2026-08-18T07:43:20.334023+09:00
Discovery Manager,legal,True,,2026-08-18T07:43:20.334023+09:00
Discovery Metrics,legal,True,,2026-08-18T07:43:20.334023+09:00
Discovery Monitor,legal,True,,2026-08-18T07:43:20.334023+09:00
Discovery Navigator,legal,True,,2026-08-18T07:43:20.334023+09:00
Discovery Nexus,legal,True,,2026-08-18T07:43:20.334023+09:00
Discovery Node,legal,True,,2026-08-18T07:43:20.334023+09:00
Discovery Ops,legal,True,,2026-08-18T07:43:20.334023+09:00
Discovery Organizer,legal,True,,2026-08-18T07:43:20.334023+09:00
Discovery Planner,legal,True,,2026-08-18T07:43:20.334023+09:00
Discovery Register,legal,True,,2026-08-18T07:43:20.334023+09:00
Discovery Scheduler,legal,True,,2026-08-18T07:43:20.334023+09:00
Discovery Sentry,legal,True,,2026-08-18T07:43:20.334023+09:00
Discovery Suite,legal,True,,2026-08-18T07:43:20.334023+09:00
Dispatch Anchor,logistics,True,,2026-08-18T07:43:20.334023+09:00
Dispatch Assistant,transportation,True,,2026-08-18T07:43:20.334023+09:00
Dispatch Atlas,transportation,True,,2026-08-18T07:43:20.334023+09:00
Dispatch Base,aviation,True,,2026-08-18T07:43:20.334023+09:00
Dispatch Beacon,logistics,True,,2026-08-18T07:43:20.334023+09:00
Dispatch Board,pest_control,True,,2026-08-18T07:43:20.334023+09:00
Dispatch Bridge,logistics,True,,2026-08-18T07:43:20.334023+09:00
Dispatch Cascade,logistics,True,,2026-08-18T07:43:20.334023+09:00
Dispatch Center,transportation,True,,2026-08-18T07:43:20.334023+09:00
Dispatch Chain,transportation,True,,2026-08-18T07:43:20.334023+09:00
Dispatch Console,transportation,True,,2026-08-18T07:43:20.334023+09:00
Dispatch Core,pest_control,True,,2026-08-18T07:43:20.334023+09:00
Dispatch Deck,pest_control,True,,2026-08-18T07:43:20.334023+09:00
Dispatch Dial,transportation,True,,2026-08-18T07:43:20.334023+09:00
Dispatch Dock,transportation,True,,2026-08-18T07:43:20.334023+09:00
Dispatch Engine,transportation,True,,2026-08-18T07:43:20.334023+09:00
Dispatch Forge,logistics,True,,2026-08-18T07:43:20.334023+09:00
Dispatch Frame,aviation,True,,2026-08-18T07:43:20.334023+09:00
Dispatch Gate,transportation,True,,2026-08-18T07:43:20.334023+09:00
Dispatch Grid,aviation,True,,2026-08-18T07:43:20.334023+09:00
Dispatch Keeper,transportation,True,,2026-08-18T07:43:20.334023+09:00
Dispatch Lab,pest_control,True,,2026-08-18T07:43:20.334023+09:00
Dispatch Ledger,pest_control,True,,2026-08-18T07:43:20.334023+09:00
Dispatch Lens,aviation,True,,2026-08-18T07:43:20.334023+09:00
Dispatch Lock,aviation,True,,2026-08-18T07:43:20.334023+09:00
Dispatch Loop,aviation,True,,2026-08-18T07:43:20.334023+09:00
Dispatch Manager,transportation,True,,2026-08-18T07:43:20.334023+09:00
Dispatch Map,aviation,True,,2026-08-18T07:43:20.334023+09:00
Dispatch Meter,transportation,True,,2026-08-18T07:43:20.334023+09:00
Dispatch Nexus,transportation,True,,2026-08-18T07:43:20.334023+09:00
Dispatch Node,transportation,True,,2026-08-18T07:43:20.334023+09:00
Dispatch Panel,transportation,True,,2026-08-18T07:43:20.334023+09:00
Dispatch Path,aviation,True,,2026-08-18T07:43:20.334023+09:00
Dispatch Point,aviation,True,,2026-08-18T07:43:20.334023+09:00
Dispatch Portal,transportation,True,,2026-08-18T07:43:20.334023+09:00
Dispatch Pulse,aviation,True,,2026-08-18T07:43:20.334023+09:00
Dispatch Rail,transportation,True,,2026-08-18T07:43:20.334023+09:00
Dispatch Ring,transportation,False,"TITLE_UNCLEAR: Ring is abstract, no SaaS function is suggested (established prior batches)",2026-08-18T07:43:20.334023+09:00
Dispatch Route,transportation,True,,2026-08-18T07:43:20.334023+09:00
Dispatch Scale,transportation,True,,2026-08-18T07:43:20.334023+09:00
Dispatch Scope,aviation,True,,2026-08-18T07:43:20.334023+09:00
Dispatch Sentry,transportation,True,,2026-08-18T07:43:20.334023+09:00
Dispatch Signal,logistics,True,,2026-08-18T07:43:20.334023+09:00
Dispatch Station,pest_control,True,,2026-08-18T07:43:20.334023+09:00
Dispatch Studio,pest_control,True,,2026-08-18T07:43:20.334023+09:00
Dispatch Suite,transportation,True,,2026-08-18T07:43:20.334023+09:00
Dispatch Terminal,pest_control,False,"TITLE_UNCLEAR: Terminal only reads clearly for transportation/maritime_shipping/aviation/logistics, industry=pest_control",2026-08-18T07:43:20.334023+09:00
Dispatch Trail,transportation,True,,2026-08-18T07:43:20.334023+09:00
Dispatch Watch,logistics,True,,2026-08-18T07:43:20.334023+09:00
Dispatch Wave,aviation,True,,2026-08-18T07:43:20.334023+09:00
Dispatch Zone,transportation,True,,2026-08-18T07:43:20.334023+09:00
Dispensing Base,pharmacy,True,,2026-08-18T07:43:20.334023+09:00
Dispensing Board,pharmacy,True,,2026-08-18T07:43:20.334023+09:00
Dispensing Center,pharmacy,True,,2026-08-18T07:43:20.334023+09:00
Dispensing Console,pharmacy,True,,2026-08-18T07:43:20.334023+09:00
Dispensing Core,pharmacy,True,,2026-08-18T07:43:20.334023+09:00
Dispensing Deck,pharmacy,True,,2026-08-18T07:43:20.334023+09:00
Dispensing Dial,pharmacy,True,,2026-08-18T07:43:20.334023+09:00
Dispensing Dock,pharmacy,True,,2026-08-18T07:43:20.334023+09:00
Dispensing Frame,pharmacy,True,,2026-08-18T07:43:20.334023+09:00
Dispensing Lab,pharmacy,True,,2026-08-18T07:43:20.334023+09:00
Dispensing Ledger,pharmacy,True,,2026-08-18T07:43:20.334023+09:00
Dispensing Lens,pharmacy,True,,2026-08-18T07:43:20.334023+09:00
Dispensing Map,pharmacy,True,,2026-08-18T07:43:20.334023+09:00
Dispensing Meter,pharmacy,True,,2026-08-18T07:43:20.334023+09:00
Dispensing Panel,pharmacy,True,,2026-08-18T07:43:20.334023+09:00
Dispensing Portal,pharmacy,True,,2026-08-18T07:43:20.334023+09:00
Dispensing Rail,pharmacy,True,,2026-08-18T07:43:20.334023+09:00
Dispensing Route,pharmacy,True,,2026-08-18T07:43:20.334023+09:00
Dispensing Scale,pharmacy,True,,2026-08-18T07:43:20.334023+09:00
Dispensing Station,pharmacy,True,,2026-08-18T07:43:20.334023+09:00
Dispensing Studio,pharmacy,True,,2026-08-18T07:43:20.334023+09:00
Dispensing Terminal,pharmacy,False,"TITLE_UNCLEAR: Terminal only reads clearly for transportation/maritime_shipping/aviation/logistics, industry=pharmacy",2026-08-18T07:43:20.334023+09:00
Dispensing Trail,pharmacy,True,,2026-08-18T07:43:20.334023+09:00
Dispensing Zone,pharmacy,True,,2026-08-18T07:43:20.334023+09:00
Distribution Assistant,media_publishing,True,,2026-08-18T07:43:20.334023+09:00
Distribution Cockpit,media_publishing,True,,2026-08-18T07:43:20.334023+09:00
Distribution Companion,media_publishing,True,,2026-08-18T07:43:20.334023+09:00
Distribution Dashboard,media_publishing,True,,2026-08-18T07:43:20.334023+09:00
Distribution Engine,media_publishing,True,,2026-08-18T07:43:20.334023+09:00
Distribution Flow,media_publishing,True,,2026-08-18T07:43:20.334023+09:00
Distribution Guard,media_publishing,True,,2026-08-18T07:43:20.334023+09:00
Distribution Hub,media_publishing,True,,2026-08-18T07:43:20.334023+09:00
Distribution Insight,media_publishing,True,,2026-08-18T07:43:20.334023+09:00
Distribution Keeper,media_publishing,True,,2026-08-18T07:43:20.334023+09:00
Distribution Manager,media_publishing,True,,2026-08-18T07:43:20.334023+09:00
Distribution Metrics,media_publishing,True,,2026-08-18T07:43:20.334023+09:00
Distribution Monitor,media_publishing,True,,2026-08-18T07:43:20.334023+09:00
Distribution Navigator,media_publishing,True,,2026-08-18T07:43:20.334023+09:00
Distribution Ops,media_publishing,True,,2026-08-18T07:43:20.334023+09:00
Distribution Organizer,media_publishing,True,,2026-08-18T07:43:20.334023+09:00
Distribution Pilot,media_publishing,True,,2026-08-18T07:43:20.334023+09:00
Distribution Planner,media_publishing,True,,2026-08-18T07:43:20.334023+09:00
Distribution Register,media_publishing,True,,2026-08-18T07:43:20.334023+09:00
Distribution Scheduler,media_publishing,True,,2026-08-18T07:43:20.334023+09:00
Distribution Suite,media_publishing,True,,2026-08-18T07:43:20.334023+09:00
Distribution Sync,media_publishing,True,,2026-08-18T07:43:20.334023+09:00
Distribution Tracker,media_publishing,True,,2026-08-18T07:43:20.334023+09:00
Docket Assistant,legal,True,,2026-08-18T07:43:20.334023+09:00
Docket Atlas,legal,True,,2026-08-18T07:43:20.334023+09:00
Docket Chain,legal,True,,2026-08-18T07:43:20.334023+09:00
Docket Dock,legal,True,,2026-08-18T07:43:20.334023+09:00
Docket Engine,legal,True,,2026-08-18T07:43:20.334023+09:00
Docket Gate,legal,True,,2026-08-18T07:43:20.334023+09:00
Docket Insight,legal,True,,2026-08-18T07:43:20.334023+09:00
Docket Keeper,legal,True,,2026-08-18T07:43:20.334023+09:00
Docket Manager,legal,True,,2026-08-18T07:43:20.334023+09:00
Docket Meter,legal,True,,2026-08-18T01:30:57.525706+09:00
Docket Metrics,legal,True,,2026-08-18T07:43:20.334023+09:00
Docket Monitor,legal,True,,2026-08-18T07:43:20.334023+09:00
Docket Nexus,legal,True,,2026-08-18T07:43:20.334023+09:00
Docket Node,legal,True,,2026-08-18T07:43:20.334023+09:00
Docket Organizer,legal,True,,2026-08-18T07:43:20.334023+09:00
Docket Planner,legal,True,,2026-08-18T07:43:20.334023+09:00
Docket Rail,legal,True,,2026-08-18T07:43:20.334023+09:00
Docket Ring,legal,False,"TITLE_UNCLEAR: Ring is abstract, no SaaS function is suggested (established prior batches)",2026-08-18T07:43:20.334023+09:00
Docket Route,legal,True,,2026-08-18T07:43:20.334023+09:00
Docket Scale,legal,True,,2026-08-18T07:43:20.334023+09:00
Docket Scheduler,legal,True,,2026-08-18T07:43:20.334023+09:00
Docket Sentry,legal,True,,2026-08-18T07:43:20.334023+09:00
Docket Suite,legal,True,,2026-08-18T07:43:20.334023+09:00
Docket Trail,legal,True,,2026-08-18T07:43:20.334023+09:00
Donor Anchor,nonprofit,True,,2026-08-18T07:43:20.334023+09:00
Donor Base,nonprofit,True,,2026-08-18T07:43:20.334023+09:00
Donor Board,nonprofit,True,,2026-08-18T07:43:20.334023+09:00
Donor Bridge,nonprofit,True,,2026-08-18T01:28:04.577831+09:00
Donor Core,nonprofit,True,,2026-08-18T07:43:20.334023+09:00
Donor Deck,nonprofit,True,,2026-08-18T07:43:20.334023+09:00
Donor Frame,nonprofit,True,,2026-08-18T07:43:20.334023+09:00
Donor Grid,nonprofit,True,,2026-08-18T07:43:20.334023+09:00
Donor Lab,nonprofit,True,,2026-08-18T07:43:20.334023+09:00
Donor Ledger,nonprofit,True,,2026-08-18T07:43:20.334023+09:00
Donor Lens,nonprofit,True,,2026-08-18T07:43:20.334023+09:00
Donor Lock,nonprofit,True,,2026-08-18T07:43:20.334023+09:00
Donor Loop,nonprofit,True,,2026-08-18T07:43:20.334023+09:00
Donor Map,nonprofit,True,,2026-08-18T07:43:20.334023+09:00
Donor Path,nonprofit,True,,2026-08-18T07:43:20.334023+09:00
Donor Point,nonprofit,True,,2026-08-18T07:43:20.334023+09:00
Donor Pulse,nonprofit,True,,2026-08-18T07:43:20.334023+09:00
Donor Scope,nonprofit,True,,2026-08-18T07:43:20.334023+09:00
Donor Signal,nonprofit,True,,2026-08-18T07:43:20.334023+09:00
Donor Station,nonprofit,True,,2026-08-18T07:43:20.334023+09:00
Donor Studio,nonprofit,True,,2026-08-18T07:43:20.334023+09:00
Donor Terminal,nonprofit,False,"TITLE_UNCLEAR: Terminal only reads clearly for transportation/maritime_shipping/aviation/logistics, industry=nonprofit",2026-08-18T07:43:20.334023+09:00
Donor Watch,nonprofit,True,,2026-08-18T07:43:20.334023+09:00
Donor Wave,nonprofit,True,,2026-08-18T07:43:20.334023+09:00
Downtime Board,manufacturing,True,,2026-08-18T07:43:20.334023+09:00
Downtime Center,manufacturing,True,,2026-08-18T07:43:20.334023+09:00
Downtime Chain,manufacturing,True,,2026-08-18T07:43:20.334023+09:00
Downtime Console,manufacturing,True,,2026-08-18T07:43:20.334023+09:00
Downtime Deck,manufacturing,True,,2026-08-18T07:43:20.334023+09:00
Downtime Dial,manufacturing,True,,2026-08-18T07:43:20.334023+09:00
Downtime Dock,manufacturing,True,,2026-08-18T07:43:20.334023+09:00
Downtime Gate,manufacturing,True,,2026-08-18T07:43:20.334023+09:00
Downtime Lab,manufacturing,True,,2026-08-18T07:43:20.334023+09:00
Downtime Ledger,manufacturing,True,,2026-08-18T07:43:20.334023+09:00
Downtime Meter,manufacturing,True,,2026-08-18T07:43:20.334023+09:00
Downtime Nexus,manufacturing,True,,2026-08-18T07:43:20.334023+09:00
Downtime Node,manufacturing,True,,2026-08-18T07:43:20.334023+09:00
Downtime Panel,manufacturing,True,,2026-08-18T07:43:20.334023+09:00
Downtime Portal,manufacturing,True,,2026-08-18T07:43:20.334023+09:00
Downtime Rail,manufacturing,True,,2026-08-18T07:43:20.334023+09:00
Downtime Ring,manufacturing,False,"TITLE_UNCLEAR: Ring is abstract, no SaaS function is suggested (established prior batches)",2026-08-18T07:43:20.334023+09:00
Downtime Route,manufacturing,True,,2026-08-18T07:43:20.334023+09:00
Downtime Scale,manufacturing,True,,2026-08-18T07:43:20.334023+09:00
Downtime Station,manufacturing,True,,2026-08-18T07:43:20.334023+09:00
Downtime Studio,manufacturing,True,,2026-08-18T07:43:20.334023+09:00
Downtime Terminal,manufacturing,False,"TITLE_UNCLEAR: Terminal only reads clearly for transportation/maritime_shipping/aviation/logistics, industry=manufacturing",2026-08-18T07:43:20.334023+09:00
Downtime Trail,manufacturing,True,,2026-08-18T07:43:20.334023+09:00
Downtime Zone,manufacturing,True,,2026-08-18T07:43:20.334023+09:00
Driver Anchor,transportation,True,,2026-08-18T07:43:20.334023+09:00
Driver Base,transportation,True,,2026-08-18T07:43:20.334023+09:00
Driver Beacon,transportation,True,,2026-08-18T07:43:20.334023+09:00
Driver Bridge,transportation,True,,2026-08-18T07:43:20.334023+09:00
Driver Cascade,transportation,True,,2026-08-18T07:43:20.334023+09:00
Driver Compass,transportation,True,,2026-08-18T07:43:20.334023+09:00
Driver Desk,transportation,True,,2026-08-18T07:43:20.334023+09:00
Driver Forge,transportation,True,,2026-08-18T07:43:20.334023+09:00
Driver Frame,transportation,True,,2026-08-18T07:43:20.334023+09:00
Driver Grid,transportation,True,,2026-08-18T07:43:20.334023+09:00
Driver Lens,transportation,True,,2026-08-18T07:43:20.334023+09:00
Driver Lock,transportation,True,,2026-08-18T07:43:20.334023+09:00
Driver Loop,transportation,True,,2026-08-18T07:43:20.334023+09:00
Driver Map,transportation,True,,2026-08-18T07:43:20.334023+09:00
Driver Path,transportation,True,,2026-08-18T07:43:20.334023+09:00
Driver Point,transportation,True,,2026-08-18T07:43:20.334023+09:00
Driver Pulse,transportation,True,,2026-08-18T07:43:20.334023+09:00
Driver Radar,transportation,True,,2026-08-18T07:43:20.334023+09:00
Driver Relay,transportation,True,,2026-08-18T07:43:20.334023+09:00
Driver Scope,transportation,True,,2026-08-18T07:43:20.334023+09:00
Driver Signal,transportation,True,,2026-08-18T07:43:20.334023+09:00
Driver Vault,transportation,True,,2026-08-18T07:43:20.334023+09:00
Driver Watch,transportation,True,,2026-08-18T07:43:20.334023+09:00
Driver Wave,transportation,True,,2026-08-18T07:43:20.334023+09:00
Editorial Base,media_publishing,True,,2026-08-18T07:43:20.334023+09:00
Editorial Board,media_publishing,True,,2026-08-18T07:43:20.334023+09:00
Editorial Center,media_publishing,True,,2026-08-18T07:43:20.334023+09:00
Editorial Core,media_publishing,True,,2026-08-18T07:43:20.334023+09:00
Editorial Deck,media_publishing,True,,2026-08-18T07:43:20.334023+09:00
Editorial Frame,media_publishing,True,,2026-08-18T07:43:20.334023+09:00
Editorial Grid,media_publishing,True,,2026-08-18T07:43:20.334023+09:00
Editorial Lab,media_publishing,True,,2026-08-18T07:43:20.334023+09:00
Editorial Ledger,media_publishing,True,,2026-08-18T07:43:20.334023+09:00
Editorial Lens,media_publishing,True,,2026-08-18T07:43:20.334023+09:00
Editorial Lock,media_publishing,True,,2026-08-18T07:43:20.334023+09:00
Editorial Loop,media_publishing,True,,2026-08-18T07:43:20.334023+09:00
Editorial Map,media_publishing,True,,2026-08-18T07:43:20.334023+09:00
Editorial Path,media_publishing,True,,2026-08-18T07:43:20.334023+09:00
Editorial Point,media_publishing,True,,2026-08-18T07:43:20.334023+09:00
Editorial Portal,media_publishing,True,,2026-08-18T07:43:20.334023+09:00
Editorial Pulse,media_publishing,True,,2026-08-18T07:43:20.334023+09:00
Editorial Scope,media_publishing,True,,2026-08-18T07:43:20.334023+09:00
Editorial Station,media_publishing,True,,2026-08-18T07:43:20.334023+09:00
Editorial Studio,media_publishing,True,,2026-08-18T07:43:20.334023+09:00
Editorial Terminal,media_publishing,False,"TITLE_UNCLEAR: Terminal only reads clearly for transportation/maritime_shipping/aviation/logistics, industry=media_publishing",2026-08-18T07:43:20.334023+09:00
Editorial Watch,media_publishing,True,,2026-08-18T01:28:04.577831+09:00
Editorial Wave,media_publishing,True,,2026-08-18T07:43:20.334023+09:00
Editorial Zone,media_publishing,True,,2026-08-18T07:43:20.334023+09:00
Efficiency Assistant,energy_utilities,True,,2026-08-18T07:43:20.334023+09:00
Efficiency Atlas,energy_utilities,True,,2026-08-18T07:43:20.334023+09:00
Efficiency Cockpit,energy_utilities,True,,2026-08-18T07:43:20.334023+09:00
Efficiency Companion,energy_utilities,True,,2026-08-18T07:43:20.334023+09:00
Efficiency Dashboard,energy_utilities,True,,2026-08-18T07:43:20.334023+09:00
Efficiency Engine,energy_utilities,True,,2026-08-18T07:43:20.334023+09:00
Efficiency Gate,energy_utilities,True,,2026-08-18T07:43:20.334023+09:00
Efficiency Guard,energy_utilities,True,,2026-08-18T07:43:20.334023+09:00
Efficiency Insight,energy_utilities,True,,2026-08-18T07:43:20.334023+09:00
Efficiency Keeper,energy_utilities,True,,2026-08-18T07:43:20.334023+09:00
Efficiency Manager,energy_utilities,True,,2026-08-18T07:43:20.334023+09:00
Efficiency Metrics,energy_utilities,True,,2026-08-18T07:43:20.334023+09:00
Efficiency Monitor,energy_utilities,True,,2026-08-18T07:43:20.334023+09:00
Efficiency Navigator,energy_utilities,True,,2026-08-18T07:43:20.334023+09:00
Efficiency Nexus,energy_utilities,True,,2026-08-18T07:43:20.334023+09:00
Efficiency Ops,energy_utilities,True,,2026-08-18T07:43:20.334023+09:00
Efficiency Organizer,energy_utilities,True,,2026-08-18T07:43:20.334023+09:00
Efficiency Planner,energy_utilities,True,,2026-08-18T07:43:20.334023+09:00
Efficiency Register,energy_utilities,True,,2026-08-18T07:43:20.334023+09:00
Efficiency Scheduler,energy_utilities,True,,2026-08-18T07:43:20.334023+09:00
Efficiency Sentry,energy_utilities,True,,2026-08-18T07:43:20.334023+09:00
Efficiency Suite,energy_utilities,True,,2026-08-18T07:43:20.334023+09:00
Efficiency Tracker,energy_utilities,True,,2026-08-18T07:43:20.334023+09:00
Endpoint Base,cybersecurity,True,,2026-08-18T07:43:20.334023+09:00
Endpoint Board,cybersecurity,True,,2026-08-18T07:43:20.334023+09:00
Endpoint Center,cybersecurity,True,,2026-08-18T07:43:20.334023+09:00
Endpoint Console,cybersecurity,True,,2026-08-18T07:43:20.334023+09:00
Endpoint Core,cybersecurity,True,,2026-08-18T07:43:20.334023+09:00
Endpoint Deck,cybersecurity,True,,2026-08-18T07:43:20.334023+09:00
Endpoint Frame,cybersecurity,True,,2026-08-18T07:43:20.334023+09:00
Endpoint Grid,cybersecurity,True,,2026-08-18T07:43:20.334023+09:00
Endpoint Lab,cybersecurity,True,,2026-08-18T07:43:20.334023+09:00
Endpoint Ledger,cybersecurity,True,,2026-08-18T07:43:20.334023+09:00
Endpoint Lens,cybersecurity,True,,2026-08-18T07:43:20.334023+09:00
Endpoint Lock,cybersecurity,True,,2026-08-18T07:43:20.334023+09:00
Endpoint Loop,cybersecurity,True,,2026-08-18T07:43:20.334023+09:00
Endpoint Map,cybersecurity,True,,2026-08-18T07:43:20.334023+09:00
Endpoint Path,cybersecurity,True,,2026-08-18T07:43:20.334023+09:00
Endpoint Point,cybersecurity,True,,2026-08-18T07:43:20.334023+09:00
Endpoint Portal,cybersecurity,True,,2026-08-18T07:43:20.334023+09:00
Endpoint Pulse,cybersecurity,True,,2026-08-18T07:43:20.334023+09:00
Endpoint Scope,cybersecurity,True,,2026-08-18T07:43:20.334023+09:00
Endpoint Station,cybersecurity,True,,2026-08-18T07:43:20.334023+09:00
Endpoint Studio,cybersecurity,True,,2026-08-18T07:43:20.334023+09:00
Endpoint Terminal,cybersecurity,False,"TITLE_UNCLEAR: Terminal only reads clearly for transportation/maritime_shipping/aviation/logistics, industry=cybersecurity",2026-08-18T07:43:20.334023+09:00
Endpoint Wave,cybersecurity,True,,2026-08-18T07:43:20.334023+09:00
Endpoint Zone,cybersecurity,True,,2026-08-18T07:43:20.334023+09:00
Engagement Assistant,marketing,True,,2026-08-18T07:43:20.334023+09:00
Engagement Atlas,marketing,True,,2026-08-18T07:43:20.334023+09:00
Engagement Chain,marketing,True,,2026-08-18T07:43:20.334023+09:00
Engagement Cockpit,marketing,True,,2026-08-18T07:43:20.334023+09:00
Engagement Dashboard,marketing,True,,2026-08-18T07:43:20.334023+09:00
Engagement Dock,marketing,True,,2026-08-18T07:43:20.334023+09:00
Engagement Engine,marketing,True,,2026-08-18T07:43:20.334023+09:00
Engagement Gate,marketing,True,,2026-08-18T07:43:20.334023+09:00
Engagement Insight,marketing,True,,2026-08-18T07:43:20.334023+09:00
Engagement Keeper,marketing,True,,2026-08-18T07:43:20.334023+09:00
Engagement Manager,marketing,True,,2026-08-18T07:43:20.334023+09:00
Engagement Metrics,marketing,True,,2026-08-18T07:43:20.334023+09:00
Engagement Monitor,marketing,True,,2026-08-18T07:43:20.334023+09:00
Engagement Nexus,marketing,True,,2026-08-18T07:43:20.334023+09:00
Engagement Node,marketing,True,,2026-08-18T07:43:20.334023+09:00
Engagement Organizer,marketing,True,,2026-08-18T07:43:20.334023+09:00
Engagement Planner,marketing,True,,2026-08-18T07:43:20.334023+09:00
Engagement Rail,marketing,True,,2026-08-18T07:43:20.334023+09:00
Engagement Ring,marketing,False,"TITLE_UNCLEAR: Ring is abstract, no SaaS function is suggested (established prior batches)",2026-08-18T07:43:20.334023+09:00
Engagement Route,marketing,True,,2026-08-18T07:43:20.334023+09:00
Engagement Scheduler,marketing,True,,2026-08-18T07:43:20.334023+09:00
Engagement Sentry,marketing,True,,2026-08-18T07:43:20.334023+09:00
Engagement Suite,marketing,True,,2026-08-18T07:43:20.334023+09:00
Engagement Trail,marketing,True,,2026-08-18T07:43:20.334023+09:00
Enrollment Anchor,education,True,,2026-08-18T07:43:20.334023+09:00
Enrollment Base,education,True,,2026-08-18T07:43:20.334023+09:00
Enrollment Beacon,education,True,,2026-08-18T07:43:20.334023+09:00
Enrollment Board,childcare,True,,2026-08-18T07:43:20.334023+09:00
Enrollment Bridge,education,True,,2026-08-18T07:43:20.334023+09:00
Enrollment Cascade,education,True,,2026-08-18T07:43:20.334023+09:00
Enrollment Center,childcare,True,,2026-08-18T07:43:20.334023+09:00
Enrollment Chain,childcare,True,,2026-08-18T07:43:20.334023+09:00
Enrollment Compass,education,True,,2026-08-18T01:28:04.577831+09:00
Enrollment Console,childcare,True,,2026-08-18T07:43:20.334023+09:00
Enrollment Core,childcare,True,,2026-08-18T01:30:57.525706+09:00
Enrollment Deck,childcare,True,,2026-08-18T07:43:20.334023+09:00
Enrollment Dial,childcare,True,,2026-08-18T07:43:20.334023+09:00
Enrollment Dock,childcare,True,,2026-08-18T07:43:20.334023+09:00
Enrollment Forge,education,True,,2026-08-18T07:43:20.334023+09:00
Enrollment Frame,education,True,,2026-08-18T07:43:20.334023+09:00
Enrollment Gate,childcare,True,,2026-08-18T07:43:20.334023+09:00
Enrollment Grid,education,True,,2026-08-18T07:43:20.334023+09:00
Enrollment Lab,childcare,True,,2026-08-18T07:43:20.334023+09:00
Enrollment Ledger,childcare,True,,2026-08-18T07:43:20.334023+09:00
Enrollment Lens,education,True,,2026-08-18T07:43:20.334023+09:00
Enrollment Lock,education,True,,2026-08-18T07:43:20.334023+09:00
Enrollment Loop,education,True,,2026-08-18T07:43:20.334023+09:00
Enrollment Map,education,True,,2026-08-18T07:43:20.334023+09:00
Enrollment Meter,childcare,True,,2026-08-18T07:43:20.334023+09:00
Enrollment Node,childcare,True,,2026-08-18T07:43:20.334023+09:00
Enrollment Panel,childcare,True,,2026-08-18T07:43:20.334023+09:00
Enrollment Path,education,True,,2026-08-18T07:43:20.334023+09:00
Enrollment Point,education,True,,2026-08-18T07:43:20.334023+09:00
Enrollment Portal,childcare,True,,2026-08-18T07:43:20.334023+09:00
Enrollment Pulse,education,True,,2026-08-18T07:43:20.334023+09:00
Enrollment Rail,childcare,True,,2026-08-18T07:43:20.334023+09:00
Enrollment Ring,childcare,False,"TITLE_UNCLEAR: Ring is abstract, no SaaS function is suggested (established prior batches)",2026-08-18T07:43:20.334023+09:00
Enrollment Route,childcare,True,,2026-08-18T07:43:20.334023+09:00
Enrollment Scale,childcare,True,,2026-08-18T07:43:20.334023+09:00
Enrollment Scope,education,True,,2026-08-18T07:43:20.334023+09:00
Enrollment Signal,education,True,,2026-08-18T07:43:20.334023+09:00
Enrollment Station,childcare,True,,2026-08-18T07:43:20.334023+09:00
Enrollment Studio,childcare,True,,2026-08-18T07:43:20.334023+09:00
Enrollment Terminal,childcare,False,"TITLE_UNCLEAR: Terminal only reads clearly for transportation/maritime_shipping/aviation/logistics, industry=childcare",2026-08-18T07:43:20.334023+09:00
Enrollment Trail,childcare,True,,2026-08-18T07:43:20.334023+09:00
Enrollment Watch,education,True,,2026-08-18T07:43:20.334023+09:00
Enrollment Wave,education,True,,2026-08-18T07:43:20.334023+09:00
Enrollment Zone,childcare,True,,2026-08-18T07:43:20.334023+09:00
Equipment Assistant,mining,True,,2026-08-18T07:43:20.334023+09:00
Equipment Atlas,mining,True,,2026-08-18T07:43:20.334023+09:00
Equipment Board,landscaping,True,,2026-08-18T07:43:20.334023+09:00
Equipment Center,landscaping,True,,2026-08-18T07:43:20.334023+09:00
Equipment Chain,landscaping,True,,2026-08-18T07:43:20.334023+09:00
Equipment Cockpit,mining,True,,2026-08-18T07:43:20.334023+09:00
Equipment Companion,mining,True,,2026-08-18T07:43:20.334023+09:00
Equipment Console,landscaping,True,,2026-08-18T07:43:20.334023+09:00
Equipment Dashboard,mining,True,,2026-08-18T07:43:20.334023+09:00
Equipment Deck,landscaping,True,,2026-08-18T07:43:20.334023+09:00
Equipment Dial,landscaping,True,,2026-08-18T07:43:20.334023+09:00
Equipment Dock,landscaping,True,,2026-08-18T07:43:20.334023+09:00
Equipment Engine,mining,True,,2026-08-18T07:43:20.334023+09:00
Equipment Gate,mining,True,,2026-08-18T07:43:20.334023+09:00
Equipment Guard,mining,True,,2026-08-18T07:43:20.334023+09:00
Equipment Insight,mining,True,,2026-08-18T07:43:20.334023+09:00
Equipment Keeper,mining,True,,2026-08-18T07:43:20.334023+09:00
Equipment Lab,landscaping,True,,2026-08-18T07:43:20.334023+09:00
Equipment Ledger,landscaping,True,,2026-08-18T07:43:20.334023+09:00
Equipment Manager,mining,True,,2026-08-18T07:43:20.334023+09:00
Equipment Meter,landscaping,True,,2026-08-18T07:43:20.334023+09:00
Equipment Metrics,mining,True,,2026-08-18T07:43:20.334023+09:00
Equipment Monitor,mining,True,,2026-08-18T07:43:20.334023+09:00
Equipment Navigator,mining,True,,2026-08-18T07:43:20.334023+09:00
Equipment Nexus,mining,True,,2026-08-18T07:43:20.334023+09:00
Equipment Node,mining,True,,2026-08-18T07:43:20.334023+09:00
Equipment Ops,mining,True,,2026-08-18T07:43:20.334023+09:00
Equipment Organizer,mining,True,,2026-08-18T07:43:20.334023+09:00
Equipment Panel,landscaping,True,,2026-08-18T07:43:20.334023+09:00
Equipment Planner,mining,True,,2026-08-18T07:43:20.334023+09:00
Equipment Portal,landscaping,True,,2026-08-18T07:43:20.334023+09:00
Equipment Rail,landscaping,True,,2026-08-18T07:43:20.334023+09:00
Equipment Register,mining,True,,2026-08-18T07:43:20.334023+09:00
Equipment Ring,mining,False,"TITLE_UNCLEAR: Ring is abstract, no SaaS function is suggested (established prior batches)",2026-08-18T07:43:20.334023+09:00
Equipment Route,landscaping,True,,2026-08-18T07:43:20.334023+09:00
Equipment Scale,landscaping,True,,2026-08-18T07:43:20.334023+09:00
Equipment Scheduler,mining,True,,2026-08-18T07:43:20.334023+09:00
Equipment Sentry,mining,True,,2026-08-18T07:43:20.334023+09:00
Equipment Station,landscaping,True,,2026-08-18T07:43:20.334023+09:00
Equipment Studio,landscaping,True,,2026-08-18T07:43:20.334023+09:00
Equipment Suite,mining,True,,2026-08-18T07:43:20.334023+09:00
Equipment Terminal,landscaping,False,"TITLE_UNCLEAR: Terminal only reads clearly for transportation/maritime_shipping/aviation/logistics, industry=landscaping",2026-08-18T07:43:20.334023+09:00
Equipment Trail,landscaping,True,,2026-08-18T07:43:20.334023+09:00
Equipment Zone,landscaping,True,,2026-08-18T07:43:20.334023+09:00
Escalation Beacon,customer_support,True,,2026-08-18T07:43:20.334023+09:00
Escalation Cascade,customer_support,True,,2026-08-18T07:43:20.334023+09:00
Escalation Cockpit,customer_support,True,,2026-08-18T07:43:20.334023+09:00
Escalation Companion,customer_support,True,,2026-08-18T07:43:20.334023+09:00
Escalation Compass,customer_support,True,,2026-08-18T07:43:20.334023+09:00
Escalation Dashboard,customer_support,True,,2026-08-18T07:43:20.334023+09:00
Escalation Desk,customer_support,True,,2026-08-18T07:43:20.334023+09:00
Escalation Flow,customer_support,True,,2026-08-18T07:43:20.334023+09:00
Escalation Forge,customer_support,True,,2026-08-18T07:43:20.334023+09:00
Escalation Guard,customer_support,True,,2026-08-18T07:43:20.334023+09:00
Escalation Hub,customer_support,True,,2026-08-18T07:43:20.334023+09:00
Escalation Insight,customer_support,True,,2026-08-18T07:43:20.334023+09:00
Escalation Metrics,customer_support,True,,2026-08-18T07:43:20.334023+09:00
Escalation Monitor,customer_support,True,,2026-08-18T07:43:20.334023+09:00
Escalation Navigator,customer_support,True,,2026-08-18T07:43:20.334023+09:00
Escalation Ops,customer_support,True,,2026-08-18T07:43:20.334023+09:00
Escalation Organizer,customer_support,True,,2026-08-18T07:43:20.334023+09:00
Escalation Pilot,customer_support,True,,2026-08-18T07:43:20.334023+09:00
Escalation Radar,customer_support,True,,2026-08-18T07:43:20.334023+09:00
Escalation Register,customer_support,True,,2026-08-18T07:43:20.334023+09:00
Escalation Relay,customer_support,True,,2026-08-18T07:43:20.334023+09:00
Escalation Sync,customer_support,True,,2026-08-18T07:43:20.334023+09:00
Escalation Tracker,customer_support,True,,2026-08-18T07:43:20.334023+09:00
Escalation Vault,customer_support,True,,2026-08-18T07:43:20.334023+09:00
Escrow Base,real_estate,True,,2026-08-18T07:43:20.334023+09:00
Escrow Board,real_estate,True,,2026-08-18T07:43:20.334023+09:00
Escrow Center,real_estate,True,,2026-08-18T07:43:20.334023+09:00
Escrow Console,real_estate,True,,2026-08-18T07:43:20.334023+09:00
Escrow Core,real_estate,True,,2026-08-18T07:43:20.334023+09:00
Escrow Deck,real_estate,True,,2026-08-18T07:43:20.334023+09:00
Escrow Dial,real_estate,True,,2026-08-18T07:43:20.334023+09:00
Escrow Dock,real_estate,True,,2026-08-18T07:43:20.334023+09:00
Escrow Frame,real_estate,True,,2026-08-18T07:43:20.334023+09:00
Escrow Grid,finance,True,,2026-08-18T07:43:20.334023+09:00
Escrow Lab,real_estate,True,,2026-08-18T07:43:20.334023+09:00
Escrow Ledger,real_estate,True,,2026-08-18T07:43:20.334023+09:00
Escrow Lens,real_estate,True,,2026-08-18T07:43:20.334023+09:00
Escrow Lock,real_estate,True,,2026-08-18T07:43:20.334023+09:00
Escrow Loop,finance,True,,2026-08-18T07:43:20.334023+09:00
Escrow Map,real_estate,True,,2026-08-18T07:43:20.334023+09:00
Escrow Meter,real_estate,True,,2026-08-18T07:43:20.334023+09:00
Escrow Panel,real_estate,True,,2026-08-18T07:43:20.334023+09:00
Escrow Path,finance,True,,2026-08-18T07:43:20.334023+09:00
Escrow Point,real_estate,True,,2026-08-18T07:43:20.334023+09:00
Escrow Portal,real_estate,True,,2026-08-18T07:43:20.334023+09:00
Escrow Pulse,finance,True,,2026-08-18T07:43:20.334023+09:00
Escrow Route,real_estate,True,,2026-08-18T07:43:20.334023+09:00
Escrow Scale,real_estate,True,,2026-08-18T07:43:20.334023+09:00
Escrow Station,real_estate,True,,2026-08-18T07:43:20.334023+09:00
Escrow Studio,real_estate,True,,2026-08-18T07:43:20.334023+09:00
Escrow Terminal,real_estate,False,"TITLE_UNCLEAR: Terminal only reads clearly for transportation/maritime_shipping/aviation/logistics, industry=real_estate",2026-08-18T07:43:20.334023+09:00
Escrow Wave,finance,True,,2026-08-18T07:43:20.334023+09:00
Escrow Zone,real_estate,True,,2026-08-18T07:43:20.334023+09:00
Estimate Assistant,landscaping,True,,2026-08-18T07:43:20.334023+09:00
Estimate Atlas,landscaping,True,,2026-08-18T07:43:20.334023+09:00
Estimate Chain,landscaping,True,,2026-08-18T07:43:20.334023+09:00
Estimate Dial,landscaping,True,,2026-08-18T07:43:20.334023+09:00
Estimate Dock,landscaping,True,,2026-08-18T07:43:20.334023+09:00
Estimate Engine,landscaping,True,,2026-08-18T07:43:20.334023+09:00
Estimate Gate,landscaping,True,,2026-08-18T07:43:20.334023+09:00
Estimate Insight,landscaping,True,,2026-08-18T07:43:20.334023+09:00
Estimate Keeper,landscaping,True,,2026-08-18T07:43:20.334023+09:00
Estimate Manager,landscaping,True,,2026-08-18T07:43:20.334023+09:00
Estimate Meter,landscaping,True,,2026-08-18T07:43:20.334023+09:00
Estimate Monitor,landscaping,True,,2026-08-18T07:43:20.334023+09:00
Estimate Nexus,landscaping,True,,2026-08-18T07:43:20.334023+09:00
Estimate Node,landscaping,True,,2026-08-18T07:43:20.334023+09:00
Estimate Organizer,landscaping,True,,2026-08-18T07:43:20.334023+09:00
Estimate Planner,landscaping,True,,2026-08-18T07:43:20.334023+09:00
Estimate Rail,landscaping,True,,2026-08-18T07:43:20.334023+09:00
Estimate Ring,landscaping,False,"TITLE_UNCLEAR: Ring is abstract, no SaaS function is suggested (established prior batches)",2026-08-18T07:43:20.334023+09:00
Estimate Route,landscaping,True,,2026-08-18T07:43:20.334023+09:00
Estimate Scale,landscaping,True,,2026-08-18T07:43:20.334023+09:00
Estimate Scheduler,landscaping,True,,2026-08-18T07:43:20.334023+09:00
Estimate Sentry,landscaping,True,,2026-08-18T07:43:20.334023+09:00
Estimate Suite,landscaping,True,,2026-08-18T07:43:20.334023+09:00
Estimate Trail,landscaping,True,,2026-08-18T07:43:20.334023+09:00
Exhibitor Base,events,True,,2026-08-18T07:43:20.334023+09:00
Exhibitor Board,events,True,,2026-08-18T07:43:20.334023+09:00
Exhibitor Center,events,True,,2026-08-18T07:43:20.334023+09:00
Exhibitor Console,events,True,,2026-08-18T07:43:20.334023+09:00
Exhibitor Core,events,True,,2026-08-18T07:43:20.334023+09:00
Exhibitor Deck,events,True,,2026-08-18T07:43:20.334023+09:00
Exhibitor Dial,events,True,,2026-08-18T07:43:20.334023+09:00
Exhibitor Frame,events,True,,2026-08-18T07:43:20.334023+09:00
Exhibitor Lab,events,True,,2026-08-18T07:43:20.334023+09:00
Exhibitor Ledger,events,True,,2026-08-18T07:43:20.334023+09:00
Exhibitor Lens,events,True,,2026-08-18T07:43:20.334023+09:00
Exhibitor Lock,events,True,,2026-08-18T07:43:20.334023+09:00
Exhibitor Map,events,True,,2026-08-18T07:43:20.334023+09:00
Exhibitor Meter,events,True,,2026-08-18T07:43:20.334023+09:00
Exhibitor Panel,events,True,,2026-08-18T07:43:20.334023+09:00
Exhibitor Path,events,True,,2026-08-18T07:43:20.334023+09:00
Exhibitor Point,events,True,,2026-08-18T07:43:20.334023+09:00
Exhibitor Portal,events,True,,2026-08-18T07:43:20.334023+09:00
Exhibitor Scale,events,True,,2026-08-18T07:43:20.334023+09:00
Exhibitor Station,events,True,,2026-08-18T07:43:20.334023+09:00
Exhibitor Studio,events,True,,2026-08-18T07:43:20.334023+09:00
Exhibitor Terminal,events,False,"TITLE_UNCLEAR: Terminal only reads clearly for transportation/maritime_shipping/aviation/logistics, industry=events",2026-08-18T07:43:20.334023+09:00
Exhibitor Wave,events,True,,2026-08-18T07:43:20.334023+09:00
Exhibitor Zone,events,True,,2026-08-18T07:43:20.334023+09:00
Expense Assistant,finance,True,,2026-08-18T07:43:20.334023+09:00
Expense Atlas,finance,True,,2026-08-18T07:43:20.334023+09:00
Expense Cockpit,finance,True,,2026-08-18T07:43:20.334023+09:00
Expense Companion,finance,True,,2026-08-18T07:43:20.334023+09:00
Expense Dashboard,finance,True,,2026-08-18T07:43:20.334023+09:00
Expense Engine,finance,True,,2026-08-18T07:43:20.334023+09:00
Expense Gate,finance,True,,2026-08-18T07:43:20.334023+09:00
Expense Guard,finance,True,,2026-08-18T07:43:20.334023+09:00
Expense Insight,finance,True,,2026-08-18T07:43:20.334023+09:00
Expense Keeper,finance,True,,2026-08-18T07:43:20.334023+09:00
Expense Manager,finance,True,,2026-08-18T07:43:20.334023+09:00
Expense Metrics,finance,True,,2026-08-18T07:43:20.334023+09:00
Expense Monitor,finance,True,,2026-08-18T07:43:20.334023+09:00
Expense Navigator,finance,True,,2026-08-18T07:43:20.334023+09:00
Expense Nexus,finance,True,,2026-08-18T07:43:20.334023+09:00
Expense Ops,finance,True,,2026-08-18T07:43:20.334023+09:00
Expense Organizer,finance,True,,2026-08-18T07:43:20.334023+09:00
Expense Planner,finance,True,,2026-08-18T07:43:20.334023+09:00
Expense Register,finance,True,,2026-08-18T07:43:20.334023+09:00
Expense Scheduler,finance,True,,2026-08-18T07:43:20.334023+09:00
Expense Sentry,finance,True,,2026-08-18T07:43:20.334023+09:00
Expense Suite,finance,True,,2026-08-18T07:43:20.334023+09:00
Expense Sync,finance,True,,2026-08-18T07:43:20.334023+09:00
Expense Tracker,finance,True,,2026-08-18T07:43:20.334023+09:00
Extraction Assistant,mining,True,,2026-08-18T07:43:20.334023+09:00
Extraction Atlas,mining,True,,2026-08-18T07:43:20.334023+09:00
Extraction Chain,mining,True,,2026-08-18T07:43:20.334023+09:00
Extraction Console,mining,True,,2026-08-18T01:30:57.525706+09:00
Extraction Dial,mining,True,,2026-08-18T07:43:20.334023+09:00
Extraction Dock,mining,True,,2026-08-18T07:43:20.334023+09:00
Extraction Engine,mining,True,,2026-08-18T07:43:20.334023+09:00
Extraction Gate,mining,True,,2026-08-18T07:43:20.334023+09:00
Extraction Keeper,mining,True,,2026-08-18T07:43:20.334023+09:00
Extraction Manager,mining,True,,2026-08-18T07:43:20.334023+09:00
Extraction Meter,mining,True,,2026-08-18T07:43:20.334023+09:00
Extraction Nexus,mining,True,,2026-08-18T07:43:20.334023+09:00
Extraction Node,mining,True,,2026-08-18T07:43:20.334023+09:00
Extraction Organizer,mining,True,,2026-08-18T07:43:20.334023+09:00
Extraction Panel,mining,True,,2026-08-18T07:43:20.334023+09:00
Extraction Planner,mining,True,,2026-08-18T07:43:20.334023+09:00
Extraction Rail,mining,True,,2026-08-18T07:43:20.334023+09:00
Extraction Ring,mining,False,"TITLE_UNCLEAR: Ring is abstract, no SaaS function is suggested (established prior batches)",2026-08-18T07:43:20.334023+09:00
Extraction Route,mining,True,,2026-08-18T07:43:20.334023+09:00
Extraction Scale,mining,True,,2026-08-18T07:43:20.334023+09:00
Extraction Scheduler,mining,True,,2026-08-18T07:43:20.334023+09:00
Extraction Sentry,mining,True,,2026-08-18T07:43:20.334023+09:00
Extraction Suite,mining,True,,2026-08-18T07:43:20.334023+09:00
Extraction Trail,mining,True,,2026-08-18T07:43:20.334023+09:00
Family Anchor,funeral_services,True,,2026-08-18T07:43:20.334023+09:00
Family Base,senior_care,True,,2026-08-18T07:43:20.334023+09:00
Family Board,senior_care,True,,2026-08-18T07:43:20.334023+09:00
Family Bridge,funeral_services,True,,2026-08-18T07:43:20.334023+09:00
Family Center,senior_care,True,,2026-08-18T07:43:20.334023+09:00
Family Console,senior_care,True,,2026-08-18T07:43:20.334023+09:00
Family Core,senior_care,True,,2026-08-18T07:43:20.334023+09:00
Family Deck,senior_care,True,,2026-08-18T07:43:20.334023+09:00
Family Frame,senior_care,True,,2026-08-18T07:43:20.334023+09:00
Family Grid,senior_care,True,,2026-08-18T07:43:20.334023+09:00
Family Lab,senior_care,True,,2026-08-18T07:43:20.334023+09:00
Family Ledger,senior_care,True,,2026-08-18T07:43:20.334023+09:00
Family Lens,senior_care,True,,2026-08-18T07:43:20.334023+09:00
Family Lock,senior_care,True,,2026-08-18T07:43:20.334023+09:00
Family Loop,senior_care,True,,2026-08-18T07:43:20.334023+09:00
Family Map,senior_care,True,,2026-08-18T07:43:20.334023+09:00
Family Panel,senior_care,True,,2026-08-18T07:43:20.334023+09:00
Family Path,senior_care,True,,2026-08-18T07:43:20.334023+09:00
Family Point,senior_care,True,,2026-08-18T07:43:20.334023+09:00
Family Portal,senior_care,True,,2026-08-18T07:43:20.334023+09:00
Family Pulse,senior_care,True,,2026-08-18T07:43:20.334023+09:00
Family Scope,funeral_services,True,,2026-08-18T07:43:20.334023+09:00
Family Signal,funeral_services,True,,2026-08-18T07:43:20.334023+09:00
Family Station,senior_care,True,,2026-08-18T07:43:20.334023+09:00
Family Studio,senior_care,True,,2026-08-18T07:43:20.334023+09:00
Family Terminal,senior_care,False,"TITLE_UNCLEAR: Terminal only reads clearly for transportation/maritime_shipping/aviation/logistics, industry=senior_care",2026-08-18T07:43:20.334023+09:00
Family Watch,funeral_services,True,,2026-08-18T07:43:20.334023+09:00
Family Wave,senior_care,True,,2026-08-18T07:43:20.334023+09:00
Family Zone,senior_care,True,,2026-08-18T07:43:20.334023+09:00
Feed Atlas,media_publishing,True,,2026-08-18T07:43:20.334023+09:00
Feed Center,media_publishing,True,,2026-08-18T07:43:20.334023+09:00
Feed Chain,media_publishing,True,,2026-08-18T07:43:20.334023+09:00
Feed Console,media_publishing,True,,2026-08-18T07:43:20.334023+09:00
Feed Dial,media_publishing,True,,2026-08-18T07:43:20.334023+09:00
Feed Dock,media_publishing,True,,2026-08-18T07:43:20.334023+09:00
Feed Gate,media_publishing,True,,2026-08-18T07:43:20.334023+09:00
Feed Keeper,media_publishing,True,,2026-08-18T07:43:20.334023+09:00
Feed Lab,media_publishing,True,,2026-08-18T07:43:20.334023+09:00
Feed Meter,media_publishing,True,,2026-08-18T07:43:20.334023+09:00
Feed Nexus,media_publishing,True,,2026-08-18T07:43:20.334023+09:00
Feed Node,media_publishing,True,,2026-08-18T07:43:20.334023+09:00
Feed Panel,media_publishing,True,,2026-08-18T07:43:20.334023+09:00
Feed Portal,media_publishing,True,,2026-08-18T07:43:20.334023+09:00
Feed Rail,media_publishing,True,,2026-08-18T07:43:20.334023+09:00
Feed Ring,media_publishing,False,"TITLE_UNCLEAR: Ring is abstract, no SaaS function is suggested (established prior batches)",2026-08-18T07:43:20.334023+09:00
Feed Route,media_publishing,True,,2026-08-18T07:43:20.334023+09:00
Feed Scale,media_publishing,True,,2026-08-18T07:43:20.334023+09:00
Feed Sentry,media_publishing,True,,2026-08-18T07:43:20.334023+09:00
Feed Station,media_publishing,True,,2026-08-18T07:43:20.334023+09:00
Feed Terminal,media_publishing,False,"TITLE_UNCLEAR: Terminal only reads clearly for transportation/maritime_shipping/aviation/logistics, industry=media_publishing",2026-08-18T07:43:20.334023+09:00
Feed Trail,media_publishing,True,,2026-08-18T07:43:20.334023+09:00
Feed Zone,media_publishing,True,,2026-08-18T07:43:20.334023+09:00
Feedback Assistant,events,True,,2026-08-18T07:43:20.334023+09:00
Feedback Atlas,events,True,,2026-08-18T07:43:20.334023+09:00
Feedback Base,hospitality,True,,2026-08-18T07:43:20.334023+09:00
Feedback Board,hospitality,True,,2026-08-18T07:43:20.334023+09:00
Feedback Center,hospitality,True,,2026-08-18T07:43:20.334023+09:00
Feedback Chain,events,True,,2026-08-18T07:43:20.334023+09:00
Feedback Console,hospitality,True,,2026-08-18T07:43:20.334023+09:00
Feedback Core,hospitality,True,,2026-08-18T07:43:20.334023+09:00
Feedback Deck,hospitality,True,,2026-08-18T07:43:20.334023+09:00
Feedback Dial,events,True,,2026-08-18T07:43:20.334023+09:00
Feedback Dock,events,True,,2026-08-18T07:43:20.334023+09:00
Feedback Engine,events,True,,2026-08-18T07:43:20.334023+09:00
Feedback Frame,hospitality,True,,2026-08-18T07:43:20.334023+09:00
Feedback Gate,events,True,,2026-08-18T07:43:20.334023+09:00
Feedback Grid,customer_support,True,,2026-08-18T07:43:20.334023+09:00
Feedback Keeper,events,True,,2026-08-18T07:43:20.334023+09:00
Feedback Lab,hospitality,True,,2026-08-18T07:43:20.334023+09:00
Feedback Ledger,hospitality,True,,2026-08-18T07:43:20.334023+09:00
Feedback Lens,hospitality,True,,2026-08-18T07:43:20.334023+09:00
Feedback Lock,customer_support,True,,2026-08-18T07:43:20.334023+09:00
Feedback Manager,events,True,,2026-08-18T07:43:20.334023+09:00
Feedback Map,customer_support,True,,2026-08-18T07:43:20.334023+09:00
Feedback Meter,events,True,,2026-08-18T07:43:20.334023+09:00
Feedback Nexus,events,True,,2026-08-18T07:43:20.334023+09:00
Feedback Node,events,True,,2026-08-18T07:43:20.334023+09:00
Feedback Organizer,events,True,,2026-08-18T07:43:20.334023+09:00
Feedback Panel,events,True,,2026-08-18T07:43:20.334023+09:00
Feedback Path,customer_support,True,,2026-08-18T07:43:20.334023+09:00
Feedback Planner,events,True,,2026-08-18T07:43:20.334023+09:00
Feedback Point,customer_support,True,,2026-08-18T07:43:20.334023+09:00
Feedback Portal,hospitality,True,,2026-08-18T07:43:20.334023+09:00
Feedback Pulse,customer_support,True,,2026-08-18T07:43:20.334023+09:00
Feedback Rail,events,True,,2026-08-18T07:43:20.334023+09:00
Feedback Ring,events,False,"TITLE_UNCLEAR: Ring is abstract, no SaaS function is suggested (established prior batches)",2026-08-18T07:43:20.334023+09:00
Feedback Route,events,True,,2026-08-18T07:43:20.334023+09:00
Feedback Scale,events,True,,2026-08-18T07:43:20.334023+09:00
Feedback Scheduler,events,True,,2026-08-18T07:43:20.334023+09:00
Feedback Sentry,events,True,,2026-08-18T07:43:20.334023+09:00
Feedback Station,hospitality,True,,2026-08-18T07:43:20.334023+09:00
Feedback Studio,hospitality,True,,2026-08-18T07:43:20.334023+09:00
Feedback Suite,events,True,,2026-08-18T07:43:20.334023+09:00
Feedback Terminal,hospitality,False,"TITLE_UNCLEAR: Terminal only reads clearly for transportation/maritime_shipping/aviation/logistics, industry=hospitality",2026-08-18T07:43:20.334023+09:00
Feedback Trail,events,True,,2026-08-18T07:43:20.334023+09:00
Feedback Wave,customer_support,True,,2026-08-18T07:43:20.334023+09:00
Feedback Zone,hospitality,True,,2026-08-18T07:43:20.334023+09:00
Fertilizer Base,agriculture,True,,2026-08-18T07:43:20.334023+09:00
Fertilizer Board,agriculture,True,,2026-08-18T07:43:20.334023+09:00
Fertilizer Center,agriculture,True,,2026-08-18T07:43:20.334023+09:00
Fertilizer Console,agriculture,True,,2026-08-18T07:43:20.334023+09:00
Fertilizer Core,agriculture,True,,2026-08-18T07:43:20.334023+09:00
Fertilizer Deck,agriculture,True,,2026-08-18T07:43:20.334023+09:00
Fertilizer Frame,agriculture,True,,2026-08-18T07:43:20.334023+09:00
Fertilizer Grid,agriculture,True,,2026-08-18T07:43:20.334023+09:00
Fertilizer Lab,agriculture,True,,2026-08-18T07:43:20.334023+09:00
Fertilizer Ledger,agriculture,True,,2026-08-18T07:43:20.334023+09:00
Fertilizer Lens,agriculture,True,,2026-08-18T07:43:20.334023+09:00
Fertilizer Lock,agriculture,True,,2026-08-18T07:43:20.334023+09:00
Fertilizer Map,agriculture,True,,2026-08-18T07:43:20.334023+09:00
Fertilizer Panel,agriculture,True,,2026-08-18T07:43:20.334023+09:00
Fertilizer Path,agriculture,True,,2026-08-18T07:43:20.334023+09:00
Fertilizer Point,agriculture,True,,2026-08-18T07:43:20.334023+09:00
Fertilizer Portal,agriculture,True,,2026-08-18T07:43:20.334023+09:00
Fertilizer Pulse,agriculture,True,,2026-08-18T07:43:20.334023+09:00
Fertilizer Station,agriculture,True,,2026-08-18T07:43:20.334023+09:00
Fertilizer Studio,agriculture,True,,2026-08-18T07:43:20.334023+09:00
Fertilizer Terminal,agriculture,False,"TITLE_UNCLEAR: Terminal only reads clearly for transportation/maritime_shipping/aviation/logistics, industry=agriculture",2026-08-18T07:43:20.334023+09:00
Fertilizer Wave,agriculture,True,,2026-08-18T07:43:20.334023+09:00
Fertilizer Zone,agriculture,True,,2026-08-18T07:43:20.334023+09:00
Filing Anchor,legal,True,,2026-08-18T07:43:20.334023+09:00
Filing Base,legal,True,,2026-08-18T07:43:20.334023+09:00
Filing Board,legal,True,,2026-08-18T07:43:20.334023+09:00
Filing Bridge,legal,True,,2026-08-18T07:43:20.334023+09:00
Filing Cascade,legal,True,,2026-08-18T07:43:20.334023+09:00
Filing Core,legal,True,,2026-08-18T07:43:20.334023+09:00
Filing Deck,legal,True,,2026-08-18T07:43:20.334023+09:00
Filing Forge,legal,True,,2026-08-18T07:43:20.334023+09:00
Filing Frame,legal,True,,2026-08-18T07:43:20.334023+09:00
Filing Grid,legal,True,,2026-08-18T07:43:20.334023+09:00
Filing Lab,legal,True,,2026-08-18T07:43:20.334023+09:00
Filing Ledger,legal,True,,2026-08-18T07:43:20.334023+09:00
Filing Lens,legal,True,,2026-08-18T07:43:20.334023+09:00
Filing Lock,legal,True,,2026-08-18T07:43:20.334023+09:00
Filing Loop,legal,True,,2026-08-18T07:43:20.334023+09:00
Filing Map,legal,True,,2026-08-18T07:43:20.334023+09:00
Filing Path,legal,True,,2026-08-18T07:43:20.334023+09:00
Filing Point,legal,True,,2026-08-18T07:43:20.334023+09:00
Filing Pulse,legal,True,,2026-08-18T07:43:20.334023+09:00
Filing Scope,legal,True,,2026-08-18T07:43:20.334023+09:00
Filing Signal,legal,True,,2026-08-18T07:43:20.334023+09:00
Filing Studio,legal,True,,2026-08-18T07:43:20.334023+09:00
Filing Watch,legal,True,,2026-08-18T07:43:20.334023+09:00
Filing Wave,legal,True,,2026-08-18T07:43:20.334023+09:00
Financing Anchor,automotive,True,,2026-08-18T07:43:20.334023+09:00
Financing Base,automotive,True,,2026-08-18T07:43:20.334023+09:00
Financing Board,automotive,True,,2026-08-18T07:43:20.334023+09:00
Financing Bridge,automotive,True,,2026-08-18T07:43:20.334023+09:00
Financing Cascade,automotive,True,,2026-08-18T07:43:20.334023+09:00
Financing Core,automotive,True,,2026-08-18T07:43:20.334023+09:00
Financing Deck,automotive,True,,2026-08-18T07:43:20.334023+09:00
Financing Frame,automotive,True,,2026-08-18T07:43:20.334023+09:00
Financing Grid,automotive,True,,2026-08-18T07:43:20.334023+09:00
Financing Lab,automotive,True,,2026-08-18T07:43:20.334023+09:00
Financing Ledger,automotive,True,,2026-08-18T07:43:20.334023+09:00
Financing Lens,automotive,True,,2026-08-18T07:43:20.334023+09:00
Financing Lock,automotive,True,,2026-08-18T07:43:20.334023+09:00
Financing Loop,automotive,True,,2026-08-18T07:43:20.334023+09:00
Financing Map,automotive,True,,2026-08-18T07:43:20.334023+09:00
Financing Path,automotive,True,,2026-08-18T07:43:20.334023+09:00
Financing Point,automotive,True,,2026-08-18T07:43:20.334023+09:00
Financing Pulse,automotive,True,,2026-08-18T07:43:20.334023+09:00
Financing Scope,automotive,True,,2026-08-18T07:43:20.334023+09:00
Financing Signal,automotive,True,,2026-08-18T07:43:20.334023+09:00
Financing Station,automotive,True,,2026-08-18T07:43:20.334023+09:00
Financing Studio,automotive,True,,2026-08-18T07:43:20.334023+09:00
Financing Watch,automotive,True,,2026-08-18T07:43:20.334023+09:00
Financing Wave,automotive,True,,2026-08-18T07:43:20.334023+09:00
Firewall Base,cybersecurity,True,,2026-08-18T07:43:20.334023+09:00
Firewall Board,cybersecurity,True,,2026-08-18T07:43:20.334023+09:00
Firewall Center,cybersecurity,True,,2026-08-18T07:43:20.334023+09:00
Firewall Chain,cybersecurity,True,,2026-08-18T07:43:20.334023+09:00
Firewall Console,cybersecurity,True,,2026-08-18T07:43:20.334023+09:00
Firewall Core,cybersecurity,True,,2026-08-18T07:43:20.334023+09:00
Firewall Deck,cybersecurity,True,,2026-08-18T07:43:20.334023+09:00
Firewall Dial,cybersecurity,True,,2026-08-18T07:43:20.334023+09:00
Firewall Dock,cybersecurity,True,,2026-08-18T07:43:20.334023+09:00
Firewall Frame,cybersecurity,True,,2026-08-18T07:43:20.334023+09:00
Firewall Lab,cybersecurity,True,,2026-08-18T07:43:20.334023+09:00
Firewall Ledger,cybersecurity,True,,2026-08-18T07:43:20.334023+09:00
Firewall Meter,cybersecurity,True,,2026-08-18T07:43:20.334023+09:00
Firewall Panel,cybersecurity,True,,2026-08-18T07:43:20.334023+09:00
Firewall Portal,cybersecurity,True,,2026-08-18T07:43:20.334023+09:00
Firewall Rail,cybersecurity,True,,2026-08-18T07:43:20.334023+09:00
Firewall Route,cybersecurity,True,,2026-08-18T07:43:20.334023+09:00
Firewall Scale,cybersecurity,True,,2026-08-18T07:43:20.334023+09:00
Firewall Station,cybersecurity,True,,2026-08-18T07:43:20.334023+09:00
Firewall Studio,cybersecurity,True,,2026-08-18T07:43:20.334023+09:00
Firewall Terminal,cybersecurity,False,"TITLE_UNCLEAR: Terminal only reads clearly for transportation/maritime_shipping/aviation/logistics, industry=cybersecurity",2026-08-18T07:43:20.334023+09:00
Firewall Trail,cybersecurity,True,,2026-08-18T07:43:20.334023+09:00
Firewall Zone,cybersecurity,True,,2026-08-18T07:43:20.334023+09:00
Fleet Assistant,transportation,True,,2026-08-18T07:43:20.334023+09:00
Fleet Atlas,aviation,True,,2026-08-18T07:43:20.334023+09:00
Fleet Center,automotive,True,,2026-08-18T07:43:20.334023+09:00
Fleet Chain,aviation,True,,2026-08-18T07:43:20.334023+09:00
Fleet Cockpit,transportation,True,,2026-08-18T07:43:20.334023+09:00
Fleet Companion,transportation,True,,2026-08-18T07:43:20.334023+09:00
Fleet Console,automotive,True,,2026-08-18T07:43:20.334023+09:00
Fleet Dashboard,transportation,True,,2026-08-18T07:43:20.334023+09:00
Fleet Deck,automotive,True,,2026-08-18T07:43:20.334023+09:00
Fleet Desk,transportation,True,,2026-08-18T07:43:20.334023+09:00
Fleet Dial,logistics,True,,2026-08-18T07:43:20.334023+09:00
Fleet Dock,logistics,True,,2026-08-18T07:43:20.334023+09:00
Fleet Engine,transportation,False,TRADEMARK_CONFLICT: Fleet Engine matches Google Maps Platform's real product name,2026-08-18T07:43:20.334023+09:00
Fleet Flow,transportation,True,,2026-08-18T07:43:20.334023+09:00
Fleet Gate,aviation,True,,2026-08-18T07:43:20.334023+09:00
Fleet Guard,transportation,True,,2026-08-18T07:43:20.334023+09:00
Fleet Hub,transportation,True,,2026-08-18T07:43:20.334023+09:00
Fleet Insight,transportation,True,,2026-08-18T07:43:20.334023+09:00
Fleet Keeper,aviation,True,,2026-08-18T07:43:20.334023+09:00
Fleet Lab,automotive,True,,2026-08-18T07:43:20.334023+09:00
Fleet Manager,aviation,True,,2026-08-18T07:43:20.334023+09:00
Fleet Meter,logistics,True,,2026-08-18T07:43:20.334023+09:00
Fleet Metrics,transportation,True,,2026-08-18T07:43:20.334023+09:00
Fleet Monitor,transportation,True,,2026-08-18T07:43:20.334023+09:00
Fleet Navigator,transportation,True,,2026-08-18T07:43:20.334023+09:00
Fleet Nexus,aviation,True,,2026-08-18T07:43:20.334023+09:00
Fleet Node,aviation,True,,2026-08-18T07:43:20.334023+09:00
Fleet Ops,transportation,True,,2026-08-18T07:43:20.334023+09:00
Fleet Organizer,transportation,True,,2026-08-18T07:43:20.334023+09:00
Fleet Panel,automotive,True,,2026-08-18T07:43:20.334023+09:00
Fleet Pilot,transportation,True,,2026-08-18T07:43:20.334023+09:00
Fleet Planner,transportation,True,,2026-08-18T07:43:20.334023+09:00
Fleet Portal,automotive,True,,2026-08-18T07:43:20.334023+09:00
Fleet Radar,transportation,True,,2026-08-18T07:43:20.334023+09:00
Fleet Rail,aviation,True,,2026-08-18T07:43:20.334023+09:00
Fleet Register,transportation,True,,2026-08-18T07:43:20.334023+09:00
Fleet Relay,transportation,True,,2026-08-18T07:43:20.334023+09:00
Fleet Ring,aviation,False,"TITLE_UNCLEAR: Ring is abstract, no SaaS function is suggested (established prior batches)",2026-08-18T07:43:20.334023+09:00
Fleet Route,logistics,True,,2026-08-18T07:43:20.334023+09:00
Fleet Scale,logistics,True,,2026-08-18T07:43:20.334023+09:00
Fleet Scheduler,transportation,True,,2026-08-18T07:43:20.334023+09:00
Fleet Sentry,aviation,True,,2026-08-18T07:43:20.334023+09:00
Fleet Station,automotive,True,,2026-08-18T07:43:20.334023+09:00
Fleet Studio,automotive,True,,2026-08-18T07:43:20.334023+09:00
Fleet Suite,aviation,True,,2026-08-18T07:43:20.334023+09:00
Fleet Sync,transportation,True,,2026-08-18T07:43:20.334023+09:00
Fleet Terminal,automotive,False,"TITLE_UNCLEAR: Terminal only reads clearly for transportation/maritime_shipping/aviation/logistics, industry=automotive",2026-08-18T07:43:20.334023+09:00
Fleet Tracker,transportation,True,,2026-08-18T07:43:20.334023+09:00
Fleet Trail,aviation,True,,2026-08-18T07:43:20.334023+09:00
Fleet Vault,transportation,True,,2026-08-18T07:43:20.334023+09:00
Fleet Zone,automotive,True,,2026-08-18T07:43:20.334023+09:00
Flight Assistant,aviation,True,,2026-08-18T07:43:20.334023+09:00
Flight Atlas,aviation,True,,2026-08-18T07:43:20.334023+09:00
Flight Chain,aviation,True,,2026-08-18T07:43:20.334023+09:00
Flight Console,aviation,True,,2026-08-18T07:43:20.334023+09:00
Flight Dial,aviation,True,,2026-08-18T07:43:20.334023+09:00
Flight Dock,aviation,True,,2026-08-18T07:43:20.334023+09:00
Flight Engine,aviation,True,,2026-08-18T07:43:20.334023+09:00
Flight Gate,aviation,True,,2026-08-18T07:43:20.334023+09:00
Flight Keeper,aviation,True,,2026-08-18T07:43:20.334023+09:00
Flight Manager,aviation,True,,2026-08-18T07:43:20.334023+09:00
Flight Meter,aviation,True,,2026-08-18T07:43:20.334023+09:00
Flight Nexus,aviation,True,,2026-08-18T07:43:20.334023+09:00
Flight Node,aviation,True,,2026-08-18T07:43:20.334023+09:00
Flight Panel,aviation,True,,2026-08-18T07:43:20.334023+09:00
Flight Planner,aviation,True,,2026-08-18T07:43:20.334023+09:00
Flight Portal,aviation,True,,2026-08-18T01:30:57.525706+09:00
Flight Rail,aviation,True,,2026-08-18T07:43:20.334023+09:00
Flight Ring,aviation,False,"TITLE_UNCLEAR: Ring is abstract, no SaaS function is suggested (established prior batches)",2026-08-18T07:43:20.334023+09:00
Flight Route,aviation,True,,2026-08-18T07:43:20.334023+09:00
Flight Scale,aviation,True,,2026-08-18T07:43:20.334023+09:00
Flight Scheduler,aviation,True,,2026-08-18T07:43:20.334023+09:00
Flight Sentry,aviation,True,,2026-08-18T07:43:20.334023+09:00
Flight Suite,aviation,True,,2026-08-18T07:43:20.334023+09:00
Flight Trail,aviation,True,,2026-08-18T07:43:20.334023+09:00
Formulary Anchor,pharmacy,True,,2026-08-18T07:43:20.334023+09:00
Formulary Beacon,pharmacy,True,,2026-08-18T07:43:20.334023+09:00
Formulary Bridge,pharmacy,True,,2026-08-18T07:43:20.334023+09:00
Formulary Cascade,pharmacy,True,,2026-08-18T07:43:20.334023+09:00
Formulary Cockpit,pharmacy,True,,2026-08-18T07:43:20.334023+09:00
Formulary Companion,pharmacy,True,,2026-08-18T07:43:20.334023+09:00
Formulary Compass,pharmacy,True,,2026-08-18T07:43:20.334023+09:00
Formulary Dashboard,pharmacy,True,,2026-08-18T07:43:20.334023+09:00
Formulary Desk,pharmacy,True,,2026-08-18T07:43:20.334023+09:00
Formulary Flow,pharmacy,True,,2026-08-18T07:43:20.334023+09:00
Formulary Forge,pharmacy,True,,2026-08-18T07:43:20.334023+09:00
Formulary Guard,pharmacy,True,,2026-08-18T07:43:20.334023+09:00
Formulary Hub,pharmacy,True,,2026-08-18T07:43:20.334023+09:00
Formulary Navigator,pharmacy,True,,2026-08-18T07:43:20.334023+09:00
Formulary Ops,pharmacy,True,,2026-08-18T07:43:20.334023+09:00
Formulary Pilot,pharmacy,True,,2026-08-18T07:43:20.334023+09:00
Formulary Radar,pharmacy,True,,2026-08-18T07:43:20.334023+09:00
Formulary Register,pharmacy,True,,2026-08-18T07:43:20.334023+09:00
Formulary Relay,pharmacy,True,,2026-08-18T07:43:20.334023+09:00
Formulary Signal,pharmacy,True,,2026-08-18T07:43:20.334023+09:00
Formulary Sync,pharmacy,True,,2026-08-18T07:43:20.334023+09:00
Formulary Tracker,pharmacy,True,,2026-08-18T07:43:20.334023+09:00
Formulary Vault,pharmacy,True,,2026-08-18T07:43:20.334023+09:00
Formulary Watch,pharmacy,True,,2026-08-18T07:43:20.334023+09:00
Franchise Assistant,food_service,True,,2026-08-18T07:43:20.334023+09:00
Franchise Atlas,food_service,True,,2026-08-18T07:43:20.334023+09:00
Franchise Beacon,government,True,,2026-08-18T07:43:20.334023+09:00
Franchise Cascade,government,True,,2026-08-18T07:43:20.334023+09:00
Franchise Chain,food_service,True,,2026-08-18T07:43:20.334023+09:00
Franchise Cockpit,government,True,,2026-08-18T07:43:20.334023+09:00
Franchise Companion,government,True,,2026-08-18T07:43:20.334023+09:00
Franchise Compass,government,True,,2026-08-18T07:43:20.334023+09:00
Franchise Dashboard,government,True,,2026-08-18T07:43:20.334023+09:00
Franchise Desk,government,True,,2026-08-18T07:43:20.334023+09:00
Franchise Dock,food_service,True,,2026-08-18T07:43:20.334023+09:00
Franchise Engine,food_service,True,,2026-08-18T07:43:20.334023+09:00
Franchise Flow,government,True,,2026-08-18T07:43:20.334023+09:00
Franchise Forge,government,True,,2026-08-18T07:43:20.334023+09:00
Franchise Gate,food_service,True,,2026-08-18T07:43:20.334023+09:00
Franchise Guard,government,True,,2026-08-18T07:43:20.334023+09:00
Franchise Hub,government,True,,2026-08-18T07:43:20.334023+09:00
Franchise Insight,government,True,,2026-08-18T07:43:20.334023+09:00
Franchise Keeper,food_service,True,,2026-08-18T07:43:20.334023+09:00
Franchise Manager,food_service,True,,2026-08-18T07:43:20.334023+09:00
Franchise Meter,food_service,True,,2026-08-18T07:43:20.334023+09:00
Franchise Metrics,government,True,,2026-08-18T07:43:20.334023+09:00
Franchise Monitor,government,True,,2026-08-18T07:43:20.334023+09:00
Franchise Navigator,government,True,,2026-08-18T07:43:20.334023+09:00
Franchise Nexus,food_service,True,,2026-08-18T07:43:20.334023+09:00
Franchise Node,food_service,True,,2026-08-18T07:43:20.334023+09:00
Franchise Ops,government,True,,2026-08-18T07:43:20.334023+09:00
Franchise Organizer,food_service,True,,2026-08-18T07:43:20.334023+09:00
Franchise Pilot,government,True,,2026-08-18T07:43:20.334023+09:00
Franchise Planner,food_service,True,,2026-08-18T07:43:20.334023+09:00
Franchise Radar,government,True,,2026-08-18T07:43:20.334023+09:00
Franchise Rail,food_service,True,,2026-08-18T07:43:20.334023+09:00
Franchise Register,government,True,,2026-08-18T07:43:20.334023+09:00
Franchise Relay,government,True,,2026-08-18T07:43:20.334023+09:00
Franchise Ring,food_service,False,"TITLE_UNCLEAR: Ring is abstract, no SaaS function is suggested (established prior batches)",2026-08-18T07:43:20.334023+09:00
Franchise Route,food_service,True,,2026-08-18T07:43:20.334023+09:00
Franchise Scale,food_service,True,,2026-08-18T07:43:20.334023+09:00
Franchise Scheduler,food_service,True,,2026-08-18T07:43:20.334023+09:00
Franchise Sentry,food_service,True,,2026-08-18T07:43:20.334023+09:00
Franchise Suite,food_service,True,,2026-08-18T07:43:20.334023+09:00
Franchise Sync,government,True,,2026-08-18T07:43:20.334023+09:00
Franchise Tracker,government,True,,2026-08-18T07:43:20.334023+09:00
Franchise Trail,food_service,True,,2026-08-18T07:43:20.334023+09:00
Franchise Vault,government,True,,2026-08-18T07:43:20.334023+09:00
Freight Anchor,logistics,True,,2026-08-18T07:43:20.334023+09:00
Freight Beacon,logistics,True,,2026-08-18T07:43:20.334023+09:00
Freight Bridge,logistics,True,,2026-08-18T07:43:20.334023+09:00
Freight Cascade,logistics,True,,2026-08-18T07:43:20.334023+09:00
Freight Compass,logistics,True,,2026-08-18T07:43:20.334023+09:00
Freight Desk,logistics,True,,2026-08-18T07:43:20.334023+09:00
Freight Flow,logistics,True,,2026-08-18T01:28:04.577831+09:00
Freight Forge,logistics,True,,2026-08-18T07:43:20.334023+09:00
Freight Grid,logistics,True,,2026-08-18T07:43:20.334023+09:00
Freight Hub,logistics,True,,2026-08-18T07:43:20.334023+09:00
Freight Lock,logistics,True,,2026-08-18T07:43:20.334023+09:00
Freight Loop,logistics,True,,2026-08-18T07:43:20.334023+09:00
Freight Map,logistics,True,,2026-08-18T07:43:20.334023+09:00
Freight Path,logistics,True,,2026-08-18T07:43:20.334023+09:00
Freight Pilot,logistics,True,,2026-08-18T07:43:20.334023+09:00
Freight Point,logistics,True,,2026-08-18T07:43:20.334023+09:00
Freight Pulse,logistics,True,,2026-08-18T07:43:20.334023+09:00
Freight Radar,logistics,True,,2026-08-18T07:43:20.334023+09:00
Freight Relay,logistics,True,,2026-08-18T07:43:20.334023+09:00
Freight Scope,logistics,True,,2026-08-18T07:43:20.334023+09:00
Freight Signal,logistics,True,,2026-08-18T07:43:20.334023+09:00
Freight Vault,logistics,True,,2026-08-18T07:43:20.334023+09:00
Freight Watch,logistics,True,,2026-08-18T07:43:20.334023+09:00
Freight Wave,logistics,True,,2026-08-18T07:43:20.334023+09:00
Fuel Base,transportation,True,,2026-08-18T07:43:20.334023+09:00
Fuel Board,transportation,True,,2026-08-18T07:43:20.334023+09:00
Fuel Center,transportation,True,,2026-08-18T07:43:20.334023+09:00
Fuel Chain,transportation,True,,2026-08-18T07:43:20.334023+09:00
Fuel Console,transportation,True,,2026-08-18T07:43:20.334023+09:00
Fuel Core,transportation,True,,2026-08-18T07:43:20.334023+09:00
Fuel Deck,transportation,True,,2026-08-18T07:43:20.334023+09:00
Fuel Dial,transportation,True,,2026-08-18T07:43:20.334023+09:00
Fuel Dock,transportation,True,,2026-08-18T07:43:20.334023+09:00
Fuel Frame,transportation,True,,2026-08-18T07:43:20.334023+09:00
Fuel Lab,transportation,True,,2026-08-18T07:43:20.334023+09:00
Fuel Ledger,transportation,True,,2026-08-18T07:43:20.334023+09:00
Fuel Meter,transportation,True,,2026-08-18T07:43:20.334023+09:00
Fuel Panel,transportation,True,,2026-08-18T07:43:20.334023+09:00
Fuel Portal,transportation,True,,2026-08-18T07:43:20.334023+09:00
Fuel Rail,transportation,True,,2026-08-18T07:43:20.334023+09:00
Fuel Ring,transportation,False,"TITLE_UNCLEAR: Ring is abstract, no SaaS function is suggested (established prior batches)",2026-08-18T07:43:20.334023+09:00
Fuel Route,transportation,True,,2026-08-18T07:43:20.334023+09:00
Fuel Scale,transportation,True,,2026-08-18T07:43:20.334023+09:00
Fuel Station,transportation,True,,2026-08-18T07:43:20.334023+09:00
Fuel Studio,transportation,True,,2026-08-18T07:43:20.334023+09:00
Fuel Terminal,transportation,True,,2026-08-18T07:43:20.334023+09:00
Fuel Trail,transportation,True,,2026-08-18T07:43:20.334023+09:00
Fuel Zone,transportation,True,,2026-08-18T07:43:20.334023+09:00
Fulfillment Base,retail_ecommerce,True,,2026-08-18T07:43:20.334023+09:00
Fulfillment Board,retail_ecommerce,True,,2026-08-18T07:43:20.334023+09:00
Fulfillment Center,retail_ecommerce,True,,2026-08-18T07:43:20.334023+09:00
Fulfillment Chain,retail_ecommerce,True,,2026-08-18T07:43:20.334023+09:00
Fulfillment Console,retail_ecommerce,True,,2026-08-18T07:43:20.334023+09:00
Fulfillment Core,retail_ecommerce,True,,2026-08-18T07:43:20.334023+09:00
Fulfillment Deck,retail_ecommerce,True,,2026-08-18T07:43:20.334023+09:00
Fulfillment Dial,retail_ecommerce,True,,2026-08-18T07:43:20.334023+09:00
Fulfillment Dock,retail_ecommerce,True,,2026-08-18T07:43:20.334023+09:00
Fulfillment Frame,retail_ecommerce,True,,2026-08-18T07:43:20.334023+09:00
Fulfillment Lab,retail_ecommerce,True,,2026-08-18T07:43:20.334023+09:00
Fulfillment Ledger,retail_ecommerce,True,,2026-08-18T07:43:20.334023+09:00
Fulfillment Meter,retail_ecommerce,True,,2026-08-18T07:43:20.334023+09:00
Fulfillment Panel,retail_ecommerce,True,,2026-08-18T07:43:20.334023+09:00
Fulfillment Portal,retail_ecommerce,True,,2026-08-18T07:43:20.334023+09:00
Fulfillment Rail,retail_ecommerce,True,,2026-08-18T07:43:20.334023+09:00
Fulfillment Ring,retail_ecommerce,False,"TITLE_UNCLEAR: Ring is abstract, no SaaS function is suggested (established prior batches)",2026-08-18T07:43:20.334023+09:00
Fulfillment Route,retail_ecommerce,True,,2026-08-18T07:43:20.334023+09:00
Fulfillment Scale,retail_ecommerce,True,,2026-08-18T07:43:20.334023+09:00
Fulfillment Station,retail_ecommerce,True,,2026-08-18T07:43:20.334023+09:00
Fulfillment Studio,retail_ecommerce,True,,2026-08-18T07:43:20.334023+09:00
Fulfillment Terminal,retail_ecommerce,False,"TITLE_UNCLEAR: Terminal only reads clearly for transportation/maritime_shipping/aviation/logistics, industry=retail_ecommerce",2026-08-18T07:43:20.334023+09:00
Fulfillment Trail,retail_ecommerce,True,,2026-08-18T07:43:20.334023+09:00
Fulfillment Zone,retail_ecommerce,True,,2026-08-18T07:43:20.334023+09:00
Fundraising Atlas,nonprofit,True,,2026-08-18T07:43:20.334023+09:00
Fundraising Center,nonprofit,True,,2026-08-18T07:43:20.334023+09:00
Fundraising Chain,nonprofit,True,,2026-08-18T07:43:20.334023+09:00
Fundraising Console,nonprofit,True,,2026-08-18T07:43:20.334023+09:00
Fundraising Dial,nonprofit,True,,2026-08-18T07:43:20.334023+09:00
Fundraising Dock,nonprofit,True,,2026-08-18T07:43:20.334023+09:00
Fundraising Gate,nonprofit,True,,2026-08-18T07:43:20.334023+09:00
Fundraising Keeper,nonprofit,True,,2026-08-18T07:43:20.334023+09:00
Fundraising Lab,nonprofit,True,,2026-08-18T07:43:20.334023+09:00
Fundraising Meter,nonprofit,True,,2026-08-18T07:43:20.334023+09:00
Fundraising Nexus,nonprofit,True,,2026-08-18T07:43:20.334023+09:00
Fundraising Node,nonprofit,True,,2026-08-18T07:43:20.334023+09:00
Fundraising Panel,nonprofit,True,,2026-08-18T07:43:20.334023+09:00
Fundraising Portal,nonprofit,True,,2026-08-18T07:43:20.334023+09:00
Fundraising Rail,nonprofit,True,,2026-08-18T07:43:20.334023+09:00
Fundraising Ring,nonprofit,False,"TITLE_UNCLEAR: Ring is abstract, no SaaS function is suggested (established prior batches)",2026-08-18T07:43:20.334023+09:00
Fundraising Route,nonprofit,True,,2026-08-18T07:43:20.334023+09:00
Fundraising Scale,nonprofit,True,,2026-08-18T07:43:20.334023+09:00
Fundraising Sentry,nonprofit,True,,2026-08-18T07:43:20.334023+09:00
Fundraising Station,nonprofit,True,,2026-08-18T07:43:20.334023+09:00
Fundraising Studio,nonprofit,True,,2026-08-18T07:43:20.334023+09:00
Fundraising Terminal,nonprofit,False,"TITLE_UNCLEAR: Terminal only reads clearly for transportation/maritime_shipping/aviation/logistics, industry=nonprofit",2026-08-18T07:43:20.334023+09:00
Fundraising Trail,nonprofit,True,,2026-08-18T07:43:20.334023+09:00
Fundraising Zone,nonprofit,True,,2026-08-18T07:43:20.334023+09:00
Funnel Base,marketing,True,,2026-08-18T07:43:20.334023+09:00
Funnel Board,marketing,True,,2026-08-18T07:43:20.334023+09:00
Funnel Center,marketing,True,,2026-08-18T07:43:20.334023+09:00
Funnel Console,marketing,True,,2026-08-18T07:43:20.334023+09:00
Funnel Core,marketing,True,,2026-08-18T07:43:20.334023+09:00
Funnel Deck,marketing,True,,2026-08-18T07:43:20.334023+09:00
Funnel Dial,marketing,True,,2026-08-18T07:43:20.334023+09:00
Funnel Dock,marketing,True,,2026-08-18T07:43:20.334023+09:00
Funnel Frame,marketing,True,,2026-08-18T07:43:20.334023+09:00
Funnel Lab,marketing,True,,2026-08-18T07:43:20.334023+09:00
Funnel Ledger,marketing,True,,2026-08-18T07:43:20.334023+09:00
Funnel Lens,marketing,True,,2026-08-18T07:43:20.334023+09:00
Funnel Map,marketing,True,,2026-08-18T07:43:20.334023+09:00
Funnel Meter,marketing,True,,2026-08-18T07:43:20.334023+09:00
Funnel Panel,marketing,True,,2026-08-18T07:43:20.334023+09:00
Funnel Portal,marketing,True,,2026-08-18T07:43:20.334023+09:00
Funnel Rail,marketing,True,,2026-08-18T07:43:20.334023+09:00
Funnel Route,marketing,True,,2026-08-18T07:43:20.334023+09:00
Funnel Scale,marketing,True,,2026-08-18T07:43:20.334023+09:00
Funnel Station,marketing,True,,2026-08-18T07:43:20.334023+09:00
Funnel Studio,marketing,True,,2026-08-18T07:43:20.334023+09:00
Funnel Terminal,marketing,False,"TITLE_UNCLEAR: Terminal only reads clearly for transportation/maritime_shipping/aviation/logistics, industry=marketing",2026-08-18T07:43:20.334023+09:00
Funnel Trail,marketing,True,,2026-08-18T07:43:20.334023+09:00
Funnel Zone,marketing,True,,2026-08-18T07:43:20.334023+09:00
Garment Anchor,laundry_dry_cleaning,True,,2026-08-18T07:43:20.334023+09:00
Garment Base,laundry_dry_cleaning,True,,2026-08-18T07:43:20.334023+09:00
Garment Board,laundry_dry_cleaning,True,,2026-08-18T07:43:20.334023+09:00
Garment Bridge,laundry_dry_cleaning,True,,2026-08-18T07:43:20.334023+09:00
Garment Cascade,laundry_dry_cleaning,True,,2026-08-18T07:43:20.334023+09:00
Garment Core,laundry_dry_cleaning,True,,2026-08-18T07:43:20.334023+09:00
Garment Deck,laundry_dry_cleaning,True,,2026-08-18T07:43:20.334023+09:00
Garment Frame,laundry_dry_cleaning,True,,2026-08-18T07:43:20.334023+09:00
Garment Grid,laundry_dry_cleaning,True,,2026-08-18T07:43:20.334023+09:00
Garment Lab,laundry_dry_cleaning,True,,2026-08-18T07:43:20.334023+09:00
Garment Ledger,laundry_dry_cleaning,True,,2026-08-18T07:43:20.334023+09:00
Garment Lens,laundry_dry_cleaning,True,,2026-08-18T07:43:20.334023+09:00
Garment Lock,laundry_dry_cleaning,True,,2026-08-18T07:43:20.334023+09:00
Garment Loop,laundry_dry_cleaning,True,,2026-08-18T07:43:20.334023+09:00
Garment Map,laundry_dry_cleaning,True,,2026-08-18T07:43:20.334023+09:00
Garment Path,laundry_dry_cleaning,True,,2026-08-18T07:43:20.334023+09:00
Garment Point,laundry_dry_cleaning,True,,2026-08-18T07:43:20.334023+09:00
Garment Pulse,laundry_dry_cleaning,True,,2026-08-18T07:43:20.334023+09:00
Garment Scope,laundry_dry_cleaning,True,,2026-08-18T07:43:20.334023+09:00
Garment Signal,laundry_dry_cleaning,True,,2026-08-18T07:43:20.334023+09:00
Garment Station,laundry_dry_cleaning,True,,2026-08-18T07:43:20.334023+09:00
Garment Studio,laundry_dry_cleaning,True,,2026-08-18T07:43:20.334023+09:00
Garment Watch,laundry_dry_cleaning,True,,2026-08-18T07:43:20.334023+09:00
Garment Wave,laundry_dry_cleaning,True,,2026-08-18T07:43:20.334023+09:00
Grading Anchor,education,True,,2026-08-18T07:43:20.334023+09:00
Grading Beacon,education,True,,2026-08-18T07:43:20.334023+09:00
Grading Bridge,education,True,,2026-08-18T07:43:20.334023+09:00
Grading Cascade,education,True,,2026-08-18T07:43:20.334023+09:00
Grading Compass,education,True,,2026-08-18T07:43:20.334023+09:00
Grading Desk,education,True,,2026-08-18T07:43:20.334023+09:00
Grading Flow,education,True,,2026-08-18T07:43:20.334023+09:00
Grading Forge,education,True,,2026-08-18T07:43:20.334023+09:00
Grading Grid,education,True,,2026-08-18T07:43:20.334023+09:00
Grading Guard,education,True,,2026-08-18T07:43:20.334023+09:00
Grading Hub,education,True,,2026-08-18T07:43:20.334023+09:00
Grading Loop,education,True,,2026-08-18T07:43:20.334023+09:00
Grading Ops,education,True,,2026-08-18T07:43:20.334023+09:00
Grading Pilot,education,True,,2026-08-18T07:43:20.334023+09:00
Grading Pulse,education,True,,2026-08-18T07:43:20.334023+09:00
Grading Radar,education,True,,2026-08-18T07:43:20.334023+09:00
Grading Register,education,True,,2026-08-18T07:43:20.334023+09:00
Grading Relay,education,True,,2026-08-18T07:43:20.334023+09:00
Grading Scope,education,True,,2026-08-18T07:43:20.334023+09:00
Grading Signal,education,True,,2026-08-18T07:43:20.334023+09:00
Grading Sync,education,True,,2026-08-18T07:43:20.334023+09:00
Grading Tracker,education,True,,2026-08-18T07:43:20.334023+09:00
Grading Vault,education,True,,2026-08-18T07:43:20.334023+09:00
Grading Watch,education,True,,2026-08-18T07:43:20.334023+09:00
Grant Assistant,nonprofit,True,,2026-08-18T07:43:20.334023+09:00
Grant Cockpit,nonprofit,True,,2026-08-18T07:43:20.334023+09:00
Grant Companion,nonprofit,True,,2026-08-18T07:43:20.334023+09:00
Grant Dashboard,nonprofit,True,,2026-08-18T07:43:20.334023+09:00
Grant Engine,nonprofit,True,,2026-08-18T07:43:20.334023+09:00
Grant Flow,nonprofit,True,,2026-08-18T07:43:20.334023+09:00
Grant Guard,nonprofit,True,,2026-08-18T07:43:20.334023+09:00
Grant Hub,nonprofit,True,,2026-08-18T07:43:20.334023+09:00
Grant Insight,nonprofit,True,,2026-08-18T07:43:20.334023+09:00
Grant Keeper,nonprofit,True,,2026-08-18T07:43:20.334023+09:00
Grant Manager,nonprofit,True,,2026-08-18T07:43:20.334023+09:00
Grant Metrics,nonprofit,True,,2026-08-18T07:43:20.334023+09:00
Grant Monitor,nonprofit,True,,2026-08-18T07:43:20.334023+09:00
Grant Navigator,nonprofit,True,,2026-08-18T07:43:20.334023+09:00
Grant Ops,nonprofit,True,,2026-08-18T07:43:20.334023+09:00
Grant Organizer,nonprofit,True,,2026-08-18T07:43:20.334023+09:00
Grant Pilot,nonprofit,True,,2026-08-18T07:43:20.334023+09:00
Grant Planner,nonprofit,True,,2026-08-18T07:43:20.334023+09:00
Grant Register,nonprofit,True,,2026-08-18T07:43:20.334023+09:00
Grant Scheduler,nonprofit,True,,2026-08-18T07:43:20.334023+09:00
Grant Sentry,nonprofit,True,,2026-08-18T07:43:20.334023+09:00
Grant Suite,nonprofit,True,,2026-08-18T07:43:20.334023+09:00
Grant Sync,nonprofit,True,,2026-08-18T07:43:20.334023+09:00
Grant Tracker,nonprofit,True,,2026-08-18T07:43:20.334023+09:00
Grazing Anchor,agriculture,True,,2026-08-18T07:43:20.334023+09:00
Grazing Base,agriculture,True,,2026-08-18T07:43:20.334023+09:00
Grazing Beacon,agriculture,True,,2026-08-18T07:43:20.334023+09:00
Grazing Board,agriculture,True,,2026-08-18T07:43:20.334023+09:00
Grazing Bridge,agriculture,True,,2026-08-18T07:43:20.334023+09:00
Grazing Cascade,agriculture,True,,2026-08-18T07:43:20.334023+09:00
Grazing Compass,agriculture,True,,2026-08-18T07:43:20.334023+09:00
Grazing Core,agriculture,True,,2026-08-18T07:43:20.334023+09:00
Grazing Deck,agriculture,True,,2026-08-18T07:43:20.334023+09:00
Grazing Forge,agriculture,True,,2026-08-18T07:43:20.334023+09:00
Grazing Frame,agriculture,True,,2026-08-18T07:43:20.334023+09:00
Grazing Grid,agriculture,True,,2026-08-18T07:43:20.334023+09:00
Grazing Ledger,agriculture,True,,2026-08-18T07:43:20.334023+09:00
Grazing Lens,agriculture,True,,2026-08-18T07:43:20.334023+09:00
Grazing Lock,agriculture,True,,2026-08-18T07:43:20.334023+09:00
Grazing Loop,agriculture,True,,2026-08-18T07:43:20.334023+09:00
Grazing Map,agriculture,True,,2026-08-18T07:43:20.334023+09:00
Grazing Path,agriculture,True,,2026-08-18T07:43:20.334023+09:00
Grazing Point,agriculture,True,,2026-08-18T07:43:20.334023+09:00
Grazing Pulse,agriculture,True,,2026-08-18T07:43:20.334023+09:00
Grazing Scope,agriculture,True,,2026-08-18T07:43:20.334023+09:00
Grazing Signal,agriculture,True,,2026-08-18T07:43:20.334023+09:00
Grazing Watch,agriculture,True,,2026-08-18T07:43:20.334023+09:00
Grazing Wave,agriculture,True,,2026-08-18T07:43:20.334023+09:00
Greenhouse Assistant,agriculture,True,,2026-08-18T07:43:20.334023+09:00
Greenhouse Atlas,agriculture,True,,2026-08-18T07:43:20.334023+09:00
Greenhouse Cockpit,agriculture,True,,2026-08-18T07:43:20.334023+09:00
Greenhouse Companion,agriculture,True,,2026-08-18T07:43:20.334023+09:00
Greenhouse Dashboard,agriculture,True,,2026-08-18T07:43:20.334023+09:00
Greenhouse Engine,agriculture,True,,2026-08-18T07:43:20.334023+09:00
Greenhouse Gate,agriculture,True,,2026-08-18T07:43:20.334023+09:00
Greenhouse Guard,agriculture,True,,2026-08-18T07:43:20.334023+09:00
Greenhouse Insight,agriculture,True,,2026-08-18T07:43:20.334023+09:00
Greenhouse Keeper,agriculture,True,,2026-08-18T07:43:20.334023+09:00
Greenhouse Manager,agriculture,True,,2026-08-18T07:43:20.334023+09:00
Greenhouse Metrics,agriculture,True,,2026-08-18T07:43:20.334023+09:00
Greenhouse Monitor,agriculture,True,,2026-08-18T07:43:20.334023+09:00
Greenhouse Navigator,agriculture,True,,2026-08-18T07:43:20.334023+09:00
Greenhouse Nexus,agriculture,True,,2026-08-18T07:43:20.334023+09:00
Greenhouse Node,agriculture,True,,2026-08-18T07:43:20.334023+09:00
Greenhouse Ops,agriculture,True,,2026-08-18T07:43:20.334023+09:00
Greenhouse Organizer,agriculture,True,,2026-08-18T07:43:20.334023+09:00
Greenhouse Planner,agriculture,True,,2026-08-18T07:43:20.334023+09:00
Greenhouse Register,agriculture,True,,2026-08-18T07:43:20.334023+09:00
Greenhouse Scheduler,agriculture,True,,2026-08-18T07:43:20.334023+09:00
Greenhouse Sentry,agriculture,True,,2026-08-18T07:43:20.334023+09:00
Greenhouse Suite,agriculture,True,,2026-08-18T07:43:20.334023+09:00
Grid Base,energy_utilities,True,,2026-08-18T07:43:20.334023+09:00
Grid Board,energy_utilities,True,,2026-08-18T07:43:20.334023+09:00
Grid Center,energy_utilities,True,,2026-08-18T07:43:20.334023+09:00
Grid Console,energy_utilities,True,,2026-08-18T07:43:20.334023+09:00
Grid Core,energy_utilities,True,,2026-08-18T07:43:20.334023+09:00
Grid Deck,energy_utilities,True,,2026-08-18T07:43:20.334023+09:00
Grid Dial,energy_utilities,True,,2026-08-18T07:43:20.334023+09:00
Grid Frame,energy_utilities,True,,2026-08-18T07:43:20.334023+09:00
Grid Lab,energy_utilities,True,,2026-08-18T07:43:20.334023+09:00
Grid Ledger,energy_utilities,False,SEMANTIC_DUPLICATE: Grid Ledger - both words are in the Grid/Ledger/Meter/Route/Terminal family,2026-08-18T07:43:20.334023+09:00
Grid Lens,energy_utilities,True,,2026-08-18T07:43:20.334023+09:00
Grid Lock,energy_utilities,True,,2026-08-18T07:43:20.334023+09:00
Grid Map,energy_utilities,True,,2026-08-18T07:43:20.334023+09:00
Grid Panel,energy_utilities,True,,2026-08-18T07:43:20.334023+09:00
Grid Path,energy_utilities,True,,2026-08-18T07:43:20.334023+09:00
Grid Point,energy_utilities,True,,2026-08-18T07:43:20.334023+09:00
Grid Portal,energy_utilities,True,,2026-08-18T07:43:20.334023+09:00
Grid Scale,energy_utilities,True,,2026-08-18T07:43:20.334023+09:00
Grid Station,energy_utilities,True,,2026-08-18T07:43:20.334023+09:00
Grid Studio,energy_utilities,True,,2026-08-18T07:43:20.334023+09:00
Grid Terminal,energy_utilities,False,"TITLE_UNCLEAR: Terminal only reads clearly for transportation/maritime_shipping/aviation/logistics, industry=energy_utilities",2026-08-18T07:43:20.334023+09:00
Grid Zone,energy_utilities,True,,2026-08-18T07:43:20.334023+09:00
Grooming Anchor,veterinary,True,,2026-08-18T07:43:20.334023+09:00
Grooming Beacon,veterinary,True,,2026-08-18T07:43:20.334023+09:00
Grooming Bridge,veterinary,True,,2026-08-18T07:43:20.334023+09:00
Grooming Cascade,veterinary,True,,2026-08-18T07:43:20.334023+09:00
Grooming Compass,veterinary,True,,2026-08-18T07:43:20.334023+09:00
Grooming Desk,veterinary,True,,2026-08-18T07:43:20.334023+09:00
Grooming Forge,veterinary,True,,2026-08-18T07:43:20.334023+09:00
Grooming Frame,veterinary,True,,2026-08-18T07:43:20.334023+09:00
Grooming Grid,veterinary,True,,2026-08-18T07:43:20.334023+09:00
Grooming Lens,veterinary,True,,2026-08-18T07:43:20.334023+09:00
Grooming Lock,veterinary,True,,2026-08-18T07:43:20.334023+09:00
Grooming Loop,veterinary,True,,2026-08-18T07:43:20.334023+09:00
Grooming Map,veterinary,True,,2026-08-18T07:43:20.334023+09:00
Grooming Path,veterinary,True,,2026-08-18T07:43:20.334023+09:00
Grooming Pilot,veterinary,True,,2026-08-18T07:43:20.334023+09:00
Grooming Point,veterinary,True,,2026-08-18T07:43:20.334023+09:00
Grooming Pulse,veterinary,True,,2026-08-18T07:43:20.334023+09:00
Grooming Radar,veterinary,True,,2026-08-18T07:43:20.334023+09:00
Grooming Relay,veterinary,True,,2026-08-18T07:43:20.334023+09:00
Grooming Scope,veterinary,True,,2026-08-18T07:43:20.334023+09:00
Grooming Signal,veterinary,True,,2026-08-18T07:43:20.334023+09:00
Grooming Vault,veterinary,True,,2026-08-18T07:43:20.334023+09:00
Grooming Watch,veterinary,True,,2026-08-18T07:43:20.334023+09:00
Grooming Wave,veterinary,True,,2026-08-18T07:43:20.334023+09:00
Guest Assistant,hospitality,True,,2026-08-18T07:43:20.334023+09:00
Guest Atlas,hospitality,True,,2026-08-18T07:43:20.334023+09:00
Guest Cockpit,hospitality,True,,2026-08-18T07:43:20.334023+09:00
Guest Companion,hospitality,True,,2026-08-18T07:43:20.334023+09:00
Guest Dashboard,hospitality,True,,2026-08-18T07:43:20.334023+09:00
Guest Engine,hospitality,True,,2026-08-18T07:43:20.334023+09:00
Guest Gate,hospitality,True,,2026-08-18T07:43:20.334023+09:00
Guest Guard,hospitality,True,,2026-08-18T07:43:20.334023+09:00
Guest Insight,hospitality,True,,2026-08-18T07:43:20.334023+09:00
Guest Keeper,hospitality,True,,2026-08-18T07:43:20.334023+09:00
Guest Manager,hospitality,True,,2026-08-18T07:43:20.334023+09:00
Guest Metrics,hospitality,True,,2026-08-18T07:43:20.334023+09:00
Guest Monitor,hospitality,True,,2026-08-18T07:43:20.334023+09:00
Guest Navigator,hospitality,True,,2026-08-18T07:43:20.334023+09:00
Guest Nexus,hospitality,True,,2026-08-18T07:43:20.334023+09:00
Guest Node,hospitality,True,,2026-08-18T07:43:20.334023+09:00
Guest Ops,hospitality,True,,2026-08-18T07:43:20.334023+09:00
Guest Organizer,hospitality,True,,2026-08-18T07:43:20.334023+09:00
Guest Planner,hospitality,True,,2026-08-18T07:43:20.334023+09:00
Guest Register,hospitality,True,,2026-08-18T07:43:20.334023+09:00
Guest Ring,hospitality,False,"TITLE_UNCLEAR: Ring is abstract, no SaaS function is suggested (established prior batches)",2026-08-18T07:43:20.334023+09:00
Guest Scheduler,hospitality,True,,2026-08-18T07:43:20.334023+09:00
Guest Sentry,hospitality,True,,2026-08-18T07:43:20.334023+09:00
Guest Suite,hospitality,True,,2026-08-18T07:43:20.334023+09:00
Harvest Anchor,agriculture,True,,2026-08-18T07:43:20.334023+09:00
Harvest Base,agriculture,True,,2026-08-18T07:43:20.334023+09:00
Harvest Board,agriculture,True,,2026-08-18T07:43:20.334023+09:00
Harvest Bridge,agriculture,True,,2026-08-18T07:43:20.334023+09:00
Harvest Cascade,agriculture,True,,2026-08-18T07:43:20.334023+09:00
Harvest Core,agriculture,True,,2026-08-18T07:43:20.334023+09:00
Harvest Deck,agriculture,True,,2026-08-18T07:43:20.334023+09:00
Harvest Forge,agriculture,True,,2026-08-18T01:28:04.577831+09:00
Harvest Frame,agriculture,True,,2026-08-18T07:43:20.334023+09:00
Harvest Grid,agriculture,True,,2026-08-18T07:43:20.334023+09:00
Harvest Lab,agriculture,True,,2026-08-18T07:43:20.334023+09:00
Harvest Ledger,agriculture,True,,2026-08-18T07:43:20.334023+09:00
Harvest Lens,agriculture,True,,2026-08-18T07:43:20.334023+09:00
Harvest Lock,agriculture,True,,2026-08-18T07:43:20.334023+09:00
Harvest Loop,agriculture,True,,2026-08-18T07:43:20.334023+09:00
Harvest Map,agriculture,True,,2026-08-18T07:43:20.334023+09:00
Harvest Path,agriculture,True,,2026-08-18T07:43:20.334023+09:00
Harvest Point,agriculture,True,,2026-08-18T07:43:20.334023+09:00
Harvest Pulse,agriculture,True,,2026-08-18T07:43:20.334023+09:00
Harvest Scope,agriculture,True,,2026-08-18T07:43:20.334023+09:00
Harvest Signal,agriculture,True,,2026-08-18T07:43:20.334023+09:00
Harvest Studio,agriculture,True,,2026-08-18T07:43:20.334023+09:00
Harvest Watch,agriculture,True,,2026-08-18T07:43:20.334023+09:00
Harvest Wave,agriculture,True,,2026-08-18T07:43:20.334023+09:00
Haulage Anchor,mining,True,,2026-08-18T07:43:20.334023+09:00
Haulage Base,mining,True,,2026-08-18T07:43:20.334023+09:00
Haulage Beacon,mining,True,,2026-08-18T07:43:20.334023+09:00
Haulage Bridge,mining,True,,2026-08-18T07:43:20.334023+09:00
Haulage Cascade,mining,True,,2026-08-18T07:43:20.334023+09:00
Haulage Compass,mining,True,,2026-08-18T07:43:20.334023+09:00
Haulage Forge,mining,True,,2026-08-18T07:43:20.334023+09:00
Haulage Frame,mining,True,,2026-08-18T07:43:20.334023+09:00
Haulage Grid,mining,True,,2026-08-18T07:43:20.334023+09:00
Haulage Lens,mining,True,,2026-08-18T07:43:20.334023+09:00
Haulage Lock,mining,True,,2026-08-18T07:43:20.334023+09:00
Haulage Loop,mining,True,,2026-08-18T07:43:20.334023+09:00
Haulage Map,mining,True,,2026-08-18T07:43:20.334023+09:00
Haulage Path,mining,True,,2026-08-18T07:43:20.334023+09:00
Haulage Point,mining,True,,2026-08-18T07:43:20.334023+09:00
Haulage Pulse,mining,True,,2026-08-18T07:43:20.334023+09:00
Haulage Radar,mining,True,,2026-08-18T07:43:20.334023+09:00
Haulage Relay,mining,True,,2026-08-18T07:43:20.334023+09:00
Haulage Scope,mining,True,,2026-08-18T07:43:20.334023+09:00
Haulage Signal,mining,True,,2026-08-18T07:43:20.334023+09:00
Haulage Vault,mining,True,,2026-08-18T07:43:20.334023+09:00
Haulage Watch,mining,True,,2026-08-18T07:43:20.334023+09:00
Haulage Wave,mining,True,,2026-08-18T07:43:20.334023+09:00
Hearing Anchor,government,True,,2026-08-18T07:43:20.334023+09:00
Hearing Beacon,government,True,,2026-08-18T07:43:20.334023+09:00
Hearing Bridge,government,True,,2026-08-18T07:43:20.334023+09:00
Hearing Cascade,government,True,,2026-08-18T07:43:20.334023+09:00
Hearing Compass,government,True,,2026-08-18T07:43:20.334023+09:00
Hearing Desk,government,True,,2026-08-18T07:43:20.334023+09:00
Hearing Flow,government,True,,2026-08-18T07:43:20.334023+09:00
Hearing Forge,government,True,,2026-08-18T07:43:20.334023+09:00
Hearing Grid,government,True,,2026-08-18T07:43:20.334023+09:00
Hearing Hub,government,True,,2026-08-18T07:43:20.334023+09:00
Hearing Lock,government,True,,2026-08-18T07:43:20.334023+09:00
Hearing Loop,government,True,,2026-08-18T07:43:20.334023+09:00
Hearing Map,government,True,,2026-08-18T07:43:20.334023+09:00
Hearing Path,government,True,,2026-08-18T07:43:20.334023+09:00
Hearing Pilot,government,True,,2026-08-18T07:43:20.334023+09:00
Hearing Point,government,True,,2026-08-18T07:43:20.334023+09:00
Hearing Pulse,government,True,,2026-08-18T07:43:20.334023+09:00
Hearing Radar,government,True,,2026-08-18T07:43:20.334023+09:00
Hearing Relay,government,True,,2026-08-18T07:43:20.334023+09:00
Hearing Scope,government,True,,2026-08-18T07:43:20.334023+09:00
Hearing Signal,government,True,,2026-08-18T07:43:20.334023+09:00
Hearing Vault,government,True,,2026-08-18T07:43:20.334023+09:00
Hearing Watch,government,True,,2026-08-18T07:43:20.334023+09:00
Hearing Wave,government,True,,2026-08-18T07:43:20.334023+09:00
Housekeeping Base,hospitality,True,,2026-08-18T07:43:20.334023+09:00
Housekeeping Board,hospitality,True,,2026-08-18T07:43:20.334023+09:00
Housekeeping Center,hospitality,True,,2026-08-18T07:43:20.334023+09:00
Housekeeping Console,hospitality,True,,2026-08-18T07:43:20.334023+09:00
Housekeeping Core,hospitality,True,,2026-08-18T07:43:20.334023+09:00
Housekeeping Deck,hospitality,True,,2026-08-18T07:43:20.334023+09:00
Housekeeping Frame,hospitality,True,,2026-08-18T07:43:20.334023+09:00
Housekeeping Grid,hospitality,True,,2026-08-18T07:43:20.334023+09:00
Housekeeping Lab,hospitality,True,,2026-08-18T07:43:20.334023+09:00
Housekeeping Ledger,hospitality,True,,2026-08-18T07:43:20.334023+09:00
Housekeeping Lens,hospitality,True,,2026-08-18T07:43:20.334023+09:00
Housekeeping Lock,hospitality,True,,2026-08-18T07:43:20.334023+09:00
Housekeeping Loop,hospitality,True,,2026-08-18T07:43:20.334023+09:00
Housekeeping Map,hospitality,True,,2026-08-18T07:43:20.334023+09:00
Housekeeping Panel,hospitality,True,,2026-08-18T07:43:20.334023+09:00
Housekeeping Path,hospitality,True,,2026-08-18T07:43:20.334023+09:00
Housekeeping Point,hospitality,True,,2026-08-18T07:43:20.334023+09:00
Housekeeping Portal,hospitality,True,,2026-08-18T07:43:20.334023+09:00
Housekeeping Pulse,hospitality,True,,2026-08-18T07:43:20.334023+09:00
Housekeeping Station,hospitality,True,,2026-08-18T07:43:20.334023+09:00
Housekeeping Studio,hospitality,True,,2026-08-18T07:43:20.334023+09:00
Housekeeping Terminal,hospitality,False,"TITLE_UNCLEAR: Terminal only reads clearly for transportation/maritime_shipping/aviation/logistics, industry=hospitality",2026-08-18T07:43:20.334023+09:00
Housekeeping Wave,hospitality,True,,2026-08-18T07:43:20.334023+09:00
Housekeeping Zone,hospitality,True,,2026-08-18T07:43:20.334023+09:00
Hygiene Anchor,dental,True,,2026-08-18T07:43:20.334023+09:00
Hygiene Base,dental,True,,2026-08-18T07:43:20.334023+09:00
Hygiene Beacon,dental,True,,2026-08-18T07:43:20.334023+09:00
Hygiene Bridge,dental,True,,2026-08-18T07:43:20.334023+09:00
Hygiene Cascade,dental,True,,2026-08-18T07:43:20.334023+09:00
Hygiene Compass,dental,True,,2026-08-18T07:43:20.334023+09:00
Hygiene Desk,dental,True,,2026-08-18T07:43:20.334023+09:00
Hygiene Forge,dental,True,,2026-08-18T07:43:20.334023+09:00
Hygiene Frame,dental,True,,2026-08-18T07:43:20.334023+09:00
Hygiene Grid,dental,True,,2026-08-18T07:43:20.334023+09:00
Hygiene Lens,dental,True,,2026-08-18T07:43:20.334023+09:00
Hygiene Lock,dental,True,,2026-08-18T07:43:20.334023+09:00
Hygiene Loop,dental,True,,2026-08-18T07:43:20.334023+09:00
Hygiene Map,dental,True,,2026-08-18T07:43:20.334023+09:00
Hygiene Path,dental,True,,2026-08-18T07:43:20.334023+09:00
Hygiene Point,dental,True,,2026-08-18T07:43:20.334023+09:00
Hygiene Pulse,dental,True,,2026-08-18T07:43:20.334023+09:00
Hygiene Radar,dental,True,,2026-08-18T07:43:20.334023+09:00
Hygiene Relay,dental,True,,2026-08-18T07:43:20.334023+09:00
Hygiene Scope,dental,True,,2026-08-18T07:43:20.334023+09:00
Hygiene Signal,dental,True,,2026-08-18T07:43:20.334023+09:00
Hygiene Vault,dental,True,,2026-08-18T07:43:20.334023+09:00
Hygiene Watch,dental,True,,2026-08-18T07:43:20.334023+09:00
Hygiene Wave,dental,True,,2026-08-18T07:43:20.334023+09:00
Immunization Base,childcare,True,,2026-08-18T07:43:20.334023+09:00
Immunization Board,childcare,True,,2026-08-18T07:43:20.334023+09:00
Immunization Center,childcare,True,,2026-08-18T07:43:20.334023+09:00
Immunization Console,childcare,True,,2026-08-18T07:43:20.334023+09:00
Immunization Core,childcare,True,,2026-08-18T07:43:20.334023+09:00
Immunization Deck,childcare,True,,2026-08-18T07:43:20.334023+09:00
Immunization Frame,childcare,True,,2026-08-18T07:43:20.334023+09:00
Immunization Grid,childcare,True,,2026-08-18T07:43:20.334023+09:00
Immunization Lab,childcare,True,,2026-08-18T07:43:20.334023+09:00
Immunization Ledger,childcare,True,,2026-08-18T07:43:20.334023+09:00
Immunization Lens,childcare,True,,2026-08-18T07:43:20.334023+09:00
Immunization Lock,childcare,True,,2026-08-18T07:43:20.334023+09:00
Immunization Loop,childcare,True,,2026-08-18T07:43:20.334023+09:00
Immunization Map,childcare,True,,2026-08-18T07:43:20.334023+09:00
Immunization Path,childcare,True,,2026-08-18T07:43:20.334023+09:00
Immunization Point,childcare,True,,2026-08-18T07:43:20.334023+09:00
Immunization Portal,childcare,True,,2026-08-18T07:43:20.334023+09:00
Immunization Pulse,childcare,True,,2026-08-18T07:43:20.334023+09:00
Immunization Scope,childcare,True,,2026-08-18T07:43:20.334023+09:00
Immunization Station,childcare,True,,2026-08-18T07:43:20.334023+09:00
Immunization Studio,childcare,True,,2026-08-18T07:43:20.334023+09:00
Immunization Terminal,childcare,False,"TITLE_UNCLEAR: Terminal only reads clearly for transportation/maritime_shipping/aviation/logistics, industry=childcare",2026-08-18T07:43:20.334023+09:00
Immunization Wave,childcare,True,,2026-08-18T07:43:20.334023+09:00
Immunization Zone,childcare,True,,2026-08-18T07:43:20.334023+09:00
Impact Anchor,nonprofit,True,,2026-08-18T07:43:20.334023+09:00
Impact Base,nonprofit,True,,2026-08-18T07:43:20.334023+09:00
Impact Board,nonprofit,True,,2026-08-18T07:43:20.334023+09:00
Impact Bridge,nonprofit,True,,2026-08-18T07:43:20.334023+09:00
Impact Cascade,nonprofit,True,,2026-08-18T07:43:20.334023+09:00
Impact Core,nonprofit,True,,2026-08-18T07:43:20.334023+09:00
Impact Deck,nonprofit,True,,2026-08-18T07:43:20.334023+09:00
Impact Forge,nonprofit,True,,2026-08-18T07:43:20.334023+09:00
Impact Frame,nonprofit,True,,2026-08-18T07:43:20.334023+09:00
Impact Grid,nonprofit,True,,2026-08-18T07:43:20.334023+09:00
Impact Lab,nonprofit,True,,2026-08-18T07:43:20.334023+09:00
Impact Ledger,nonprofit,True,,2026-08-18T07:43:20.334023+09:00
Impact Lens,nonprofit,True,,2026-08-18T07:43:20.334023+09:00
Impact Lock,nonprofit,True,,2026-08-18T07:43:20.334023+09:00
Impact Loop,nonprofit,True,,2026-08-18T07:43:20.334023+09:00
Impact Map,nonprofit,True,,2026-08-18T07:43:20.334023+09:00
Impact Path,nonprofit,True,,2026-08-18T07:43:20.334023+09:00
Impact Point,nonprofit,True,,2026-08-18T07:43:20.334023+09:00
Impact Pulse,nonprofit,True,,2026-08-18T07:43:20.334023+09:00
Impact Scope,nonprofit,True,,2026-08-18T07:43:20.334023+09:00
Impact Signal,nonprofit,True,,2026-08-18T07:43:20.334023+09:00
Impact Studio,nonprofit,True,,2026-08-18T07:43:20.334023+09:00
Impact Watch,nonprofit,True,,2026-08-18T07:43:20.334023+09:00
Impact Wave,nonprofit,True,,2026-08-18T07:43:20.334023+09:00
Incident Anchor,senior_care,True,,2026-08-18T07:43:20.334023+09:00
Incident Base,childcare,True,,2026-08-18T07:43:20.334023+09:00
Incident Beacon,senior_care,True,,2026-08-18T07:43:20.334023+09:00
Incident Board,childcare,True,,2026-08-18T07:43:20.334023+09:00
Incident Bridge,senior_care,True,,2026-08-18T07:43:20.334023+09:00
Incident Cascade,senior_care,True,,2026-08-18T07:43:20.334023+09:00
Incident Center,childcare,True,,2026-08-18T07:43:20.334023+09:00
Incident Chain,childcare,True,,2026-08-18T07:43:20.334023+09:00
Incident Cockpit,it_devops,True,,2026-08-18T07:43:20.334023+09:00
Incident Companion,it_devops,True,,2026-08-18T07:43:20.334023+09:00
Incident Compass,senior_care,True,,2026-08-18T07:43:20.334023+09:00
Incident Console,childcare,True,,2026-08-18T07:43:20.334023+09:00
Incident Core,childcare,True,,2026-08-18T07:43:20.334023+09:00
Incident Dashboard,it_devops,True,,2026-08-18T07:43:20.334023+09:00
Incident Deck,childcare,True,,2026-08-18T07:43:20.334023+09:00
Incident Desk,it_devops,True,,2026-08-18T07:43:20.334023+09:00
Incident Dial,childcare,True,,2026-08-18T07:43:20.334023+09:00
Incident Dock,childcare,True,,2026-08-18T07:43:20.334023+09:00
Incident Flow,it_devops,True,,2026-08-18T07:43:20.334023+09:00
Incident Forge,senior_care,True,,2026-08-18T07:43:20.334023+09:00
Incident Frame,childcare,True,,2026-08-18T07:43:20.334023+09:00
Incident Grid,cybersecurity,True,,2026-08-18T01:28:04.577831+09:00
Incident Guard,it_devops,True,,2026-08-18T07:43:20.334023+09:00
Incident Hub,it_devops,True,,2026-08-18T07:43:20.334023+09:00
Incident Insight,it_devops,True,,2026-08-18T07:43:20.334023+09:00
Incident Lab,childcare,True,,2026-08-18T07:43:20.334023+09:00
Incident Ledger,childcare,True,,2026-08-18T07:43:20.334023+09:00
Incident Lens,cybersecurity,True,,2026-08-18T07:43:20.334023+09:00
Incident Lock,cybersecurity,True,,2026-08-18T07:43:20.334023+09:00
Incident Loop,senior_care,True,,2026-08-18T07:43:20.334023+09:00
Incident Map,cybersecurity,True,,2026-08-18T07:43:20.334023+09:00
Incident Meter,childcare,True,,2026-08-18T07:43:20.334023+09:00
Incident Metrics,it_devops,True,,2026-08-18T07:43:20.334023+09:00
Incident Monitor,it_devops,True,,2026-08-18T07:43:20.334023+09:00
Incident Navigator,it_devops,True,,2026-08-18T07:43:20.334023+09:00
Incident Ops,it_devops,True,,2026-08-18T07:43:20.334023+09:00
Incident Organizer,it_devops,True,,2026-08-18T07:43:20.334023+09:00
Incident Panel,childcare,True,,2026-08-18T07:43:20.334023+09:00
Incident Path,cybersecurity,True,,2026-08-18T07:43:20.334023+09:00
Incident Pilot,it_devops,True,,2026-08-18T07:43:20.334023+09:00
Incident Point,cybersecurity,True,,2026-08-18T07:43:20.334023+09:00
Incident Portal,childcare,True,,2026-08-18T07:43:20.334023+09:00
Incident Pulse,cybersecurity,True,,2026-08-18T07:43:20.334023+09:00
Incident Radar,it_devops,True,,2026-08-18T07:43:20.334023+09:00
Incident Rail,childcare,True,,2026-08-18T07:43:20.334023+09:00
Incident Register,it_devops,True,,2026-08-18T07:43:20.334023+09:00
Incident Relay,it_devops,True,,2026-08-18T07:43:20.334023+09:00
Incident Route,childcare,True,,2026-08-18T07:43:20.334023+09:00
Incident Scale,childcare,True,,2026-08-18T07:43:20.334023+09:00
Incident Scheduler,it_devops,True,,2026-08-18T07:43:20.334023+09:00
Incident Scope,senior_care,True,,2026-08-18T07:43:20.334023+09:00
Incident Signal,senior_care,True,,2026-08-18T07:43:20.334023+09:00
Incident Station,childcare,True,,2026-08-18T07:43:20.334023+09:00
Incident Studio,childcare,True,,2026-08-18T07:43:20.334023+09:00
Incident Sync,it_devops,True,,2026-08-18T07:43:20.334023+09:00
Incident Terminal,childcare,False,"TITLE_UNCLEAR: Terminal only reads clearly for transportation/maritime_shipping/aviation/logistics, industry=childcare",2026-08-18T07:43:20.334023+09:00
Incident Tracker,it_devops,True,,2026-08-18T07:43:20.334023+09:00
Incident Trail,childcare,True,,2026-08-18T07:43:20.334023+09:00
Incident Vault,senior_care,True,,2026-08-18T07:43:20.334023+09:00
Incident Watch,senior_care,True,,2026-08-18T07:43:20.334023+09:00
Incident Wave,cybersecurity,True,,2026-08-18T07:43:20.334023+09:00
Incident Zone,childcare,True,,2026-08-18T07:43:20.334023+09:00
Inspection Anchor,pest_control,True,,2026-08-18T07:43:20.334023+09:00
Inspection Assistant,mining,True,,2026-08-18T07:43:20.334023+09:00
Inspection Atlas,maritime_shipping,True,,2026-08-18T07:43:20.334023+09:00
Inspection Base,government,True,,2026-08-18T07:43:20.334023+09:00
Inspection Beacon,pest_control,True,,2026-08-18T07:43:20.334023+09:00
Inspection Board,government,True,,2026-08-18T07:43:20.334023+09:00
Inspection Bridge,pest_control,True,,2026-08-18T07:43:20.334023+09:00
Inspection Cascade,pest_control,True,,2026-08-18T07:43:20.334023+09:00
Inspection Center,construction,True,,2026-08-18T07:43:20.334023+09:00
Inspection Chain,maritime_shipping,True,,2026-08-18T07:43:20.334023+09:00
Inspection Cockpit,real_estate,True,,2026-08-18T07:43:20.334023+09:00
Inspection Companion,real_estate,True,,2026-08-18T07:43:20.334023+09:00
Inspection Compass,pest_control,True,,2026-08-18T07:43:20.334023+09:00
Inspection Console,construction,True,,2026-08-18T07:43:20.334023+09:00
Inspection Core,government,True,,2026-08-18T07:43:20.334023+09:00
Inspection Dashboard,real_estate,True,,2026-08-18T07:43:20.334023+09:00
Inspection Deck,government,True,,2026-08-18T07:43:20.334023+09:00
Inspection Desk,real_estate,True,,2026-08-18T07:43:20.334023+09:00
Inspection Dial,construction,True,,2026-08-18T07:43:20.334023+09:00
Inspection Dock,maritime_shipping,True,,2026-08-18T07:43:20.334023+09:00
Inspection Engine,aviation,True,,2026-08-18T07:43:20.334023+09:00
Inspection Flow,real_estate,True,,2026-08-18T07:43:20.334023+09:00
Inspection Forge,pest_control,True,,2026-08-18T07:43:20.334023+09:00
Inspection Frame,government,True,,2026-08-18T07:43:20.334023+09:00
Inspection Gate,maritime_shipping,True,,2026-08-18T07:43:20.334023+09:00
Inspection Grid,pest_control,True,,2026-08-18T07:43:20.334023+09:00
Inspection Guard,real_estate,True,,2026-08-18T07:43:20.334023+09:00
Inspection Hub,real_estate,True,,2026-08-18T07:43:20.334023+09:00
Inspection Insight,real_estate,True,,2026-08-18T07:43:20.334023+09:00
Inspection Keeper,maritime_shipping,True,,2026-08-18T07:43:20.334023+09:00
Inspection Lab,automotive,True,,2026-08-18T07:43:20.334023+09:00
Inspection Ledger,government,True,,2026-08-18T07:43:20.334023+09:00
Inspection Lens,government,True,,2026-08-18T07:43:20.334023+09:00
Inspection Lock,government,True,,2026-08-18T07:43:20.334023+09:00
Inspection Loop,pest_control,True,,2026-08-18T07:43:20.334023+09:00
Inspection Manager,maritime_shipping,True,,2026-08-18T07:43:20.334023+09:00
Inspection Map,government,True,,2026-08-18T07:43:20.334023+09:00
Inspection Meter,construction,True,,2026-08-18T07:43:20.334023+09:00
Inspection Metrics,real_estate,True,,2026-08-18T07:43:20.334023+09:00
Inspection Monitor,energy_utilities,True,,2026-08-18T07:43:20.334023+09:00
Inspection Navigator,real_estate,True,,2026-08-18T07:43:20.334023+09:00
Inspection Nexus,maritime_shipping,True,,2026-08-18T07:43:20.334023+09:00
Inspection Node,maritime_shipping,True,,2026-08-18T07:43:20.334023+09:00
Inspection Ops,real_estate,True,,2026-08-18T07:43:20.334023+09:00
Inspection Organizer,energy_utilities,True,,2026-08-18T07:43:20.334023+09:00
Inspection Panel,construction,True,,2026-08-18T07:43:20.334023+09:00
Inspection Path,government,True,,2026-08-18T07:43:20.334023+09:00
Inspection Pilot,real_estate,True,,2026-08-18T07:43:20.334023+09:00
Inspection Planner,mining,True,,2026-08-18T07:43:20.334023+09:00
Inspection Point,government,True,,2026-08-18T07:43:20.334023+09:00
Inspection Portal,construction,True,,2026-08-18T07:43:20.334023+09:00
Inspection Pulse,pest_control,True,,2026-08-18T07:43:20.334023+09:00
Inspection Radar,real_estate,True,,2026-08-18T07:43:20.334023+09:00
Inspection Rail,maritime_shipping,True,,2026-08-18T07:43:20.334023+09:00
Inspection Register,real_estate,True,,2026-08-18T07:43:20.334023+09:00
Inspection Relay,real_estate,True,,2026-08-18T07:43:20.334023+09:00
Inspection Ring,maritime_shipping,False,"TITLE_UNCLEAR: Ring is abstract, no SaaS function is suggested (established prior batches)",2026-08-18T07:43:20.334023+09:00
Inspection Route,construction,True,,2026-08-18T07:43:20.334023+09:00
Inspection Scale,construction,True,,2026-08-18T07:43:20.334023+09:00
Inspection Scheduler,energy_utilities,True,,2026-08-18T07:43:20.334023+09:00
Inspection Scope,pest_control,True,,2026-08-18T07:43:20.334023+09:00
Inspection Sentry,maritime_shipping,True,,2026-08-18T07:43:20.334023+09:00
Inspection Signal,pest_control,True,,2026-08-18T07:43:20.334023+09:00
Inspection Station,automotive,True,,2026-08-18T07:43:20.334023+09:00
Inspection Studio,government,True,,2026-08-18T07:43:20.334023+09:00
Inspection Suite,maritime_shipping,True,,2026-08-18T07:43:20.334023+09:00
Inspection Sync,real_estate,True,,2026-08-18T07:43:20.334023+09:00
Inspection Terminal,construction,False,"TITLE_UNCLEAR: Terminal only reads clearly for transportation/maritime_shipping/aviation/logistics, industry=construction",2026-08-18T07:43:20.334023+09:00
Inspection Tracker,real_estate,True,,2026-08-18T07:43:20.334023+09:00
Inspection Trail,maritime_shipping,True,,2026-08-18T07:43:20.334023+09:00
Inspection Vault,real_estate,True,,2026-08-18T07:43:20.334023+09:00
Inspection Watch,pest_control,True,,2026-08-18T07:43:20.334023+09:00
Inspection Wave,cleaning_services,True,,2026-08-18T07:43:20.334023+09:00
Inspection Zone,construction,True,,2026-08-18T07:43:20.334023+09:00
Insurance Anchor,healthcare,True,,2026-08-18T07:43:20.334023+09:00
Insurance Base,dental,True,,2026-08-18T07:43:20.334023+09:00
Insurance Beacon,healthcare,True,,2026-08-18T07:43:20.334023+09:00
Insurance Board,dental,True,,2026-08-18T07:43:20.334023+09:00
Insurance Bridge,healthcare,True,,2026-08-18T07:43:20.334023+09:00
Insurance Cascade,healthcare,True,,2026-08-18T07:43:20.334023+09:00
Insurance Center,dental,True,,2026-08-18T07:43:20.334023+09:00
Insurance Compass,healthcare,True,,2026-08-18T07:43:20.334023+09:00
Insurance Console,dental,True,,2026-08-18T07:43:20.334023+09:00
Insurance Core,dental,True,,2026-08-18T07:43:20.334023+09:00
Insurance Deck,dental,True,,2026-08-18T07:43:20.334023+09:00
Insurance Desk,healthcare,True,,2026-08-18T07:43:20.334023+09:00
Insurance Dial,dental,True,,2026-08-18T07:43:20.334023+09:00
Insurance Dock,dental,True,,2026-08-18T07:43:20.334023+09:00
Insurance Flow,healthcare,True,,2026-08-18T07:43:20.334023+09:00
Insurance Forge,healthcare,True,,2026-08-18T07:43:20.334023+09:00
Insurance Frame,dental,True,,2026-08-18T07:43:20.334023+09:00
Insurance Grid,pharmacy,True,,2026-08-18T07:43:20.334023+09:00
Insurance Guard,healthcare,True,,2026-08-18T07:43:20.334023+09:00
Insurance Hub,healthcare,True,,2026-08-18T07:43:20.334023+09:00
Insurance Lab,dental,True,,2026-08-18T07:43:20.334023+09:00
Insurance Ledger,dental,True,,2026-08-18T07:43:20.334023+09:00
Insurance Lens,dental,True,,2026-08-18T07:43:20.334023+09:00
Insurance Lock,pharmacy,True,,2026-08-18T07:43:20.334023+09:00
Insurance Loop,pharmacy,True,,2026-08-18T07:43:20.334023+09:00
Insurance Map,dental,True,,2026-08-18T07:43:20.334023+09:00
Insurance Meter,dental,True,,2026-08-18T07:43:20.334023+09:00
Insurance Ops,healthcare,True,,2026-08-18T07:43:20.334023+09:00
Insurance Panel,dental,True,,2026-08-18T07:43:20.334023+09:00
Insurance Path,pharmacy,True,,2026-08-18T07:43:20.334023+09:00
Insurance Pilot,healthcare,True,,2026-08-18T07:43:20.334023+09:00
Insurance Point,pharmacy,True,,2026-08-18T07:43:20.334023+09:00
Insurance Portal,dental,True,,2026-08-18T07:43:20.334023+09:00
Insurance Pulse,pharmacy,True,,2026-08-18T07:43:20.334023+09:00
Insurance Radar,healthcare,True,,2026-08-18T07:43:20.334023+09:00
Insurance Rail,dental,True,,2026-08-18T07:43:20.334023+09:00
Insurance Register,healthcare,True,,2026-08-18T07:43:20.334023+09:00
Insurance Relay,healthcare,True,,2026-08-18T07:43:20.334023+09:00
Insurance Route,dental,True,,2026-08-18T07:43:20.334023+09:00
Insurance Scale,dental,True,,2026-08-18T07:43:20.334023+09:00
Insurance Scope,pharmacy,True,,2026-08-18T07:43:20.334023+09:00
Insurance Signal,pharmacy,True,,2026-08-18T07:43:20.334023+09:00
Insurance Station,dental,True,,2026-08-18T07:43:20.334023+09:00
Insurance Studio,dental,True,,2026-08-18T07:43:20.334023+09:00
Insurance Sync,healthcare,True,,2026-08-18T07:43:20.334023+09:00
Insurance Terminal,dental,False,"TITLE_UNCLEAR: Terminal only reads clearly for transportation/maritime_shipping/aviation/logistics, industry=dental",2026-08-18T07:43:20.334023+09:00
Insurance Tracker,healthcare,True,,2026-08-18T07:43:20.334023+09:00
Insurance Vault,healthcare,True,,2026-08-18T07:43:20.334023+09:00
Insurance Watch,pharmacy,True,,2026-08-18T07:43:20.334023+09:00
Insurance Wave,pharmacy,True,,2026-08-18T07:43:20.334023+09:00
Insurance Zone,dental,True,,2026-08-18T07:43:20.334023+09:00
Intake Anchor,laundry_dry_cleaning,True,,2026-08-18T07:43:20.334023+09:00
Intake Assistant,healthcare,True,,2026-08-18T07:43:20.334023+09:00
Intake Atlas,healthcare,True,,2026-08-18T07:43:20.334023+09:00
Intake Base,laundry_dry_cleaning,True,,2026-08-18T07:43:20.334023+09:00
Intake Beacon,laundry_dry_cleaning,True,,2026-08-18T07:43:20.334023+09:00
Intake Board,laundry_dry_cleaning,True,,2026-08-18T07:43:20.334023+09:00
Intake Bridge,laundry_dry_cleaning,True,,2026-08-18T07:43:20.334023+09:00
Intake Cascade,laundry_dry_cleaning,True,,2026-08-18T07:43:20.334023+09:00
Intake Chain,healthcare,True,,2026-08-18T07:43:20.334023+09:00
Intake Cockpit,healthcare,True,,2026-08-18T07:43:20.334023+09:00
Intake Companion,healthcare,True,,2026-08-18T07:43:20.334023+09:00
Intake Compass,veterinary,True,,2026-08-18T07:43:20.334023+09:00
Intake Core,laundry_dry_cleaning,True,,2026-08-18T07:43:20.334023+09:00
Intake Dashboard,healthcare,True,,2026-08-18T07:43:20.334023+09:00
Intake Deck,laundry_dry_cleaning,True,,2026-08-18T07:43:20.334023+09:00
Intake Desk,veterinary,True,,2026-08-18T07:43:20.334023+09:00
Intake Engine,healthcare,True,,2026-08-18T07:43:20.334023+09:00
Intake Flow,veterinary,True,,2026-08-18T07:43:20.334023+09:00
Intake Forge,laundry_dry_cleaning,True,,2026-08-18T07:43:20.334023+09:00
Intake Frame,laundry_dry_cleaning,True,,2026-08-18T07:43:20.334023+09:00
Intake Gate,healthcare,True,,2026-08-18T07:43:20.334023+09:00
Intake Grid,laundry_dry_cleaning,True,,2026-08-18T07:43:20.334023+09:00
Intake Hub,veterinary,True,,2026-08-18T07:43:20.334023+09:00
Intake Insight,healthcare,True,,2026-08-18T07:43:20.334023+09:00
Intake Keeper,healthcare,True,,2026-08-18T07:43:20.334023+09:00
Intake Ledger,laundry_dry_cleaning,True,,2026-08-18T07:43:20.334023+09:00
Intake Lens,laundry_dry_cleaning,True,,2026-08-18T07:43:20.334023+09:00
Intake Lock,laundry_dry_cleaning,True,,2026-08-18T07:43:20.334023+09:00
Intake Loop,laundry_dry_cleaning,True,,2026-08-18T07:43:20.334023+09:00
Intake Manager,healthcare,True,,2026-08-18T07:43:20.334023+09:00
Intake Map,laundry_dry_cleaning,True,,2026-08-18T07:43:20.334023+09:00
Intake Metrics,healthcare,True,,2026-08-18T07:43:20.334023+09:00
Intake Monitor,healthcare,True,,2026-08-18T07:43:20.334023+09:00
Intake Navigator,healthcare,True,,2026-08-18T07:43:20.334023+09:00
Intake Nexus,healthcare,True,,2026-08-18T07:43:20.334023+09:00
Intake Node,healthcare,True,,2026-08-18T07:43:20.334023+09:00
Intake Organizer,healthcare,True,,2026-08-18T07:43:20.334023+09:00
Intake Path,laundry_dry_cleaning,True,,2026-08-18T07:43:20.334023+09:00
Intake Pilot,veterinary,True,,2026-08-18T07:43:20.334023+09:00
Intake Planner,healthcare,True,,2026-08-18T07:43:20.334023+09:00
Intake Point,laundry_dry_cleaning,True,,2026-08-18T07:43:20.334023+09:00
Intake Pulse,laundry_dry_cleaning,True,,2026-08-18T07:43:20.334023+09:00
Intake Radar,veterinary,True,,2026-08-18T07:43:20.334023+09:00
Intake Register,healthcare,True,,2026-08-18T07:43:20.334023+09:00
Intake Relay,veterinary,True,,2026-08-18T07:43:20.334023+09:00
Intake Ring,healthcare,False,"TITLE_UNCLEAR: Ring is abstract, no SaaS function is suggested (established prior batches)",2026-08-18T07:43:20.334023+09:00
Intake Scheduler,healthcare,True,,2026-08-18T07:43:20.334023+09:00
Intake Scope,laundry_dry_cleaning,True,,2026-08-18T07:43:20.334023+09:00
Intake Sentry,healthcare,True,,2026-08-18T07:43:20.334023+09:00
Intake Signal,laundry_dry_cleaning,True,,2026-08-18T07:43:20.334023+09:00
Intake Suite,healthcare,True,,2026-08-18T07:43:20.334023+09:00
Intake Vault,veterinary,True,,2026-08-18T07:43:20.334023+09:00
Intake Watch,laundry_dry_cleaning,True,,2026-08-18T07:43:20.334023+09:00
Intake Wave,laundry_dry_cleaning,True,,2026-08-18T07:43:20.334023+09:00
Interaction Atlas,pharmacy,True,,2026-08-18T07:43:20.334023+09:00
Interaction Center,pharmacy,True,,2026-08-18T07:43:20.334023+09:00
Interaction Chain,pharmacy,True,,2026-08-18T07:43:20.334023+09:00
Interaction Console,pharmacy,True,,2026-08-18T07:43:20.334023+09:00
Interaction Dial,pharmacy,True,,2026-08-18T07:43:20.334023+09:00
Interaction Dock,pharmacy,True,,2026-08-18T07:43:20.334023+09:00
Interaction Gate,pharmacy,True,,2026-08-18T07:43:20.334023+09:00
Interaction Keeper,pharmacy,True,,2026-08-18T07:43:20.334023+09:00
Interaction Manager,pharmacy,True,,2026-08-18T07:43:20.334023+09:00
Interaction Meter,pharmacy,True,,2026-08-18T07:43:20.334023+09:00
Interaction Nexus,pharmacy,True,,2026-08-18T07:43:20.334023+09:00
Interaction Node,pharmacy,True,,2026-08-18T07:43:20.334023+09:00
Interaction Panel,pharmacy,True,,2026-08-18T07:43:20.334023+09:00
Interaction Portal,pharmacy,True,,2026-08-18T07:43:20.334023+09:00
Interaction Rail,pharmacy,True,,2026-08-18T07:43:20.334023+09:00
Interaction Ring,pharmacy,False,"TITLE_UNCLEAR: Ring is abstract, no SaaS function is suggested (established prior batches)",2026-08-18T07:43:20.334023+09:00
Interaction Route,pharmacy,True,,2026-08-18T07:43:20.334023+09:00
Interaction Scale,pharmacy,True,,2026-08-18T07:43:20.334023+09:00
Interaction Sentry,pharmacy,True,,2026-08-18T07:43:20.334023+09:00
Interaction Station,pharmacy,True,,2026-08-18T07:43:20.334023+09:00
Interaction Terminal,pharmacy,False,"TITLE_UNCLEAR: Terminal only reads clearly for transportation/maritime_shipping/aviation/logistics, industry=pharmacy",2026-08-18T07:43:20.334023+09:00
Interaction Trail,pharmacy,True,,2026-08-18T07:43:20.334023+09:00
Interaction Zone,pharmacy,True,,2026-08-18T07:43:20.334023+09:00
Interview Atlas,recruiting,True,,2026-08-18T07:43:20.334023+09:00
Interview Center,recruiting,True,,2026-08-18T07:43:20.334023+09:00
Interview Chain,recruiting,True,,2026-08-18T07:43:20.334023+09:00
Interview Console,recruiting,True,,2026-08-18T07:43:20.334023+09:00
Interview Deck,recruiting,True,,2026-08-18T07:43:20.334023+09:00
Interview Dial,recruiting,True,,2026-08-18T07:43:20.334023+09:00
Interview Dock,recruiting,True,,2026-08-18T07:43:20.334023+09:00
Interview Gate,recruiting,True,,2026-08-18T07:43:20.334023+09:00
Interview Lab,recruiting,True,,2026-08-18T07:43:20.334023+09:00
Interview Meter,recruiting,True,,2026-08-18T07:43:20.334023+09:00
Interview Nexus,recruiting,True,,2026-08-18T07:43:20.334023+09:00
Interview Node,recruiting,True,,2026-08-18T07:43:20.334023+09:00
Interview Panel,recruiting,True,,2026-08-18T07:43:20.334023+09:00
Interview Portal,recruiting,True,,2026-08-18T07:43:20.334023+09:00
Interview Rail,recruiting,True,,2026-08-18T07:43:20.334023+09:00
Interview Ring,recruiting,False,"TITLE_UNCLEAR: Ring is abstract, no SaaS function is suggested (established prior batches)",2026-08-18T07:43:20.334023+09:00
Interview Route,recruiting,True,,2026-08-18T07:43:20.334023+09:00
Interview Scale,recruiting,True,,2026-08-18T07:43:20.334023+09:00
Interview Sentry,recruiting,True,,2026-08-18T07:43:20.334023+09:00
Interview Station,recruiting,True,,2026-08-18T07:43:20.334023+09:00
Interview Studio,recruiting,True,,2026-08-18T07:43:20.334023+09:00
Interview Terminal,recruiting,False,"TITLE_UNCLEAR: Terminal only reads clearly for transportation/maritime_shipping/aviation/logistics, industry=recruiting",2026-08-18T07:43:20.334023+09:00
Interview Trail,recruiting,True,,2026-08-18T07:43:20.334023+09:00
Interview Zone,recruiting,True,,2026-08-18T07:43:20.334023+09:00
Inventory Anchor,retail_ecommerce,True,,2026-08-18T07:43:20.334023+09:00
Inventory Assistant,logistics,True,,2026-08-18T07:43:20.334023+09:00
Inventory Atlas,logistics,True,,2026-08-18T07:43:20.334023+09:00
Inventory Base,food_service,True,,2026-08-18T07:43:20.334023+09:00
Inventory Beacon,retail_ecommerce,True,,2026-08-18T07:43:20.334023+09:00
Inventory Board,food_service,True,,2026-08-18T07:43:20.334023+09:00
Inventory Bridge,retail_ecommerce,True,,2026-08-18T07:43:20.334023+09:00
Inventory Cascade,retail_ecommerce,True,,2026-08-18T07:43:20.334023+09:00
Inventory Center,food_service,True,,2026-08-18T07:43:20.334023+09:00
Inventory Chain,pharmacy,True,,2026-08-18T07:43:20.334023+09:00
Inventory Cockpit,logistics,True,,2026-08-18T07:43:20.334023+09:00
Inventory Companion,logistics,True,,2026-08-18T07:43:20.334023+09:00
Inventory Compass,retail_ecommerce,True,,2026-08-18T07:43:20.334023+09:00
Inventory Console,food_service,True,,2026-08-18T07:43:20.334023+09:00
Inventory Core,food_service,True,,2026-08-18T07:43:20.334023+09:00
Inventory Dashboard,logistics,True,,2026-08-18T07:43:20.334023+09:00
Inventory Deck,food_service,True,,2026-08-18T07:43:20.334023+09:00
Inventory Desk,automotive,True,,2026-08-18T07:43:20.334023+09:00
Inventory Dial,food_service,True,,2026-08-18T07:43:20.334023+09:00
Inventory Dock,salon_spa,True,,2026-08-18T07:43:20.334023+09:00
Inventory Engine,logistics,True,,2026-08-18T07:43:20.334023+09:00
Inventory Flow,automotive,True,,2026-08-18T07:43:20.334023+09:00
Inventory Forge,retail_ecommerce,True,,2026-08-18T07:43:20.334023+09:00
Inventory Frame,food_service,True,,2026-08-18T07:43:20.334023+09:00
Inventory Gate,logistics,True,,2026-08-18T07:43:20.334023+09:00
Inventory Grid,retail_ecommerce,True,,2026-08-18T07:43:20.334023+09:00
Inventory Guard,logistics,True,,2026-08-18T07:43:20.334023+09:00
Inventory Hub,automotive,True,,2026-08-18T07:43:20.334023+09:00
Inventory Insight,logistics,True,,2026-08-18T07:43:20.334023+09:00
Inventory Keeper,logistics,True,,2026-08-18T07:43:20.334023+09:00
Inventory Lab,food_service,True,,2026-08-18T07:43:20.334023+09:00
Inventory Ledger,food_service,True,,2026-08-18T07:43:20.334023+09:00
Inventory Lens,food_service,True,,2026-08-18T07:43:20.334023+09:00
Inventory Lock,retail_ecommerce,True,,2026-08-18T07:43:20.334023+09:00
Inventory Loop,retail_ecommerce,True,,2026-08-18T07:43:20.334023+09:00
Inventory Manager,logistics,True,,2026-08-18T07:43:20.334023+09:00
Inventory Map,food_service,True,,2026-08-18T01:28:04.577831+09:00
Inventory Meter,food_service,True,,2026-08-18T07:43:20.334023+09:00
Inventory Metrics,logistics,True,,2026-08-18T07:43:20.334023+09:00
Inventory Monitor,logistics,True,,2026-08-18T07:43:20.334023+09:00
Inventory Navigator,logistics,True,,2026-08-18T07:43:20.334023+09:00
Inventory Nexus,logistics,True,,2026-08-18T07:43:20.334023+09:00
Inventory Node,cleaning_services,True,,2026-08-18T07:43:20.334023+09:00
Inventory Ops,logistics,True,,2026-08-18T07:43:20.334023+09:00
Inventory Organizer,logistics,True,,2026-08-18T07:43:20.334023+09:00
Inventory Panel,food_service,True,,2026-08-18T07:43:20.334023+09:00
Inventory Path,retail_ecommerce,True,,2026-08-18T07:43:20.334023+09:00
Inventory Pilot,automotive,True,,2026-08-18T07:43:20.334023+09:00
Inventory Planner,logistics,True,,2026-08-18T07:43:20.334023+09:00
Inventory Point,retail_ecommerce,True,,2026-08-18T07:43:20.334023+09:00
Inventory Portal,food_service,True,,2026-08-18T07:43:20.334023+09:00
Inventory Pulse,retail_ecommerce,True,,2026-08-18T07:43:20.334023+09:00
Inventory Radar,automotive,True,,2026-08-18T07:43:20.334023+09:00
Inventory Rail,pharmacy,True,,2026-08-18T07:43:20.334023+09:00
Inventory Register,logistics,True,,2026-08-18T07:43:20.334023+09:00
Inventory Relay,retail_ecommerce,True,,2026-08-18T01:28:04.577831+09:00
Inventory Ring,pharmacy,False,"TITLE_UNCLEAR: Ring is abstract, no SaaS function is suggested (established prior batches)",2026-08-18T07:43:20.334023+09:00
Inventory Route,salon_spa,True,,2026-08-18T07:43:20.334023+09:00
Inventory Scale,salon_spa,True,,2026-08-18T07:43:20.334023+09:00
Inventory Scheduler,logistics,True,,2026-08-18T07:43:20.334023+09:00
Inventory Scope,retail_ecommerce,True,,2026-08-18T07:43:20.334023+09:00
Inventory Sentry,logistics,True,,2026-08-18T07:43:20.334023+09:00
Inventory Signal,retail_ecommerce,True,,2026-08-18T07:43:20.334023+09:00
Inventory Station,food_service,True,,2026-08-18T07:43:20.334023+09:00
Inventory Studio,food_service,True,,2026-08-18T07:43:20.334023+09:00
Inventory Suite,logistics,True,,2026-08-18T07:43:20.334023+09:00
Inventory Terminal,food_service,False,"TITLE_UNCLEAR: Terminal only reads clearly for transportation/maritime_shipping/aviation/logistics, industry=food_service",2026-08-18T07:43:20.334023+09:00
Inventory Tracker,logistics,True,,2026-08-18T07:43:20.334023+09:00
Inventory Trail,pharmacy,True,,2026-08-18T07:43:20.334023+09:00
Inventory Vault,retail_ecommerce,True,,2026-08-18T07:43:20.334023+09:00
Inventory Watch,retail_ecommerce,True,,2026-08-18T07:43:20.334023+09:00
Inventory Wave,retail_ecommerce,True,,2026-08-18T07:43:20.334023+09:00
Inventory Zone,food_service,True,,2026-08-18T07:43:20.334023+09:00
Invoice Assistant,finance,True,,2026-08-18T07:43:20.334023+09:00
Invoice Atlas,finance,True,,2026-08-18T07:43:20.334023+09:00
Invoice Chain,finance,True,,2026-08-18T07:43:20.334023+09:00
Invoice Dial,finance,True,,2026-08-18T01:30:57.525706+09:00
Invoice Dock,finance,True,,2026-08-18T07:43:20.334023+09:00
Invoice Engine,finance,True,,2026-08-18T07:43:20.334023+09:00
Invoice Gate,finance,True,,2026-08-18T07:43:20.334023+09:00
Invoice Insight,finance,True,,2026-08-18T07:43:20.334023+09:00
Invoice Keeper,finance,True,,2026-08-18T07:43:20.334023+09:00
Invoice Manager,finance,True,,2026-08-18T07:43:20.334023+09:00
Invoice Meter,finance,True,,2026-08-18T07:43:20.334023+09:00
Invoice Monitor,finance,True,,2026-08-18T07:43:20.334023+09:00
Invoice Nexus,finance,True,,2026-08-18T07:43:20.334023+09:00
Invoice Node,finance,True,,2026-08-18T07:43:20.334023+09:00
Invoice Organizer,finance,True,,2026-08-18T07:43:20.334023+09:00
Invoice Planner,finance,True,,2026-08-18T07:43:20.334023+09:00
Invoice Rail,finance,True,,2026-08-18T07:43:20.334023+09:00
Invoice Ring,finance,False,"TITLE_UNCLEAR: Ring is abstract, no SaaS function is suggested (established prior batches)",2026-08-18T07:43:20.334023+09:00
Invoice Route,finance,True,,2026-08-18T07:43:20.334023+09:00
Invoice Scale,finance,True,,2026-08-18T07:43:20.334023+09:00
Invoice Scheduler,finance,True,,2026-08-18T07:43:20.334023+09:00
Invoice Sentry,finance,True,,2026-08-18T07:43:20.334023+09:00
Invoice Suite,finance,True,,2026-08-18T07:43:20.334023+09:00
Invoice Trail,finance,True,,2026-08-18T07:43:20.334023+09:00
Irrigation Assistant,landscaping,True,,2026-08-18T07:43:20.334023+09:00
Irrigation Atlas,landscaping,True,,2026-08-18T07:43:20.334023+09:00
Irrigation Base,agriculture,True,,2026-08-18T07:43:20.334023+09:00
Irrigation Board,agriculture,True,,2026-08-18T07:43:20.334023+09:00
Irrigation Center,agriculture,True,,2026-08-18T07:43:20.334023+09:00
Irrigation Cockpit,landscaping,True,,2026-08-18T07:43:20.334023+09:00
Irrigation Companion,landscaping,True,,2026-08-18T07:43:20.334023+09:00
Irrigation Console,agriculture,True,,2026-08-18T07:43:20.334023+09:00
Irrigation Core,agriculture,True,,2026-08-18T07:43:20.334023+09:00
Irrigation Dashboard,landscaping,True,,2026-08-18T07:43:20.334023+09:00
Irrigation Deck,agriculture,True,,2026-08-18T07:43:20.334023+09:00
Irrigation Dial,agriculture,True,,2026-08-18T07:43:20.334023+09:00
Irrigation Engine,landscaping,True,,2026-08-18T07:43:20.334023+09:00
Irrigation Frame,agriculture,True,,2026-08-18T07:43:20.334023+09:00
Irrigation Gate,landscaping,True,,2026-08-18T07:43:20.334023+09:00
Irrigation Guard,landscaping,True,,2026-08-18T07:43:20.334023+09:00
Irrigation Insight,landscaping,True,,2026-08-18T07:43:20.334023+09:00
Irrigation Keeper,landscaping,True,,2026-08-18T07:43:20.334023+09:00
Irrigation Lab,agriculture,True,,2026-08-18T07:43:20.334023+09:00
Irrigation Ledger,agriculture,True,,2026-08-18T07:43:20.334023+09:00
Irrigation Lens,agriculture,True,,2026-08-18T07:43:20.334023+09:00
Irrigation Lock,agriculture,True,,2026-08-18T07:43:20.334023+09:00
Irrigation Manager,landscaping,True,,2026-08-18T07:43:20.334023+09:00
Irrigation Map,agriculture,True,,2026-08-18T07:43:20.334023+09:00
Irrigation Meter,agriculture,True,,2026-08-18T07:43:20.334023+09:00
Irrigation Metrics,landscaping,True,,2026-08-18T07:43:20.334023+09:00
Irrigation Monitor,landscaping,True,,2026-08-18T07:43:20.334023+09:00
Irrigation Navigator,landscaping,True,,2026-08-18T07:43:20.334023+09:00
Irrigation Nexus,landscaping,True,,2026-08-18T07:43:20.334023+09:00
Irrigation Ops,landscaping,True,,2026-08-18T07:43:20.334023+09:00
Irrigation Organizer,landscaping,True,,2026-08-18T07:43:20.334023+09:00
Irrigation Panel,agriculture,True,,2026-08-18T07:43:20.334023+09:00
Irrigation Path,agriculture,True,,2026-08-18T07:43:20.334023+09:00
Irrigation Planner,landscaping,True,,2026-08-18T07:43:20.334023+09:00
Irrigation Point,agriculture,True,,2026-08-18T07:43:20.334023+09:00
Irrigation Portal,agriculture,True,,2026-08-18T07:43:20.334023+09:00
Irrigation Register,landscaping,True,,2026-08-18T07:43:20.334023+09:00
Irrigation Scale,agriculture,True,,2026-08-18T07:43:20.334023+09:00
Irrigation Scheduler,landscaping,True,,2026-08-18T07:43:20.334023+09:00
Irrigation Sentry,landscaping,True,,2026-08-18T07:43:20.334023+09:00
Irrigation Station,agriculture,True,,2026-08-18T07:43:20.334023+09:00
Irrigation Studio,agriculture,True,,2026-08-18T07:43:20.334023+09:00
Irrigation Suite,landscaping,True,,2026-08-18T07:43:20.334023+09:00
Irrigation Sync,landscaping,True,,2026-08-18T07:43:20.334023+09:00
Irrigation Terminal,agriculture,False,"TITLE_UNCLEAR: Terminal only reads clearly for transportation/maritime_shipping/aviation/logistics, industry=agriculture",2026-08-18T07:43:20.334023+09:00
Irrigation Tracker,landscaping,True,,2026-08-18T07:43:20.334023+09:00
Irrigation Wave,agriculture,True,,2026-08-18T07:43:20.334023+09:00
Irrigation Zone,agriculture,True,,2026-08-18T07:43:20.334023+09:00
Itinerary Base,hospitality,True,,2026-08-18T07:43:20.334023+09:00
Itinerary Board,hospitality,True,,2026-08-18T07:43:20.334023+09:00
Itinerary Center,hospitality,True,,2026-08-18T07:43:20.334023+09:00
Itinerary Core,hospitality,True,,2026-08-18T07:43:20.334023+09:00
Itinerary Deck,hospitality,True,,2026-08-18T07:43:20.334023+09:00
Itinerary Frame,hospitality,True,,2026-08-18T07:43:20.334023+09:00
Itinerary Grid,hospitality,True,,2026-08-18T07:43:20.334023+09:00
Itinerary Lab,hospitality,True,,2026-08-18T07:43:20.334023+09:00
Itinerary Ledger,hospitality,True,,2026-08-18T07:43:20.334023+09:00
Itinerary Lens,hospitality,True,,2026-08-18T07:43:20.334023+09:00
Itinerary Lock,hospitality,True,,2026-08-18T07:43:20.334023+09:00
Itinerary Loop,hospitality,True,,2026-08-18T07:43:20.334023+09:00
Itinerary Map,hospitality,True,,2026-08-18T07:43:20.334023+09:00
Itinerary Path,hospitality,True,,2026-08-18T07:43:20.334023+09:00
Itinerary Point,hospitality,True,,2026-08-18T07:43:20.334023+09:00
Itinerary Pulse,hospitality,True,,2026-08-18T07:43:20.334023+09:00
Itinerary Scope,hospitality,True,,2026-08-18T07:43:20.334023+09:00
Itinerary Station,hospitality,True,,2026-08-18T07:43:20.334023+09:00
Itinerary Studio,hospitality,True,,2026-08-18T07:43:20.334023+09:00
Itinerary Terminal,hospitality,False,"TITLE_UNCLEAR: Terminal only reads clearly for transportation/maritime_shipping/aviation/logistics, industry=hospitality",2026-08-18T07:43:20.334023+09:00
Itinerary Watch,hospitality,True,,2026-08-18T07:43:20.334023+09:00
Itinerary Wave,hospitality,True,,2026-08-18T07:43:20.334023+09:00
Itinerary Zone,hospitality,True,,2026-08-18T07:43:20.334023+09:00
Jobsite Anchor,construction,True,,2026-08-18T07:43:20.334023+09:00
Jobsite Base,construction,True,,2026-08-18T07:43:20.334023+09:00
Jobsite Board,construction,True,,2026-08-18T07:43:20.334023+09:00
Jobsite Core,construction,True,,2026-08-18T07:43:20.334023+09:00
Jobsite Deck,construction,True,,2026-08-18T07:43:20.334023+09:00
Jobsite Frame,construction,True,,2026-08-18T07:43:20.334023+09:00
Jobsite Grid,construction,True,,2026-08-18T07:43:20.334023+09:00
Jobsite Lab,construction,True,,2026-08-18T07:43:20.334023+09:00
Jobsite Ledger,construction,True,,2026-08-18T07:43:20.334023+09:00
Jobsite Lens,construction,True,,2026-08-18T07:43:20.334023+09:00
Jobsite Lock,construction,True,,2026-08-18T07:43:20.334023+09:00
Jobsite Loop,construction,True,,2026-08-18T07:43:20.334023+09:00
Jobsite Map,construction,True,,2026-08-18T07:43:20.334023+09:00
Jobsite Path,construction,True,,2026-08-18T07:43:20.334023+09:00
Jobsite Point,construction,True,,2026-08-18T07:43:20.334023+09:00
Jobsite Pulse,construction,True,,2026-08-18T07:43:20.334023+09:00
Jobsite Scope,construction,True,,2026-08-18T07:43:20.334023+09:00
Jobsite Signal,construction,True,,2026-08-18T07:43:20.334023+09:00
Jobsite Station,construction,True,,2026-08-18T07:43:20.334023+09:00
Jobsite Studio,construction,True,,2026-08-18T07:43:20.334023+09:00
Jobsite Terminal,construction,False,"TITLE_UNCLEAR: Terminal only reads clearly for transportation/maritime_shipping/aviation/logistics, industry=construction",2026-08-18T07:43:20.334023+09:00
Jobsite Watch,construction,True,,2026-08-18T07:43:20.334023+09:00
Jobsite Wave,construction,True,,2026-08-18T07:43:20.334023+09:00
Knowledge Board,customer_support,True,,2026-08-18T07:43:20.334023+09:00
Knowledge Center,customer_support,True,,2026-08-18T07:43:20.334023+09:00
Knowledge Chain,customer_support,True,,2026-08-18T07:43:20.334023+09:00
Knowledge Console,customer_support,True,,2026-08-18T07:43:20.334023+09:00
Knowledge Core,customer_support,True,,2026-08-18T07:43:20.334023+09:00
Knowledge Deck,customer_support,True,,2026-08-18T07:43:20.334023+09:00
Knowledge Dial,customer_support,True,,2026-08-18T07:43:20.334023+09:00
Knowledge Dock,customer_support,True,,2026-08-18T07:43:20.334023+09:00
Knowledge Lab,customer_support,True,,2026-08-18T07:43:20.334023+09:00
Knowledge Ledger,customer_support,True,,2026-08-18T07:43:20.334023+09:00
Knowledge Meter,customer_support,True,,2026-08-18T07:43:20.334023+09:00
Knowledge Node,customer_support,True,,2026-08-18T07:43:20.334023+09:00
Knowledge Panel,customer_support,True,,2026-08-18T07:43:20.334023+09:00
Knowledge Portal,customer_support,True,,2026-08-18T07:43:20.334023+09:00
Knowledge Rail,customer_support,True,,2026-08-18T07:43:20.334023+09:00
Knowledge Ring,customer_support,False,"TITLE_UNCLEAR: Ring is abstract, no SaaS function is suggested (established prior batches)",2026-08-18T07:43:20.334023+09:00
Knowledge Route,customer_support,True,,2026-08-18T07:43:20.334023+09:00
Knowledge Scale,customer_support,True,,2026-08-18T07:43:20.334023+09:00
Knowledge Station,customer_support,True,,2026-08-18T07:43:20.334023+09:00
Knowledge Studio,customer_support,True,,2026-08-18T07:43:20.334023+09:00
Knowledge Terminal,customer_support,False,"TITLE_UNCLEAR: Terminal only reads clearly for transportation/maritime_shipping/aviation/logistics, industry=customer_support",2026-08-18T07:43:20.334023+09:00
Knowledge Trail,customer_support,True,,2026-08-18T07:43:20.334023+09:00
Knowledge Zone,customer_support,True,,2026-08-18T07:43:20.334023+09:00
Latency Assistant,telecom,True,,2026-08-18T07:43:20.334023+09:00
Latency Cockpit,telecom,True,,2026-08-18T07:43:20.334023+09:00
Latency Companion,telecom,True,,2026-08-18T07:43:20.334023+09:00
Latency Dashboard,telecom,True,,2026-08-18T07:43:20.334023+09:00
Latency Desk,telecom,True,,2026-08-18T07:43:20.334023+09:00
Latency Engine,telecom,True,,2026-08-18T07:43:20.334023+09:00
Latency Flow,telecom,True,,2026-08-18T07:43:20.334023+09:00
Latency Guard,telecom,True,,2026-08-18T07:43:20.334023+09:00
Latency Hub,telecom,True,,2026-08-18T07:43:20.334023+09:00
Latency Insight,telecom,True,,2026-08-18T07:43:20.334023+09:00
Latency Metrics,telecom,True,,2026-08-18T07:43:20.334023+09:00
Latency Monitor,telecom,True,,2026-08-18T07:43:20.334023+09:00
Latency Navigator,telecom,True,,2026-08-18T07:43:20.334023+09:00
Latency Ops,telecom,True,,2026-08-18T07:43:20.334023+09:00
Latency Organizer,telecom,True,,2026-08-18T07:43:20.334023+09:00
Latency Pilot,telecom,True,,2026-08-18T07:43:20.334023+09:00
Latency Planner,telecom,True,,2026-08-18T07:43:20.334023+09:00
Latency Radar,telecom,True,,2026-08-18T07:43:20.334023+09:00
Latency Register,telecom,True,,2026-08-18T07:43:20.334023+09:00
Latency Scheduler,telecom,True,,2026-08-18T07:43:20.334023+09:00
Latency Suite,telecom,True,,2026-08-18T07:43:20.334023+09:00
Latency Sync,telecom,True,,2026-08-18T07:43:20.334023+09:00
Latency Tracker,telecom,True,,2026-08-18T07:43:20.334023+09:00
Lease Anchor,real_estate,True,,2026-08-18T07:43:20.334023+09:00
Lease Beacon,real_estate,True,,2026-08-18T07:43:20.334023+09:00
Lease Bridge,real_estate,True,,2026-08-18T07:43:20.334023+09:00
Lease Cascade,real_estate,True,,2026-08-18T07:43:20.334023+09:00
Lease Compass,real_estate,True,,2026-08-18T07:43:20.334023+09:00
Lease Desk,real_estate,True,,2026-08-18T07:43:20.334023+09:00
Lease Forge,real_estate,True,,2026-08-18T07:43:20.334023+09:00
Lease Grid,real_estate,True,,2026-08-18T07:43:20.334023+09:00
Lease Hub,real_estate,True,,2026-08-18T01:28:04.577831+09:00
Lease Lens,real_estate,True,,2026-08-18T07:43:20.334023+09:00
Lease Lock,real_estate,True,,2026-08-18T07:43:20.334023+09:00
Lease Loop,real_estate,True,,2026-08-18T07:43:20.334023+09:00
Lease Map,real_estate,True,,2026-08-18T07:43:20.334023+09:00
Lease Path,real_estate,True,,2026-08-18T07:43:20.334023+09:00
Lease Pilot,real_estate,True,,2026-08-18T07:43:20.334023+09:00
Lease Point,real_estate,True,,2026-08-18T07:43:20.334023+09:00
Lease Pulse,real_estate,True,,2026-08-18T07:43:20.334023+09:00
Lease Radar,real_estate,True,,2026-08-18T07:43:20.334023+09:00
Lease Relay,real_estate,True,,2026-08-18T07:43:20.334023+09:00
Lease Scope,real_estate,True,,2026-08-18T07:43:20.334023+09:00
Lease Signal,real_estate,True,,2026-08-18T07:43:20.334023+09:00
Lease Vault,real_estate,True,,2026-08-18T07:43:20.334023+09:00
Lease Watch,real_estate,True,,2026-08-18T07:43:20.334023+09:00
Lease Wave,real_estate,True,,2026-08-18T07:43:20.334023+09:00
Leave Anchor,hr_payroll,True,,2026-08-18T07:43:20.334023+09:00
Leave Beacon,hr_payroll,True,,2026-08-18T07:43:20.334023+09:00
Leave Bridge,hr_payroll,True,,2026-08-18T07:43:20.334023+09:00
Leave Cascade,hr_payroll,True,,2026-08-18T07:43:20.334023+09:00
Leave Cockpit,hr_payroll,True,,2026-08-18T07:43:20.334023+09:00
Leave Companion,hr_payroll,True,,2026-08-18T07:43:20.334023+09:00
Leave Compass,hr_payroll,True,,2026-08-18T07:43:20.334023+09:00
Leave Dashboard,hr_payroll,True,,2026-08-18T07:43:20.334023+09:00
Leave Desk,hr_payroll,True,,2026-08-18T07:43:20.334023+09:00
Leave Flow,hr_payroll,True,,2026-08-18T07:43:20.334023+09:00
Leave Forge,hr_payroll,True,,2026-08-18T07:43:20.334023+09:00
Leave Guard,hr_payroll,True,,2026-08-18T07:43:20.334023+09:00
Leave Hub,hr_payroll,True,,2026-08-18T07:43:20.334023+09:00
Leave Navigator,hr_payroll,True,,2026-08-18T07:43:20.334023+09:00
Leave Ops,hr_payroll,True,,2026-08-18T07:43:20.334023+09:00
Leave Pilot,hr_payroll,True,,2026-08-18T07:43:20.334023+09:00
Leave Radar,hr_payroll,True,,2026-08-18T07:43:20.334023+09:00
Leave Register,hr_payroll,True,,2026-08-18T07:43:20.334023+09:00
Leave Relay,hr_payroll,True,,2026-08-18T07:43:20.334023+09:00
Leave Signal,hr_payroll,True,,2026-08-18T07:43:20.334023+09:00
Leave Sync,hr_payroll,True,,2026-08-18T07:43:20.334023+09:00
Leave Tracker,hr_payroll,True,,2026-08-18T07:43:20.334023+09:00
Leave Vault,hr_payroll,True,,2026-08-18T07:43:20.334023+09:00
Leave Watch,hr_payroll,True,,2026-08-18T07:43:20.334023+09:00
Ledger Anchor,finance,True,,2026-08-18T07:43:20.334023+09:00
Ledger Beacon,finance,True,,2026-08-18T07:43:20.334023+09:00
Ledger Board,nonprofit,True,,2026-08-18T07:43:20.334023+09:00
Ledger Bridge,finance,True,,2026-08-18T07:43:20.334023+09:00
Ledger Cascade,finance,True,,2026-08-18T07:43:20.334023+09:00
Ledger Center,nonprofit,True,,2026-08-18T07:43:20.334023+09:00
Ledger Chain,nonprofit,True,,2026-08-18T07:43:20.334023+09:00
Ledger Compass,finance,True,,2026-08-18T07:43:20.334023+09:00
Ledger Console,nonprofit,True,,2026-08-18T07:43:20.334023+09:00
Ledger Deck,nonprofit,True,,2026-08-18T07:43:20.334023+09:00
Ledger Desk,finance,True,,2026-08-18T07:43:20.334023+09:00
Ledger Dial,nonprofit,True,,2026-08-18T07:43:20.334023+09:00
Ledger Dock,nonprofit,True,,2026-08-18T07:43:20.334023+09:00
Ledger Flow,finance,True,,2026-08-18T07:43:20.334023+09:00
Ledger Forge,finance,True,,2026-08-18T07:43:20.334023+09:00
Ledger Gate,nonprofit,True,,2026-08-18T07:43:20.334023+09:00
Ledger Hub,finance,True,,2026-08-18T07:43:20.334023+09:00
Ledger Lab,nonprofit,True,,2026-08-18T07:43:20.334023+09:00
Ledger Loop,finance,True,,2026-08-18T07:43:20.334023+09:00
Ledger Meter,nonprofit,False,SEMANTIC_DUPLICATE: Ledger Meter - both words are in the Grid/Ledger/Meter/Route/Terminal family,2026-08-18T07:43:20.334023+09:00
Ledger Nexus,nonprofit,True,,2026-08-18T07:43:20.334023+09:00
Ledger Node,nonprofit,True,,2026-08-18T07:43:20.334023+09:00
Ledger Panel,nonprofit,True,,2026-08-18T07:43:20.334023+09:00
Ledger Path,finance,True,,2026-08-18T07:43:20.334023+09:00
Ledger Pilot,finance,True,,2026-08-18T07:43:20.334023+09:00
Ledger Point,finance,True,,2026-08-18T07:43:20.334023+09:00
Ledger Portal,nonprofit,True,,2026-08-18T07:43:20.334023+09:00
Ledger Pulse,finance,True,,2026-08-18T07:43:20.334023+09:00
Ledger Radar,finance,True,,2026-08-18T07:43:20.334023+09:00
Ledger Rail,nonprofit,True,,2026-08-18T07:43:20.334023+09:00
Ledger Relay,finance,True,,2026-08-18T07:43:20.334023+09:00
Ledger Ring,nonprofit,False,"TITLE_UNCLEAR: Ring is abstract, no SaaS function is suggested (established prior batches)",2026-08-18T07:43:20.334023+09:00
Ledger Scale,nonprofit,True,,2026-08-18T07:43:20.334023+09:00
Ledger Scope,finance,True,,2026-08-18T07:43:20.334023+09:00
Ledger Signal,finance,True,,2026-08-18T07:43:20.334023+09:00
Ledger Station,nonprofit,True,,2026-08-18T07:43:20.334023+09:00
Ledger Studio,nonprofit,True,,2026-08-18T07:43:20.334023+09:00
Ledger Sync,finance,True,,2026-08-18T07:43:20.334023+09:00
Ledger Terminal,nonprofit,False,"TITLE_UNCLEAR: Terminal only reads clearly for transportation/maritime_shipping/aviation/logistics, industry=nonprofit",2026-08-18T07:43:20.334023+09:00
Ledger Tracker,finance,True,,2026-08-18T01:28:04.577831+09:00
Ledger Trail,nonprofit,True,,2026-08-18T07:43:20.334023+09:00
Ledger Vault,finance,True,,2026-08-18T07:43:20.334023+09:00
Ledger Watch,finance,True,,2026-08-18T07:43:20.334023+09:00
Ledger Wave,finance,True,,2026-08-18T07:43:20.334023+09:00
Ledger Zone,nonprofit,True,,2026-08-18T07:43:20.334023+09:00
Licensing Anchor,media_publishing,True,,2026-08-18T07:43:20.334023+09:00
Licensing Base,media_publishing,True,,2026-08-18T07:43:20.334023+09:00
Licensing Board,media_publishing,True,,2026-08-18T07:43:20.334023+09:00
Licensing Bridge,government,True,,2026-08-18T07:43:20.334023+09:00
Licensing Cascade,government,True,,2026-08-18T07:43:20.334023+09:00
Licensing Center,media_publishing,True,,2026-08-18T07:43:20.334023+09:00
Licensing Core,media_publishing,True,,2026-08-18T07:43:20.334023+09:00
Licensing Deck,media_publishing,True,,2026-08-18T07:43:20.334023+09:00
Licensing Frame,media_publishing,True,,2026-08-18T07:43:20.334023+09:00
Licensing Grid,media_publishing,True,,2026-08-18T07:43:20.334023+09:00
Licensing Lab,media_publishing,True,,2026-08-18T07:43:20.334023+09:00
Licensing Ledger,media_publishing,True,,2026-08-18T07:43:20.334023+09:00
Licensing Lens,media_publishing,True,,2026-08-18T07:43:20.334023+09:00
Licensing Lock,media_publishing,True,,2026-08-18T07:43:20.334023+09:00
Licensing Loop,media_publishing,True,,2026-08-18T07:43:20.334023+09:00
Licensing Map,media_publishing,True,,2026-08-18T07:43:20.334023+09:00
Licensing Path,media_publishing,True,,2026-08-18T07:43:20.334023+09:00
Licensing Point,media_publishing,True,,2026-08-18T07:43:20.334023+09:00
Licensing Pulse,media_publishing,True,,2026-08-18T07:43:20.334023+09:00
Licensing Scope,media_publishing,True,,2026-08-18T07:43:20.334023+09:00
Licensing Signal,media_publishing,True,,2026-08-18T07:43:20.334023+09:00
Licensing Station,media_publishing,True,,2026-08-18T07:43:20.334023+09:00
Licensing Studio,media_publishing,True,,2026-08-18T07:43:20.334023+09:00
Licensing Terminal,media_publishing,False,"TITLE_UNCLEAR: Terminal only reads clearly for transportation/maritime_shipping/aviation/logistics, industry=media_publishing",2026-08-18T07:43:20.334023+09:00
Licensing Watch,media_publishing,True,,2026-08-18T07:43:20.334023+09:00
Licensing Wave,media_publishing,True,,2026-08-18T07:43:20.334023+09:00
Lien Base,construction,True,,2026-08-18T07:43:20.334023+09:00
Lien Board,construction,True,,2026-08-18T07:43:20.334023+09:00
Lien Center,construction,True,,2026-08-18T07:43:20.334023+09:00
Lien Console,construction,True,,2026-08-18T07:43:20.334023+09:00
Lien Core,construction,True,,2026-08-18T07:43:20.334023+09:00
Lien Deck,construction,True,,2026-08-18T07:43:20.334023+09:00
Lien Dial,construction,True,,2026-08-18T07:43:20.334023+09:00
Lien Dock,construction,True,,2026-08-18T07:43:20.334023+09:00
Lien Frame,construction,True,,2026-08-18T07:43:20.334023+09:00
Lien Lab,construction,True,,2026-08-18T07:43:20.334023+09:00
Lien Ledger,construction,True,,2026-08-18T07:43:20.334023+09:00
Lien Lens,construction,True,,2026-08-18T07:43:20.334023+09:00
Lien Lock,construction,True,,2026-08-18T07:43:20.334023+09:00
Lien Map,construction,True,,2026-08-18T07:43:20.334023+09:00
Lien Meter,construction,True,,2026-08-18T07:43:20.334023+09:00
Lien Panel,construction,True,,2026-08-18T07:43:20.334023+09:00
Lien Portal,construction,True,,2026-08-18T07:43:20.334023+09:00
Lien Route,construction,True,,2026-08-18T07:43:20.334023+09:00
Lien Scale,construction,True,,2026-08-18T07:43:20.334023+09:00
Lien Station,construction,True,,2026-08-18T07:43:20.334023+09:00
Lien Studio,construction,True,,2026-08-18T07:43:20.334023+09:00
Lien Terminal,construction,False,"TITLE_UNCLEAR: Terminal only reads clearly for transportation/maritime_shipping/aviation/logistics, industry=construction",2026-08-18T07:43:20.334023+09:00
Lien Zone,construction,True,,2026-08-18T07:43:20.334023+09:00
Listing Assistant,real_estate,True,,2026-08-18T07:43:20.334023+09:00
Listing Cockpit,real_estate,True,,2026-08-18T07:43:20.334023+09:00
Listing Companion,real_estate,True,,2026-08-18T07:43:20.334023+09:00
Listing Dashboard,real_estate,True,,2026-08-18T07:43:20.334023+09:00
Listing Engine,real_estate,True,,2026-08-18T07:43:20.334023+09:00
Listing Flow,real_estate,True,,2026-08-18T07:43:20.334023+09:00
Listing Guard,real_estate,True,,2026-08-18T07:43:20.334023+09:00
Listing Hub,real_estate,True,,2026-08-18T07:43:20.334023+09:00
Listing Insight,real_estate,True,,2026-08-18T07:43:20.334023+09:00
Listing Keeper,real_estate,True,,2026-08-18T07:43:20.334023+09:00
Listing Manager,real_estate,True,,2026-08-18T07:43:20.334023+09:00
Listing Metrics,real_estate,True,,2026-08-18T07:43:20.334023+09:00
Listing Monitor,real_estate,True,,2026-08-18T07:43:20.334023+09:00
Listing Navigator,real_estate,True,,2026-08-18T07:43:20.334023+09:00
Listing Ops,real_estate,True,,2026-08-18T07:43:20.334023+09:00
Listing Organizer,real_estate,True,,2026-08-18T07:43:20.334023+09:00
Listing Pilot,real_estate,True,,2026-08-18T07:43:20.334023+09:00
Listing Planner,real_estate,True,,2026-08-18T07:43:20.334023+09:00
Listing Register,real_estate,True,,2026-08-18T07:43:20.334023+09:00
Listing Scheduler,real_estate,True,,2026-08-18T07:43:20.334023+09:00
Listing Sentry,real_estate,True,,2026-08-18T07:43:20.334023+09:00
Listing Suite,real_estate,True,,2026-08-18T07:43:20.334023+09:00
Listing Sync,real_estate,True,,2026-08-18T07:43:20.334023+09:00
Listing Tracker,real_estate,True,,2026-08-18T07:43:20.334023+09:00
Livestock Assistant,agriculture,True,,2026-08-18T07:43:20.334023+09:00
Livestock Atlas,agriculture,True,,2026-08-18T07:43:20.334023+09:00
Livestock Cockpit,agriculture,True,,2026-08-18T07:43:20.334023+09:00
Livestock Companion,agriculture,True,,2026-08-18T07:43:20.334023+09:00
Livestock Dashboard,agriculture,True,,2026-08-18T07:43:20.334023+09:00
Livestock Engine,agriculture,True,,2026-08-18T07:43:20.334023+09:00
Livestock Flow,agriculture,True,,2026-08-18T07:43:20.334023+09:00
Livestock Guard,agriculture,True,,2026-08-18T07:43:20.334023+09:00
Livestock Insight,agriculture,True,,2026-08-18T07:43:20.334023+09:00
Livestock Keeper,agriculture,True,,2026-08-18T07:43:20.334023+09:00
Livestock Manager,agriculture,True,,2026-08-18T07:43:20.334023+09:00
Livestock Metrics,agriculture,True,,2026-08-18T07:43:20.334023+09:00
Livestock Monitor,agriculture,True,,2026-08-18T07:43:20.334023+09:00
Livestock Navigator,agriculture,True,,2026-08-18T07:43:20.334023+09:00
Livestock Nexus,agriculture,True,,2026-08-18T07:43:20.334023+09:00
Livestock Ops,agriculture,True,,2026-08-18T07:43:20.334023+09:00
Livestock Organizer,agriculture,True,,2026-08-18T07:43:20.334023+09:00
Livestock Planner,agriculture,True,,2026-08-18T07:43:20.334023+09:00
Livestock Register,agriculture,True,,2026-08-18T07:43:20.334023+09:00
Livestock Scheduler,agriculture,True,,2026-08-18T07:43:20.334023+09:00
Livestock Sentry,agriculture,True,,2026-08-18T07:43:20.334023+09:00
Livestock Suite,agriculture,True,,2026-08-18T07:43:20.334023+09:00
Livestock Sync,agriculture,True,,2026-08-18T07:43:20.334023+09:00
Livestock Tracker,agriculture,True,,2026-08-18T07:43:20.334023+09:00
Logbook Assistant,aviation,True,,2026-08-18T07:43:20.334023+09:00
Logbook Cockpit,aviation,True,,2026-08-18T07:43:20.334023+09:00
Logbook Companion,aviation,True,,2026-08-18T07:43:20.334023+09:00
Logbook Dashboard,aviation,True,,2026-08-18T07:43:20.334023+09:00
Logbook Desk,aviation,True,,2026-08-18T07:43:20.334023+09:00
Logbook Engine,aviation,True,,2026-08-18T07:43:20.334023+09:00
Logbook Flow,aviation,True,,2026-08-18T07:43:20.334023+09:00
Logbook Guard,aviation,True,,2026-08-18T07:43:20.334023+09:00
Logbook Hub,aviation,True,,2026-08-18T07:43:20.334023+09:00
Logbook Insight,aviation,True,,2026-08-18T07:43:20.334023+09:00
Logbook Manager,aviation,True,,2026-08-18T07:43:20.334023+09:00
Logbook Metrics,aviation,True,,2026-08-18T07:43:20.334023+09:00
Logbook Monitor,aviation,True,,2026-08-18T07:43:20.334023+09:00
Logbook Navigator,aviation,True,,2026-08-18T07:43:20.334023+09:00
Logbook Ops,aviation,True,,2026-08-18T07:43:20.334023+09:00
Logbook Organizer,aviation,True,,2026-08-18T07:43:20.334023+09:00
Logbook Pilot,aviation,True,,2026-08-18T07:43:20.334023+09:00
Logbook Planner,aviation,True,,2026-08-18T07:43:20.334023+09:00
Logbook Register,aviation,True,,2026-08-18T07:43:20.334023+09:00
Logbook Scheduler,aviation,True,,2026-08-18T07:43:20.334023+09:00
Logbook Suite,aviation,True,,2026-08-18T07:43:20.334023+09:00
Logbook Sync,aviation,True,,2026-08-18T07:43:20.334023+09:00
Logbook Tracker,aviation,True,,2026-08-18T07:43:20.334023+09:00
Logistics Anchor,events,True,,2026-08-18T07:43:20.334023+09:00
Logistics Beacon,events,True,,2026-08-18T07:43:20.334023+09:00
Logistics Bridge,events,True,,2026-08-18T07:43:20.334023+09:00
Logistics Cascade,events,True,,2026-08-18T07:43:20.334023+09:00
Logistics Compass,events,True,,2026-08-18T07:43:20.334023+09:00
Logistics Desk,events,True,,2026-08-18T07:43:20.334023+09:00
Logistics Flow,events,True,,2026-08-18T07:43:20.334023+09:00
Logistics Forge,events,True,,2026-08-18T07:43:20.334023+09:00
Logistics Grid,events,True,,2026-08-18T07:43:20.334023+09:00
Logistics Guard,events,True,,2026-08-18T07:43:20.334023+09:00
Logistics Hub,events,True,,2026-08-18T07:43:20.334023+09:00
Logistics Loop,events,True,,2026-08-18T07:43:20.334023+09:00
Logistics Pilot,events,True,,2026-08-18T07:43:20.334023+09:00
Logistics Pulse,events,True,,2026-08-18T07:43:20.334023+09:00
Logistics Radar,events,True,,2026-08-18T07:43:20.334023+09:00
Logistics Relay,events,True,,2026-08-18T07:43:20.334023+09:00
Logistics Scope,events,True,,2026-08-18T07:43:20.334023+09:00
Logistics Signal,events,True,,2026-08-18T07:43:20.334023+09:00
Logistics Sync,events,True,,2026-08-18T07:43:20.334023+09:00
Logistics Tracker,events,True,,2026-08-18T07:43:20.334023+09:00
Logistics Vault,events,True,,2026-08-18T07:43:20.334023+09:00
Logistics Watch,events,True,,2026-08-18T07:43:20.334023+09:00
Logistics Wave,events,True,,2026-08-18T07:43:20.334023+09:00
Loyalty Anchor,salon_spa,True,,2026-08-18T07:43:20.334023+09:00
Loyalty Assistant,retail_ecommerce,True,,2026-08-18T07:43:20.334023+09:00
Loyalty Atlas,retail_ecommerce,True,,2026-08-18T07:43:20.334023+09:00
Loyalty Beacon,salon_spa,True,,2026-08-18T07:43:20.334023+09:00
Loyalty Bridge,salon_spa,True,,2026-08-18T07:43:20.334023+09:00
Loyalty Cascade,salon_spa,True,,2026-08-18T07:43:20.334023+09:00
Loyalty Chain,retail_ecommerce,True,,2026-08-18T07:43:20.334023+09:00
Loyalty Cockpit,retail_ecommerce,True,,2026-08-18T07:43:20.334023+09:00
Loyalty Compass,salon_spa,True,,2026-08-18T07:43:20.334023+09:00
Loyalty Dashboard,retail_ecommerce,True,,2026-08-18T07:43:20.334023+09:00
Loyalty Desk,salon_spa,True,,2026-08-18T07:43:20.334023+09:00
Loyalty Dial,laundry_dry_cleaning,True,,2026-08-18T07:43:20.334023+09:00
Loyalty Dock,laundry_dry_cleaning,True,,2026-08-18T07:43:20.334023+09:00
Loyalty Engine,retail_ecommerce,True,,2026-08-18T07:43:20.334023+09:00
Loyalty Flow,salon_spa,True,,2026-08-18T07:43:20.334023+09:00
Loyalty Forge,salon_spa,True,,2026-08-18T07:43:20.334023+09:00
Loyalty Gate,retail_ecommerce,True,,2026-08-18T07:43:20.334023+09:00
Loyalty Grid,salon_spa,True,,2026-08-18T07:43:20.334023+09:00
Loyalty Hub,salon_spa,True,,2026-08-18T07:43:20.334023+09:00
Loyalty Insight,retail_ecommerce,True,,2026-08-18T07:43:20.334023+09:00
Loyalty Keeper,retail_ecommerce,True,,2026-08-18T07:43:20.334023+09:00
Loyalty Lock,salon_spa,True,,2026-08-18T07:43:20.334023+09:00
Loyalty Loop,salon_spa,True,,2026-08-18T07:43:20.334023+09:00
Loyalty Manager,retail_ecommerce,True,,2026-08-18T07:43:20.334023+09:00
Loyalty Meter,laundry_dry_cleaning,True,,2026-08-18T07:43:20.334023+09:00
Loyalty Metrics,retail_ecommerce,True,,2026-08-18T07:43:20.334023+09:00
Loyalty Monitor,retail_ecommerce,True,,2026-08-18T07:43:20.334023+09:00
Loyalty Navigator,retail_ecommerce,True,,2026-08-18T07:43:20.334023+09:00
Loyalty Nexus,retail_ecommerce,True,,2026-08-18T07:43:20.334023+09:00
Loyalty Node,retail_ecommerce,True,,2026-08-18T07:43:20.334023+09:00
Loyalty Organizer,retail_ecommerce,True,,2026-08-18T07:43:20.334023+09:00
Loyalty Path,salon_spa,True,,2026-08-18T07:43:20.334023+09:00
Loyalty Pilot,salon_spa,True,,2026-08-18T07:43:20.334023+09:00
Loyalty Planner,retail_ecommerce,True,,2026-08-18T07:43:20.334023+09:00
Loyalty Point,salon_spa,True,,2026-08-18T07:43:20.334023+09:00
Loyalty Pulse,salon_spa,True,,2026-08-18T07:43:20.334023+09:00
Loyalty Radar,salon_spa,True,,2026-08-18T07:43:20.334023+09:00
Loyalty Rail,retail_ecommerce,True,,2026-08-18T07:43:20.334023+09:00
Loyalty Relay,salon_spa,True,,2026-08-18T07:43:20.334023+09:00
Loyalty Ring,retail_ecommerce,False,"TITLE_UNCLEAR: Ring is abstract, no SaaS function is suggested (established prior batches)",2026-08-18T07:43:20.334023+09:00
Loyalty Route,laundry_dry_cleaning,True,,2026-08-18T07:43:20.334023+09:00
Loyalty Scale,laundry_dry_cleaning,True,,2026-08-18T07:43:20.334023+09:00
Loyalty Scheduler,retail_ecommerce,True,,2026-08-18T07:43:20.334023+09:00
Loyalty Scope,salon_spa,True,,2026-08-18T07:43:20.334023+09:00
Loyalty Sentry,retail_ecommerce,True,,2026-08-18T07:43:20.334023+09:00
Loyalty Signal,salon_spa,True,,2026-08-18T07:43:20.334023+09:00
Loyalty Suite,retail_ecommerce,True,,2026-08-18T07:43:20.334023+09:00
Loyalty Trail,retail_ecommerce,True,,2026-08-18T07:43:20.334023+09:00
Loyalty Vault,salon_spa,True,,2026-08-18T07:43:20.334023+09:00
Loyalty Watch,salon_spa,True,,2026-08-18T07:43:20.334023+09:00
Loyalty Wave,salon_spa,True,,2026-08-18T07:43:20.334023+09:00
Maintenance Anchor,aviation,True,,2026-08-18T07:43:20.334023+09:00
Maintenance Atlas,real_estate,True,,2026-08-18T07:43:20.334023+09:00
Maintenance Base,automotive,True,,2026-08-18T07:43:20.334023+09:00
Maintenance Beacon,aviation,True,,2026-08-18T07:43:20.334023+09:00
Maintenance Board,automotive,True,,2026-08-18T07:43:20.334023+09:00
Maintenance Bridge,aviation,True,,2026-08-18T07:43:20.334023+09:00
Maintenance Cascade,aviation,True,,2026-08-18T07:43:20.334023+09:00
Maintenance Center,real_estate,True,,2026-08-18T07:43:20.334023+09:00
Maintenance Chain,real_estate,True,,2026-08-18T07:43:20.334023+09:00
Maintenance Companion,mining,True,,2026-08-18T07:43:20.334023+09:00
Maintenance Compass,aviation,True,,2026-08-18T07:43:20.334023+09:00
Maintenance Console,real_estate,True,,2026-08-18T07:43:20.334023+09:00
Maintenance Core,automotive,True,,2026-08-18T07:43:20.334023+09:00
Maintenance Deck,automotive,True,,2026-08-18T07:43:20.334023+09:00
Maintenance Desk,energy_utilities,True,,2026-08-18T07:43:20.334023+09:00
Maintenance Dial,real_estate,True,,2026-08-18T07:43:20.334023+09:00
Maintenance Dock,real_estate,True,,2026-08-18T07:43:20.334023+09:00
Maintenance Flow,energy_utilities,True,,2026-08-18T07:43:20.334023+09:00
Maintenance Forge,aviation,True,,2026-08-18T07:43:20.334023+09:00
Maintenance Frame,automotive,True,,2026-08-18T07:43:20.334023+09:00
Maintenance Gate,real_estate,True,,2026-08-18T07:43:20.334023+09:00
Maintenance Grid,aviation,True,,2026-08-18T07:43:20.334023+09:00
Maintenance Guard,manufacturing,True,,2026-08-18T07:43:20.334023+09:00
Maintenance Hub,energy_utilities,True,,2026-08-18T07:43:20.334023+09:00
Maintenance Keeper,real_estate,True,,2026-08-18T07:43:20.334023+09:00
Maintenance Lab,real_estate,True,,2026-08-18T07:43:20.334023+09:00
Maintenance Ledger,automotive,True,,2026-08-18T07:43:20.334023+09:00
Maintenance Lens,automotive,True,,2026-08-18T07:43:20.334023+09:00
Maintenance Lock,automotive,True,,2026-08-18T07:43:20.334023+09:00
Maintenance Loop,aviation,True,,2026-08-18T07:43:20.334023+09:00
Maintenance Map,automotive,True,,2026-08-18T07:43:20.334023+09:00
Maintenance Meter,real_estate,True,,2026-08-18T07:43:20.334023+09:00
Maintenance Navigator,transportation,True,,2026-08-18T07:43:20.334023+09:00
Maintenance Nexus,real_estate,True,,2026-08-18T07:43:20.334023+09:00
Maintenance Node,real_estate,True,,2026-08-18T07:43:20.334023+09:00
Maintenance Ops,manufacturing,True,,2026-08-18T07:43:20.334023+09:00
Maintenance Panel,real_estate,True,,2026-08-18T07:43:20.334023+09:00
Maintenance Path,automotive,True,,2026-08-18T07:43:20.334023+09:00
Maintenance Pilot,energy_utilities,True,,2026-08-18T07:43:20.334023+09:00
Maintenance Point,automotive,True,,2026-08-18T07:43:20.334023+09:00
Maintenance Portal,real_estate,True,,2026-08-18T07:43:20.334023+09:00
Maintenance Pulse,landscaping,True,,2026-08-18T07:43:20.334023+09:00
Maintenance Radar,energy_utilities,True,,2026-08-18T07:43:20.334023+09:00
Maintenance Rail,real_estate,True,,2026-08-18T07:43:20.334023+09:00
Maintenance Register,mining,True,,2026-08-18T07:43:20.334023+09:00
Maintenance Relay,aviation,True,,2026-08-18T07:43:20.334023+09:00
Maintenance Ring,real_estate,False,"TITLE_UNCLEAR: Ring is abstract, no SaaS function is suggested (established prior batches)",2026-08-18T07:43:20.334023+09:00
Maintenance Route,real_estate,True,,2026-08-18T07:43:20.334023+09:00
Maintenance Scale,real_estate,True,,2026-08-18T07:43:20.334023+09:00
Maintenance Scope,aviation,True,,2026-08-18T07:43:20.334023+09:00
Maintenance Sentry,real_estate,True,,2026-08-18T07:43:20.334023+09:00
Maintenance Signal,aviation,True,,2026-08-18T07:43:20.334023+09:00
Maintenance Station,real_estate,True,,2026-08-18T07:43:20.334023+09:00
Maintenance Studio,real_estate,True,,2026-08-18T07:43:20.334023+09:00
Maintenance Sync,energy_utilities,True,,2026-08-18T07:43:20.334023+09:00
Maintenance Terminal,real_estate,False,"TITLE_UNCLEAR: Terminal only reads clearly for transportation/maritime_shipping/aviation/logistics, industry=real_estate",2026-08-18T07:43:20.334023+09:00
Maintenance Tracker,energy_utilities,True,,2026-08-18T07:43:20.334023+09:00
Maintenance Trail,real_estate,True,,2026-08-18T07:43:20.334023+09:00
Maintenance Vault,aviation,True,,2026-08-18T07:43:20.334023+09:00
Maintenance Watch,aviation,True,,2026-08-18T07:43:20.334023+09:00
Maintenance Wave,landscaping,True,,2026-08-18T07:43:20.334023+09:00
Maintenance Zone,real_estate,True,,2026-08-18T07:43:20.334023+09:00
Manifest Anchor,logistics,True,,2026-08-18T07:43:20.334023+09:00
Manifest Base,logistics,True,,2026-08-18T07:43:20.334023+09:00
Manifest Beacon,maritime_shipping,True,,2026-08-18T07:43:20.334023+09:00
Manifest Board,logistics,True,,2026-08-18T07:43:20.334023+09:00
Manifest Bridge,logistics,True,,2026-08-18T07:43:20.334023+09:00
Manifest Cascade,logistics,True,,2026-08-18T07:43:20.334023+09:00
Manifest Compass,maritime_shipping,True,,2026-08-18T07:43:20.334023+09:00
Manifest Core,logistics,True,,2026-08-18T07:43:20.334023+09:00
Manifest Deck,logistics,True,,2026-08-18T07:43:20.334023+09:00
Manifest Forge,maritime_shipping,True,,2026-08-18T07:43:20.334023+09:00
Manifest Frame,logistics,True,,2026-08-18T07:43:20.334023+09:00
Manifest Grid,logistics,True,,2026-08-18T07:43:20.334023+09:00
Manifest Lab,logistics,True,,2026-08-18T07:43:20.334023+09:00
Manifest Ledger,logistics,True,,2026-08-18T07:43:20.334023+09:00
Manifest Lens,logistics,True,,2026-08-18T07:43:20.334023+09:00
Manifest Lock,logistics,True,,2026-08-18T07:43:20.334023+09:00
Manifest Loop,logistics,True,,2026-08-18T07:43:20.334023+09:00
Manifest Map,logistics,True,,2026-08-18T07:43:20.334023+09:00
Manifest Path,logistics,True,,2026-08-18T07:43:20.334023+09:00
Manifest Point,logistics,True,,2026-08-18T07:43:20.334023+09:00
Manifest Pulse,logistics,True,,2026-08-18T07:43:20.334023+09:00
Manifest Radar,maritime_shipping,True,,2026-08-18T07:43:20.334023+09:00
Manifest Relay,maritime_shipping,True,,2026-08-18T07:43:20.334023+09:00
Manifest Scope,logistics,True,,2026-08-18T07:43:20.334023+09:00
Manifest Signal,logistics,True,,2026-08-18T07:43:20.334023+09:00
Manifest Station,logistics,True,,2026-08-18T07:43:20.334023+09:00
Manifest Studio,logistics,True,,2026-08-18T07:43:20.334023+09:00
Manifest Vault,maritime_shipping,True,,2026-08-18T07:43:20.334023+09:00
Manifest Watch,logistics,True,,2026-08-18T07:43:20.334023+09:00
Manifest Wave,logistics,True,,2026-08-18T07:43:20.334023+09:00
Manuscript Atlas,media_publishing,True,,2026-08-18T07:43:20.334023+09:00
Manuscript Center,media_publishing,True,,2026-08-18T07:43:20.334023+09:00
Manuscript Chain,media_publishing,True,,2026-08-18T07:43:20.334023+09:00
Manuscript Console,media_publishing,True,,2026-08-18T07:43:20.334023+09:00
Manuscript Dial,media_publishing,True,,2026-08-18T07:43:20.334023+09:00
Manuscript Dock,media_publishing,True,,2026-08-18T07:43:20.334023+09:00
Manuscript Engine,media_publishing,True,,2026-08-18T07:43:20.334023+09:00
Manuscript Gate,media_publishing,True,,2026-08-18T07:43:20.334023+09:00
Manuscript Keeper,media_publishing,True,,2026-08-18T07:43:20.334023+09:00
Manuscript Manager,media_publishing,True,,2026-08-18T07:43:20.334023+09:00
Manuscript Meter,media_publishing,True,,2026-08-18T07:43:20.334023+09:00
Manuscript Nexus,media_publishing,True,,2026-08-18T07:43:20.334023+09:00
Manuscript Node,media_publishing,True,,2026-08-18T07:43:20.334023+09:00
Manuscript Panel,media_publishing,True,,2026-08-18T07:43:20.334023+09:00
Manuscript Portal,media_publishing,True,,2026-08-18T07:43:20.334023+09:00
Manuscript Rail,media_publishing,True,,2026-08-18T07:43:20.334023+09:00
Manuscript Ring,media_publishing,False,"TITLE_UNCLEAR: Ring is abstract, no SaaS function is suggested (established prior batches)",2026-08-18T07:43:20.334023+09:00
Manuscript Route,media_publishing,True,,2026-08-18T07:43:20.334023+09:00
Manuscript Scale,media_publishing,True,,2026-08-18T07:43:20.334023+09:00
Manuscript Sentry,media_publishing,True,,2026-08-18T07:43:20.334023+09:00
Manuscript Suite,media_publishing,True,,2026-08-18T07:43:20.334023+09:00
Manuscript Terminal,media_publishing,False,"TITLE_UNCLEAR: Terminal only reads clearly for transportation/maritime_shipping/aviation/logistics, industry=media_publishing",2026-08-18T07:43:20.334023+09:00
Manuscript Trail,media_publishing,True,,2026-08-18T07:43:20.334023+09:00
Manuscript Zone,media_publishing,True,,2026-08-18T07:43:20.334023+09:00
Markdown Base,retail_ecommerce,True,,2026-08-18T07:43:20.334023+09:00
Markdown Board,retail_ecommerce,True,,2026-08-18T07:43:20.334023+09:00
Markdown Center,retail_ecommerce,True,,2026-08-18T07:43:20.334023+09:00
Markdown Core,retail_ecommerce,True,,2026-08-18T07:43:20.334023+09:00
Markdown Deck,retail_ecommerce,True,,2026-08-18T07:43:20.334023+09:00
Markdown Frame,retail_ecommerce,True,,2026-08-18T07:43:20.334023+09:00
Markdown Grid,retail_ecommerce,True,,2026-08-18T07:43:20.334023+09:00
Markdown Lab,retail_ecommerce,True,,2026-08-18T07:43:20.334023+09:00
Markdown Ledger,retail_ecommerce,True,,2026-08-18T07:43:20.334023+09:00
Markdown Lens,retail_ecommerce,True,,2026-08-18T07:43:20.334023+09:00
Markdown Lock,retail_ecommerce,True,,2026-08-18T07:43:20.334023+09:00
Markdown Loop,retail_ecommerce,True,,2026-08-18T07:43:20.334023+09:00
Markdown Map,retail_ecommerce,True,,2026-08-18T07:43:20.334023+09:00
Markdown Path,retail_ecommerce,True,,2026-08-18T07:43:20.334023+09:00
Markdown Point,retail_ecommerce,True,,2026-08-18T07:43:20.334023+09:00
Markdown Pulse,retail_ecommerce,True,,2026-08-18T07:43:20.334023+09:00
Markdown Scope,retail_ecommerce,True,,2026-08-18T07:43:20.334023+09:00
Markdown Signal,retail_ecommerce,True,,2026-08-18T07:43:20.334023+09:00
Markdown Station,retail_ecommerce,True,,2026-08-18T07:43:20.334023+09:00
Markdown Studio,retail_ecommerce,True,,2026-08-18T07:43:20.334023+09:00
Markdown Terminal,retail_ecommerce,False,"TITLE_UNCLEAR: Terminal only reads clearly for transportation/maritime_shipping/aviation/logistics, industry=retail_ecommerce",2026-08-18T07:43:20.334023+09:00
Markdown Watch,retail_ecommerce,True,,2026-08-18T07:43:20.334023+09:00
Markdown Wave,retail_ecommerce,True,,2026-08-18T07:43:20.334023+09:00
Material Anchor,construction,True,,2026-08-18T07:43:20.334023+09:00
Material Beacon,construction,True,,2026-08-18T07:43:20.334023+09:00
Material Bridge,construction,True,,2026-08-18T07:43:20.334023+09:00
Material Cascade,construction,True,,2026-08-18T07:43:20.334023+09:00
Material Compass,construction,True,,2026-08-18T07:43:20.334023+09:00
Material Desk,construction,True,,2026-08-18T07:43:20.334023+09:00
Material Forge,construction,True,,2026-08-18T07:43:20.334023+09:00
Material Frame,construction,True,,2026-08-18T07:43:20.334023+09:00
Material Grid,construction,True,,2026-08-18T07:43:20.334023+09:00
Material Lens,construction,True,,2026-08-18T07:43:20.334023+09:00
Material Lock,construction,True,,2026-08-18T07:43:20.334023+09:00
Material Loop,construction,True,,2026-08-18T07:43:20.334023+09:00
Material Map,construction,True,,2026-08-18T07:43:20.334023+09:00
Material Path,construction,True,,2026-08-18T07:43:20.334023+09:00
Material Pilot,construction,True,,2026-08-18T07:43:20.334023+09:00
Material Point,construction,True,,2026-08-18T07:43:20.334023+09:00
Material Pulse,construction,True,,2026-08-18T07:43:20.334023+09:00
Material Radar,construction,True,,2026-08-18T07:43:20.334023+09:00
Material Relay,construction,True,,2026-08-18T07:43:20.334023+09:00
Material Scope,construction,True,,2026-08-18T07:43:20.334023+09:00
Material Signal,construction,True,,2026-08-18T07:43:20.334023+09:00
Material Vault,construction,True,,2026-08-18T07:43:20.334023+09:00
Material Watch,construction,True,,2026-08-18T07:43:20.334023+09:00
Material Wave,construction,True,,2026-08-18T07:43:20.334023+09:00
Matter Atlas,legal,True,,2026-08-18T07:43:20.334023+09:00
Matter Board,legal,True,,2026-08-18T07:43:20.334023+09:00
Matter Center,legal,True,,2026-08-18T07:43:20.334023+09:00
Matter Chain,legal,True,,2026-08-18T07:43:20.334023+09:00
Matter Console,legal,True,,2026-08-18T07:43:20.334023+09:00
Matter Deck,legal,True,,2026-08-18T07:43:20.334023+09:00
Matter Dial,legal,True,,2026-08-18T07:43:20.334023+09:00
Matter Dock,legal,True,,2026-08-18T07:43:20.334023+09:00
Matter Gate,legal,True,,2026-08-18T07:43:20.334023+09:00
Matter Lab,legal,True,,2026-08-18T07:43:20.334023+09:00
Matter Meter,legal,True,,2026-08-18T07:43:20.334023+09:00
Matter Nexus,legal,True,,2026-08-18T07:43:20.334023+09:00
Matter Node,legal,True,,2026-08-18T07:43:20.334023+09:00
Matter Panel,legal,True,,2026-08-18T07:43:20.334023+09:00
Matter Portal,legal,True,,2026-08-18T07:43:20.334023+09:00
Matter Rail,legal,True,,2026-08-18T07:43:20.334023+09:00
Matter Ring,legal,False,"TITLE_UNCLEAR: Ring is abstract, no SaaS function is suggested (established prior batches)",2026-08-18T07:43:20.334023+09:00
Matter Route,legal,True,,2026-08-18T07:43:20.334023+09:00
Matter Scale,legal,True,,2026-08-18T07:43:20.334023+09:00
Matter Station,legal,True,,2026-08-18T07:43:20.334023+09:00
Matter Studio,legal,True,,2026-08-18T07:43:20.334023+09:00
Matter Terminal,legal,False,"TITLE_UNCLEAR: Terminal only reads clearly for transportation/maritime_shipping/aviation/logistics, industry=legal",2026-08-18T07:43:20.334023+09:00
Matter Trail,legal,True,,2026-08-18T07:43:20.334023+09:00
Matter Zone,legal,True,,2026-08-18T07:43:20.334023+09:00
Meal Atlas,childcare,True,,2026-08-18T07:43:20.334023+09:00
Meal Center,childcare,True,,2026-08-18T07:43:20.334023+09:00
Meal Chain,childcare,True,,2026-08-18T07:43:20.334023+09:00
Meal Console,childcare,True,,2026-08-18T07:43:20.334023+09:00
Meal Dial,childcare,True,,2026-08-18T07:43:20.334023+09:00
Meal Dock,childcare,True,,2026-08-18T07:43:20.334023+09:00
Meal Engine,childcare,True,,2026-08-18T07:43:20.334023+09:00
Meal Gate,childcare,True,,2026-08-18T07:43:20.334023+09:00
Meal Keeper,childcare,True,,2026-08-18T07:43:20.334023+09:00
Meal Manager,childcare,True,,2026-08-18T07:43:20.334023+09:00
Meal Meter,childcare,True,,2026-08-18T07:43:20.334023+09:00
Meal Nexus,childcare,True,,2026-08-18T07:43:20.334023+09:00
Meal Node,childcare,True,,2026-08-18T07:43:20.334023+09:00
Meal Panel,childcare,True,,2026-08-18T07:43:20.334023+09:00
Meal Portal,childcare,True,,2026-08-18T07:43:20.334023+09:00
Meal Rail,childcare,True,,2026-08-18T07:43:20.334023+09:00
Meal Ring,childcare,False,"TITLE_UNCLEAR: Ring is abstract, no SaaS function is suggested (established prior batches)",2026-08-18T07:43:20.334023+09:00
Meal Route,childcare,True,,2026-08-18T07:43:20.334023+09:00
Meal Scale,childcare,True,,2026-08-18T07:43:20.334023+09:00
Meal Sentry,childcare,True,,2026-08-18T07:43:20.334023+09:00
Meal Suite,childcare,True,,2026-08-18T07:43:20.334023+09:00
Meal Trail,childcare,True,,2026-08-18T07:43:20.334023+09:00
Meal Zone,childcare,True,,2026-08-18T07:43:20.334023+09:00
Medication Anchor,senior_care,True,,2026-08-18T07:43:20.334023+09:00
Medication Beacon,senior_care,True,,2026-08-18T07:43:20.334023+09:00
Medication Bridge,senior_care,True,,2026-08-18T07:43:20.334023+09:00
Medication Cascade,senior_care,True,,2026-08-18T07:43:20.334023+09:00
Medication Compass,senior_care,True,,2026-08-18T07:43:20.334023+09:00
Medication Desk,senior_care,True,,2026-08-18T07:43:20.334023+09:00
Medication Flow,senior_care,True,,2026-08-18T07:43:20.334023+09:00
Medication Forge,senior_care,True,,2026-08-18T07:43:20.334023+09:00
Medication Grid,senior_care,True,,2026-08-18T07:43:20.334023+09:00
Medication Guard,senior_care,True,,2026-08-18T07:43:20.334023+09:00
Medication Hub,senior_care,True,,2026-08-18T07:43:20.334023+09:00
Medication Loop,senior_care,True,,2026-08-18T07:43:20.334023+09:00
Medication Ops,senior_care,True,,2026-08-18T07:43:20.334023+09:00
Medication Pilot,senior_care,True,,2026-08-18T07:43:20.334023+09:00
Medication Pulse,senior_care,True,,2026-08-18T07:43:20.334023+09:00
Medication Radar,senior_care,True,,2026-08-18T07:43:20.334023+09:00
Medication Relay,senior_care,True,,2026-08-18T07:43:20.334023+09:00
Medication Scope,senior_care,True,,2026-08-18T07:43:20.334023+09:00
Medication Signal,senior_care,True,,2026-08-18T07:43:20.334023+09:00
Medication Sync,senior_care,True,,2026-08-18T07:43:20.334023+09:00
Medication Tracker,senior_care,True,,2026-08-18T07:43:20.334023+09:00
Medication Vault,senior_care,True,,2026-08-18T07:43:20.334023+09:00
Medication Watch,senior_care,True,,2026-08-18T07:43:20.334023+09:00
Medication Wave,senior_care,True,,2026-08-18T07:43:20.334023+09:00
Membership Anchor,salon_spa,True,,2026-08-18T07:43:20.334023+09:00
Membership Assistant,nonprofit,True,,2026-08-18T07:43:20.334023+09:00
Membership Atlas,nonprofit,True,,2026-08-18T07:43:20.334023+09:00
Membership Base,fitness_wellness,True,,2026-08-18T01:28:04.577831+09:00
Membership Beacon,laundry_dry_cleaning,True,,2026-08-18T07:43:20.334023+09:00
Membership Board,fitness_wellness,True,,2026-08-18T07:43:20.334023+09:00
Membership Bridge,laundry_dry_cleaning,True,,2026-08-18T07:43:20.334023+09:00
Membership Cascade,laundry_dry_cleaning,True,,2026-08-18T07:43:20.334023+09:00
Membership Center,fitness_wellness,True,,2026-08-18T07:43:20.334023+09:00
Membership Chain,fitness_wellness,True,,2026-08-18T07:43:20.334023+09:00
Membership Cockpit,nonprofit,True,,2026-08-18T07:43:20.334023+09:00
Membership Companion,nonprofit,True,,2026-08-18T07:43:20.334023+09:00
Membership Compass,laundry_dry_cleaning,True,,2026-08-18T07:43:20.334023+09:00
Membership Console,fitness_wellness,True,,2026-08-18T07:43:20.334023+09:00
Membership Core,fitness_wellness,True,,2026-08-18T07:43:20.334023+09:00
Membership Dashboard,nonprofit,True,,2026-08-18T07:43:20.334023+09:00
Membership Deck,fitness_wellness,True,,2026-08-18T07:43:20.334023+09:00
Membership Desk,laundry_dry_cleaning,True,,2026-08-18T07:43:20.334023+09:00
Membership Dial,fitness_wellness,True,,2026-08-18T07:43:20.334023+09:00
Membership Dock,fitness_wellness,True,,2026-08-18T07:43:20.334023+09:00
Membership Engine,nonprofit,True,,2026-08-18T07:43:20.334023+09:00
Membership Flow,laundry_dry_cleaning,True,,2026-08-18T07:43:20.334023+09:00
Membership Forge,laundry_dry_cleaning,True,,2026-08-18T07:43:20.334023+09:00
Membership Frame,salon_spa,True,,2026-08-18T07:43:20.334023+09:00
Membership Grid,salon_spa,True,,2026-08-18T07:43:20.334023+09:00
Membership Guard,nonprofit,True,,2026-08-18T07:43:20.334023+09:00
Membership Hub,laundry_dry_cleaning,True,,2026-08-18T07:43:20.334023+09:00
Membership Insight,nonprofit,True,,2026-08-18T07:43:20.334023+09:00
Membership Keeper,nonprofit,True,,2026-08-18T07:43:20.334023+09:00
Membership Lab,fitness_wellness,True,,2026-08-18T07:43:20.334023+09:00
Membership Ledger,fitness_wellness,True,,2026-08-18T07:43:20.334023+09:00
Membership Lens,salon_spa,True,,2026-08-18T07:43:20.334023+09:00
Membership Lock,salon_spa,True,,2026-08-18T07:43:20.334023+09:00
Membership Loop,salon_spa,True,,2026-08-18T07:43:20.334023+09:00
Membership Manager,nonprofit,True,,2026-08-18T07:43:20.334023+09:00
Membership Map,salon_spa,True,,2026-08-18T07:43:20.334023+09:00
Membership Meter,fitness_wellness,True,,2026-08-18T07:43:20.334023+09:00
Membership Metrics,nonprofit,True,,2026-08-18T07:43:20.334023+09:00
Membership Monitor,nonprofit,True,,2026-08-18T07:43:20.334023+09:00
Membership Navigator,nonprofit,True,,2026-08-18T07:43:20.334023+09:00
Membership Nexus,nonprofit,True,,2026-08-18T07:43:20.334023+09:00
Membership Node,fitness_wellness,True,,2026-08-18T07:43:20.334023+09:00
Membership Ops,nonprofit,True,,2026-08-18T07:43:20.334023+09:00
Membership Organizer,nonprofit,True,,2026-08-18T07:43:20.334023+09:00
Membership Panel,fitness_wellness,True,,2026-08-18T07:43:20.334023+09:00
Membership Path,salon_spa,True,,2026-08-18T07:43:20.334023+09:00
Membership Pilot,laundry_dry_cleaning,True,,2026-08-18T07:43:20.334023+09:00
Membership Planner,nonprofit,True,,2026-08-18T07:43:20.334023+09:00
Membership Point,salon_spa,True,,2026-08-18T07:43:20.334023+09:00
Membership Portal,fitness_wellness,True,,2026-08-18T07:43:20.334023+09:00
Membership Pulse,salon_spa,True,,2026-08-18T07:43:20.334023+09:00
Membership Radar,laundry_dry_cleaning,True,,2026-08-18T07:43:20.334023+09:00
Membership Rail,fitness_wellness,True,,2026-08-18T07:43:20.334023+09:00
Membership Register,nonprofit,True,,2026-08-18T07:43:20.334023+09:00
Membership Relay,laundry_dry_cleaning,True,,2026-08-18T07:43:20.334023+09:00
Membership Ring,fitness_wellness,False,"TITLE_UNCLEAR: Ring is abstract, no SaaS function is suggested (established prior batches)",2026-08-18T07:43:20.334023+09:00
Membership Route,fitness_wellness,True,,2026-08-18T07:43:20.334023+09:00
Membership Scale,fitness_wellness,True,,2026-08-18T07:43:20.334023+09:00
Membership Scheduler,nonprofit,True,,2026-08-18T07:43:20.334023+09:00
Membership Scope,salon_spa,True,,2026-08-18T07:43:20.334023+09:00
Membership Sentry,nonprofit,True,,2026-08-18T07:43:20.334023+09:00
Membership Signal,salon_spa,True,,2026-08-18T07:43:20.334023+09:00
Membership Station,fitness_wellness,True,,2026-08-18T07:43:20.334023+09:00
Membership Studio,fitness_wellness,True,,2026-08-18T07:43:20.334023+09:00
Membership Suite,nonprofit,True,,2026-08-18T07:43:20.334023+09:00
Membership Sync,laundry_dry_cleaning,True,,2026-08-18T07:43:20.334023+09:00
Membership Terminal,fitness_wellness,False,"TITLE_UNCLEAR: Terminal only reads clearly for transportation/maritime_shipping/aviation/logistics, industry=fitness_wellness",2026-08-18T07:43:20.334023+09:00
Membership Tracker,laundry_dry_cleaning,True,,2026-08-18T07:43:20.334023+09:00
Membership Trail,fitness_wellness,True,,2026-08-18T07:43:20.334023+09:00
Membership Vault,laundry_dry_cleaning,True,,2026-08-18T07:43:20.334023+09:00
Membership Watch,salon_spa,True,,2026-08-18T07:43:20.334023+09:00
Membership Wave,salon_spa,True,,2026-08-18T07:43:20.334023+09:00
Membership Zone,fitness_wellness,True,,2026-08-18T07:43:20.334023+09:00
Memorial Assistant,funeral_services,True,,2026-08-18T07:43:20.334023+09:00
Memorial Atlas,funeral_services,True,,2026-08-18T07:43:20.334023+09:00
Memorial Cockpit,funeral_services,True,,2026-08-18T07:43:20.334023+09:00
Memorial Companion,funeral_services,True,,2026-08-18T07:43:20.334023+09:00
Memorial Dashboard,funeral_services,True,,2026-08-18T07:43:20.334023+09:00
Memorial Engine,funeral_services,True,,2026-08-18T07:43:20.334023+09:00
Memorial Guard,funeral_services,True,,2026-08-18T07:43:20.334023+09:00
Memorial Insight,funeral_services,True,,2026-08-18T07:43:20.334023+09:00
Memorial Keeper,funeral_services,True,,2026-08-18T07:43:20.334023+09:00
Memorial Manager,funeral_services,True,,2026-08-18T07:43:20.334023+09:00
Memorial Metrics,funeral_services,True,,2026-08-18T07:43:20.334023+09:00
Memorial Monitor,funeral_services,True,,2026-08-18T07:43:20.334023+09:00
Memorial Navigator,funeral_services,True,,2026-08-18T07:43:20.334023+09:00
Memorial Nexus,funeral_services,True,,2026-08-18T07:43:20.334023+09:00
Memorial Ops,funeral_services,True,,2026-08-18T07:43:20.334023+09:00
Memorial Organizer,funeral_services,True,,2026-08-18T07:43:20.334023+09:00
Memorial Planner,funeral_services,True,,2026-08-18T07:43:20.334023+09:00
Memorial Register,funeral_services,True,,2026-08-18T07:43:20.334023+09:00
Memorial Scheduler,funeral_services,True,,2026-08-18T07:43:20.334023+09:00
Memorial Sentry,funeral_services,True,,2026-08-18T07:43:20.334023+09:00
Memorial Suite,funeral_services,True,,2026-08-18T07:43:20.334023+09:00
Memorial Sync,funeral_services,True,,2026-08-18T07:43:20.334023+09:00
Memorial Tracker,funeral_services,True,,2026-08-18T07:43:20.334023+09:00
Menu Base,food_service,True,,2026-08-18T07:43:20.334023+09:00
Menu Board,food_service,True,,2026-08-18T07:43:20.334023+09:00
Menu Center,food_service,True,,2026-08-18T07:43:20.334023+09:00
Menu Console,food_service,True,,2026-08-18T07:43:20.334023+09:00
Menu Core,food_service,True,,2026-08-18T07:43:20.334023+09:00
Menu Deck,food_service,True,,2026-08-18T07:43:20.334023+09:00
Menu Dial,food_service,True,,2026-08-18T07:43:20.334023+09:00
Menu Dock,food_service,True,,2026-08-18T07:43:20.334023+09:00
Menu Frame,food_service,True,,2026-08-18T07:43:20.334023+09:00
Menu Lab,food_service,True,,2026-08-18T07:43:20.334023+09:00
Menu Ledger,food_service,True,,2026-08-18T07:43:20.334023+09:00
Menu Lens,food_service,True,,2026-08-18T07:43:20.334023+09:00
Menu Lock,food_service,True,,2026-08-18T07:43:20.334023+09:00
Menu Map,food_service,True,,2026-08-18T07:43:20.334023+09:00
Menu Meter,food_service,True,,2026-08-18T07:43:20.334023+09:00
Menu Panel,food_service,True,,2026-08-18T07:43:20.334023+09:00
Menu Point,food_service,True,,2026-08-18T07:43:20.334023+09:00
Menu Portal,food_service,True,,2026-08-18T07:43:20.334023+09:00
Menu Route,food_service,True,,2026-08-18T07:43:20.334023+09:00
Menu Scale,food_service,True,,2026-08-18T07:43:20.334023+09:00
Menu Station,food_service,True,,2026-08-18T07:43:20.334023+09:00
Menu Studio,food_service,True,,2026-08-18T07:43:20.334023+09:00
Menu Terminal,food_service,False,"TITLE_UNCLEAR: Terminal only reads clearly for transportation/maritime_shipping/aviation/logistics, industry=food_service",2026-08-18T07:43:20.334023+09:00
Menu Zone,food_service,True,,2026-08-18T07:43:20.334023+09:00
Meter Anchor,energy_utilities,True,,2026-08-18T07:43:20.334023+09:00
Meter Base,energy_utilities,True,,2026-08-18T07:43:20.334023+09:00
Meter Board,energy_utilities,True,,2026-08-18T07:43:20.334023+09:00
Meter Bridge,energy_utilities,True,,2026-08-18T07:43:20.334023+09:00
Meter Cascade,energy_utilities,True,,2026-08-18T01:28:04.577831+09:00
Meter Core,energy_utilities,True,,2026-08-18T07:43:20.334023+09:00
Meter Deck,energy_utilities,True,,2026-08-18T07:43:20.334023+09:00
Meter Frame,energy_utilities,True,,2026-08-18T07:43:20.334023+09:00
Meter Grid,energy_utilities,False,SEMANTIC_DUPLICATE: Meter Grid - both words are in the Grid/Ledger/Meter/Route/Terminal family,2026-08-18T07:43:20.334023+09:00
Meter Lab,energy_utilities,True,,2026-08-18T07:43:20.334023+09:00
Meter Lens,energy_utilities,True,,2026-08-18T07:43:20.334023+09:00
Meter Lock,energy_utilities,True,,2026-08-18T07:43:20.334023+09:00
Meter Loop,energy_utilities,True,,2026-08-18T07:43:20.334023+09:00
Meter Map,energy_utilities,True,,2026-08-18T07:43:20.334023+09:00
Meter Path,energy_utilities,True,,2026-08-18T07:43:20.334023+09:00
Meter Point,energy_utilities,True,,2026-08-18T07:43:20.334023+09:00
Meter Pulse,energy_utilities,True,,2026-08-18T07:43:20.334023+09:00
Meter Scope,energy_utilities,True,,2026-08-18T07:43:20.334023+09:00
Meter Signal,energy_utilities,True,,2026-08-18T07:43:20.334023+09:00
Meter Station,energy_utilities,True,,2026-08-18T07:43:20.334023+09:00
Meter Studio,energy_utilities,True,,2026-08-18T07:43:20.334023+09:00
Meter Watch,energy_utilities,True,,2026-08-18T07:43:20.334023+09:00
Meter Wave,energy_utilities,True,,2026-08-18T07:43:20.334023+09:00
Microchip Base,veterinary,True,,2026-08-18T07:43:20.334023+09:00
Microchip Board,veterinary,True,,2026-08-18T07:43:20.334023+09:00
Microchip Center,veterinary,True,,2026-08-18T07:43:20.334023+09:00
Microchip Console,veterinary,True,,2026-08-18T07:43:20.334023+09:00
Microchip Core,veterinary,True,,2026-08-18T07:43:20.334023+09:00
Microchip Deck,veterinary,True,,2026-08-18T07:43:20.334023+09:00
Microchip Dial,veterinary,True,,2026-08-18T07:43:20.334023+09:00
Microchip Dock,veterinary,True,,2026-08-18T07:43:20.334023+09:00
Microchip Frame,veterinary,True,,2026-08-18T07:43:20.334023+09:00
Microchip Lab,veterinary,True,,2026-08-18T07:43:20.334023+09:00
Microchip Ledger,veterinary,True,,2026-08-18T07:43:20.334023+09:00
Microchip Lens,veterinary,True,,2026-08-18T07:43:20.334023+09:00
Microchip Lock,veterinary,True,,2026-08-18T07:43:20.334023+09:00
Microchip Map,veterinary,True,,2026-08-18T07:43:20.334023+09:00
Microchip Meter,veterinary,True,,2026-08-18T07:43:20.334023+09:00
Microchip Panel,veterinary,True,,2026-08-18T07:43:20.334023+09:00
Microchip Portal,veterinary,True,,2026-08-18T07:43:20.334023+09:00
Microchip Route,veterinary,True,,2026-08-18T07:43:20.334023+09:00
Microchip Scale,veterinary,True,,2026-08-18T07:43:20.334023+09:00
Microchip Station,veterinary,True,,2026-08-18T07:43:20.334023+09:00
Microchip Studio,veterinary,True,,2026-08-18T07:43:20.334023+09:00
Microchip Terminal,veterinary,False,"TITLE_UNCLEAR: Terminal only reads clearly for transportation/maritime_shipping/aviation/logistics, industry=veterinary",2026-08-18T07:43:20.334023+09:00
Microchip Zone,veterinary,True,,2026-08-18T07:43:20.334023+09:00
Migration Base,it_devops,True,,2026-08-18T07:43:20.334023+09:00
Migration Board,it_devops,True,,2026-08-18T07:43:20.334023+09:00
Migration Center,it_devops,True,,2026-08-18T07:43:20.334023+09:00
Migration Chain,it_devops,True,,2026-08-18T07:43:20.334023+09:00
Migration Console,it_devops,True,,2026-08-18T07:43:20.334023+09:00
Migration Core,it_devops,True,,2026-08-18T07:43:20.334023+09:00
Migration Deck,it_devops,True,,2026-08-18T07:43:20.334023+09:00
Migration Dial,it_devops,True,,2026-08-18T07:43:20.334023+09:00
Migration Dock,it_devops,True,,2026-08-18T07:43:20.334023+09:00
Migration Lab,it_devops,True,,2026-08-18T07:43:20.334023+09:00
Migration Ledger,it_devops,True,,2026-08-18T07:43:20.334023+09:00
Migration Meter,it_devops,True,,2026-08-18T07:43:20.334023+09:00
Migration Panel,it_devops,True,,2026-08-18T07:43:20.334023+09:00
Migration Portal,it_devops,True,,2026-08-18T07:43:20.334023+09:00
Migration Rail,it_devops,True,,2026-08-18T07:43:20.334023+09:00
Migration Ring,it_devops,False,"TITLE_UNCLEAR: Ring is abstract, no SaaS function is suggested (established prior batches)",2026-08-18T07:43:20.334023+09:00
Migration Route,it_devops,True,,2026-08-18T07:43:20.334023+09:00
Migration Scale,it_devops,True,,2026-08-18T07:43:20.334023+09:00
Migration Station,it_devops,True,,2026-08-18T07:43:20.334023+09:00
Migration Studio,it_devops,True,,2026-08-18T07:43:20.334023+09:00
Migration Terminal,it_devops,False,"TITLE_UNCLEAR: Terminal only reads clearly for transportation/maritime_shipping/aviation/logistics, industry=it_devops",2026-08-18T07:43:20.334023+09:00
Migration Trail,it_devops,True,,2026-08-18T07:43:20.334023+09:00
Migration Zone,it_devops,True,,2026-08-18T07:43:20.334023+09:00
Mileage Anchor,automotive,True,,2026-08-18T07:43:20.334023+09:00
Mileage Base,transportation,True,,2026-08-18T07:43:20.334023+09:00
Mileage Beacon,automotive,True,,2026-08-18T07:43:20.334023+09:00
Mileage Board,transportation,True,,2026-08-18T07:43:20.334023+09:00
Mileage Bridge,automotive,True,,2026-08-18T07:43:20.334023+09:00
Mileage Cascade,automotive,True,,2026-08-18T07:43:20.334023+09:00
Mileage Center,transportation,True,,2026-08-18T07:43:20.334023+09:00
Mileage Compass,automotive,True,,2026-08-18T07:43:20.334023+09:00
Mileage Core,transportation,True,,2026-08-18T07:43:20.334023+09:00
Mileage Deck,transportation,True,,2026-08-18T07:43:20.334023+09:00
Mileage Desk,automotive,True,,2026-08-18T07:43:20.334023+09:00
Mileage Flow,automotive,True,,2026-08-18T07:43:20.334023+09:00
Mileage Forge,automotive,True,,2026-08-18T07:43:20.334023+09:00
Mileage Frame,transportation,True,,2026-08-18T07:43:20.334023+09:00
Mileage Grid,transportation,True,,2026-08-18T07:43:20.334023+09:00
Mileage Hub,automotive,True,,2026-08-18T07:43:20.334023+09:00
Mileage Lab,transportation,True,,2026-08-18T07:43:20.334023+09:00
Mileage Ledger,transportation,True,,2026-08-18T07:43:20.334023+09:00
Mileage Lens,transportation,True,,2026-08-18T07:43:20.334023+09:00
Mileage Lock,transportation,True,,2026-08-18T07:43:20.334023+09:00
Mileage Loop,transportation,True,,2026-08-18T07:43:20.334023+09:00
Mileage Map,transportation,True,,2026-08-18T07:43:20.334023+09:00
Mileage Path,transportation,True,,2026-08-18T07:43:20.334023+09:00
Mileage Pilot,automotive,True,,2026-08-18T07:43:20.334023+09:00
Mileage Point,transportation,True,,2026-08-18T07:43:20.334023+09:00
Mileage Pulse,transportation,True,,2026-08-18T07:43:20.334023+09:00
Mileage Radar,automotive,True,,2026-08-18T07:43:20.334023+09:00
Mileage Relay,automotive,True,,2026-08-18T07:43:20.334023+09:00
Mileage Scope,transportation,True,,2026-08-18T07:43:20.334023+09:00
Mileage Signal,transportation,True,,2026-08-18T07:43:20.334023+09:00
Mileage Station,transportation,True,,2026-08-18T07:43:20.334023+09:00
Mileage Studio,transportation,True,,2026-08-18T07:43:20.334023+09:00
Mileage Sync,automotive,True,,2026-08-18T07:43:20.334023+09:00
Mileage Terminal,transportation,True,,2026-08-18T07:43:20.334023+09:00
Mileage Tracker,automotive,True,,2026-08-18T07:43:20.334023+09:00
Mileage Vault,automotive,True,,2026-08-18T07:43:20.334023+09:00
Mileage Watch,transportation,True,,2026-08-18T07:43:20.334023+09:00
Mileage Wave,transportation,True,,2026-08-18T07:43:20.334023+09:00
Mileage Zone,transportation,True,,2026-08-18T07:43:20.334023+09:00
Milestone Assistant,childcare,True,,2026-08-18T07:43:20.334023+09:00
Milestone Atlas,childcare,True,,2026-08-18T07:43:20.334023+09:00
Milestone Chain,childcare,True,,2026-08-18T07:43:20.334023+09:00
Milestone Cockpit,childcare,True,,2026-08-18T07:43:20.334023+09:00
Milestone Dashboard,childcare,True,,2026-08-18T07:43:20.334023+09:00
Milestone Engine,childcare,True,,2026-08-18T07:43:20.334023+09:00
Milestone Gate,childcare,True,,2026-08-18T07:43:20.334023+09:00
Milestone Insight,childcare,True,,2026-08-18T07:43:20.334023+09:00
Milestone Keeper,childcare,True,,2026-08-18T07:43:20.334023+09:00
Milestone Manager,childcare,True,,2026-08-18T07:43:20.334023+09:00
Milestone Metrics,childcare,True,,2026-08-18T07:43:20.334023+09:00
Milestone Monitor,childcare,True,,2026-08-18T07:43:20.334023+09:00
Milestone Navigator,childcare,True,,2026-08-18T07:43:20.334023+09:00
Milestone Nexus,childcare,True,,2026-08-18T07:43:20.334023+09:00
Milestone Node,childcare,True,,2026-08-18T07:43:20.334023+09:00
Milestone Organizer,childcare,True,,2026-08-18T07:43:20.334023+09:00
Milestone Planner,childcare,True,,2026-08-18T07:43:20.334023+09:00
Milestone Rail,childcare,True,,2026-08-18T07:43:20.334023+09:00
Milestone Ring,childcare,False,"TITLE_UNCLEAR: Ring is abstract, no SaaS function is suggested (established prior batches)",2026-08-18T07:43:20.334023+09:00
Milestone Scheduler,childcare,True,,2026-08-18T07:43:20.334023+09:00
Milestone Sentry,childcare,True,,2026-08-18T07:43:20.334023+09:00
Milestone Suite,childcare,True,,2026-08-18T07:43:20.334023+09:00
Milestone Trail,childcare,True,,2026-08-18T07:43:20.334023+09:00
Monitoring Base,it_devops,True,,2026-08-18T07:43:20.334023+09:00
Monitoring Board,it_devops,True,,2026-08-18T07:43:20.334023+09:00
Monitoring Center,it_devops,True,,2026-08-18T07:43:20.334023+09:00
Monitoring Console,it_devops,True,,2026-08-18T07:43:20.334023+09:00
Monitoring Core,it_devops,True,,2026-08-18T07:43:20.334023+09:00
Monitoring Deck,it_devops,True,,2026-08-18T07:43:20.334023+09:00
Monitoring Frame,it_devops,True,,2026-08-18T07:43:20.334023+09:00
Monitoring Grid,it_devops,True,,2026-08-18T07:43:20.334023+09:00
Monitoring Lab,it_devops,True,,2026-08-18T07:43:20.334023+09:00
Monitoring Ledger,it_devops,True,,2026-08-18T07:43:20.334023+09:00
Monitoring Lens,it_devops,True,,2026-08-18T07:43:20.334023+09:00
Monitoring Lock,it_devops,True,,2026-08-18T07:43:20.334023+09:00
Monitoring Loop,it_devops,True,,2026-08-18T07:43:20.334023+09:00
Monitoring Map,it_devops,True,,2026-08-18T07:43:20.334023+09:00
Monitoring Panel,it_devops,True,,2026-08-18T07:43:20.334023+09:00
Monitoring Path,it_devops,True,,2026-08-18T07:43:20.334023+09:00
Monitoring Point,it_devops,True,,2026-08-18T07:43:20.334023+09:00
Monitoring Portal,it_devops,True,,2026-08-18T07:43:20.334023+09:00
Monitoring Pulse,it_devops,True,,2026-08-18T07:43:20.334023+09:00
Monitoring Station,it_devops,True,,2026-08-18T07:43:20.334023+09:00
Monitoring Studio,it_devops,True,,2026-08-18T07:43:20.334023+09:00
Monitoring Terminal,it_devops,False,"TITLE_UNCLEAR: Terminal only reads clearly for transportation/maritime_shipping/aviation/logistics, industry=it_devops",2026-08-18T07:43:20.334023+09:00
Monitoring Wave,it_devops,True,,2026-08-18T07:43:20.334023+09:00
Monitoring Zone,it_devops,True,,2026-08-18T07:43:20.334023+09:00
Mowing Anchor,landscaping,True,,2026-08-18T07:43:20.334023+09:00
Mowing Base,landscaping,True,,2026-08-18T07:43:20.334023+09:00
Mowing Beacon,landscaping,True,,2026-08-18T07:43:20.334023+09:00
Mowing Bridge,landscaping,True,,2026-08-18T07:43:20.334023+09:00
Mowing Cascade,landscaping,True,,2026-08-18T07:43:20.334023+09:00
Mowing Compass,landscaping,True,,2026-08-18T07:43:20.334023+09:00
Mowing Core,landscaping,True,,2026-08-18T07:43:20.334023+09:00
Mowing Forge,landscaping,True,,2026-08-18T07:43:20.334023+09:00
Mowing Frame,landscaping,True,,2026-08-18T07:43:20.334023+09:00
Mowing Grid,landscaping,True,,2026-08-18T07:43:20.334023+09:00
Mowing Ledger,landscaping,True,,2026-08-18T07:43:20.334023+09:00
Mowing Lens,landscaping,True,,2026-08-18T07:43:20.334023+09:00
Mowing Lock,landscaping,True,,2026-08-18T07:43:20.334023+09:00
Mowing Loop,landscaping,True,,2026-08-18T07:43:20.334023+09:00
Mowing Map,landscaping,True,,2026-08-18T07:43:20.334023+09:00
Mowing Path,landscaping,True,,2026-08-18T07:43:20.334023+09:00
Mowing Point,landscaping,True,,2026-08-18T07:43:20.334023+09:00
Mowing Pulse,landscaping,True,,2026-08-18T07:43:20.334023+09:00
Mowing Scope,landscaping,True,,2026-08-18T07:43:20.334023+09:00
Mowing Signal,landscaping,True,,2026-08-18T07:43:20.334023+09:00
Mowing Vault,landscaping,True,,2026-08-18T07:43:20.334023+09:00
Mowing Watch,landscaping,True,,2026-08-18T07:43:20.334023+09:00
Mowing Wave,landscaping,True,,2026-08-18T07:43:20.334023+09:00
Naptime Anchor,childcare,True,,2026-08-18T07:43:20.334023+09:00
Naptime Beacon,childcare,True,,2026-08-18T07:43:20.334023+09:00
Naptime Bridge,childcare,True,,2026-08-18T07:43:20.334023+09:00
Naptime Cascade,childcare,True,,2026-08-18T07:43:20.334023+09:00
Naptime Compass,childcare,True,,2026-08-18T07:43:20.334023+09:00
Naptime Desk,childcare,True,,2026-08-18T07:43:20.334023+09:00
Naptime Forge,childcare,True,,2026-08-18T07:43:20.334023+09:00
Naptime Frame,childcare,True,,2026-08-18T07:43:20.334023+09:00
Naptime Grid,childcare,True,,2026-08-18T07:43:20.334023+09:00
Naptime Lens,childcare,True,,2026-08-18T07:43:20.334023+09:00
Naptime Lock,childcare,True,,2026-08-18T07:43:20.334023+09:00
Naptime Loop,childcare,True,,2026-08-18T07:43:20.334023+09:00
Naptime Map,childcare,True,,2026-08-18T07:43:20.334023+09:00
Naptime Path,childcare,True,,2026-08-18T07:43:20.334023+09:00
Naptime Point,childcare,True,,2026-08-18T07:43:20.334023+09:00
Naptime Pulse,childcare,True,,2026-08-18T07:43:20.334023+09:00
Naptime Radar,childcare,True,,2026-08-18T07:43:20.334023+09:00
Naptime Relay,childcare,True,,2026-08-18T07:43:20.334023+09:00
Naptime Scope,childcare,True,,2026-08-18T07:43:20.334023+09:00
Naptime Signal,childcare,True,,2026-08-18T07:43:20.334023+09:00
Naptime Vault,childcare,True,,2026-08-18T07:43:20.334023+09:00
Naptime Watch,childcare,True,,2026-08-18T07:43:20.334023+09:00
Naptime Wave,childcare,True,,2026-08-18T07:43:20.334023+09:00
Network Atlas,telecom,True,,2026-08-18T07:43:20.334023+09:00
Network Center,telecom,True,,2026-08-18T07:43:20.334023+09:00
Network Chain,telecom,True,,2026-08-18T07:43:20.334023+09:00
Network Console,telecom,True,,2026-08-18T07:43:20.334023+09:00
Network Dial,telecom,True,,2026-08-18T07:43:20.334023+09:00
Network Dock,telecom,True,,2026-08-18T07:43:20.334023+09:00
Network Gate,telecom,True,,2026-08-18T07:43:20.334023+09:00
Network Keeper,telecom,True,,2026-08-18T07:43:20.334023+09:00
Network Manager,telecom,True,,2026-08-18T07:43:20.334023+09:00
Network Meter,telecom,True,,2026-08-18T07:43:20.334023+09:00
Network Nexus,telecom,True,,2026-08-18T07:43:20.334023+09:00
Network Node,telecom,True,,2026-08-18T07:43:20.334023+09:00
Network Panel,telecom,True,,2026-08-18T07:43:20.334023+09:00
Network Portal,telecom,True,,2026-08-18T07:43:20.334023+09:00
Network Rail,telecom,True,,2026-08-18T07:43:20.334023+09:00
Network Ring,telecom,False,"TITLE_UNCLEAR: Ring is abstract, no SaaS function is suggested (established prior batches)",2026-08-18T07:43:20.334023+09:00
Network Route,telecom,True,,2026-08-18T07:43:20.334023+09:00
Network Scale,telecom,True,,2026-08-18T07:43:20.334023+09:00
Network Sentry,telecom,True,,2026-08-18T07:43:20.334023+09:00
Network Suite,telecom,True,,2026-08-18T07:43:20.334023+09:00
Network Terminal,telecom,False,"TITLE_UNCLEAR: Terminal only reads clearly for transportation/maritime_shipping/aviation/logistics, industry=telecom",2026-08-18T07:43:20.334023+09:00
Network Trail,telecom,True,,2026-08-18T07:43:20.334023+09:00
Network Zone,telecom,True,,2026-08-18T07:43:20.334023+09:00
Nutrition Anchor,fitness_wellness,True,,2026-08-18T07:43:20.334023+09:00
Nutrition Beacon,fitness_wellness,True,,2026-08-18T07:43:20.334023+09:00
Nutrition Bridge,fitness_wellness,True,,2026-08-18T07:43:20.334023+09:00
Nutrition Cascade,fitness_wellness,True,,2026-08-18T07:43:20.334023+09:00
Nutrition Compass,fitness_wellness,True,,2026-08-18T07:43:20.334023+09:00
Nutrition Desk,fitness_wellness,True,,2026-08-18T07:43:20.334023+09:00
Nutrition Forge,fitness_wellness,True,,2026-08-18T07:43:20.334023+09:00
Nutrition Grid,fitness_wellness,True,,2026-08-18T07:43:20.334023+09:00
Nutrition Lens,fitness_wellness,True,,2026-08-18T07:43:20.334023+09:00
Nutrition Lock,fitness_wellness,True,,2026-08-18T07:43:20.334023+09:00
Nutrition Loop,fitness_wellness,True,,2026-08-18T07:43:20.334023+09:00
Nutrition Map,fitness_wellness,True,,2026-08-18T07:43:20.334023+09:00
Nutrition Path,fitness_wellness,True,,2026-08-18T07:43:20.334023+09:00
Nutrition Pilot,fitness_wellness,True,,2026-08-18T07:43:20.334023+09:00
Nutrition Point,fitness_wellness,True,,2026-08-18T07:43:20.334023+09:00
Nutrition Pulse,fitness_wellness,True,,2026-08-18T07:43:20.334023+09:00
Nutrition Radar,fitness_wellness,True,,2026-08-18T07:43:20.334023+09:00
Nutrition Relay,fitness_wellness,True,,2026-08-18T07:43:20.334023+09:00
Nutrition Scope,fitness_wellness,True,,2026-08-18T07:43:20.334023+09:00
Nutrition Signal,fitness_wellness,True,,2026-08-18T07:43:20.334023+09:00
Nutrition Vault,fitness_wellness,True,,2026-08-18T07:43:20.334023+09:00
Nutrition Watch,fitness_wellness,True,,2026-08-18T07:43:20.334023+09:00
Nutrition Wave,fitness_wellness,True,,2026-08-18T07:43:20.334023+09:00
Obituary Assistant,funeral_services,True,,2026-08-18T07:43:20.334023+09:00
Obituary Atlas,funeral_services,True,,2026-08-18T07:43:20.334023+09:00
Obituary Chain,funeral_services,True,,2026-08-18T07:43:20.334023+09:00
Obituary Cockpit,funeral_services,True,,2026-08-18T07:43:20.334023+09:00
Obituary Dashboard,funeral_services,True,,2026-08-18T07:43:20.334023+09:00
Obituary Dock,funeral_services,True,,2026-08-18T07:43:20.334023+09:00
Obituary Engine,funeral_services,True,,2026-08-18T07:43:20.334023+09:00
Obituary Gate,funeral_services,True,,2026-08-18T07:43:20.334023+09:00
Obituary Insight,funeral_services,True,,2026-08-18T07:43:20.334023+09:00
Obituary Keeper,funeral_services,True,,2026-08-18T07:43:20.334023+09:00
Obituary Manager,funeral_services,True,,2026-08-18T07:43:20.334023+09:00
Obituary Metrics,funeral_services,True,,2026-08-18T07:43:20.334023+09:00
Obituary Monitor,funeral_services,True,,2026-08-18T07:43:20.334023+09:00
Obituary Nexus,funeral_services,True,,2026-08-18T07:43:20.334023+09:00
Obituary Node,funeral_services,True,,2026-08-18T07:43:20.334023+09:00
Obituary Organizer,funeral_services,True,,2026-08-18T07:43:20.334023+09:00
Obituary Planner,funeral_services,True,,2026-08-18T07:43:20.334023+09:00
Obituary Rail,funeral_services,True,,2026-08-18T07:43:20.334023+09:00
Obituary Ring,funeral_services,False,"TITLE_UNCLEAR: Ring is abstract, no SaaS function is suggested (established prior batches)",2026-08-18T07:43:20.334023+09:00
Obituary Route,funeral_services,True,,2026-08-18T07:43:20.334023+09:00
Obituary Scheduler,funeral_services,True,,2026-08-18T07:43:20.334023+09:00
Obituary Sentry,funeral_services,True,,2026-08-18T07:43:20.334023+09:00
Obituary Suite,funeral_services,True,,2026-08-18T07:43:20.334023+09:00
Obituary Trail,funeral_services,True,,2026-08-18T07:43:20.334023+09:00
Occupancy Assistant,hospitality,True,,2026-08-18T07:43:20.334023+09:00
Occupancy Atlas,hospitality,True,,2026-08-18T07:43:20.334023+09:00
Occupancy Chain,hospitality,True,,2026-08-18T07:43:20.334023+09:00
Occupancy Console,hospitality,True,,2026-08-18T07:43:20.334023+09:00
Occupancy Dial,hospitality,True,,2026-08-18T07:43:20.334023+09:00
Occupancy Dock,hospitality,True,,2026-08-18T07:43:20.334023+09:00
Occupancy Engine,hospitality,True,,2026-08-18T07:43:20.334023+09:00
Occupancy Gate,hospitality,True,,2026-08-18T07:43:20.334023+09:00
Occupancy Keeper,hospitality,True,,2026-08-18T07:43:20.334023+09:00
Occupancy Manager,hospitality,True,,2026-08-18T07:43:20.334023+09:00
Occupancy Meter,hospitality,True,,2026-08-18T07:43:20.334023+09:00
Occupancy Nexus,hospitality,True,,2026-08-18T07:43:20.334023+09:00
Occupancy Node,hospitality,True,,2026-08-18T07:43:20.334023+09:00
Occupancy Panel,hospitality,True,,2026-08-18T07:43:20.334023+09:00
Occupancy Planner,hospitality,True,,2026-08-18T07:43:20.334023+09:00
Occupancy Portal,hospitality,True,,2026-08-18T07:43:20.334023+09:00
Occupancy Rail,hospitality,True,,2026-08-18T07:43:20.334023+09:00
Occupancy Ring,hospitality,False,"TITLE_UNCLEAR: Ring is abstract, no SaaS function is suggested (established prior batches)",2026-08-18T07:43:20.334023+09:00
Occupancy Route,hospitality,True,,2026-08-18T07:43:20.334023+09:00
Occupancy Scale,hospitality,True,,2026-08-18T07:43:20.334023+09:00
Occupancy Sentry,hospitality,True,,2026-08-18T07:43:20.334023+09:00
Occupancy Suite,hospitality,True,,2026-08-18T07:43:20.334023+09:00
Occupancy Trail,hospitality,True,,2026-08-18T07:43:20.334023+09:00
Occupancy Zone,hospitality,True,,2026-08-18T07:43:20.334023+09:00
Offboarding Assistant,hr_payroll,True,,2026-08-18T07:43:20.334023+09:00
Offboarding Atlas,hr_payroll,True,,2026-08-18T07:43:20.334023+09:00
Offboarding Chain,hr_payroll,True,,2026-08-18T07:43:20.334023+09:00
Offboarding Cockpit,hr_payroll,True,,2026-08-18T07:43:20.334023+09:00
Offboarding Dock,hr_payroll,True,,2026-08-18T07:43:20.334023+09:00
Offboarding Engine,hr_payroll,True,,2026-08-18T07:43:20.334023+09:00
Offboarding Gate,hr_payroll,True,,2026-08-18T07:43:20.334023+09:00
Offboarding Insight,hr_payroll,True,,2026-08-18T07:43:20.334023+09:00
Offboarding Keeper,hr_payroll,True,,2026-08-18T07:43:20.334023+09:00
Offboarding Manager,hr_payroll,True,,2026-08-18T07:43:20.334023+09:00
Offboarding Metrics,hr_payroll,True,,2026-08-18T07:43:20.334023+09:00
Offboarding Monitor,hr_payroll,True,,2026-08-18T07:43:20.334023+09:00
Offboarding Nexus,hr_payroll,True,,2026-08-18T07:43:20.334023+09:00
Offboarding Node,hr_payroll,True,,2026-08-18T07:43:20.334023+09:00
Offboarding Organizer,hr_payroll,True,,2026-08-18T07:43:20.334023+09:00
Offboarding Planner,hr_payroll,True,,2026-08-18T07:43:20.334023+09:00
Offboarding Rail,hr_payroll,True,,2026-08-18T07:43:20.334023+09:00
Offboarding Ring,hr_payroll,False,"TITLE_UNCLEAR: Ring is abstract, no SaaS function is suggested (established prior batches)",2026-08-18T07:43:20.334023+09:00
Offboarding Route,hr_payroll,True,,2026-08-18T07:43:20.334023+09:00
Offboarding Scheduler,hr_payroll,True,,2026-08-18T07:43:20.334023+09:00
Offboarding Sentry,hr_payroll,True,,2026-08-18T07:43:20.334023+09:00
Offboarding Suite,hr_payroll,True,,2026-08-18T07:43:20.334023+09:00
Offboarding Trail,hr_payroll,True,,2026-08-18T07:43:20.334023+09:00
Offer Anchor,recruiting,True,,2026-08-18T07:43:20.334023+09:00
Offer Beacon,recruiting,True,,2026-08-18T07:43:20.334023+09:00
Offer Bridge,recruiting,True,,2026-08-18T07:43:20.334023+09:00
Offer Cascade,recruiting,True,,2026-08-18T07:43:20.334023+09:00
Offer Compass,recruiting,True,,2026-08-18T07:43:20.334023+09:00
Offer Desk,recruiting,True,,2026-08-18T07:43:20.334023+09:00
Offer Flow,recruiting,True,,2026-08-18T07:43:20.334023+09:00
Offer Forge,recruiting,True,,2026-08-18T07:43:20.334023+09:00
Offer Grid,recruiting,True,,2026-08-18T07:43:20.334023+09:00
Offer Hub,recruiting,True,,2026-08-18T07:43:20.334023+09:00
Offer Loop,recruiting,True,,2026-08-18T07:43:20.334023+09:00
Offer Path,recruiting,True,,2026-08-18T07:43:20.334023+09:00
Offer Pilot,recruiting,True,,2026-08-18T07:43:20.334023+09:00
Offer Point,recruiting,True,,2026-08-18T07:43:20.334023+09:00
Offer Pulse,recruiting,True,,2026-08-18T07:43:20.334023+09:00
Offer Radar,recruiting,True,,2026-08-18T07:43:20.334023+09:00
Offer Relay,recruiting,True,,2026-08-18T07:43:20.334023+09:00
Offer Scope,recruiting,True,,2026-08-18T07:43:20.334023+09:00
Offer Signal,recruiting,True,,2026-08-18T07:43:20.334023+09:00
Offer Sync,recruiting,True,,2026-08-18T07:43:20.334023+09:00
Offer Tracker,recruiting,True,,2026-08-18T07:43:20.334023+09:00
Offer Vault,recruiting,True,,2026-08-18T07:43:20.334023+09:00
Offer Watch,recruiting,True,,2026-08-18T07:43:20.334023+09:00
Offer Wave,recruiting,True,,2026-08-18T07:43:20.334023+09:00
Onboarding Anchor,hr_payroll,True,,2026-08-18T07:43:20.334023+09:00
Onboarding Base,hr_payroll,True,,2026-08-18T07:43:20.334023+09:00
Onboarding Beacon,hr_payroll,True,,2026-08-18T07:43:20.334023+09:00
Onboarding Bridge,hr_payroll,True,,2026-08-18T07:43:20.334023+09:00
Onboarding Cascade,hr_payroll,True,,2026-08-18T07:43:20.334023+09:00
Onboarding Cockpit,recruiting,True,,2026-08-18T07:43:20.334023+09:00
Onboarding Companion,recruiting,True,,2026-08-18T07:43:20.334023+09:00
Onboarding Compass,hr_payroll,True,,2026-08-18T07:43:20.334023+09:00
Onboarding Dashboard,recruiting,True,,2026-08-18T07:43:20.334023+09:00
Onboarding Desk,hr_payroll,True,,2026-08-18T01:28:04.577831+09:00
Onboarding Flow,recruiting,True,,2026-08-18T07:43:20.334023+09:00
Onboarding Forge,hr_payroll,True,,2026-08-18T07:43:20.334023+09:00
Onboarding Frame,hr_payroll,True,,2026-08-18T07:43:20.334023+09:00
Onboarding Grid,hr_payroll,True,,2026-08-18T07:43:20.334023+09:00
Onboarding Guard,recruiting,True,,2026-08-18T07:43:20.334023+09:00
Onboarding Hub,recruiting,True,,2026-08-18T07:43:20.334023+09:00
Onboarding Insight,recruiting,True,,2026-08-18T07:43:20.334023+09:00
Onboarding Lens,hr_payroll,True,,2026-08-18T07:43:20.334023+09:00
Onboarding Lock,hr_payroll,True,,2026-08-18T07:43:20.334023+09:00
Onboarding Loop,hr_payroll,True,,2026-08-18T07:43:20.334023+09:00
Onboarding Map,hr_payroll,True,,2026-08-18T07:43:20.334023+09:00
Onboarding Metrics,recruiting,True,,2026-08-18T07:43:20.334023+09:00
Onboarding Monitor,recruiting,True,,2026-08-18T07:43:20.334023+09:00
Onboarding Navigator,recruiting,True,,2026-08-18T07:43:20.334023+09:00
Onboarding Ops,recruiting,True,,2026-08-18T07:43:20.334023+09:00
Onboarding Organizer,recruiting,True,,2026-08-18T07:43:20.334023+09:00
Onboarding Path,hr_payroll,True,,2026-08-18T07:43:20.334023+09:00
Onboarding Pilot,recruiting,True,,2026-08-18T07:43:20.334023+09:00
Onboarding Point,hr_payroll,True,,2026-08-18T07:43:20.334023+09:00
Onboarding Pulse,hr_payroll,True,,2026-08-18T07:43:20.334023+09:00
Onboarding Radar,hr_payroll,True,,2026-08-18T07:43:20.334023+09:00
Onboarding Register,recruiting,True,,2026-08-18T07:43:20.334023+09:00
Onboarding Relay,hr_payroll,True,,2026-08-18T07:43:20.334023+09:00
Onboarding Scheduler,recruiting,True,,2026-08-18T07:43:20.334023+09:00
Onboarding Scope,hr_payroll,True,,2026-08-18T07:43:20.334023+09:00
Onboarding Signal,hr_payroll,True,,2026-08-18T07:43:20.334023+09:00
Onboarding Sync,recruiting,True,,2026-08-18T07:43:20.334023+09:00
Onboarding Tracker,recruiting,True,,2026-08-18T07:43:20.334023+09:00
Onboarding Vault,hr_payroll,True,,2026-08-18T07:43:20.334023+09:00
Onboarding Watch,hr_payroll,True,,2026-08-18T07:43:20.334023+09:00
Onboarding Wave,hr_payroll,True,,2026-08-18T07:43:20.334023+09:00
Order Atlas,laundry_dry_cleaning,True,,2026-08-18T07:43:20.334023+09:00
Order Center,laundry_dry_cleaning,True,,2026-08-18T07:43:20.334023+09:00
Order Chain,laundry_dry_cleaning,True,,2026-08-18T07:43:20.334023+09:00
Order Console,laundry_dry_cleaning,True,,2026-08-18T07:43:20.334023+09:00
Order Dial,laundry_dry_cleaning,True,,2026-08-18T07:43:20.334023+09:00
Order Dock,laundry_dry_cleaning,True,,2026-08-18T07:43:20.334023+09:00
Order Gate,laundry_dry_cleaning,True,,2026-08-18T07:43:20.334023+09:00
Order Keeper,laundry_dry_cleaning,True,,2026-08-18T07:43:20.334023+09:00
Order Lab,laundry_dry_cleaning,True,,2026-08-18T01:30:57.525706+09:00
Order Manager,laundry_dry_cleaning,True,,2026-08-18T07:43:20.334023+09:00
Order Meter,laundry_dry_cleaning,True,,2026-08-18T07:43:20.334023+09:00
Order Nexus,laundry_dry_cleaning,True,,2026-08-18T07:43:20.334023+09:00
Order Node,laundry_dry_cleaning,True,,2026-08-18T07:43:20.334023+09:00
Order Panel,laundry_dry_cleaning,True,,2026-08-18T07:43:20.334023+09:00
Order Portal,laundry_dry_cleaning,True,,2026-08-18T07:43:20.334023+09:00
Order Rail,laundry_dry_cleaning,True,,2026-08-18T07:43:20.334023+09:00
Order Ring,laundry_dry_cleaning,False,"TITLE_UNCLEAR: Ring is abstract, no SaaS function is suggested (established prior batches)",2026-08-18T07:43:20.334023+09:00
Order Route,laundry_dry_cleaning,True,,2026-08-18T07:43:20.334023+09:00
Order Scale,laundry_dry_cleaning,True,,2026-08-18T07:43:20.334023+09:00
Order Sentry,laundry_dry_cleaning,True,,2026-08-18T07:43:20.334023+09:00
Order Station,laundry_dry_cleaning,True,,2026-08-18T07:43:20.334023+09:00
Order Terminal,laundry_dry_cleaning,False,"TITLE_UNCLEAR: Terminal only reads clearly for transportation/maritime_shipping/aviation/logistics, industry=laundry_dry_cleaning",2026-08-18T07:43:20.334023+09:00
Order Trail,laundry_dry_cleaning,True,,2026-08-18T07:43:20.334023+09:00
Order Zone,laundry_dry_cleaning,True,,2026-08-18T07:43:20.334023+09:00
Ordinance Base,government,True,,2026-08-18T07:43:20.334023+09:00
Ordinance Board,government,True,,2026-08-18T07:43:20.334023+09:00
Ordinance Center,government,True,,2026-08-18T07:43:20.334023+09:00
Ordinance Console,government,True,,2026-08-18T07:43:20.334023+09:00
Ordinance Core,government,True,,2026-08-18T07:43:20.334023+09:00
Ordinance Deck,government,True,,2026-08-18T07:43:20.334023+09:00
Ordinance Dial,government,True,,2026-08-18T07:43:20.334023+09:00
Ordinance Dock,government,True,,2026-08-18T07:43:20.334023+09:00
Ordinance Frame,government,True,,2026-08-18T07:43:20.334023+09:00
Ordinance Lab,government,True,,2026-08-18T07:43:20.334023+09:00
Ordinance Ledger,government,True,,2026-08-18T07:43:20.334023+09:00
Ordinance Lens,government,True,,2026-08-18T07:43:20.334023+09:00
Ordinance Lock,government,True,,2026-08-18T07:43:20.334023+09:00
Ordinance Map,government,True,,2026-08-18T07:43:20.334023+09:00
Ordinance Meter,government,True,,2026-08-18T07:43:20.334023+09:00
Ordinance Panel,government,True,,2026-08-18T07:43:20.334023+09:00
Ordinance Portal,government,True,,2026-08-18T07:43:20.334023+09:00
Ordinance Rail,government,True,,2026-08-18T07:43:20.334023+09:00
Ordinance Route,government,True,,2026-08-18T07:43:20.334023+09:00
Ordinance Scale,government,True,,2026-08-18T07:43:20.334023+09:00
Ordinance Station,government,True,,2026-08-18T07:43:20.334023+09:00
Ordinance Studio,government,True,,2026-08-18T07:43:20.334023+09:00
Ordinance Terminal,government,False,"TITLE_UNCLEAR: Terminal only reads clearly for transportation/maritime_shipping/aviation/logistics, industry=government",2026-08-18T07:43:20.334023+09:00
Ordinance Zone,government,True,,2026-08-18T07:43:20.334023+09:00
Outage Assistant,energy_utilities,True,,2026-08-18T07:43:20.334023+09:00
Outage Atlas,energy_utilities,True,,2026-08-18T07:43:20.334023+09:00
Outage Base,telecom,True,,2026-08-18T07:43:20.334023+09:00
Outage Board,telecom,True,,2026-08-18T07:43:20.334023+09:00
Outage Center,telecom,True,,2026-08-18T07:43:20.334023+09:00
Outage Chain,telecom,True,,2026-08-18T07:43:20.334023+09:00
Outage Cockpit,energy_utilities,True,,2026-08-18T07:43:20.334023+09:00
Outage Companion,energy_utilities,True,,2026-08-18T07:43:20.334023+09:00
Outage Console,telecom,True,,2026-08-18T07:43:20.334023+09:00
Outage Core,telecom,True,,2026-08-18T07:43:20.334023+09:00
Outage Dashboard,energy_utilities,True,,2026-08-18T07:43:20.334023+09:00
Outage Deck,telecom,True,,2026-08-18T07:43:20.334023+09:00
Outage Dial,telecom,True,,2026-08-18T07:43:20.334023+09:00
Outage Dock,telecom,True,,2026-08-18T07:43:20.334023+09:00
Outage Engine,energy_utilities,True,,2026-08-18T07:43:20.334023+09:00
Outage Flow,energy_utilities,True,,2026-08-18T07:43:20.334023+09:00
Outage Guard,energy_utilities,True,,2026-08-18T07:43:20.334023+09:00
Outage Hub,energy_utilities,True,,2026-08-18T07:43:20.334023+09:00
Outage Insight,energy_utilities,True,,2026-08-18T07:43:20.334023+09:00
Outage Keeper,energy_utilities,True,,2026-08-18T07:43:20.334023+09:00
Outage Lab,telecom,True,,2026-08-18T07:43:20.334023+09:00
Outage Ledger,telecom,True,,2026-08-18T07:43:20.334023+09:00
Outage Manager,energy_utilities,True,,2026-08-18T07:43:20.334023+09:00
Outage Meter,telecom,True,,2026-08-18T07:43:20.334023+09:00
Outage Metrics,energy_utilities,True,,2026-08-18T07:43:20.334023+09:00
Outage Monitor,energy_utilities,True,,2026-08-18T07:43:20.334023+09:00
Outage Navigator,energy_utilities,True,,2026-08-18T07:43:20.334023+09:00
Outage Node,telecom,True,,2026-08-18T07:43:20.334023+09:00
Outage Ops,energy_utilities,True,,2026-08-18T07:43:20.334023+09:00
Outage Organizer,energy_utilities,True,,2026-08-18T07:43:20.334023+09:00
Outage Panel,telecom,True,,2026-08-18T07:43:20.334023+09:00
Outage Planner,energy_utilities,True,,2026-08-18T07:43:20.334023+09:00
Outage Portal,telecom,True,,2026-08-18T07:43:20.334023+09:00
Outage Rail,telecom,True,,2026-08-18T07:43:20.334023+09:00
Outage Register,energy_utilities,True,,2026-08-18T07:43:20.334023+09:00
Outage Ring,telecom,False,"TITLE_UNCLEAR: Ring is abstract, no SaaS function is suggested (established prior batches)",2026-08-18T07:43:20.334023+09:00
Outage Route,telecom,True,,2026-08-18T07:43:20.334023+09:00
Outage Scale,telecom,True,,2026-08-18T07:43:20.334023+09:00
Outage Scheduler,energy_utilities,True,,2026-08-18T07:43:20.334023+09:00
Outage Sentry,energy_utilities,True,,2026-08-18T07:43:20.334023+09:00
Outage Station,telecom,True,,2026-08-18T07:43:20.334023+09:00
Outage Studio,telecom,True,,2026-08-18T07:43:20.334023+09:00
Outage Suite,energy_utilities,True,,2026-08-18T07:43:20.334023+09:00
Outage Sync,energy_utilities,True,,2026-08-18T07:43:20.334023+09:00
Outage Terminal,telecom,False,"TITLE_UNCLEAR: Terminal only reads clearly for transportation/maritime_shipping/aviation/logistics, industry=telecom",2026-08-18T07:43:20.334023+09:00
Outage Tracker,energy_utilities,True,,2026-08-18T07:43:20.334023+09:00
Outage Trail,telecom,True,,2026-08-18T07:43:20.334023+09:00
Outage Zone,telecom,True,,2026-08-18T07:43:20.334023+09:00
Outreach Base,nonprofit,True,,2026-08-18T07:43:20.334023+09:00
Outreach Board,nonprofit,True,,2026-08-18T07:43:20.334023+09:00
Outreach Center,nonprofit,True,,2026-08-18T07:43:20.334023+09:00
Outreach Console,nonprofit,True,,2026-08-18T07:43:20.334023+09:00
Outreach Core,nonprofit,True,,2026-08-18T07:43:20.334023+09:00
Outreach Deck,nonprofit,True,,2026-08-18T07:43:20.334023+09:00
Outreach Dial,nonprofit,True,,2026-08-18T07:43:20.334023+09:00
Outreach Frame,nonprofit,True,,2026-08-18T07:43:20.334023+09:00
Outreach Lab,nonprofit,True,,2026-08-18T07:43:20.334023+09:00
Outreach Ledger,nonprofit,True,,2026-08-18T07:43:20.334023+09:00
Outreach Lens,nonprofit,True,,2026-08-18T07:43:20.334023+09:00
Outreach Lock,nonprofit,True,,2026-08-18T07:43:20.334023+09:00
Outreach Map,nonprofit,True,,2026-08-18T07:43:20.334023+09:00
Outreach Meter,nonprofit,True,,2026-08-18T07:43:20.334023+09:00
Outreach Panel,nonprofit,True,,2026-08-18T07:43:20.334023+09:00
Outreach Path,nonprofit,True,,2026-08-18T07:43:20.334023+09:00
Outreach Point,nonprofit,True,,2026-08-18T07:43:20.334023+09:00
Outreach Portal,nonprofit,True,,2026-08-18T07:43:20.334023+09:00
Outreach Station,nonprofit,True,,2026-08-18T07:43:20.334023+09:00
Outreach Studio,nonprofit,True,,2026-08-18T07:43:20.334023+09:00
Outreach Terminal,nonprofit,False,"TITLE_UNCLEAR: Terminal only reads clearly for transportation/maritime_shipping/aviation/logistics, industry=nonprofit",2026-08-18T07:43:20.334023+09:00
Outreach Wave,nonprofit,True,,2026-08-18T07:43:20.334023+09:00
Outreach Zone,nonprofit,True,,2026-08-18T07:43:20.334023+09:00
Pallet Beacon,logistics,True,,2026-08-18T07:43:20.334023+09:00
Pallet Bridge,logistics,True,,2026-08-18T07:43:20.334023+09:00
Pallet Cascade,logistics,True,,2026-08-18T07:43:20.334023+09:00
Pallet Cockpit,logistics,True,,2026-08-18T07:43:20.334023+09:00
Pallet Companion,logistics,True,,2026-08-18T07:43:20.334023+09:00
Pallet Compass,logistics,True,,2026-08-18T07:43:20.334023+09:00
Pallet Dashboard,logistics,True,,2026-08-18T07:43:20.334023+09:00
Pallet Desk,logistics,True,,2026-08-18T07:43:20.334023+09:00
Pallet Flow,logistics,True,,2026-08-18T07:43:20.334023+09:00
Pallet Forge,logistics,True,,2026-08-18T07:43:20.334023+09:00
Pallet Guard,logistics,True,,2026-08-18T07:43:20.334023+09:00
Pallet Hub,logistics,True,,2026-08-18T07:43:20.334023+09:00
Pallet Insight,logistics,True,,2026-08-18T07:43:20.334023+09:00
Pallet Metrics,logistics,True,,2026-08-18T07:43:20.334023+09:00
Pallet Monitor,logistics,True,,2026-08-18T07:43:20.334023+09:00
Pallet Navigator,logistics,True,,2026-08-18T07:43:20.334023+09:00
Pallet Ops,logistics,True,,2026-08-18T07:43:20.334023+09:00
Pallet Pilot,logistics,True,,2026-08-18T07:43:20.334023+09:00
Pallet Radar,logistics,True,,2026-08-18T07:43:20.334023+09:00
Pallet Register,logistics,True,,2026-08-18T07:43:20.334023+09:00
Pallet Relay,logistics,True,,2026-08-18T07:43:20.334023+09:00
Pallet Sync,logistics,True,,2026-08-18T07:43:20.334023+09:00
Pallet Tracker,logistics,True,,2026-08-18T07:43:20.334023+09:00
Pallet Vault,logistics,True,,2026-08-18T07:43:20.334023+09:00
Patch Anchor,cybersecurity,True,,2026-08-18T07:43:20.334023+09:00
Patch Beacon,cybersecurity,True,,2026-08-18T07:43:20.334023+09:00
Patch Bridge,cybersecurity,True,,2026-08-18T07:43:20.334023+09:00
Patch Cascade,cybersecurity,True,,2026-08-18T07:43:20.334023+09:00
Patch Companion,cybersecurity,True,,2026-08-18T07:43:20.334023+09:00
Patch Compass,cybersecurity,True,,2026-08-18T07:43:20.334023+09:00
Patch Desk,cybersecurity,True,,2026-08-18T07:43:20.334023+09:00
Patch Flow,cybersecurity,True,,2026-08-18T07:43:20.334023+09:00
Patch Forge,cybersecurity,True,,2026-08-18T07:43:20.334023+09:00
Patch Guard,cybersecurity,True,,2026-08-18T07:43:20.334023+09:00
Patch Hub,cybersecurity,True,,2026-08-18T07:43:20.334023+09:00
Patch Navigator,cybersecurity,True,,2026-08-18T07:43:20.334023+09:00
Patch Ops,cybersecurity,True,,2026-08-18T07:43:20.334023+09:00
Patch Pilot,cybersecurity,True,,2026-08-18T07:43:20.334023+09:00
Patch Radar,cybersecurity,True,,2026-08-18T07:43:20.334023+09:00
Patch Register,cybersecurity,True,,2026-08-18T07:43:20.334023+09:00
Patch Relay,cybersecurity,True,,2026-08-18T07:43:20.334023+09:00
Patch Scope,cybersecurity,True,,2026-08-18T07:43:20.334023+09:00
Patch Signal,cybersecurity,True,,2026-08-18T07:43:20.334023+09:00
Patch Sync,cybersecurity,True,,2026-08-18T07:43:20.334023+09:00
Patch Tracker,cybersecurity,True,,2026-08-18T07:43:20.334023+09:00
Patch Vault,cybersecurity,True,,2026-08-18T07:43:20.334023+09:00
Patch Watch,cybersecurity,True,,2026-08-18T07:43:20.334023+09:00
Patient Anchor,healthcare,True,,2026-08-18T07:43:20.334023+09:00
Patient Base,dental,True,,2026-08-18T07:43:20.334023+09:00
Patient Beacon,healthcare,True,,2026-08-18T07:43:20.334023+09:00
Patient Board,dental,True,,2026-08-18T07:43:20.334023+09:00
Patient Bridge,healthcare,True,,2026-08-18T07:43:20.334023+09:00
Patient Cascade,healthcare,True,,2026-08-18T07:43:20.334023+09:00
Patient Center,dental,True,,2026-08-18T07:43:20.334023+09:00
Patient Chain,dental,True,,2026-08-18T07:43:20.334023+09:00
Patient Compass,healthcare,True,,2026-08-18T07:43:20.334023+09:00
Patient Console,dental,True,,2026-08-18T07:43:20.334023+09:00
Patient Core,dental,True,,2026-08-18T07:43:20.334023+09:00
Patient Deck,dental,True,,2026-08-18T07:43:20.334023+09:00
Patient Desk,healthcare,True,,2026-08-18T07:43:20.334023+09:00
Patient Dial,dental,True,,2026-08-18T07:43:20.334023+09:00
Patient Dock,dental,True,,2026-08-18T07:43:20.334023+09:00
Patient Flow,healthcare,True,,2026-08-18T07:43:20.334023+09:00
Patient Forge,healthcare,True,,2026-08-18T07:43:20.334023+09:00
Patient Frame,dental,True,,2026-08-18T01:28:04.577831+09:00
Patient Grid,healthcare,True,,2026-08-18T07:43:20.334023+09:00
Patient Guard,healthcare,True,,2026-08-18T01:28:04.577831+09:00
Patient Hub,healthcare,True,,2026-08-18T07:43:20.334023+09:00
Patient Lab,dental,True,,2026-08-18T07:43:20.334023+09:00
Patient Ledger,dental,True,,2026-08-18T07:43:20.334023+09:00
Patient Lens,veterinary,True,,2026-08-18T01:28:04.577831+09:00
Patient Loop,healthcare,True,,2026-08-18T07:43:20.334023+09:00
Patient Meter,dental,True,,2026-08-18T07:43:20.334023+09:00
Patient Panel,dental,True,,2026-08-18T07:43:20.334023+09:00
Patient Path,healthcare,True,,2026-08-18T07:43:20.334023+09:00
Patient Pilot,healthcare,True,,2026-08-18T07:43:20.334023+09:00
Patient Portal,dental,True,,2026-08-18T07:43:20.334023+09:00
Patient Pulse,healthcare,True,,2026-08-18T07:43:20.334023+09:00
Patient Radar,healthcare,True,,2026-08-18T07:43:20.334023+09:00
Patient Rail,dental,True,,2026-08-18T07:43:20.334023+09:00
Patient Relay,healthcare,True,,2026-08-18T07:43:20.334023+09:00
Patient Ring,dental,False,"TITLE_UNCLEAR: Ring is abstract, no SaaS function is suggested (established prior batches)",2026-08-18T07:43:20.334023+09:00
Patient Route,dental,True,,2026-08-18T07:43:20.334023+09:00
Patient Scale,dental,True,,2026-08-18T07:43:20.334023+09:00
Patient Scope,healthcare,True,,2026-08-18T07:43:20.334023+09:00
Patient Signal,healthcare,True,,2026-08-18T07:43:20.334023+09:00
Patient Station,dental,True,,2026-08-18T07:43:20.334023+09:00
Patient Studio,dental,True,,2026-08-18T07:43:20.334023+09:00
Patient Sync,healthcare,True,,2026-08-18T07:43:20.334023+09:00
Patient Terminal,dental,False,"TITLE_UNCLEAR: Terminal only reads clearly for transportation/maritime_shipping/aviation/logistics, industry=dental",2026-08-18T07:43:20.334023+09:00
Patient Tracker,healthcare,True,,2026-08-18T07:43:20.334023+09:00
Patient Trail,dental,True,,2026-08-18T07:43:20.334023+09:00
Patient Vault,healthcare,True,,2026-08-18T07:43:20.334023+09:00
Patient Watch,healthcare,True,,2026-08-18T07:43:20.334023+09:00
Patient Wave,healthcare,True,,2026-08-18T07:43:20.334023+09:00
Patient Zone,dental,True,,2026-08-18T07:43:20.334023+09:00
Payment Atlas,funeral_services,True,,2026-08-18T07:43:20.334023+09:00
Payment Beacon,finance,True,,2026-08-18T07:43:20.334023+09:00
Payment Center,funeral_services,True,,2026-08-18T07:43:20.334023+09:00
Payment Chain,funeral_services,True,,2026-08-18T07:43:20.334023+09:00
Payment Cockpit,finance,True,,2026-08-18T07:43:20.334023+09:00
Payment Companion,finance,True,,2026-08-18T07:43:20.334023+09:00
Payment Compass,finance,True,,2026-08-18T07:43:20.334023+09:00
Payment Console,funeral_services,True,,2026-08-18T07:43:20.334023+09:00
Payment Dashboard,finance,True,,2026-08-18T07:43:20.334023+09:00
Payment Desk,finance,True,,2026-08-18T07:43:20.334023+09:00
Payment Dial,funeral_services,True,,2026-08-18T07:43:20.334023+09:00
Payment Dock,funeral_services,True,,2026-08-18T07:43:20.334023+09:00
Payment Flow,finance,True,,2026-08-18T07:43:20.334023+09:00
Payment Forge,finance,True,,2026-08-18T07:43:20.334023+09:00
Payment Gate,funeral_services,True,,2026-08-18T07:43:20.334023+09:00
Payment Guard,finance,True,,2026-08-18T07:43:20.334023+09:00
Payment Hub,finance,True,,2026-08-18T07:43:20.334023+09:00
Payment Insight,finance,True,,2026-08-18T07:43:20.334023+09:00
Payment Lab,funeral_services,True,,2026-08-18T07:43:20.334023+09:00
Payment Meter,funeral_services,True,,2026-08-18T07:43:20.334023+09:00
Payment Metrics,finance,True,,2026-08-18T07:43:20.334023+09:00
Payment Monitor,finance,True,,2026-08-18T07:43:20.334023+09:00
Payment Navigator,finance,True,,2026-08-18T07:43:20.334023+09:00
Payment Nexus,funeral_services,True,,2026-08-18T07:43:20.334023+09:00
Payment Node,funeral_services,True,,2026-08-18T07:43:20.334023+09:00
Payment Ops,finance,True,,2026-08-18T07:43:20.334023+09:00
Payment Organizer,finance,True,,2026-08-18T07:43:20.334023+09:00
Payment Panel,funeral_services,True,,2026-08-18T07:43:20.334023+09:00
Payment Pilot,finance,True,,2026-08-18T07:43:20.334023+09:00
Payment Portal,funeral_services,True,,2026-08-18T07:43:20.334023+09:00
Payment Radar,finance,True,,2026-08-18T07:43:20.334023+09:00
Payment Rail,funeral_services,True,,2026-08-18T07:43:20.334023+09:00
Payment Register,finance,True,,2026-08-18T07:43:20.334023+09:00
Payment Relay,finance,True,,2026-08-18T07:43:20.334023+09:00
Payment Ring,funeral_services,False,"TITLE_UNCLEAR: Ring is abstract, no SaaS function is suggested (established prior batches)",2026-08-18T07:43:20.334023+09:00
Payment Route,funeral_services,True,,2026-08-18T07:43:20.334023+09:00
Payment Scale,funeral_services,True,,2026-08-18T07:43:20.334023+09:00
Payment Scheduler,finance,True,,2026-08-18T07:43:20.334023+09:00
Payment Sentry,funeral_services,True,,2026-08-18T07:43:20.334023+09:00
Payment Station,funeral_services,True,,2026-08-18T07:43:20.334023+09:00
Payment Studio,funeral_services,True,,2026-08-18T07:43:20.334023+09:00
Payment Sync,finance,True,,2026-08-18T07:43:20.334023+09:00
Payment Terminal,funeral_services,False,"TITLE_UNCLEAR: Terminal only reads clearly for transportation/maritime_shipping/aviation/logistics, industry=funeral_services",2026-08-18T07:43:20.334023+09:00
Payment Tracker,finance,True,,2026-08-18T07:43:20.334023+09:00
Payment Trail,funeral_services,True,,2026-08-18T07:43:20.334023+09:00
Payment Vault,finance,True,,2026-08-18T07:43:20.334023+09:00
Payment Zone,funeral_services,True,,2026-08-18T07:43:20.334023+09:00
Payroll Anchor,finance,True,,2026-08-18T07:43:20.334023+09:00
Payroll Base,finance,True,,2026-08-18T07:43:20.334023+09:00
Payroll Beacon,finance,True,,2026-08-18T07:43:20.334023+09:00
Payroll Board,finance,True,,2026-08-18T07:43:20.334023+09:00
Payroll Bridge,finance,True,,2026-08-18T07:43:20.334023+09:00
Payroll Cascade,finance,True,,2026-08-18T07:43:20.334023+09:00
Payroll Compass,hr_payroll,True,,2026-08-18T07:43:20.334023+09:00
Payroll Core,finance,True,,2026-08-18T07:43:20.334023+09:00
Payroll Deck,finance,True,,2026-08-18T07:43:20.334023+09:00
Payroll Desk,hr_payroll,True,,2026-08-18T07:43:20.334023+09:00
Payroll Forge,finance,True,,2026-08-18T07:43:20.334023+09:00
Payroll Frame,finance,True,,2026-08-18T07:43:20.334023+09:00
Payroll Grid,finance,True,,2026-08-18T07:43:20.334023+09:00
Payroll Hub,hr_payroll,True,,2026-08-18T07:43:20.334023+09:00
Payroll Ledger,finance,True,,2026-08-18T07:43:20.334023+09:00
Payroll Lens,finance,True,,2026-08-18T07:43:20.334023+09:00
Payroll Lock,finance,True,,2026-08-18T07:43:20.334023+09:00
Payroll Loop,finance,True,,2026-08-18T07:43:20.334023+09:00
Payroll Map,finance,True,,2026-08-18T07:43:20.334023+09:00
Payroll Path,finance,True,,2026-08-18T07:43:20.334023+09:00
Payroll Pilot,hr_payroll,True,,2026-08-18T07:43:20.334023+09:00
Payroll Point,finance,True,,2026-08-18T07:43:20.334023+09:00
Payroll Pulse,finance,True,,2026-08-18T07:43:20.334023+09:00
Payroll Radar,hr_payroll,True,,2026-08-18T07:43:20.334023+09:00
Payroll Relay,hr_payroll,True,,2026-08-18T07:43:20.334023+09:00
Payroll Scope,finance,True,,2026-08-18T07:43:20.334023+09:00
Payroll Signal,finance,True,,2026-08-18T07:43:20.334023+09:00
Payroll Studio,finance,True,,2026-08-18T07:43:20.334023+09:00
Payroll Vault,hr_payroll,True,,2026-08-18T07:43:20.334023+09:00
Payroll Watch,finance,True,,2026-08-18T07:43:20.334023+09:00
Payroll Wave,finance,True,,2026-08-18T07:43:20.334023+09:00
Perimeter Atlas,cybersecurity,True,,2026-08-18T07:43:20.334023+09:00
Perimeter Center,cybersecurity,True,,2026-08-18T07:43:20.334023+09:00
Perimeter Chain,cybersecurity,True,,2026-08-18T07:43:20.334023+09:00
Perimeter Console,cybersecurity,True,,2026-08-18T07:43:20.334023+09:00
Perimeter Dial,cybersecurity,True,,2026-08-18T07:43:20.334023+09:00
Perimeter Dock,cybersecurity,True,,2026-08-18T07:43:20.334023+09:00
Perimeter Engine,cybersecurity,True,,2026-08-18T07:43:20.334023+09:00
Perimeter Gate,cybersecurity,True,,2026-08-18T07:43:20.334023+09:00
Perimeter Keeper,cybersecurity,True,,2026-08-18T07:43:20.334023+09:00
Perimeter Manager,cybersecurity,True,,2026-08-18T07:43:20.334023+09:00
Perimeter Meter,cybersecurity,True,,2026-08-18T07:43:20.334023+09:00
Perimeter Nexus,cybersecurity,True,,2026-08-18T07:43:20.334023+09:00
Perimeter Node,cybersecurity,True,,2026-08-18T07:43:20.334023+09:00
Perimeter Panel,cybersecurity,True,,2026-08-18T07:43:20.334023+09:00
Perimeter Portal,cybersecurity,True,,2026-08-18T07:43:20.334023+09:00
Perimeter Rail,cybersecurity,True,,2026-08-18T07:43:20.334023+09:00
Perimeter Ring,cybersecurity,False,"TITLE_UNCLEAR: Ring is abstract, no SaaS function is suggested (established prior batches)",2026-08-18T07:43:20.334023+09:00
Perimeter Route,cybersecurity,True,,2026-08-18T07:43:20.334023+09:00
Perimeter Scale,cybersecurity,True,,2026-08-18T07:43:20.334023+09:00
Perimeter Sentry,cybersecurity,True,,2026-08-18T07:43:20.334023+09:00
Perimeter Suite,cybersecurity,True,,2026-08-18T07:43:20.334023+09:00
Perimeter Trail,cybersecurity,True,,2026-08-18T07:43:20.334023+09:00
Perimeter Zone,cybersecurity,True,,2026-08-18T07:43:20.334023+09:00
Permit Anchor,government,True,,2026-08-18T01:28:04.577831+09:00
Permit Atlas,transportation,True,,2026-08-18T07:43:20.334023+09:00
Permit Base,government,True,,2026-08-18T07:43:20.334023+09:00
Permit Beacon,construction,True,,2026-08-18T07:43:20.334023+09:00
Permit Board,energy_utilities,True,,2026-08-18T07:43:20.334023+09:00
Permit Bridge,construction,True,,2026-08-18T07:43:20.334023+09:00
Permit Cascade,construction,True,,2026-08-18T07:43:20.334023+09:00
Permit Center,transportation,True,,2026-08-18T07:43:20.334023+09:00
Permit Chain,transportation,True,,2026-08-18T07:43:20.334023+09:00
Permit Cockpit,funeral_services,True,,2026-08-18T07:43:20.334023+09:00
Permit Companion,funeral_services,True,,2026-08-18T07:43:20.334023+09:00
Permit Compass,construction,True,,2026-08-18T07:43:20.334023+09:00
Permit Console,transportation,True,,2026-08-18T07:43:20.334023+09:00
Permit Core,government,True,,2026-08-18T07:43:20.334023+09:00
Permit Dashboard,funeral_services,True,,2026-08-18T07:43:20.334023+09:00
Permit Deck,energy_utilities,True,,2026-08-18T07:43:20.334023+09:00
Permit Desk,funeral_services,True,,2026-08-18T07:43:20.334023+09:00
Permit Dial,transportation,True,,2026-08-18T07:43:20.334023+09:00
Permit Dock,transportation,True,,2026-08-18T07:43:20.334023+09:00
Permit Flow,funeral_services,True,,2026-08-18T07:43:20.334023+09:00
Permit Forge,construction,True,,2026-08-18T07:43:20.334023+09:00
Permit Frame,government,True,,2026-08-18T07:43:20.334023+09:00
Permit Gate,transportation,True,,2026-08-18T07:43:20.334023+09:00
Permit Grid,government,True,,2026-08-18T07:43:20.334023+09:00
Permit Guard,funeral_services,True,,2026-08-18T07:43:20.334023+09:00
Permit Hub,funeral_services,True,,2026-08-18T07:43:20.334023+09:00
Permit Insight,funeral_services,True,,2026-08-18T07:43:20.334023+09:00
Permit Keeper,transportation,True,,2026-08-18T07:43:20.334023+09:00
Permit Lab,energy_utilities,True,,2026-08-18T07:43:20.334023+09:00
Permit Ledger,energy_utilities,True,,2026-08-18T07:43:20.334023+09:00
Permit Lens,government,True,,2026-08-18T07:43:20.334023+09:00
Permit Lock,government,True,,2026-08-18T07:43:20.334023+09:00
Permit Loop,government,True,,2026-08-18T07:43:20.334023+09:00
Permit Manager,transportation,True,,2026-08-18T07:43:20.334023+09:00
Permit Map,government,True,,2026-08-18T07:43:20.334023+09:00
Permit Meter,transportation,True,,2026-08-18T07:43:20.334023+09:00
Permit Metrics,funeral_services,True,,2026-08-18T07:43:20.334023+09:00
Permit Navigator,funeral_services,True,,2026-08-18T07:43:20.334023+09:00
Permit Nexus,transportation,True,,2026-08-18T07:43:20.334023+09:00
Permit Node,transportation,True,,2026-08-18T07:43:20.334023+09:00
Permit Ops,funeral_services,True,,2026-08-18T07:43:20.334023+09:00
Permit Panel,transportation,True,,2026-08-18T07:43:20.334023+09:00
Permit Path,government,True,,2026-08-18T07:43:20.334023+09:00
Permit Pilot,funeral_services,True,,2026-08-18T07:43:20.334023+09:00
Permit Point,government,True,,2026-08-18T07:43:20.334023+09:00
Permit Portal,transportation,True,,2026-08-18T07:43:20.334023+09:00
Permit Pulse,government,True,,2026-08-18T07:43:20.334023+09:00
Permit Radar,construction,True,,2026-08-18T01:28:04.577831+09:00
Permit Rail,transportation,True,,2026-08-18T07:43:20.334023+09:00
Permit Register,funeral_services,True,,2026-08-18T07:43:20.334023+09:00
Permit Relay,construction,True,,2026-08-18T07:43:20.334023+09:00
Permit Ring,transportation,False,"TITLE_UNCLEAR: Ring is abstract, no SaaS function is suggested (established prior batches)",2026-08-18T07:43:20.334023+09:00
Permit Route,transportation,True,,2026-08-18T07:43:20.334023+09:00
Permit Scale,transportation,True,,2026-08-18T07:43:20.334023+09:00
Permit Scope,government,True,,2026-08-18T07:43:20.334023+09:00
Permit Sentry,transportation,True,,2026-08-18T07:43:20.334023+09:00
Permit Signal,government,True,,2026-08-18T07:43:20.334023+09:00
Permit Station,transportation,True,,2026-08-18T07:43:20.334023+09:00
Permit Studio,energy_utilities,True,,2026-08-18T07:43:20.334023+09:00
Permit Sync,funeral_services,True,,2026-08-18T07:43:20.334023+09:00
Permit Terminal,transportation,True,,2026-08-18T07:43:20.334023+09:00
Permit Tracker,funeral_services,True,,2026-08-18T07:43:20.334023+09:00
Permit Trail,transportation,True,,2026-08-18T07:43:20.334023+09:00
Permit Vault,construction,True,,2026-08-18T07:43:20.334023+09:00
Permit Watch,government,True,,2026-08-18T07:43:20.334023+09:00
Permit Wave,government,True,,2026-08-18T07:43:20.334023+09:00
Permit Zone,transportation,True,,2026-08-18T07:43:20.334023+09:00
Pesticide Assistant,agriculture,True,,2026-08-18T07:43:20.334023+09:00
Pesticide Atlas,agriculture,True,,2026-08-18T07:43:20.334023+09:00
Pesticide Chain,agriculture,True,,2026-08-18T07:43:20.334023+09:00
Pesticide Dial,agriculture,True,,2026-08-18T07:43:20.334023+09:00
Pesticide Dock,agriculture,True,,2026-08-18T07:43:20.334023+09:00
Pesticide Engine,agriculture,True,,2026-08-18T07:43:20.334023+09:00
Pesticide Gate,agriculture,True,,2026-08-18T07:43:20.334023+09:00
Pesticide Keeper,agriculture,True,,2026-08-18T07:43:20.334023+09:00
Pesticide Manager,agriculture,True,,2026-08-18T07:43:20.334023+09:00
Pesticide Meter,agriculture,True,,2026-08-18T07:43:20.334023+09:00
Pesticide Monitor,agriculture,True,,2026-08-18T07:43:20.334023+09:00
Pesticide Nexus,agriculture,True,,2026-08-18T07:43:20.334023+09:00
Pesticide Node,agriculture,True,,2026-08-18T07:43:20.334023+09:00
Pesticide Organizer,agriculture,True,,2026-08-18T07:43:20.334023+09:00
Pesticide Panel,agriculture,True,,2026-08-18T07:43:20.334023+09:00
Pesticide Planner,agriculture,True,,2026-08-18T07:43:20.334023+09:00
Pesticide Rail,agriculture,True,,2026-08-18T07:43:20.334023+09:00
Pesticide Ring,agriculture,False,"TITLE_UNCLEAR: Ring is abstract, no SaaS function is suggested (established prior batches)",2026-08-18T07:43:20.334023+09:00
Pesticide Route,agriculture,True,,2026-08-18T07:43:20.334023+09:00
Pesticide Scale,agriculture,True,,2026-08-18T07:43:20.334023+09:00
Pesticide Scheduler,agriculture,True,,2026-08-18T07:43:20.334023+09:00
Pesticide Sentry,agriculture,True,,2026-08-18T07:43:20.334023+09:00
Pesticide Suite,agriculture,True,,2026-08-18T07:43:20.334023+09:00
Pesticide Trail,agriculture,True,,2026-08-18T07:43:20.334023+09:00
Pickup Assistant,childcare,True,,2026-08-18T07:43:20.334023+09:00
Pickup Cockpit,childcare,True,,2026-08-18T07:43:20.334023+09:00
Pickup Companion,childcare,True,,2026-08-18T07:43:20.334023+09:00
Pickup Dashboard,childcare,True,,2026-08-18T07:43:20.334023+09:00
Pickup Desk,childcare,True,,2026-08-18T07:43:20.334023+09:00
Pickup Engine,childcare,True,,2026-08-18T07:43:20.334023+09:00
Pickup Flow,childcare,True,,2026-08-18T07:43:20.334023+09:00
Pickup Guard,childcare,True,,2026-08-18T07:43:20.334023+09:00
Pickup Hub,childcare,True,,2026-08-18T07:43:20.334023+09:00
Pickup Insight,childcare,True,,2026-08-18T07:43:20.334023+09:00
Pickup Metrics,childcare,True,,2026-08-18T07:43:20.334023+09:00
Pickup Monitor,childcare,True,,2026-08-18T07:43:20.334023+09:00
Pickup Navigator,childcare,True,,2026-08-18T07:43:20.334023+09:00
Pickup Ops,childcare,True,,2026-08-18T07:43:20.334023+09:00
Pickup Organizer,childcare,True,,2026-08-18T07:43:20.334023+09:00
Pickup Pilot,childcare,True,,2026-08-18T07:43:20.334023+09:00
Pickup Planner,childcare,True,,2026-08-18T07:43:20.334023+09:00
Pickup Radar,childcare,True,,2026-08-18T07:43:20.334023+09:00
Pickup Register,childcare,True,,2026-08-18T07:43:20.334023+09:00
Pickup Relay,childcare,True,,2026-08-18T07:43:20.334023+09:00
Pickup Scheduler,childcare,True,,2026-08-18T07:43:20.334023+09:00
Pickup Sync,childcare,True,,2026-08-18T07:43:20.334023+09:00
Pickup Tracker,childcare,True,,2026-08-18T07:43:20.334023+09:00
Pickup Vault,childcare,True,,2026-08-18T07:43:20.334023+09:00
Pipeline Anchor,it_devops,True,,2026-08-18T07:43:20.334023+09:00
Pipeline Base,it_devops,True,,2026-08-18T07:43:20.334023+09:00
Pipeline Beacon,it_devops,True,,2026-08-18T07:43:20.334023+09:00
Pipeline Board,it_devops,True,,2026-08-18T07:43:20.334023+09:00
Pipeline Bridge,it_devops,True,,2026-08-18T07:43:20.334023+09:00
Pipeline Cascade,it_devops,True,,2026-08-18T07:43:20.334023+09:00
Pipeline Cockpit,recruiting,True,,2026-08-18T07:43:20.334023+09:00
Pipeline Companion,recruiting,True,,2026-08-18T07:43:20.334023+09:00
Pipeline Compass,it_devops,True,,2026-08-18T07:43:20.334023+09:00
Pipeline Core,it_devops,True,,2026-08-18T07:43:20.334023+09:00
Pipeline Dashboard,recruiting,True,,2026-08-18T07:43:20.334023+09:00
Pipeline Desk,recruiting,True,,2026-08-18T07:43:20.334023+09:00
Pipeline Flow,recruiting,True,,2026-08-18T07:43:20.334023+09:00
Pipeline Forge,it_devops,True,,2026-08-18T07:43:20.334023+09:00
Pipeline Frame,it_devops,True,,2026-08-18T07:43:20.334023+09:00
Pipeline Grid,it_devops,True,,2026-08-18T07:43:20.334023+09:00
Pipeline Guard,recruiting,True,,2026-08-18T07:43:20.334023+09:00
Pipeline Hub,recruiting,True,,2026-08-18T07:43:20.334023+09:00
Pipeline Insight,recruiting,True,,2026-08-18T07:43:20.334023+09:00
Pipeline Ledger,it_devops,True,,2026-08-18T07:43:20.334023+09:00
Pipeline Lens,it_devops,True,,2026-08-18T07:43:20.334023+09:00
Pipeline Lock,it_devops,True,,2026-08-18T07:43:20.334023+09:00
Pipeline Loop,it_devops,True,,2026-08-18T07:43:20.334023+09:00
Pipeline Map,it_devops,True,,2026-08-18T07:43:20.334023+09:00
Pipeline Metrics,recruiting,True,,2026-08-18T07:43:20.334023+09:00
Pipeline Monitor,recruiting,True,,2026-08-18T07:43:20.334023+09:00
Pipeline Navigator,recruiting,True,,2026-08-18T07:43:20.334023+09:00
Pipeline Ops,recruiting,True,,2026-08-18T07:43:20.334023+09:00
Pipeline Path,it_devops,True,,2026-08-18T07:43:20.334023+09:00
Pipeline Pilot,recruiting,True,,2026-08-18T07:43:20.334023+09:00
Pipeline Point,it_devops,True,,2026-08-18T07:43:20.334023+09:00
Pipeline Pulse,it_devops,True,,2026-08-18T07:43:20.334023+09:00
Pipeline Radar,recruiting,True,,2026-08-18T07:43:20.334023+09:00
Pipeline Register,recruiting,True,,2026-08-18T07:43:20.334023+09:00
Pipeline Relay,recruiting,True,,2026-08-18T07:43:20.334023+09:00
Pipeline Scope,it_devops,True,,2026-08-18T07:43:20.334023+09:00
Pipeline Signal,it_devops,True,,2026-08-18T07:43:20.334023+09:00
Pipeline Sync,recruiting,True,,2026-08-18T07:43:20.334023+09:00
Pipeline Tracker,recruiting,True,,2026-08-18T07:43:20.334023+09:00
Pipeline Vault,it_devops,True,,2026-08-18T07:43:20.334023+09:00
Pipeline Watch,it_devops,True,,2026-08-18T07:43:20.334023+09:00
Pipeline Wave,it_devops,True,,2026-08-18T07:43:20.334023+09:00
Placement Anchor,recruiting,True,,2026-08-18T07:43:20.334023+09:00
Placement Atlas,marketing,True,,2026-08-18T07:43:20.334023+09:00
Placement Beacon,recruiting,True,,2026-08-18T07:43:20.334023+09:00
Placement Bridge,recruiting,True,,2026-08-18T07:43:20.334023+09:00
Placement Cascade,recruiting,True,,2026-08-18T07:43:20.334023+09:00
Placement Center,marketing,True,,2026-08-18T07:43:20.334023+09:00
Placement Chain,marketing,True,,2026-08-18T07:43:20.334023+09:00
Placement Compass,recruiting,True,,2026-08-18T07:43:20.334023+09:00
Placement Console,marketing,True,,2026-08-18T07:43:20.334023+09:00
Placement Desk,recruiting,True,,2026-08-18T07:43:20.334023+09:00
Placement Dial,marketing,True,,2026-08-18T07:43:20.334023+09:00
Placement Dock,marketing,True,,2026-08-18T07:43:20.334023+09:00
Placement Flow,recruiting,True,,2026-08-18T07:43:20.334023+09:00
Placement Forge,recruiting,True,,2026-08-18T07:43:20.334023+09:00
Placement Gate,marketing,True,,2026-08-18T07:43:20.334023+09:00
Placement Grid,recruiting,True,,2026-08-18T07:43:20.334023+09:00
Placement Guard,recruiting,True,,2026-08-18T07:43:20.334023+09:00
Placement Hub,recruiting,True,,2026-08-18T07:43:20.334023+09:00
Placement Lab,marketing,True,,2026-08-18T07:43:20.334023+09:00
Placement Loop,recruiting,True,,2026-08-18T07:43:20.334023+09:00
Placement Meter,marketing,True,,2026-08-18T07:43:20.334023+09:00
Placement Nexus,marketing,True,,2026-08-18T07:43:20.334023+09:00
Placement Node,marketing,True,,2026-08-18T07:43:20.334023+09:00
Placement Ops,recruiting,True,,2026-08-18T07:43:20.334023+09:00
Placement Panel,marketing,True,,2026-08-18T07:43:20.334023+09:00
Placement Pilot,recruiting,True,,2026-08-18T07:43:20.334023+09:00
Placement Portal,marketing,True,,2026-08-18T07:43:20.334023+09:00
Placement Pulse,recruiting,True,,2026-08-18T07:43:20.334023+09:00
Placement Radar,recruiting,True,,2026-08-18T07:43:20.334023+09:00
Placement Rail,marketing,True,,2026-08-18T07:43:20.334023+09:00
Placement Relay,recruiting,True,,2026-08-18T07:43:20.334023+09:00
Placement Ring,marketing,False,"TITLE_UNCLEAR: Ring is abstract, no SaaS function is suggested (established prior batches)",2026-08-18T07:43:20.334023+09:00
Placement Route,marketing,True,,2026-08-18T07:43:20.334023+09:00
Placement Scale,marketing,True,,2026-08-18T07:43:20.334023+09:00
Placement Scope,recruiting,True,,2026-08-18T07:43:20.334023+09:00
Placement Sentry,marketing,True,,2026-08-18T07:43:20.334023+09:00
Placement Signal,recruiting,True,,2026-08-18T07:43:20.334023+09:00
Placement Station,marketing,True,,2026-08-18T07:43:20.334023+09:00
Placement Studio,marketing,True,,2026-08-18T07:43:20.334023+09:00
Placement Sync,recruiting,True,,2026-08-18T07:43:20.334023+09:00
Placement Terminal,marketing,False,"TITLE_UNCLEAR: Terminal only reads clearly for transportation/maritime_shipping/aviation/logistics, industry=marketing",2026-08-18T07:43:20.334023+09:00
Placement Tracker,recruiting,True,,2026-08-18T07:43:20.334023+09:00
Placement Trail,marketing,True,,2026-08-18T07:43:20.334023+09:00
Placement Vault,recruiting,True,,2026-08-18T07:43:20.334023+09:00
Placement Watch,recruiting,True,,2026-08-18T07:43:20.334023+09:00
Placement Zone,marketing,True,,2026-08-18T07:43:20.334023+09:00
Pledge Anchor,nonprofit,True,,2026-08-18T07:43:20.334023+09:00
Pledge Beacon,nonprofit,True,,2026-08-18T07:43:20.334023+09:00
Pledge Bridge,nonprofit,True,,2026-08-18T07:43:20.334023+09:00
Pledge Cascade,nonprofit,True,,2026-08-18T07:43:20.334023+09:00
Pledge Compass,nonprofit,True,,2026-08-18T07:43:20.334023+09:00
Pledge Desk,nonprofit,True,,2026-08-18T07:43:20.334023+09:00
Pledge Flow,nonprofit,True,,2026-08-18T07:43:20.334023+09:00
Pledge Forge,nonprofit,True,,2026-08-18T07:43:20.334023+09:00
Pledge Grid,nonprofit,True,,2026-08-18T07:43:20.334023+09:00
Pledge Hub,nonprofit,True,,2026-08-18T07:43:20.334023+09:00
Pledge Lock,nonprofit,True,,2026-08-18T07:43:20.334023+09:00
Pledge Loop,nonprofit,True,,2026-08-18T07:43:20.334023+09:00
Pledge Path,nonprofit,True,,2026-08-18T07:43:20.334023+09:00
Pledge Pilot,nonprofit,True,,2026-08-18T07:43:20.334023+09:00
Pledge Point,nonprofit,True,,2026-08-18T07:43:20.334023+09:00
Pledge Pulse,nonprofit,True,,2026-08-18T07:43:20.334023+09:00
Pledge Radar,nonprofit,True,,2026-08-18T07:43:20.334023+09:00
Pledge Relay,nonprofit,True,,2026-08-18T07:43:20.334023+09:00
Pledge Scope,nonprofit,True,,2026-08-18T07:43:20.334023+09:00
Pledge Signal,nonprofit,True,,2026-08-18T07:43:20.334023+09:00
Pledge Sync,nonprofit,True,,2026-08-18T07:43:20.334023+09:00
Pledge Vault,nonprofit,True,,2026-08-18T07:43:20.334023+09:00
Pledge Watch,nonprofit,True,,2026-08-18T07:43:20.334023+09:00
Pledge Wave,nonprofit,True,,2026-08-18T07:43:20.334023+09:00
Policy Anchor,insurance,True,,2026-08-18T07:43:20.334023+09:00
Policy Beacon,insurance,True,,2026-08-18T07:43:20.334023+09:00
Policy Bridge,insurance,True,,2026-08-18T07:43:20.334023+09:00
Policy Cascade,insurance,True,,2026-08-18T07:43:20.334023+09:00
Policy Compass,insurance,True,,2026-08-18T07:43:20.334023+09:00
Policy Desk,insurance,True,,2026-08-18T07:43:20.334023+09:00
Policy Forge,insurance,True,,2026-08-18T07:43:20.334023+09:00
Policy Frame,insurance,True,,2026-08-18T07:43:20.334023+09:00
Policy Grid,insurance,True,,2026-08-18T07:43:20.334023+09:00
Policy Lens,insurance,True,,2026-08-18T07:43:20.334023+09:00
Policy Lock,insurance,True,,2026-08-18T07:43:20.334023+09:00
Policy Loop,insurance,True,,2026-08-18T07:43:20.334023+09:00
Policy Map,insurance,True,,2026-08-18T07:43:20.334023+09:00
Policy Path,insurance,True,,2026-08-18T07:43:20.334023+09:00
Policy Pilot,insurance,True,,2026-08-18T01:28:04.577831+09:00
Policy Point,insurance,True,,2026-08-18T07:43:20.334023+09:00
Policy Pulse,insurance,True,,2026-08-18T07:43:20.334023+09:00
Policy Radar,insurance,True,,2026-08-18T07:43:20.334023+09:00
Policy Relay,insurance,True,,2026-08-18T07:43:20.334023+09:00
Policy Scope,insurance,True,,2026-08-18T07:43:20.334023+09:00
Policy Signal,insurance,True,,2026-08-18T07:43:20.334023+09:00
Policy Vault,insurance,True,,2026-08-18T07:43:20.334023+09:00
Policy Watch,insurance,True,,2026-08-18T07:43:20.334023+09:00
Policy Wave,insurance,True,,2026-08-18T07:43:20.334023+09:00
Port Assistant,maritime_shipping,True,,2026-08-18T07:43:20.334023+09:00
Port Cockpit,maritime_shipping,True,,2026-08-18T07:43:20.334023+09:00
Port Companion,maritime_shipping,True,,2026-08-18T07:43:20.334023+09:00
Port Dashboard,maritime_shipping,True,,2026-08-18T07:43:20.334023+09:00
Port Engine,maritime_shipping,True,,2026-08-18T07:43:20.334023+09:00
Port Flow,maritime_shipping,True,,2026-08-18T07:43:20.334023+09:00
Port Guard,maritime_shipping,True,,2026-08-18T07:43:20.334023+09:00
Port Hub,maritime_shipping,True,,2026-08-18T07:43:20.334023+09:00
Port Insight,maritime_shipping,True,,2026-08-18T07:43:20.334023+09:00
Port Keeper,maritime_shipping,True,,2026-08-18T07:43:20.334023+09:00
Port Manager,maritime_shipping,True,,2026-08-18T07:43:20.334023+09:00
Port Metrics,maritime_shipping,True,,2026-08-18T07:43:20.334023+09:00
Port Monitor,maritime_shipping,True,,2026-08-18T07:43:20.334023+09:00
Port Navigator,maritime_shipping,True,,2026-08-18T07:43:20.334023+09:00
Port Ops,maritime_shipping,True,,2026-08-18T07:43:20.334023+09:00
Port Organizer,maritime_shipping,True,,2026-08-18T07:43:20.334023+09:00
Port Pilot,maritime_shipping,True,,2026-08-18T07:43:20.334023+09:00
Port Planner,maritime_shipping,True,,2026-08-18T07:43:20.334023+09:00
Port Register,maritime_shipping,True,,2026-08-18T07:43:20.334023+09:00
Port Scheduler,maritime_shipping,True,,2026-08-18T07:43:20.334023+09:00
Port Suite,maritime_shipping,True,,2026-08-18T07:43:20.334023+09:00
Port Sync,maritime_shipping,True,,2026-08-18T07:43:20.334023+09:00
Port Tracker,maritime_shipping,True,,2026-08-18T07:43:20.334023+09:00
Premium Assistant,insurance,True,,2026-08-18T07:43:20.334023+09:00
Premium Atlas,insurance,True,,2026-08-18T07:43:20.334023+09:00
Premium Chain,insurance,True,,2026-08-18T07:43:20.334023+09:00
Premium Cockpit,insurance,True,,2026-08-18T07:43:20.334023+09:00
Premium Dashboard,insurance,True,,2026-08-18T07:43:20.334023+09:00
Premium Dock,insurance,True,,2026-08-18T01:30:57.525706+09:00
Premium Engine,insurance,True,,2026-08-18T07:43:20.334023+09:00
Premium Gate,insurance,True,,2026-08-18T07:43:20.334023+09:00
Premium Insight,insurance,True,,2026-08-18T07:43:20.334023+09:00
Premium Keeper,insurance,True,,2026-08-18T07:43:20.334023+09:00
Premium Manager,insurance,True,,2026-08-18T07:43:20.334023+09:00
Premium Metrics,insurance,True,,2026-08-18T07:43:20.334023+09:00
Premium Monitor,insurance,True,,2026-08-18T07:43:20.334023+09:00
Premium Navigator,insurance,True,,2026-08-18T07:43:20.334023+09:00
Premium Nexus,insurance,True,,2026-08-18T07:43:20.334023+09:00
Premium Node,insurance,True,,2026-08-18T07:43:20.334023+09:00
Premium Organizer,insurance,True,,2026-08-18T07:43:20.334023+09:00
Premium Planner,insurance,True,,2026-08-18T07:43:20.334023+09:00
Premium Rail,insurance,True,,2026-08-18T07:43:20.334023+09:00
Premium Ring,insurance,False,"TITLE_UNCLEAR: Ring is abstract, no SaaS function is suggested (established prior batches)",2026-08-18T07:43:20.334023+09:00
Premium Scheduler,insurance,True,,2026-08-18T07:43:20.334023+09:00
Premium Sentry,insurance,True,,2026-08-18T07:43:20.334023+09:00
Premium Suite,insurance,True,,2026-08-18T07:43:20.334023+09:00
Premium Trail,insurance,True,,2026-08-18T07:43:20.334023+09:00
Preplanning Anchor,funeral_services,True,,2026-08-18T07:43:20.334023+09:00
Preplanning Base,funeral_services,True,,2026-08-18T07:43:20.334023+09:00
Preplanning Board,funeral_services,True,,2026-08-18T07:43:20.334023+09:00
Preplanning Bridge,funeral_services,True,,2026-08-18T07:43:20.334023+09:00
Preplanning Cascade,funeral_services,True,,2026-08-18T07:43:20.334023+09:00
Preplanning Core,funeral_services,True,,2026-08-18T07:43:20.334023+09:00
Preplanning Deck,funeral_services,True,,2026-08-18T07:43:20.334023+09:00
Preplanning Forge,funeral_services,True,,2026-08-18T07:43:20.334023+09:00
Preplanning Frame,funeral_services,True,,2026-08-18T07:43:20.334023+09:00
Preplanning Grid,funeral_services,True,,2026-08-18T07:43:20.334023+09:00
Preplanning Ledger,funeral_services,True,,2026-08-18T07:43:20.334023+09:00
Preplanning Lens,funeral_services,True,,2026-08-18T07:43:20.334023+09:00
Preplanning Lock,funeral_services,True,,2026-08-18T07:43:20.334023+09:00
Preplanning Loop,funeral_services,True,,2026-08-18T07:43:20.334023+09:00
Preplanning Map,funeral_services,True,,2026-08-18T07:43:20.334023+09:00
Preplanning Path,funeral_services,True,,2026-08-18T07:43:20.334023+09:00
Preplanning Point,funeral_services,True,,2026-08-18T07:43:20.334023+09:00
Preplanning Pulse,funeral_services,True,,2026-08-18T07:43:20.334023+09:00
Preplanning Scope,funeral_services,True,,2026-08-18T07:43:20.334023+09:00
Preplanning Signal,funeral_services,True,,2026-08-18T07:43:20.334023+09:00
Preplanning Studio,funeral_services,True,,2026-08-18T07:43:20.334023+09:00
Preplanning Watch,funeral_services,True,,2026-08-18T07:43:20.334023+09:00
Preplanning Wave,funeral_services,True,,2026-08-18T07:43:20.334023+09:00
Prescription Assistant,veterinary,True,,2026-08-18T07:43:20.334023+09:00
Prescription Atlas,veterinary,True,,2026-08-18T07:43:20.334023+09:00
Prescription Board,healthcare,True,,2026-08-18T07:43:20.334023+09:00
Prescription Center,pharmacy,True,,2026-08-18T01:30:57.525706+09:00
Prescription Chain,veterinary,True,,2026-08-18T07:43:20.334023+09:00
Prescription Cockpit,veterinary,True,,2026-08-18T07:43:20.334023+09:00
Prescription Console,pharmacy,True,,2026-08-18T07:43:20.334023+09:00
Prescription Core,healthcare,True,,2026-08-18T07:43:20.334023+09:00
Prescription Dashboard,veterinary,True,,2026-08-18T07:43:20.334023+09:00
Prescription Deck,healthcare,True,,2026-08-18T07:43:20.334023+09:00
Prescription Dial,pharmacy,True,,2026-08-18T07:43:20.334023+09:00
Prescription Dock,veterinary,True,,2026-08-18T07:43:20.334023+09:00
Prescription Engine,veterinary,True,,2026-08-18T07:43:20.334023+09:00
Prescription Gate,veterinary,True,,2026-08-18T07:43:20.334023+09:00
Prescription Insight,veterinary,True,,2026-08-18T07:43:20.334023+09:00
Prescription Keeper,veterinary,True,,2026-08-18T07:43:20.334023+09:00
Prescription Lab,healthcare,True,,2026-08-18T07:43:20.334023+09:00
Prescription Ledger,healthcare,True,,2026-08-18T07:43:20.334023+09:00
Prescription Manager,veterinary,True,,2026-08-18T07:43:20.334023+09:00
Prescription Meter,pharmacy,True,,2026-08-18T07:43:20.334023+09:00
Prescription Metrics,veterinary,True,,2026-08-18T07:43:20.334023+09:00
Prescription Monitor,veterinary,True,,2026-08-18T07:43:20.334023+09:00
Prescription Navigator,veterinary,True,,2026-08-18T07:43:20.334023+09:00
Prescription Nexus,veterinary,True,,2026-08-18T07:43:20.334023+09:00
Prescription Node,veterinary,True,,2026-08-18T07:43:20.334023+09:00
Prescription Organizer,veterinary,True,,2026-08-18T07:43:20.334023+09:00
Prescription Panel,pharmacy,True,,2026-08-18T07:43:20.334023+09:00
Prescription Planner,veterinary,True,,2026-08-18T07:43:20.334023+09:00
Prescription Portal,pharmacy,True,,2026-08-18T07:43:20.334023+09:00
Prescription Rail,veterinary,True,,2026-08-18T07:43:20.334023+09:00
Prescription Ring,veterinary,False,"TITLE_UNCLEAR: Ring is abstract, no SaaS function is suggested (established prior batches)",2026-08-18T07:43:20.334023+09:00
Prescription Route,pharmacy,True,,2026-08-18T07:43:20.334023+09:00
Prescription Scale,pharmacy,True,,2026-08-18T07:43:20.334023+09:00
Prescription Scheduler,veterinary,True,,2026-08-18T07:43:20.334023+09:00
Prescription Sentry,veterinary,True,,2026-08-18T07:43:20.334023+09:00
Prescription Station,healthcare,True,,2026-08-18T07:43:20.334023+09:00
Prescription Studio,healthcare,True,,2026-08-18T07:43:20.334023+09:00
Prescription Suite,veterinary,True,,2026-08-18T07:43:20.334023+09:00
Prescription Terminal,healthcare,False,"TITLE_UNCLEAR: Terminal only reads clearly for transportation/maritime_shipping/aviation/logistics, industry=healthcare",2026-08-18T07:43:20.334023+09:00
Prescription Trail,veterinary,True,,2026-08-18T07:43:20.334023+09:00
Prescription Zone,pharmacy,True,,2026-08-18T07:43:20.334023+09:00
Pricing Base,laundry_dry_cleaning,True,,2026-08-18T07:43:20.334023+09:00
Pricing Board,laundry_dry_cleaning,True,,2026-08-18T07:43:20.334023+09:00
Pricing Center,laundry_dry_cleaning,True,,2026-08-18T07:43:20.334023+09:00
Pricing Console,laundry_dry_cleaning,True,,2026-08-18T07:43:20.334023+09:00
Pricing Core,laundry_dry_cleaning,True,,2026-08-18T07:43:20.334023+09:00
Pricing Deck,laundry_dry_cleaning,True,,2026-08-18T07:43:20.334023+09:00
Pricing Dial,laundry_dry_cleaning,True,,2026-08-18T07:43:20.334023+09:00
Pricing Frame,laundry_dry_cleaning,True,,2026-08-18T07:43:20.334023+09:00
Pricing Lab,laundry_dry_cleaning,True,,2026-08-18T07:43:20.334023+09:00
Pricing Ledger,laundry_dry_cleaning,True,,2026-08-18T07:43:20.334023+09:00
Pricing Lens,laundry_dry_cleaning,True,,2026-08-18T07:43:20.334023+09:00
Pricing Lock,laundry_dry_cleaning,True,,2026-08-18T07:43:20.334023+09:00
Pricing Map,laundry_dry_cleaning,True,,2026-08-18T07:43:20.334023+09:00
Pricing Meter,laundry_dry_cleaning,True,,2026-08-18T07:43:20.334023+09:00
Pricing Panel,laundry_dry_cleaning,True,,2026-08-18T07:43:20.334023+09:00
Pricing Path,laundry_dry_cleaning,True,,2026-08-18T07:43:20.334023+09:00
Pricing Point,laundry_dry_cleaning,True,,2026-08-18T07:43:20.334023+09:00
Pricing Portal,laundry_dry_cleaning,True,,2026-08-18T07:43:20.334023+09:00
Pricing Route,laundry_dry_cleaning,True,,2026-08-18T07:43:20.334023+09:00
Pricing Scale,laundry_dry_cleaning,True,,2026-08-18T07:43:20.334023+09:00
Pricing Station,laundry_dry_cleaning,True,,2026-08-18T07:43:20.334023+09:00
Pricing Studio,laundry_dry_cleaning,True,,2026-08-18T07:43:20.334023+09:00
Pricing Terminal,laundry_dry_cleaning,False,"TITLE_UNCLEAR: Terminal only reads clearly for transportation/maritime_shipping/aviation/logistics, industry=laundry_dry_cleaning",2026-08-18T07:43:20.334023+09:00
Pricing Zone,laundry_dry_cleaning,True,,2026-08-18T07:43:20.334023+09:00
Prior Anchor,healthcare,True,,2026-08-18T07:43:20.334023+09:00
Prior Base,healthcare,True,,2026-08-18T07:43:20.334023+09:00
Prior Beacon,healthcare,True,,2026-08-18T07:43:20.334023+09:00
Prior Board,healthcare,True,,2026-08-18T07:43:20.334023+09:00
Prior Bridge,healthcare,True,,2026-08-18T07:43:20.334023+09:00
Prior Cascade,healthcare,True,,2026-08-18T07:43:20.334023+09:00
Prior Compass,healthcare,True,,2026-08-18T07:43:20.334023+09:00
Prior Core,healthcare,True,,2026-08-18T07:43:20.334023+09:00
Prior Deck,healthcare,True,,2026-08-18T07:43:20.334023+09:00
Prior Forge,healthcare,True,,2026-08-18T07:43:20.334023+09:00
Prior Frame,healthcare,True,,2026-08-18T07:43:20.334023+09:00
Prior Grid,healthcare,True,,2026-08-18T07:43:20.334023+09:00
Prior Ledger,healthcare,True,,2026-08-18T07:43:20.334023+09:00
Prior Lens,healthcare,True,,2026-08-18T07:43:20.334023+09:00
Prior Lock,healthcare,True,,2026-08-18T07:43:20.334023+09:00
Prior Loop,healthcare,True,,2026-08-18T07:43:20.334023+09:00
Prior Map,healthcare,True,,2026-08-18T07:43:20.334023+09:00
Prior Path,healthcare,True,,2026-08-18T07:43:20.334023+09:00
Prior Point,healthcare,True,,2026-08-18T07:43:20.334023+09:00
Prior Pulse,healthcare,True,,2026-08-18T07:43:20.334023+09:00
Prior Scope,healthcare,True,,2026-08-18T07:43:20.334023+09:00
Prior Signal,healthcare,True,,2026-08-18T07:43:20.334023+09:00
Prior Watch,healthcare,True,,2026-08-18T07:43:20.334023+09:00
Prior Wave,healthcare,True,,2026-08-18T07:43:20.334023+09:00
Production Anchor,manufacturing,True,,2026-08-18T07:43:20.334023+09:00
Production Base,manufacturing,True,,2026-08-18T07:43:20.334023+09:00
Production Beacon,manufacturing,True,,2026-08-18T01:28:04.577831+09:00
Production Board,manufacturing,True,,2026-08-18T07:43:20.334023+09:00
Production Bridge,manufacturing,True,,2026-08-18T07:43:20.334023+09:00
Production Cascade,manufacturing,True,,2026-08-18T07:43:20.334023+09:00
Production Core,manufacturing,True,,2026-08-18T07:43:20.334023+09:00
Production Deck,manufacturing,True,,2026-08-18T07:43:20.334023+09:00
Production Forge,manufacturing,True,,2026-08-18T07:43:20.334023+09:00
Production Frame,manufacturing,True,,2026-08-18T07:43:20.334023+09:00
Production Grid,manufacturing,True,,2026-08-18T07:43:20.334023+09:00
Production Ledger,manufacturing,True,,2026-08-18T07:43:20.334023+09:00
Production Lens,manufacturing,True,,2026-08-18T07:43:20.334023+09:00
Production Lock,manufacturing,True,,2026-08-18T07:43:20.334023+09:00
Production Loop,manufacturing,True,,2026-08-18T07:43:20.334023+09:00
Production Map,manufacturing,True,,2026-08-18T07:43:20.334023+09:00
Production Path,manufacturing,True,,2026-08-18T07:43:20.334023+09:00
Production Point,manufacturing,True,,2026-08-18T07:43:20.334023+09:00
Production Pulse,manufacturing,True,,2026-08-18T07:43:20.334023+09:00
Production Scope,manufacturing,True,,2026-08-18T07:43:20.334023+09:00
Production Signal,manufacturing,True,,2026-08-18T07:43:20.334023+09:00
Production Studio,manufacturing,True,,2026-08-18T07:43:20.334023+09:00
Production Watch,manufacturing,True,,2026-08-18T07:43:20.334023+09:00
Production Wave,manufacturing,True,,2026-08-18T07:43:20.334023+09:00
Program Atlas,fitness_wellness,True,,2026-08-18T07:43:20.334023+09:00
Program Center,fitness_wellness,True,,2026-08-18T07:43:20.334023+09:00
Program Chain,fitness_wellness,True,,2026-08-18T07:43:20.334023+09:00
Program Console,fitness_wellness,True,,2026-08-18T07:43:20.334023+09:00
Program Dial,fitness_wellness,True,,2026-08-18T07:43:20.334023+09:00
Program Dock,fitness_wellness,True,,2026-08-18T07:43:20.334023+09:00
Program Gate,fitness_wellness,True,,2026-08-18T07:43:20.334023+09:00
Program Keeper,fitness_wellness,True,,2026-08-18T07:43:20.334023+09:00
Program Manager,fitness_wellness,True,,2026-08-18T07:43:20.334023+09:00
Program Meter,fitness_wellness,True,,2026-08-18T07:43:20.334023+09:00
Program Nexus,fitness_wellness,True,,2026-08-18T07:43:20.334023+09:00
Program Node,fitness_wellness,True,,2026-08-18T07:43:20.334023+09:00
Program Panel,fitness_wellness,True,,2026-08-18T07:43:20.334023+09:00
Program Portal,fitness_wellness,True,,2026-08-18T07:43:20.334023+09:00
Program Rail,fitness_wellness,True,,2026-08-18T07:43:20.334023+09:00
Program Ring,fitness_wellness,False,"TITLE_UNCLEAR: Ring is abstract, no SaaS function is suggested (established prior batches)",2026-08-18T07:43:20.334023+09:00
Program Route,fitness_wellness,True,,2026-08-18T07:43:20.334023+09:00
Program Scale,fitness_wellness,True,,2026-08-18T07:43:20.334023+09:00
Program Sentry,fitness_wellness,True,,2026-08-18T07:43:20.334023+09:00
Program Suite,fitness_wellness,True,,2026-08-18T07:43:20.334023+09:00
Program Terminal,fitness_wellness,False,"TITLE_UNCLEAR: Terminal only reads clearly for transportation/maritime_shipping/aviation/logistics, industry=fitness_wellness",2026-08-18T07:43:20.334023+09:00
Program Trail,fitness_wellness,True,,2026-08-18T07:43:20.334023+09:00
Program Zone,fitness_wellness,True,,2026-08-18T07:43:20.334023+09:00
Property Anchor,real_estate,True,,2026-08-18T07:43:20.334023+09:00
Property Base,real_estate,True,,2026-08-18T07:43:20.334023+09:00
Property Beacon,landscaping,True,,2026-08-18T07:43:20.334023+09:00
Property Board,real_estate,True,,2026-08-18T07:43:20.334023+09:00
Property Bridge,real_estate,True,,2026-08-18T07:43:20.334023+09:00
Property Cockpit,landscaping,True,,2026-08-18T07:43:20.334023+09:00
Property Companion,landscaping,True,,2026-08-18T07:43:20.334023+09:00
Property Compass,landscaping,True,,2026-08-18T07:43:20.334023+09:00
Property Core,real_estate,True,,2026-08-18T07:43:20.334023+09:00
Property Dashboard,landscaping,True,,2026-08-18T07:43:20.334023+09:00
Property Deck,real_estate,True,,2026-08-18T07:43:20.334023+09:00
Property Desk,landscaping,True,,2026-08-18T07:43:20.334023+09:00
Property Flow,landscaping,True,,2026-08-18T07:43:20.334023+09:00
Property Forge,landscaping,True,,2026-08-18T07:43:20.334023+09:00
Property Frame,real_estate,True,,2026-08-18T07:43:20.334023+09:00
Property Grid,real_estate,True,,2026-08-18T07:43:20.334023+09:00
Property Guard,landscaping,True,,2026-08-18T07:43:20.334023+09:00
Property Hub,landscaping,True,,2026-08-18T07:43:20.334023+09:00
Property Insight,landscaping,True,,2026-08-18T07:43:20.334023+09:00
Property Lab,real_estate,True,,2026-08-18T07:43:20.334023+09:00
Property Ledger,real_estate,True,,2026-08-18T07:43:20.334023+09:00
Property Lens,real_estate,True,,2026-08-18T07:43:20.334023+09:00
Property Lock,real_estate,True,,2026-08-18T07:43:20.334023+09:00
Property Loop,real_estate,True,,2026-08-18T07:43:20.334023+09:00
Property Map,real_estate,True,,2026-08-18T07:43:20.334023+09:00
Property Metrics,landscaping,True,,2026-08-18T07:43:20.334023+09:00
Property Monitor,landscaping,True,,2026-08-18T07:43:20.334023+09:00
Property Navigator,landscaping,True,,2026-08-18T07:43:20.334023+09:00
Property Ops,landscaping,True,,2026-08-18T07:43:20.334023+09:00
Property Organizer,landscaping,True,,2026-08-18T07:43:20.334023+09:00
Property Path,real_estate,True,,2026-08-18T07:43:20.334023+09:00
Property Pilot,landscaping,True,,2026-08-18T07:43:20.334023+09:00
Property Point,real_estate,True,,2026-08-18T07:43:20.334023+09:00
Property Pulse,real_estate,True,,2026-08-18T07:43:20.334023+09:00
Property Radar,landscaping,True,,2026-08-18T07:43:20.334023+09:00
Property Register,landscaping,True,,2026-08-18T07:43:20.334023+09:00
Property Relay,landscaping,True,,2026-08-18T07:43:20.334023+09:00
Property Scheduler,landscaping,True,,2026-08-18T07:43:20.334023+09:00
Property Scope,real_estate,True,,2026-08-18T07:43:20.334023+09:00
Property Signal,real_estate,True,,2026-08-18T07:43:20.334023+09:00
Property Station,real_estate,True,,2026-08-18T07:43:20.334023+09:00
Property Studio,real_estate,True,,2026-08-18T07:43:20.334023+09:00
Property Sync,landscaping,True,,2026-08-18T07:43:20.334023+09:00
Property Terminal,real_estate,False,"TITLE_UNCLEAR: Terminal only reads clearly for transportation/maritime_shipping/aviation/logistics, industry=real_estate",2026-08-18T07:43:20.334023+09:00
Property Tracker,landscaping,True,,2026-08-18T07:43:20.334023+09:00
Property Vault,landscaping,True,,2026-08-18T07:43:20.334023+09:00
Property Watch,real_estate,True,,2026-08-18T07:43:20.334023+09:00
Property Wave,real_estate,True,,2026-08-18T07:43:20.334023+09:00
Provider Base,healthcare,True,,2026-08-18T07:43:20.334023+09:00
Provider Board,healthcare,True,,2026-08-18T07:43:20.334023+09:00
Provider Center,healthcare,True,,2026-08-18T07:43:20.334023+09:00
Provider Console,healthcare,True,,2026-08-18T07:43:20.334023+09:00
Provider Core,healthcare,True,,2026-08-18T07:43:20.334023+09:00
Provider Deck,healthcare,True,,2026-08-18T07:43:20.334023+09:00
Provider Dial,healthcare,True,,2026-08-18T07:43:20.334023+09:00
Provider Frame,healthcare,True,,2026-08-18T07:43:20.334023+09:00
Provider Grid,healthcare,True,,2026-08-18T07:43:20.334023+09:00
Provider Lab,healthcare,True,,2026-08-18T07:43:20.334023+09:00
Provider Ledger,healthcare,True,,2026-08-18T07:43:20.334023+09:00
Provider Lens,healthcare,True,,2026-08-18T07:43:20.334023+09:00
Provider Lock,healthcare,True,,2026-08-18T07:43:20.334023+09:00
Provider Map,healthcare,True,,2026-08-18T07:43:20.334023+09:00
Provider Panel,healthcare,True,,2026-08-18T07:43:20.334023+09:00
Provider Path,healthcare,True,,2026-08-18T07:43:20.334023+09:00
Provider Point,healthcare,True,,2026-08-18T07:43:20.334023+09:00
Provider Portal,healthcare,True,,2026-08-18T07:43:20.334023+09:00
Provider Pulse,healthcare,True,,2026-08-18T07:43:20.334023+09:00
Provider Station,healthcare,True,,2026-08-18T07:43:20.334023+09:00
Provider Studio,healthcare,True,,2026-08-18T07:43:20.334023+09:00
Provider Terminal,healthcare,False,"TITLE_UNCLEAR: Terminal only reads clearly for transportation/maritime_shipping/aviation/logistics, industry=healthcare",2026-08-18T07:43:20.334023+09:00
Provider Wave,healthcare,True,,2026-08-18T07:43:20.334023+09:00
Provider Zone,healthcare,True,,2026-08-18T07:43:20.334023+09:00
Provisioning Assistant,telecom,True,,2026-08-18T07:43:20.334023+09:00
Provisioning Atlas,it_devops,True,,2026-08-18T07:43:20.334023+09:00
Provisioning Chain,it_devops,True,,2026-08-18T07:43:20.334023+09:00
Provisioning Cockpit,telecom,True,,2026-08-18T07:43:20.334023+09:00
Provisioning Companion,telecom,True,,2026-08-18T07:43:20.334023+09:00
Provisioning Compass,telecom,True,,2026-08-18T07:43:20.334023+09:00
Provisioning Console,it_devops,True,,2026-08-18T07:43:20.334023+09:00
Provisioning Dashboard,telecom,True,,2026-08-18T07:43:20.334023+09:00
Provisioning Desk,telecom,True,,2026-08-18T07:43:20.334023+09:00
Provisioning Dial,it_devops,True,,2026-08-18T07:43:20.334023+09:00
Provisioning Dock,it_devops,True,,2026-08-18T07:43:20.334023+09:00
Provisioning Engine,it_devops,True,,2026-08-18T07:43:20.334023+09:00
Provisioning Flow,telecom,True,,2026-08-18T07:43:20.334023+09:00
Provisioning Gate,it_devops,True,,2026-08-18T07:43:20.334023+09:00
Provisioning Guard,telecom,True,,2026-08-18T07:43:20.334023+09:00
Provisioning Hub,telecom,True,,2026-08-18T07:43:20.334023+09:00
Provisioning Insight,telecom,True,,2026-08-18T07:43:20.334023+09:00
Provisioning Keeper,it_devops,True,,2026-08-18T07:43:20.334023+09:00
Provisioning Manager,it_devops,True,,2026-08-18T07:43:20.334023+09:00
Provisioning Meter,it_devops,True,,2026-08-18T07:43:20.334023+09:00
Provisioning Metrics,telecom,True,,2026-08-18T07:43:20.334023+09:00
Provisioning Monitor,telecom,True,,2026-08-18T07:43:20.334023+09:00
Provisioning Navigator,telecom,True,,2026-08-18T07:43:20.334023+09:00
Provisioning Nexus,it_devops,True,,2026-08-18T07:43:20.334023+09:00
Provisioning Node,it_devops,True,,2026-08-18T07:43:20.334023+09:00
Provisioning Ops,telecom,True,,2026-08-18T07:43:20.334023+09:00
Provisioning Organizer,telecom,True,,2026-08-18T07:43:20.334023+09:00
Provisioning Panel,it_devops,True,,2026-08-18T07:43:20.334023+09:00
Provisioning Pilot,telecom,True,,2026-08-18T07:43:20.334023+09:00
Provisioning Planner,telecom,True,,2026-08-18T07:43:20.334023+09:00
Provisioning Radar,telecom,True,,2026-08-18T07:43:20.334023+09:00
Provisioning Rail,it_devops,True,,2026-08-18T07:43:20.334023+09:00
Provisioning Register,telecom,True,,2026-08-18T07:43:20.334023+09:00
Provisioning Relay,telecom,True,,2026-08-18T07:43:20.334023+09:00
Provisioning Ring,it_devops,False,"TITLE_UNCLEAR: Ring is abstract, no SaaS function is suggested (established prior batches)",2026-08-18T07:43:20.334023+09:00
Provisioning Route,it_devops,True,,2026-08-18T07:43:20.334023+09:00
Provisioning Scale,it_devops,True,,2026-08-18T07:43:20.334023+09:00
Provisioning Scheduler,telecom,True,,2026-08-18T07:43:20.334023+09:00
Provisioning Sentry,it_devops,True,,2026-08-18T07:43:20.334023+09:00
Provisioning Suite,it_devops,True,,2026-08-18T07:43:20.334023+09:00
Provisioning Sync,telecom,True,,2026-08-18T07:43:20.334023+09:00
Provisioning Tracker,telecom,True,,2026-08-18T07:43:20.334023+09:00
Provisioning Trail,it_devops,True,,2026-08-18T07:43:20.334023+09:00
Provisioning Vault,telecom,True,,2026-08-18T07:43:20.334023+09:00
Punchlist Base,construction,True,,2026-08-18T07:43:20.334023+09:00
Punchlist Board,construction,True,,2026-08-18T07:43:20.334023+09:00
Punchlist Center,construction,True,,2026-08-18T07:43:20.334023+09:00
Punchlist Core,construction,True,,2026-08-18T07:43:20.334023+09:00
Punchlist Deck,construction,True,,2026-08-18T07:43:20.334023+09:00
Punchlist Frame,construction,True,,2026-08-18T07:43:20.334023+09:00
Punchlist Grid,construction,True,,2026-08-18T07:43:20.334023+09:00
Punchlist Lab,construction,True,,2026-08-18T07:43:20.334023+09:00
Punchlist Ledger,construction,True,,2026-08-18T07:43:20.334023+09:00
Punchlist Lens,construction,True,,2026-08-18T07:43:20.334023+09:00
Punchlist Lock,construction,True,,2026-08-18T07:43:20.334023+09:00
Punchlist Loop,construction,True,,2026-08-18T07:43:20.334023+09:00
Punchlist Map,construction,True,,2026-08-18T07:43:20.334023+09:00
Punchlist Path,construction,True,,2026-08-18T07:43:20.334023+09:00
Punchlist Point,construction,True,,2026-08-18T07:43:20.334023+09:00
Punchlist Portal,construction,True,,2026-08-18T07:43:20.334023+09:00
Punchlist Pulse,construction,True,,2026-08-18T07:43:20.334023+09:00
Punchlist Scope,construction,True,,2026-08-18T07:43:20.334023+09:00
Punchlist Station,construction,True,,2026-08-18T07:43:20.334023+09:00
Punchlist Studio,construction,True,,2026-08-18T07:43:20.334023+09:00
Punchlist Terminal,construction,False,"TITLE_UNCLEAR: Terminal only reads clearly for transportation/maritime_shipping/aviation/logistics, industry=construction",2026-08-18T07:43:20.334023+09:00
Punchlist Watch,construction,True,,2026-08-18T07:43:20.334023+09:00
Punchlist Wave,construction,True,,2026-08-18T07:43:20.334023+09:00
Punchlist Zone,construction,True,,2026-08-18T07:43:20.334023+09:00
Quality Anchor,cleaning_services,True,,2026-08-18T07:43:20.334023+09:00
Quality Base,manufacturing,True,,2026-08-18T07:43:20.334023+09:00
Quality Beacon,cleaning_services,True,,2026-08-18T07:43:20.334023+09:00
Quality Board,manufacturing,True,,2026-08-18T07:43:20.334023+09:00
Quality Bridge,cleaning_services,True,,2026-08-18T07:43:20.334023+09:00
Quality Cascade,cleaning_services,True,,2026-08-18T07:43:20.334023+09:00
Quality Center,manufacturing,True,,2026-08-18T07:43:20.334023+09:00
Quality Compass,cleaning_services,True,,2026-08-18T07:43:20.334023+09:00
Quality Console,manufacturing,True,,2026-08-18T07:43:20.334023+09:00
Quality Core,manufacturing,True,,2026-08-18T07:43:20.334023+09:00
Quality Deck,manufacturing,True,,2026-08-18T07:43:20.334023+09:00
Quality Desk,cleaning_services,True,,2026-08-18T07:43:20.334023+09:00
Quality Dial,manufacturing,True,,2026-08-18T07:43:20.334023+09:00
Quality Flow,cleaning_services,True,,2026-08-18T07:43:20.334023+09:00
Quality Forge,cleaning_services,True,,2026-08-18T07:43:20.334023+09:00
Quality Frame,manufacturing,True,,2026-08-18T07:43:20.334023+09:00
Quality Grid,cleaning_services,True,,2026-08-18T07:43:20.334023+09:00
Quality Guard,cleaning_services,True,,2026-08-18T07:43:20.334023+09:00
Quality Hub,cleaning_services,True,,2026-08-18T07:43:20.334023+09:00
Quality Lab,manufacturing,True,,2026-08-18T07:43:20.334023+09:00
Quality Ledger,manufacturing,True,,2026-08-18T07:43:20.334023+09:00
Quality Lens,manufacturing,True,,2026-08-18T07:43:20.334023+09:00
Quality Lock,manufacturing,True,,2026-08-18T07:43:20.334023+09:00
Quality Loop,cleaning_services,True,,2026-08-18T07:43:20.334023+09:00
Quality Map,manufacturing,True,,2026-08-18T07:43:20.334023+09:00
Quality Meter,manufacturing,True,,2026-08-18T07:43:20.334023+09:00
Quality Panel,manufacturing,True,,2026-08-18T07:43:20.334023+09:00
Quality Path,manufacturing,True,,2026-08-18T07:43:20.334023+09:00
Quality Pilot,cleaning_services,True,,2026-08-18T07:43:20.334023+09:00
Quality Point,manufacturing,True,,2026-08-18T07:43:20.334023+09:00
Quality Portal,manufacturing,True,,2026-08-18T07:43:20.334023+09:00
Quality Pulse,manufacturing,True,,2026-08-18T07:43:20.334023+09:00
Quality Radar,cleaning_services,True,,2026-08-18T07:43:20.334023+09:00
Quality Relay,cleaning_services,True,,2026-08-18T07:43:20.334023+09:00
Quality Scope,cleaning_services,True,,2026-08-18T07:43:20.334023+09:00
Quality Signal,cleaning_services,True,,2026-08-18T07:43:20.334023+09:00
Quality Station,manufacturing,True,,2026-08-18T07:43:20.334023+09:00
Quality Studio,manufacturing,True,,2026-08-18T07:43:20.334023+09:00
Quality Sync,cleaning_services,True,,2026-08-18T07:43:20.334023+09:00
Quality Terminal,manufacturing,False,"TITLE_UNCLEAR: Terminal only reads clearly for transportation/maritime_shipping/aviation/logistics, industry=manufacturing",2026-08-18T07:43:20.334023+09:00
Quality Tracker,cleaning_services,True,,2026-08-18T07:43:20.334023+09:00
Quality Vault,cleaning_services,True,,2026-08-18T07:43:20.334023+09:00
Quality Watch,cleaning_services,True,,2026-08-18T07:43:20.334023+09:00
Quality Wave,manufacturing,True,,2026-08-18T07:43:20.334023+09:00
Quality Zone,manufacturing,True,,2026-08-18T07:43:20.334023+09:00
Queue Assistant,customer_support,True,,2026-08-18T07:43:20.334023+09:00
Queue Atlas,customer_support,True,,2026-08-18T07:43:20.334023+09:00
Queue Chain,customer_support,True,,2026-08-18T07:43:20.334023+09:00
Queue Dial,customer_support,True,,2026-08-18T07:43:20.334023+09:00
Queue Dock,customer_support,True,,2026-08-18T07:43:20.334023+09:00
Queue Engine,customer_support,True,,2026-08-18T07:43:20.334023+09:00
Queue Gate,customer_support,True,,2026-08-18T07:43:20.334023+09:00
Queue Keeper,customer_support,True,,2026-08-18T07:43:20.334023+09:00
Queue Manager,customer_support,True,,2026-08-18T07:43:20.334023+09:00
Queue Meter,customer_support,True,,2026-08-18T07:43:20.334023+09:00
Queue Monitor,customer_support,True,,2026-08-18T07:43:20.334023+09:00
Queue Nexus,customer_support,True,,2026-08-18T07:43:20.334023+09:00
Queue Node,customer_support,True,,2026-08-18T07:43:20.334023+09:00
Queue Organizer,customer_support,True,,2026-08-18T07:43:20.334023+09:00
Queue Panel,customer_support,True,,2026-08-18T07:43:20.334023+09:00
Queue Planner,customer_support,True,,2026-08-18T07:43:20.334023+09:00
Queue Rail,customer_support,True,,2026-08-18T07:43:20.334023+09:00
Queue Ring,customer_support,False,"TITLE_UNCLEAR: Ring is abstract, no SaaS function is suggested (established prior batches)",2026-08-18T07:43:20.334023+09:00
Queue Route,customer_support,True,,2026-08-18T07:43:20.334023+09:00
Queue Scale,customer_support,True,,2026-08-18T07:43:20.334023+09:00
Queue Scheduler,customer_support,True,,2026-08-18T07:43:20.334023+09:00
Queue Sentry,customer_support,True,,2026-08-18T07:43:20.334023+09:00
Queue Suite,customer_support,True,,2026-08-18T07:43:20.334023+09:00
Queue Trail,customer_support,True,,2026-08-18T07:43:20.334023+09:00
Rack Beacon,laundry_dry_cleaning,True,,2026-08-18T07:43:20.334023+09:00
Rack Bridge,laundry_dry_cleaning,True,,2026-08-18T07:43:20.334023+09:00
Rack Cascade,laundry_dry_cleaning,True,,2026-08-18T07:43:20.334023+09:00
Rack Cockpit,laundry_dry_cleaning,True,,2026-08-18T07:43:20.334023+09:00
Rack Companion,laundry_dry_cleaning,True,,2026-08-18T07:43:20.334023+09:00
Rack Compass,laundry_dry_cleaning,True,,2026-08-18T07:43:20.334023+09:00
Rack Dashboard,laundry_dry_cleaning,True,,2026-08-18T07:43:20.334023+09:00
Rack Desk,laundry_dry_cleaning,True,,2026-08-18T07:43:20.334023+09:00
Rack Flow,laundry_dry_cleaning,True,,2026-08-18T07:43:20.334023+09:00
Rack Forge,laundry_dry_cleaning,True,,2026-08-18T07:43:20.334023+09:00
Rack Guard,laundry_dry_cleaning,True,,2026-08-18T07:43:20.334023+09:00
Rack Hub,laundry_dry_cleaning,True,,2026-08-18T07:43:20.334023+09:00
Rack Insight,laundry_dry_cleaning,True,,2026-08-18T07:43:20.334023+09:00
Rack Metrics,laundry_dry_cleaning,True,,2026-08-18T07:43:20.334023+09:00
Rack Monitor,laundry_dry_cleaning,True,,2026-08-18T07:43:20.334023+09:00
Rack Navigator,laundry_dry_cleaning,True,,2026-08-18T07:43:20.334023+09:00
Rack Ops,laundry_dry_cleaning,True,,2026-08-18T07:43:20.334023+09:00
Rack Pilot,laundry_dry_cleaning,True,,2026-08-18T07:43:20.334023+09:00
Rack Radar,laundry_dry_cleaning,True,,2026-08-18T07:43:20.334023+09:00
Rack Register,laundry_dry_cleaning,True,,2026-08-18T07:43:20.334023+09:00
Rack Relay,laundry_dry_cleaning,True,,2026-08-18T07:43:20.334023+09:00
Rack Sync,laundry_dry_cleaning,True,,2026-08-18T07:43:20.334023+09:00
Rack Tracker,laundry_dry_cleaning,True,,2026-08-18T07:43:20.334023+09:00
Rack Vault,laundry_dry_cleaning,True,,2026-08-18T07:43:20.334023+09:00
Ratio Assistant,childcare,True,,2026-08-18T07:43:20.334023+09:00
Ratio Atlas,childcare,True,,2026-08-18T07:43:20.334023+09:00
Ratio Chain,childcare,True,,2026-08-18T07:43:20.334023+09:00
Ratio Console,childcare,True,,2026-08-18T07:43:20.334023+09:00
Ratio Dial,childcare,True,,2026-08-18T07:43:20.334023+09:00
Ratio Dock,childcare,True,,2026-08-18T07:43:20.334023+09:00
Ratio Engine,childcare,True,,2026-08-18T07:43:20.334023+09:00
Ratio Gate,childcare,True,,2026-08-18T07:43:20.334023+09:00
Ratio Keeper,childcare,True,,2026-08-18T07:43:20.334023+09:00
Ratio Manager,childcare,True,,2026-08-18T07:43:20.334023+09:00
Ratio Meter,childcare,True,,2026-08-18T07:43:20.334023+09:00
Ratio Nexus,childcare,True,,2026-08-18T07:43:20.334023+09:00
Ratio Node,childcare,True,,2026-08-18T07:43:20.334023+09:00
Ratio Panel,childcare,True,,2026-08-18T07:43:20.334023+09:00
Ratio Planner,childcare,True,,2026-08-18T07:43:20.334023+09:00
Ratio Portal,childcare,True,,2026-08-18T07:43:20.334023+09:00
Ratio Rail,childcare,True,,2026-08-18T07:43:20.334023+09:00
Ratio Ring,childcare,False,"TITLE_UNCLEAR: Ring is abstract, no SaaS function is suggested (established prior batches)",2026-08-18T07:43:20.334023+09:00
Ratio Route,childcare,True,,2026-08-18T07:43:20.334023+09:00
Ratio Scale,childcare,True,,2026-08-18T07:43:20.334023+09:00
Ratio Scheduler,childcare,True,,2026-08-18T07:43:20.334023+09:00
Ratio Sentry,childcare,True,,2026-08-18T07:43:20.334023+09:00
Ratio Suite,childcare,True,,2026-08-18T07:43:20.334023+09:00
Ratio Trail,childcare,True,,2026-08-18T07:43:20.334023+09:00
Recall Assistant,pharmacy,True,,2026-08-18T07:43:20.334023+09:00
Recall Atlas,automotive,True,,2026-08-18T07:43:20.334023+09:00
Recall Base,dental,True,,2026-08-18T07:43:20.334023+09:00
Recall Board,dental,True,,2026-08-18T07:43:20.334023+09:00
Recall Center,dental,True,,2026-08-18T07:43:20.334023+09:00
Recall Cockpit,pharmacy,True,,2026-08-18T07:43:20.334023+09:00
Recall Companion,pharmacy,True,,2026-08-18T07:43:20.334023+09:00
Recall Core,dental,True,,2026-08-18T07:43:20.334023+09:00
Recall Dashboard,pharmacy,True,,2026-08-18T07:43:20.334023+09:00
Recall Deck,dental,True,,2026-08-18T07:43:20.334023+09:00
Recall Engine,pharmacy,True,,2026-08-18T07:43:20.334023+09:00
Recall Flow,pharmacy,True,,2026-08-18T07:43:20.334023+09:00
Recall Frame,dental,True,,2026-08-18T07:43:20.334023+09:00
Recall Grid,dental,True,,2026-08-18T07:43:20.334023+09:00
Recall Guard,pharmacy,True,,2026-08-18T07:43:20.334023+09:00
Recall Hub,pharmacy,True,,2026-08-18T07:43:20.334023+09:00
Recall Insight,pharmacy,True,,2026-08-18T07:43:20.334023+09:00
Recall Keeper,pharmacy,True,,2026-08-18T07:43:20.334023+09:00
Recall Lab,dental,True,,2026-08-18T07:43:20.334023+09:00
Recall Ledger,dental,True,,2026-08-18T07:43:20.334023+09:00
Recall Lens,dental,True,,2026-08-18T07:43:20.334023+09:00
Recall Lock,dental,True,,2026-08-18T07:43:20.334023+09:00
Recall Loop,dental,True,,2026-08-18T07:43:20.334023+09:00
Recall Manager,pharmacy,True,,2026-08-18T07:43:20.334023+09:00
Recall Map,dental,True,,2026-08-18T07:43:20.334023+09:00
Recall Metrics,pharmacy,True,,2026-08-18T07:43:20.334023+09:00
Recall Monitor,pharmacy,True,,2026-08-18T07:43:20.334023+09:00
Recall Navigator,pharmacy,True,,2026-08-18T07:43:20.334023+09:00
Recall Ops,pharmacy,True,,2026-08-18T07:43:20.334023+09:00
Recall Organizer,pharmacy,True,,2026-08-18T07:43:20.334023+09:00
Recall Path,dental,True,,2026-08-18T07:43:20.334023+09:00
Recall Planner,pharmacy,True,,2026-08-18T07:43:20.334023+09:00
Recall Point,dental,True,,2026-08-18T07:43:20.334023+09:00
Recall Pulse,dental,True,,2026-08-18T07:43:20.334023+09:00
Recall Register,pharmacy,True,,2026-08-18T07:43:20.334023+09:00
Recall Scheduler,pharmacy,True,,2026-08-18T07:43:20.334023+09:00
Recall Scope,dental,True,,2026-08-18T07:43:20.334023+09:00
Recall Sentry,pharmacy,True,,2026-08-18T07:43:20.334023+09:00
Recall Signal,dental,True,,2026-08-18T07:43:20.334023+09:00
Recall Station,dental,True,,2026-08-18T07:43:20.334023+09:00
Recall Studio,dental,True,,2026-08-18T07:43:20.334023+09:00
Recall Suite,pharmacy,True,,2026-08-18T07:43:20.334023+09:00
Recall Sync,pharmacy,True,,2026-08-18T07:43:20.334023+09:00
Recall Terminal,dental,False,"TITLE_UNCLEAR: Terminal only reads clearly for transportation/maritime_shipping/aviation/logistics, industry=dental",2026-08-18T07:43:20.334023+09:00
Recall Tracker,pharmacy,True,,2026-08-18T07:43:20.334023+09:00
Recall Watch,dental,True,,2026-08-18T07:43:20.334023+09:00
Recall Wave,dental,True,,2026-08-18T07:43:20.334023+09:00
Recall Zone,dental,True,,2026-08-18T07:43:20.334023+09:00
Recipe Anchor,food_service,True,,2026-08-18T07:43:20.334023+09:00
Recipe Beacon,food_service,True,,2026-08-18T07:43:20.334023+09:00
Recipe Bridge,food_service,True,,2026-08-18T07:43:20.334023+09:00
Recipe Cascade,food_service,True,,2026-08-18T07:43:20.334023+09:00
Recipe Cockpit,food_service,True,,2026-08-18T07:43:20.334023+09:00
Recipe Companion,food_service,True,,2026-08-18T07:43:20.334023+09:00
Recipe Compass,food_service,True,,2026-08-18T07:43:20.334023+09:00
Recipe Dashboard,food_service,True,,2026-08-18T07:43:20.334023+09:00
Recipe Desk,food_service,True,,2026-08-18T07:43:20.334023+09:00
Recipe Flow,food_service,True,,2026-08-18T07:43:20.334023+09:00
Recipe Forge,food_service,True,,2026-08-18T07:43:20.334023+09:00
Recipe Guard,food_service,True,,2026-08-18T07:43:20.334023+09:00
Recipe Hub,food_service,True,,2026-08-18T07:43:20.334023+09:00
Recipe Navigator,food_service,True,,2026-08-18T07:43:20.334023+09:00
Recipe Ops,food_service,True,,2026-08-18T07:43:20.334023+09:00
Recipe Pilot,food_service,True,,2026-08-18T07:43:20.334023+09:00
Recipe Radar,food_service,True,,2026-08-18T07:43:20.334023+09:00
Recipe Register,food_service,True,,2026-08-18T07:43:20.334023+09:00
Recipe Relay,food_service,True,,2026-08-18T07:43:20.334023+09:00
Recipe Signal,food_service,True,,2026-08-18T07:43:20.334023+09:00
Recipe Sync,food_service,True,,2026-08-18T07:43:20.334023+09:00
Recipe Tracker,food_service,True,,2026-08-18T07:43:20.334023+09:00
Recipe Vault,food_service,True,,2026-08-18T07:43:20.334023+09:00
Recipe Watch,food_service,True,,2026-08-18T07:43:20.334023+09:00
Reconciliation Board,finance,True,,2026-08-18T07:43:20.334023+09:00
Reconciliation Center,finance,True,,2026-08-18T07:43:20.334023+09:00
Reconciliation Chain,finance,True,,2026-08-18T07:43:20.334023+09:00
Reconciliation Console,finance,True,,2026-08-18T07:43:20.334023+09:00
Reconciliation Deck,finance,True,,2026-08-18T07:43:20.334023+09:00
Reconciliation Dial,finance,True,,2026-08-18T07:43:20.334023+09:00
Reconciliation Dock,finance,True,,2026-08-18T07:43:20.334023+09:00
Reconciliation Gate,finance,True,,2026-08-18T07:43:20.334023+09:00
Reconciliation Lab,finance,True,,2026-08-18T07:43:20.334023+09:00
Reconciliation Ledger,finance,True,,2026-08-18T07:43:20.334023+09:00
Reconciliation Meter,finance,True,,2026-08-18T07:43:20.334023+09:00
Reconciliation Nexus,finance,True,,2026-08-18T07:43:20.334023+09:00
Reconciliation Node,finance,True,,2026-08-18T07:43:20.334023+09:00
Reconciliation Panel,finance,True,,2026-08-18T07:43:20.334023+09:00
Reconciliation Portal,finance,True,,2026-08-18T07:43:20.334023+09:00
Reconciliation Rail,finance,True,,2026-08-18T07:43:20.334023+09:00
Reconciliation Ring,finance,False,"TITLE_UNCLEAR: Ring is abstract, no SaaS function is suggested (established prior batches)",2026-08-18T07:43:20.334023+09:00
Reconciliation Route,finance,True,,2026-08-18T07:43:20.334023+09:00
Reconciliation Scale,finance,True,,2026-08-18T07:43:20.334023+09:00
Reconciliation Station,finance,True,,2026-08-18T07:43:20.334023+09:00
Reconciliation Studio,finance,True,,2026-08-18T07:43:20.334023+09:00
Reconciliation Terminal,finance,False,"TITLE_UNCLEAR: Terminal only reads clearly for transportation/maritime_shipping/aviation/logistics, industry=finance",2026-08-18T07:43:20.334023+09:00
Reconciliation Trail,finance,True,,2026-08-18T07:43:20.334023+09:00
Reconciliation Zone,finance,True,,2026-08-18T07:43:20.334023+09:00
Records Assistant,government,True,,2026-08-18T07:43:20.334023+09:00
Records Atlas,government,True,,2026-08-18T07:43:20.334023+09:00
Records Chain,government,True,,2026-08-18T07:43:20.334023+09:00
Records Cockpit,government,True,,2026-08-18T07:43:20.334023+09:00
Records Dock,government,True,,2026-08-18T07:43:20.334023+09:00
Records Engine,government,True,,2026-08-18T07:43:20.334023+09:00
Records Gate,government,True,,2026-08-18T07:43:20.334023+09:00
Records Insight,government,True,,2026-08-18T07:43:20.334023+09:00
Records Keeper,government,True,,2026-08-18T07:43:20.334023+09:00
Records Manager,government,True,,2026-08-18T07:43:20.334023+09:00
Records Metrics,government,True,,2026-08-18T07:43:20.334023+09:00
Records Monitor,government,True,,2026-08-18T07:43:20.334023+09:00
Records Nexus,government,True,,2026-08-18T07:43:20.334023+09:00
Records Node,government,True,,2026-08-18T07:43:20.334023+09:00
Records Organizer,government,True,,2026-08-18T07:43:20.334023+09:00
Records Planner,government,True,,2026-08-18T07:43:20.334023+09:00
Records Rail,government,True,,2026-08-18T07:43:20.334023+09:00
Records Ring,government,False,"TITLE_UNCLEAR: Ring is abstract, no SaaS function is suggested (established prior batches)",2026-08-18T07:43:20.334023+09:00
Records Route,government,True,,2026-08-18T07:43:20.334023+09:00
Records Scale,government,True,,2026-08-18T07:43:20.334023+09:00
Records Scheduler,government,True,,2026-08-18T07:43:20.334023+09:00
Records Sentry,government,True,,2026-08-18T07:43:20.334023+09:00
Records Suite,government,True,,2026-08-18T07:43:20.334023+09:00
Records Trail,government,True,,2026-08-18T07:43:20.334023+09:00
Recruiting Atlas,hr_payroll,True,,2026-08-18T07:43:20.334023+09:00
Recruiting Center,hr_payroll,True,,2026-08-18T07:43:20.334023+09:00
Recruiting Chain,hr_payroll,True,,2026-08-18T07:43:20.334023+09:00
Recruiting Console,hr_payroll,True,,2026-08-18T07:43:20.334023+09:00
Recruiting Dial,hr_payroll,True,,2026-08-18T07:43:20.334023+09:00
Recruiting Dock,hr_payroll,True,,2026-08-18T07:43:20.334023+09:00
Recruiting Gate,hr_payroll,True,,2026-08-18T07:43:20.334023+09:00
Recruiting Keeper,hr_payroll,True,,2026-08-18T07:43:20.334023+09:00
Recruiting Manager,hr_payroll,True,,2026-08-18T07:43:20.334023+09:00
Recruiting Meter,hr_payroll,True,,2026-08-18T07:43:20.334023+09:00
Recruiting Nexus,hr_payroll,True,,2026-08-18T07:43:20.334023+09:00
Recruiting Node,hr_payroll,True,,2026-08-18T07:43:20.334023+09:00
Recruiting Panel,hr_payroll,True,,2026-08-18T07:43:20.334023+09:00
Recruiting Portal,hr_payroll,True,,2026-08-18T07:43:20.334023+09:00
Recruiting Rail,hr_payroll,True,,2026-08-18T07:43:20.334023+09:00
Recruiting Ring,hr_payroll,False,"TITLE_UNCLEAR: Ring is abstract, no SaaS function is suggested (established prior batches)",2026-08-18T07:43:20.334023+09:00
Recruiting Route,hr_payroll,True,,2026-08-18T07:43:20.334023+09:00
Recruiting Scale,hr_payroll,True,,2026-08-18T07:43:20.334023+09:00
Recruiting Sentry,hr_payroll,True,,2026-08-18T07:43:20.334023+09:00
Recruiting Station,hr_payroll,True,,2026-08-18T07:43:20.334023+09:00
Recruiting Suite,hr_payroll,True,,2026-08-18T07:43:20.334023+09:00
Recruiting Terminal,hr_payroll,False,"TITLE_UNCLEAR: Terminal only reads clearly for transportation/maritime_shipping/aviation/logistics, industry=hr_payroll",2026-08-18T07:43:20.334023+09:00
Recruiting Trail,hr_payroll,True,,2026-08-18T07:43:20.334023+09:00
Recruiting Zone,hr_payroll,True,,2026-08-18T07:43:20.334023+09:00
Recurring Beacon,pest_control,True,,2026-08-18T07:43:20.334023+09:00
Recurring Cockpit,pest_control,True,,2026-08-18T07:43:20.334023+09:00
Recurring Companion,pest_control,True,,2026-08-18T07:43:20.334023+09:00
Recurring Compass,pest_control,True,,2026-08-18T07:43:20.334023+09:00
Recurring Dashboard,pest_control,True,,2026-08-18T07:43:20.334023+09:00
Recurring Desk,pest_control,True,,2026-08-18T07:43:20.334023+09:00
Recurring Flow,pest_control,True,,2026-08-18T07:43:20.334023+09:00
Recurring Guard,pest_control,True,,2026-08-18T07:43:20.334023+09:00
Recurring Hub,pest_control,True,,2026-08-18T07:43:20.334023+09:00
Recurring Insight,pest_control,True,,2026-08-18T07:43:20.334023+09:00
Recurring Metrics,pest_control,True,,2026-08-18T07:43:20.334023+09:00
Recurring Monitor,pest_control,True,,2026-08-18T07:43:20.334023+09:00
Recurring Navigator,pest_control,True,,2026-08-18T07:43:20.334023+09:00
Recurring Ops,pest_control,True,,2026-08-18T07:43:20.334023+09:00
Recurring Organizer,pest_control,True,,2026-08-18T07:43:20.334023+09:00
Recurring Pilot,pest_control,True,,2026-08-18T07:43:20.334023+09:00
Recurring Planner,pest_control,True,,2026-08-18T07:43:20.334023+09:00
Recurring Radar,pest_control,True,,2026-08-18T07:43:20.334023+09:00
Recurring Register,pest_control,True,,2026-08-18T07:43:20.334023+09:00
Recurring Relay,pest_control,True,,2026-08-18T07:43:20.334023+09:00
Recurring Scheduler,pest_control,True,,2026-08-18T07:43:20.334023+09:00
Recurring Sync,pest_control,True,,2026-08-18T07:43:20.334023+09:00
Recurring Tracker,pest_control,True,,2026-08-18T07:43:20.334023+09:00
Recurring Vault,pest_control,True,,2026-08-18T07:43:20.334023+09:00
Redline Beacon,legal,True,,2026-08-18T07:43:20.334023+09:00
Redline Cascade,legal,True,,2026-08-18T07:43:20.334023+09:00
Redline Cockpit,legal,True,,2026-08-18T07:43:20.334023+09:00
Redline Companion,legal,True,,2026-08-18T07:43:20.334023+09:00
Redline Compass,legal,True,,2026-08-18T07:43:20.334023+09:00
Redline Dashboard,legal,True,,2026-08-18T07:43:20.334023+09:00
Redline Desk,legal,True,,2026-08-18T07:43:20.334023+09:00
Redline Flow,legal,True,,2026-08-18T07:43:20.334023+09:00
Redline Forge,legal,True,,2026-08-18T07:43:20.334023+09:00
Redline Guard,legal,True,,2026-08-18T07:43:20.334023+09:00
Redline Hub,legal,True,,2026-08-18T07:43:20.334023+09:00
Redline Insight,legal,True,,2026-08-18T07:43:20.334023+09:00
Redline Metrics,legal,True,,2026-08-18T07:43:20.334023+09:00
Redline Monitor,legal,True,,2026-08-18T07:43:20.334023+09:00
Redline Navigator,legal,True,,2026-08-18T07:43:20.334023+09:00
Redline Ops,legal,True,,2026-08-18T07:43:20.334023+09:00
Redline Organizer,legal,True,,2026-08-18T07:43:20.334023+09:00
Redline Pilot,legal,True,,2026-08-18T07:43:20.334023+09:00
Redline Radar,legal,True,,2026-08-18T07:43:20.334023+09:00
Redline Register,legal,True,,2026-08-18T07:43:20.334023+09:00
Redline Relay,legal,True,,2026-08-18T07:43:20.334023+09:00
Redline Sync,legal,True,,2026-08-18T07:43:20.334023+09:00
Redline Tracker,legal,True,,2026-08-18T07:43:20.334023+09:00
Redline Vault,legal,True,,2026-08-18T07:43:20.334023+09:00
Reference Anchor,recruiting,True,,2026-08-18T07:43:20.334023+09:00
Reference Base,recruiting,True,,2026-08-18T07:43:20.334023+09:00
Reference Beacon,recruiting,True,,2026-08-18T07:43:20.334023+09:00
Reference Board,recruiting,True,,2026-08-18T07:43:20.334023+09:00
Reference Bridge,recruiting,True,,2026-08-18T07:43:20.334023+09:00
Reference Cascade,recruiting,True,,2026-08-18T07:43:20.334023+09:00
Reference Core,recruiting,True,,2026-08-18T07:43:20.334023+09:00
Reference Deck,recruiting,True,,2026-08-18T07:43:20.334023+09:00
Reference Forge,recruiting,True,,2026-08-18T07:43:20.334023+09:00
Reference Frame,recruiting,True,,2026-08-18T07:43:20.334023+09:00
Reference Grid,recruiting,True,,2026-08-18T07:43:20.334023+09:00
Reference Ledger,recruiting,True,,2026-08-18T07:43:20.334023+09:00
Reference Lens,recruiting,True,,2026-08-18T07:43:20.334023+09:00
Reference Lock,recruiting,True,,2026-08-18T07:43:20.334023+09:00
Reference Loop,recruiting,True,,2026-08-18T07:43:20.334023+09:00
Reference Map,recruiting,True,,2026-08-18T07:43:20.334023+09:00
Reference Path,recruiting,True,,2026-08-18T07:43:20.334023+09:00
Reference Point,recruiting,True,,2026-08-18T07:43:20.334023+09:00
Reference Pulse,recruiting,True,,2026-08-18T07:43:20.334023+09:00
Reference Scope,recruiting,True,,2026-08-18T07:43:20.334023+09:00
Reference Signal,recruiting,True,,2026-08-18T07:43:20.334023+09:00
Reference Studio,recruiting,True,,2026-08-18T07:43:20.334023+09:00
Reference Watch,recruiting,True,,2026-08-18T07:43:20.334023+09:00
Reference Wave,recruiting,True,,2026-08-18T07:43:20.334023+09:00
Referral Anchor,marketing,True,,2026-08-18T07:43:20.334023+09:00
Referral Assistant,healthcare,True,,2026-08-18T07:43:20.334023+09:00
Referral Atlas,healthcare,True,,2026-08-18T07:43:20.334023+09:00
Referral Base,marketing,True,,2026-08-18T07:43:20.334023+09:00
Referral Beacon,dental,True,,2026-08-18T07:43:20.334023+09:00
Referral Board,marketing,True,,2026-08-18T07:43:20.334023+09:00
Referral Bridge,marketing,True,,2026-08-18T07:43:20.334023+09:00
Referral Cascade,dental,True,,2026-08-18T07:43:20.334023+09:00
Referral Center,veterinary,True,,2026-08-18T07:43:20.334023+09:00
Referral Chain,healthcare,True,,2026-08-18T07:43:20.334023+09:00
Referral Cockpit,dental,True,,2026-08-18T07:43:20.334023+09:00
Referral Companion,dental,True,,2026-08-18T07:43:20.334023+09:00
Referral Compass,dental,True,,2026-08-18T07:43:20.334023+09:00
Referral Console,recruiting,True,,2026-08-18T07:43:20.334023+09:00
Referral Core,marketing,True,,2026-08-18T07:43:20.334023+09:00
Referral Dashboard,dental,True,,2026-08-18T07:43:20.334023+09:00
Referral Deck,marketing,True,,2026-08-18T07:43:20.334023+09:00
Referral Desk,dental,True,,2026-08-18T07:43:20.334023+09:00
Referral Dial,healthcare,True,,2026-08-18T07:43:20.334023+09:00
Referral Dock,healthcare,True,,2026-08-18T07:43:20.334023+09:00
Referral Engine,healthcare,True,,2026-08-18T07:43:20.334023+09:00
Referral Flow,dental,True,,2026-08-18T07:43:20.334023+09:00
Referral Forge,dental,True,,2026-08-18T07:43:20.334023+09:00
Referral Frame,marketing,True,,2026-08-18T07:43:20.334023+09:00
Referral Gate,healthcare,True,,2026-08-18T07:43:20.334023+09:00
Referral Grid,marketing,True,,2026-08-18T07:43:20.334023+09:00
Referral Guard,dental,True,,2026-08-18T07:43:20.334023+09:00
Referral Hub,dental,True,,2026-08-18T07:43:20.334023+09:00
Referral Keeper,healthcare,True,,2026-08-18T07:43:20.334023+09:00
Referral Lab,veterinary,True,,2026-08-18T07:43:20.334023+09:00
Referral Ledger,marketing,True,,2026-08-18T07:43:20.334023+09:00
Referral Lens,marketing,True,,2026-08-18T07:43:20.334023+09:00
Referral Lock,marketing,True,,2026-08-18T07:43:20.334023+09:00
Referral Loop,marketing,True,,2026-08-18T07:43:20.334023+09:00
Referral Manager,healthcare,True,,2026-08-18T07:43:20.334023+09:00
Referral Map,marketing,True,,2026-08-18T07:43:20.334023+09:00
Referral Meter,healthcare,True,,2026-08-18T07:43:20.334023+09:00
Referral Monitor,healthcare,True,,2026-08-18T07:43:20.334023+09:00
Referral Navigator,dental,True,,2026-08-18T07:43:20.334023+09:00
Referral Nexus,healthcare,True,,2026-08-18T07:43:20.334023+09:00
Referral Node,healthcare,True,,2026-08-18T07:43:20.334023+09:00
Referral Ops,dental,True,,2026-08-18T07:43:20.334023+09:00
Referral Organizer,healthcare,True,,2026-08-18T07:43:20.334023+09:00
Referral Panel,healthcare,True,,2026-08-18T01:30:57.525706+09:00
Referral Path,marketing,True,,2026-08-18T07:43:20.334023+09:00
Referral Pilot,dental,True,,2026-08-18T07:43:20.334023+09:00
Referral Planner,healthcare,True,,2026-08-18T07:43:20.334023+09:00
Referral Point,marketing,True,,2026-08-18T07:43:20.334023+09:00
Referral Portal,veterinary,True,,2026-08-18T07:43:20.334023+09:00
Referral Pulse,marketing,True,,2026-08-18T07:43:20.334023+09:00
Referral Radar,dental,True,,2026-08-18T07:43:20.334023+09:00
Referral Rail,healthcare,True,,2026-08-18T07:43:20.334023+09:00
Referral Register,dental,True,,2026-08-18T07:43:20.334023+09:00
Referral Relay,dental,True,,2026-08-18T07:43:20.334023+09:00
Referral Ring,healthcare,False,"TITLE_UNCLEAR: Ring is abstract, no SaaS function is suggested (established prior batches)",2026-08-18T07:43:20.334023+09:00
Referral Route,healthcare,True,,2026-08-18T07:43:20.334023+09:00
Referral Scale,healthcare,True,,2026-08-18T07:43:20.334023+09:00
Referral Scheduler,healthcare,True,,2026-08-18T07:43:20.334023+09:00
Referral Scope,marketing,True,,2026-08-18T07:43:20.334023+09:00
Referral Sentry,healthcare,True,,2026-08-18T07:43:20.334023+09:00
Referral Signal,marketing,True,,2026-08-18T07:43:20.334023+09:00
Referral Station,veterinary,True,,2026-08-18T07:43:20.334023+09:00
Referral Studio,marketing,True,,2026-08-18T07:43:20.334023+09:00
Referral Suite,healthcare,True,,2026-08-18T07:43:20.334023+09:00
Referral Sync,dental,True,,2026-08-18T07:43:20.334023+09:00
Referral Terminal,veterinary,False,"TITLE_UNCLEAR: Terminal only reads clearly for transportation/maritime_shipping/aviation/logistics, industry=veterinary",2026-08-18T07:43:20.334023+09:00
Referral Tracker,dental,True,,2026-08-18T07:43:20.334023+09:00
Referral Trail,healthcare,True,,2026-08-18T07:43:20.334023+09:00
Referral Vault,dental,True,,2026-08-18T07:43:20.334023+09:00
Referral Watch,marketing,True,,2026-08-18T07:43:20.334023+09:00
Referral Wave,marketing,True,,2026-08-18T07:43:20.334023+09:00
Referral Zone,veterinary,True,,2026-08-18T07:43:20.334023+09:00
Refill Anchor,pharmacy,True,,2026-08-18T07:43:20.334023+09:00
Refill Base,pharmacy,True,,2026-08-18T07:43:20.334023+09:00
Refill Beacon,pharmacy,True,,2026-08-18T07:43:20.334023+09:00
Refill Bridge,pharmacy,True,,2026-08-18T07:43:20.334023+09:00
Refill Cascade,pharmacy,True,,2026-08-18T07:43:20.334023+09:00
Refill Compass,pharmacy,True,,2026-08-18T07:43:20.334023+09:00
Refill Desk,pharmacy,True,,2026-08-18T07:43:20.334023+09:00
Refill Forge,pharmacy,True,,2026-08-18T07:43:20.334023+09:00
Refill Frame,pharmacy,True,,2026-08-18T07:43:20.334023+09:00
Refill Grid,pharmacy,True,,2026-08-18T07:43:20.334023+09:00
Refill Lens,pharmacy,True,,2026-08-18T07:43:20.334023+09:00
Refill Lock,pharmacy,True,,2026-08-18T07:43:20.334023+09:00
Refill Loop,pharmacy,True,,2026-08-18T07:43:20.334023+09:00
Refill Map,pharmacy,True,,2026-08-18T07:43:20.334023+09:00
Refill Path,pharmacy,True,,2026-08-18T07:43:20.334023+09:00
Refill Point,pharmacy,True,,2026-08-18T07:43:20.334023+09:00
Refill Pulse,pharmacy,True,,2026-08-18T07:43:20.334023+09:00
Refill Radar,pharmacy,True,,2026-08-18T07:43:20.334023+09:00
Refill Relay,pharmacy,True,,2026-08-18T07:43:20.334023+09:00
Refill Scope,pharmacy,True,,2026-08-18T07:43:20.334023+09:00
Refill Signal,pharmacy,True,,2026-08-18T07:43:20.334023+09:00
Refill Vault,pharmacy,True,,2026-08-18T07:43:20.334023+09:00
Refill Watch,pharmacy,True,,2026-08-18T07:43:20.334023+09:00
Refill Wave,pharmacy,True,,2026-08-18T07:43:20.334023+09:00
Refund Anchor,customer_support,True,,2026-08-18T07:43:20.334023+09:00
Refund Base,customer_support,True,,2026-08-18T07:43:20.334023+09:00
Refund Beacon,customer_support,True,,2026-08-18T07:43:20.334023+09:00
Refund Board,customer_support,True,,2026-08-18T07:43:20.334023+09:00
Refund Bridge,customer_support,True,,2026-08-18T07:43:20.334023+09:00
Refund Cascade,customer_support,True,,2026-08-18T07:43:20.334023+09:00
Refund Compass,customer_support,True,,2026-08-18T07:43:20.334023+09:00
Refund Core,customer_support,True,,2026-08-18T07:43:20.334023+09:00
Refund Deck,customer_support,True,,2026-08-18T07:43:20.334023+09:00
Refund Forge,customer_support,True,,2026-08-18T07:43:20.334023+09:00
Refund Frame,customer_support,True,,2026-08-18T07:43:20.334023+09:00
Refund Grid,customer_support,True,,2026-08-18T07:43:20.334023+09:00
Refund Ledger,customer_support,True,,2026-08-18T07:43:20.334023+09:00
Refund Lens,customer_support,True,,2026-08-18T07:43:20.334023+09:00
Refund Lock,customer_support,True,,2026-08-18T07:43:20.334023+09:00
Refund Loop,customer_support,True,,2026-08-18T07:43:20.334023+09:00
Refund Map,customer_support,True,,2026-08-18T07:43:20.334023+09:00
Refund Path,customer_support,True,,2026-08-18T07:43:20.334023+09:00
Refund Point,customer_support,True,,2026-08-18T07:43:20.334023+09:00
Refund Pulse,customer_support,True,,2026-08-18T07:43:20.334023+09:00
Refund Scope,customer_support,True,,2026-08-18T07:43:20.334023+09:00
Refund Signal,customer_support,True,,2026-08-18T07:43:20.334023+09:00
Refund Vault,finance,True,,2026-08-18T07:43:20.334023+09:00
Refund Watch,customer_support,True,,2026-08-18T07:43:20.334023+09:00
Refund Wave,customer_support,True,,2026-08-18T07:43:20.334023+09:00
Registration Base,events,True,,2026-08-18T07:43:20.334023+09:00
Registration Board,events,True,,2026-08-18T07:43:20.334023+09:00
Registration Center,events,True,,2026-08-18T07:43:20.334023+09:00
Registration Console,events,True,,2026-08-18T07:43:20.334023+09:00
Registration Core,events,True,,2026-08-18T07:43:20.334023+09:00
Registration Deck,events,True,,2026-08-18T07:43:20.334023+09:00
Registration Dial,events,True,,2026-08-18T07:43:20.334023+09:00
Registration Dock,events,True,,2026-08-18T07:43:20.334023+09:00
Registration Frame,events,True,,2026-08-18T07:43:20.334023+09:00
Registration Lab,events,True,,2026-08-18T07:43:20.334023+09:00
Registration Ledger,events,True,,2026-08-18T07:43:20.334023+09:00
Registration Lens,events,True,,2026-08-18T07:43:20.334023+09:00
Registration Lock,events,True,,2026-08-18T07:43:20.334023+09:00
Registration Map,events,True,,2026-08-18T07:43:20.334023+09:00
Registration Meter,events,True,,2026-08-18T07:43:20.334023+09:00
Registration Panel,events,True,,2026-08-18T07:43:20.334023+09:00
Registration Point,events,True,,2026-08-18T01:28:04.577831+09:00
Registration Portal,events,True,,2026-08-18T07:43:20.334023+09:00
Registration Route,events,True,,2026-08-18T07:43:20.334023+09:00
Registration Scale,events,True,,2026-08-18T07:43:20.334023+09:00
Registration Station,events,True,,2026-08-18T07:43:20.334023+09:00
Registration Studio,events,True,,2026-08-18T07:43:20.334023+09:00
Registration Terminal,events,False,"TITLE_UNCLEAR: Terminal only reads clearly for transportation/maritime_shipping/aviation/logistics, industry=events",2026-08-18T07:43:20.334023+09:00
Registration Zone,events,True,,2026-08-18T07:43:20.334023+09:00
Renewal Assistant,insurance,True,,2026-08-18T07:43:20.334023+09:00
Renewal Atlas,insurance,True,,2026-08-18T07:43:20.334023+09:00
Renewal Chain,insurance,True,,2026-08-18T07:43:20.334023+09:00
Renewal Dock,insurance,True,,2026-08-18T07:43:20.334023+09:00
Renewal Engine,insurance,True,,2026-08-18T07:43:20.334023+09:00
Renewal Gate,insurance,True,,2026-08-18T07:43:20.334023+09:00
Renewal Insight,insurance,True,,2026-08-18T07:43:20.334023+09:00
Renewal Keeper,insurance,True,,2026-08-18T07:43:20.334023+09:00
Renewal Manager,insurance,True,,2026-08-18T07:43:20.334023+09:00
Renewal Metrics,insurance,True,,2026-08-18T07:43:20.334023+09:00
Renewal Monitor,insurance,True,,2026-08-18T07:43:20.334023+09:00
Renewal Nexus,insurance,True,,2026-08-18T07:43:20.334023+09:00
Renewal Node,insurance,True,,2026-08-18T07:43:20.334023+09:00
Renewal Organizer,insurance,True,,2026-08-18T07:43:20.334023+09:00
Renewal Planner,insurance,True,,2026-08-18T07:43:20.334023+09:00
Renewal Rail,insurance,True,,2026-08-18T07:43:20.334023+09:00
Renewal Ring,insurance,False,"TITLE_UNCLEAR: Ring is abstract, no SaaS function is suggested (established prior batches)",2026-08-18T07:43:20.334023+09:00
Renewal Route,insurance,True,,2026-08-18T07:43:20.334023+09:00
Renewal Scale,insurance,True,,2026-08-18T07:43:20.334023+09:00
Renewal Scheduler,insurance,True,,2026-08-18T07:43:20.334023+09:00
Renewal Sentry,insurance,True,,2026-08-18T07:43:20.334023+09:00
Renewal Suite,insurance,True,,2026-08-18T07:43:20.334023+09:00
Renewal Trail,insurance,True,,2026-08-18T07:43:20.334023+09:00
Rent Assistant,real_estate,True,,2026-08-18T07:43:20.334023+09:00
Rent Atlas,real_estate,True,,2026-08-18T07:43:20.334023+09:00
Rent Chain,real_estate,True,,2026-08-18T07:43:20.334023+09:00
Rent Dock,real_estate,True,,2026-08-18T07:43:20.334023+09:00
Rent Engine,real_estate,True,,2026-08-18T07:43:20.334023+09:00
Rent Gate,real_estate,True,,2026-08-18T07:43:20.334023+09:00
Rent Insight,real_estate,True,,2026-08-18T07:43:20.334023+09:00
Rent Keeper,real_estate,True,,2026-08-18T07:43:20.334023+09:00
Rent Manager,real_estate,True,,2026-08-18T07:43:20.334023+09:00
Rent Meter,real_estate,True,,2026-08-18T07:43:20.334023+09:00
Rent Monitor,real_estate,True,,2026-08-18T07:43:20.334023+09:00
Rent Nexus,real_estate,True,,2026-08-18T07:43:20.334023+09:00
Rent Node,real_estate,True,,2026-08-18T07:43:20.334023+09:00
Rent Organizer,real_estate,True,,2026-08-18T07:43:20.334023+09:00
Rent Planner,real_estate,True,,2026-08-18T07:43:20.334023+09:00
Rent Rail,real_estate,True,,2026-08-18T07:43:20.334023+09:00
Rent Ring,real_estate,False,"TITLE_UNCLEAR: Ring is abstract, no SaaS function is suggested (established prior batches)",2026-08-18T07:43:20.334023+09:00
Rent Route,real_estate,True,,2026-08-18T07:43:20.334023+09:00
Rent Scale,real_estate,True,,2026-08-18T07:43:20.334023+09:00
Rent Scheduler,real_estate,True,,2026-08-18T07:43:20.334023+09:00
Rent Sentry,real_estate,True,,2026-08-18T07:43:20.334023+09:00
Rent Suite,real_estate,True,,2026-08-18T07:43:20.334023+09:00
Rent Trail,real_estate,True,,2026-08-18T07:43:20.334023+09:00
Requisition Base,recruiting,True,,2026-08-18T07:43:20.334023+09:00
Requisition Board,recruiting,True,,2026-08-18T07:43:20.334023+09:00
Requisition Center,recruiting,True,,2026-08-18T07:43:20.334023+09:00
Requisition Console,recruiting,True,,2026-08-18T07:43:20.334023+09:00
Requisition Core,recruiting,True,,2026-08-18T07:43:20.334023+09:00
Requisition Deck,recruiting,True,,2026-08-18T07:43:20.334023+09:00
Requisition Dial,recruiting,True,,2026-08-18T07:43:20.334023+09:00
Requisition Frame,recruiting,True,,2026-08-18T07:43:20.334023+09:00
Requisition Lab,recruiting,True,,2026-08-18T07:43:20.334023+09:00
Requisition Ledger,recruiting,True,,2026-08-18T07:43:20.334023+09:00
Requisition Lens,recruiting,True,,2026-08-18T07:43:20.334023+09:00
Requisition Lock,recruiting,True,,2026-08-18T07:43:20.334023+09:00
Requisition Map,recruiting,True,,2026-08-18T07:43:20.334023+09:00
Requisition Meter,recruiting,True,,2026-08-18T07:43:20.334023+09:00
Requisition Panel,recruiting,True,,2026-08-18T07:43:20.334023+09:00
Requisition Path,recruiting,True,,2026-08-18T07:43:20.334023+09:00
Requisition Point,recruiting,True,,2026-08-18T07:43:20.334023+09:00
Requisition Portal,recruiting,True,,2026-08-18T07:43:20.334023+09:00
Requisition Pulse,recruiting,True,,2026-08-18T07:43:20.334023+09:00
Requisition Station,recruiting,True,,2026-08-18T07:43:20.334023+09:00
Requisition Studio,recruiting,True,,2026-08-18T07:43:20.334023+09:00
Requisition Terminal,recruiting,False,"TITLE_UNCLEAR: Terminal only reads clearly for transportation/maritime_shipping/aviation/logistics, industry=recruiting",2026-08-18T07:43:20.334023+09:00
Requisition Wave,recruiting,True,,2026-08-18T07:43:20.334023+09:00
Requisition Zone,recruiting,True,,2026-08-18T07:43:20.334023+09:00
Reservation Anchor,hospitality,True,,2026-08-18T07:43:20.334023+09:00
Reservation Base,hospitality,True,,2026-08-18T07:43:20.334023+09:00
Reservation Beacon,hospitality,True,,2026-08-18T07:43:20.334023+09:00
Reservation Board,hospitality,True,,2026-08-18T07:43:20.334023+09:00
Reservation Bridge,hospitality,True,,2026-08-18T07:43:20.334023+09:00
Reservation Cascade,hospitality,True,,2026-08-18T07:43:20.334023+09:00
Reservation Compass,hospitality,True,,2026-08-18T07:43:20.334023+09:00
Reservation Core,hospitality,True,,2026-08-18T07:43:20.334023+09:00
Reservation Desk,food_service,True,,2026-08-18T07:43:20.334023+09:00
Reservation Forge,hospitality,True,,2026-08-18T07:43:20.334023+09:00
Reservation Frame,hospitality,True,,2026-08-18T07:43:20.334023+09:00
Reservation Grid,hospitality,True,,2026-08-18T07:43:20.334023+09:00
Reservation Hub,food_service,True,,2026-08-18T07:43:20.334023+09:00
Reservation Ledger,hospitality,True,,2026-08-18T07:43:20.334023+09:00
Reservation Lens,hospitality,True,,2026-08-18T07:43:20.334023+09:00
Reservation Lock,hospitality,True,,2026-08-18T07:43:20.334023+09:00
Reservation Loop,hospitality,True,,2026-08-18T07:43:20.334023+09:00
Reservation Map,hospitality,True,,2026-08-18T07:43:20.334023+09:00
Reservation Path,hospitality,True,,2026-08-18T07:43:20.334023+09:00
Reservation Pilot,food_service,True,,2026-08-18T07:43:20.334023+09:00
Reservation Point,hospitality,True,,2026-08-18T07:43:20.334023+09:00
Reservation Pulse,hospitality,True,,2026-08-18T07:43:20.334023+09:00
Reservation Radar,food_service,True,,2026-08-18T07:43:20.334023+09:00
Reservation Relay,food_service,True,,2026-08-18T07:43:20.334023+09:00
Reservation Scope,hospitality,True,,2026-08-18T07:43:20.334023+09:00
Reservation Signal,hospitality,True,,2026-08-18T07:43:20.334023+09:00
Reservation Vault,hospitality,True,,2026-08-18T01:28:04.577831+09:00
Reservation Watch,hospitality,True,,2026-08-18T07:43:20.334023+09:00
Reservation Wave,hospitality,True,,2026-08-18T07:43:20.334023+09:00
Reserve Base,mining,True,,2026-08-18T07:43:20.334023+09:00
Reserve Board,mining,True,,2026-08-18T07:43:20.334023+09:00
Reserve Center,mining,True,,2026-08-18T07:43:20.334023+09:00
Reserve Core,mining,True,,2026-08-18T07:43:20.334023+09:00
Reserve Deck,mining,True,,2026-08-18T07:43:20.334023+09:00
Reserve Frame,mining,True,,2026-08-18T07:43:20.334023+09:00
Reserve Grid,mining,True,,2026-08-18T07:43:20.334023+09:00
Reserve Lab,mining,True,,2026-08-18T07:43:20.334023+09:00
Reserve Ledger,mining,True,,2026-08-18T07:43:20.334023+09:00
Reserve Lens,mining,True,,2026-08-18T07:43:20.334023+09:00
Reserve Lock,mining,True,,2026-08-18T07:43:20.334023+09:00
Reserve Loop,mining,True,,2026-08-18T07:43:20.334023+09:00
Reserve Map,mining,True,,2026-08-18T07:43:20.334023+09:00
Reserve Path,mining,True,,2026-08-18T07:43:20.334023+09:00
Reserve Point,mining,True,,2026-08-18T07:43:20.334023+09:00
Reserve Pulse,mining,True,,2026-08-18T07:43:20.334023+09:00
Reserve Scope,mining,True,,2026-08-18T07:43:20.334023+09:00
Reserve Station,mining,True,,2026-08-18T07:43:20.334023+09:00
Reserve Studio,mining,True,,2026-08-18T07:43:20.334023+09:00
Reserve Terminal,mining,False,"TITLE_UNCLEAR: Terminal only reads clearly for transportation/maritime_shipping/aviation/logistics, industry=mining",2026-08-18T07:43:20.334023+09:00
Reserve Watch,mining,True,,2026-08-18T07:43:20.334023+09:00
Reserve Wave,mining,True,,2026-08-18T07:43:20.334023+09:00
Reserve Zone,mining,True,,2026-08-18T07:43:20.334023+09:00
Resident Board,senior_care,True,,2026-08-18T07:43:20.334023+09:00
Resident Center,senior_care,True,,2026-08-18T07:43:20.334023+09:00
Resident Chain,senior_care,True,,2026-08-18T07:43:20.334023+09:00
Resident Console,senior_care,True,,2026-08-18T07:43:20.334023+09:00
Resident Deck,senior_care,True,,2026-08-18T07:43:20.334023+09:00
Resident Dial,senior_care,True,,2026-08-18T07:43:20.334023+09:00
Resident Dock,senior_care,True,,2026-08-18T07:43:20.334023+09:00
Resident Gate,senior_care,True,,2026-08-18T07:43:20.334023+09:00
Resident Lab,senior_care,True,,2026-08-18T07:43:20.334023+09:00
Resident Ledger,senior_care,True,,2026-08-18T01:30:57.525706+09:00
Resident Meter,senior_care,True,,2026-08-18T07:43:20.334023+09:00
Resident Nexus,senior_care,True,,2026-08-18T07:43:20.334023+09:00
Resident Node,senior_care,True,,2026-08-18T07:43:20.334023+09:00
Resident Panel,senior_care,True,,2026-08-18T07:43:20.334023+09:00
Resident Portal,senior_care,True,,2026-08-18T07:43:20.334023+09:00
Resident Rail,senior_care,True,,2026-08-18T07:43:20.334023+09:00
Resident Ring,senior_care,False,"TITLE_UNCLEAR: Ring is abstract, no SaaS function is suggested (established prior batches)",2026-08-18T07:43:20.334023+09:00
Resident Route,senior_care,True,,2026-08-18T07:43:20.334023+09:00
Resident Scale,senior_care,True,,2026-08-18T07:43:20.334023+09:00
Resident Station,senior_care,True,,2026-08-18T07:43:20.334023+09:00
Resident Studio,senior_care,True,,2026-08-18T07:43:20.334023+09:00
Resident Terminal,senior_care,False,"TITLE_UNCLEAR: Terminal only reads clearly for transportation/maritime_shipping/aviation/logistics, industry=senior_care",2026-08-18T07:43:20.334023+09:00
Resident Trail,senior_care,True,,2026-08-18T07:43:20.334023+09:00
Resident Zone,senior_care,True,,2026-08-18T07:43:20.334023+09:00
Resolution Cockpit,customer_support,True,,2026-08-18T07:43:20.334023+09:00
Resolution Companion,customer_support,True,,2026-08-18T07:43:20.334023+09:00
Resolution Compass,customer_support,True,,2026-08-18T07:43:20.334023+09:00
Resolution Dashboard,customer_support,True,,2026-08-18T07:43:20.334023+09:00
Resolution Desk,customer_support,True,,2026-08-18T07:43:20.334023+09:00
Resolution Flow,customer_support,True,,2026-08-18T07:43:20.334023+09:00
Resolution Guard,customer_support,True,,2026-08-18T07:43:20.334023+09:00
Resolution Hub,customer_support,True,,2026-08-18T07:43:20.334023+09:00
Resolution Insight,customer_support,True,,2026-08-18T07:43:20.334023+09:00
Resolution Metrics,customer_support,True,,2026-08-18T07:43:20.334023+09:00
Resolution Monitor,customer_support,True,,2026-08-18T07:43:20.334023+09:00
Resolution Navigator,customer_support,True,,2026-08-18T07:43:20.334023+09:00
Resolution Ops,customer_support,True,,2026-08-18T07:43:20.334023+09:00
Resolution Organizer,customer_support,True,,2026-08-18T07:43:20.334023+09:00
Resolution Pilot,customer_support,True,,2026-08-18T07:43:20.334023+09:00
Resolution Planner,customer_support,True,,2026-08-18T07:43:20.334023+09:00
Resolution Radar,customer_support,True,,2026-08-18T07:43:20.334023+09:00
Resolution Register,customer_support,True,,2026-08-18T07:43:20.334023+09:00
Resolution Relay,customer_support,True,,2026-08-18T07:43:20.334023+09:00
Resolution Scheduler,customer_support,True,,2026-08-18T07:43:20.334023+09:00
Resolution Sync,customer_support,True,,2026-08-18T07:43:20.334023+09:00
Resolution Tracker,customer_support,True,,2026-08-18T07:43:20.334023+09:00
Resolution Vault,customer_support,True,,2026-08-18T07:43:20.334023+09:00
Response Atlas,customer_support,True,,2026-08-18T07:43:20.334023+09:00
Response Board,customer_support,True,,2026-08-18T07:43:20.334023+09:00
Response Center,customer_support,True,,2026-08-18T07:43:20.334023+09:00
Response Chain,customer_support,True,,2026-08-18T07:43:20.334023+09:00
Response Console,customer_support,True,,2026-08-18T07:43:20.334023+09:00
Response Deck,customer_support,True,,2026-08-18T07:43:20.334023+09:00
Response Dial,customer_support,True,,2026-08-18T07:43:20.334023+09:00
Response Dock,customer_support,True,,2026-08-18T07:43:20.334023+09:00
Response Gate,customer_support,True,,2026-08-18T07:43:20.334023+09:00
Response Lab,customer_support,True,,2026-08-18T07:43:20.334023+09:00
Response Meter,customer_support,True,,2026-08-18T07:43:20.334023+09:00
Response Nexus,customer_support,True,,2026-08-18T07:43:20.334023+09:00
Response Node,customer_support,True,,2026-08-18T07:43:20.334023+09:00
Response Panel,customer_support,True,,2026-08-18T07:43:20.334023+09:00
Response Portal,customer_support,True,,2026-08-18T07:43:20.334023+09:00
Response Rail,customer_support,True,,2026-08-18T07:43:20.334023+09:00
Response Ring,customer_support,False,"TITLE_UNCLEAR: Ring is abstract, no SaaS function is suggested (established prior batches)",2026-08-18T07:43:20.334023+09:00
Response Route,customer_support,True,,2026-08-18T07:43:20.334023+09:00
Response Scale,customer_support,True,,2026-08-18T07:43:20.334023+09:00
Response Station,customer_support,True,,2026-08-18T07:43:20.334023+09:00
Response Studio,customer_support,True,,2026-08-18T07:43:20.334023+09:00
Response Terminal,customer_support,False,"TITLE_UNCLEAR: Terminal only reads clearly for transportation/maritime_shipping/aviation/logistics, industry=customer_support",2026-08-18T07:43:20.334023+09:00
Response Trail,customer_support,True,,2026-08-18T07:43:20.334023+09:00
Response Zone,customer_support,True,,2026-08-18T07:43:20.334023+09:00
Restock Assistant,retail_ecommerce,True,,2026-08-18T07:43:20.334023+09:00
Restock Cockpit,retail_ecommerce,True,,2026-08-18T07:43:20.334023+09:00
Restock Companion,retail_ecommerce,True,,2026-08-18T07:43:20.334023+09:00
Restock Dashboard,retail_ecommerce,True,,2026-08-18T07:43:20.334023+09:00
Restock Desk,retail_ecommerce,True,,2026-08-18T07:43:20.334023+09:00
Restock Engine,retail_ecommerce,True,,2026-08-18T07:43:20.334023+09:00
Restock Flow,retail_ecommerce,True,,2026-08-18T07:43:20.334023+09:00
Restock Guard,retail_ecommerce,True,,2026-08-18T07:43:20.334023+09:00
Restock Hub,retail_ecommerce,True,,2026-08-18T07:43:20.334023+09:00
Restock Insight,retail_ecommerce,True,,2026-08-18T07:43:20.334023+09:00
Restock Manager,retail_ecommerce,True,,2026-08-18T07:43:20.334023+09:00
Restock Metrics,retail_ecommerce,True,,2026-08-18T07:43:20.334023+09:00
Restock Monitor,retail_ecommerce,True,,2026-08-18T07:43:20.334023+09:00
Restock Navigator,retail_ecommerce,True,,2026-08-18T07:43:20.334023+09:00
Restock Ops,retail_ecommerce,True,,2026-08-18T07:43:20.334023+09:00
Restock Organizer,retail_ecommerce,True,,2026-08-18T07:43:20.334023+09:00
Restock Pilot,retail_ecommerce,True,,2026-08-18T07:43:20.334023+09:00
Restock Planner,retail_ecommerce,True,,2026-08-18T07:43:20.334023+09:00
Restock Register,retail_ecommerce,True,,2026-08-18T07:43:20.334023+09:00
Restock Scheduler,retail_ecommerce,True,,2026-08-18T07:43:20.334023+09:00
Restock Suite,retail_ecommerce,True,,2026-08-18T07:43:20.334023+09:00
Restock Sync,retail_ecommerce,True,,2026-08-18T07:43:20.334023+09:00
Restock Tracker,retail_ecommerce,True,,2026-08-18T07:43:20.334023+09:00
Retail Assistant,salon_spa,True,,2026-08-18T07:43:20.334023+09:00
Retail Cockpit,salon_spa,True,,2026-08-18T07:43:20.334023+09:00
Retail Companion,salon_spa,True,,2026-08-18T07:43:20.334023+09:00
Retail Dashboard,salon_spa,True,,2026-08-18T07:43:20.334023+09:00
Retail Desk,salon_spa,True,,2026-08-18T07:43:20.334023+09:00
Retail Engine,salon_spa,True,,2026-08-18T07:43:20.334023+09:00
Retail Flow,salon_spa,True,,2026-08-18T07:43:20.334023+09:00
Retail Guard,salon_spa,True,,2026-08-18T07:43:20.334023+09:00
Retail Hub,salon_spa,True,,2026-08-18T07:43:20.334023+09:00
Retail Insight,salon_spa,True,,2026-08-18T07:43:20.334023+09:00
Retail Keeper,salon_spa,True,,2026-08-18T07:43:20.334023+09:00
Retail Manager,salon_spa,True,,2026-08-18T07:43:20.334023+09:00
Retail Metrics,salon_spa,True,,2026-08-18T07:43:20.334023+09:00
Retail Monitor,salon_spa,True,,2026-08-18T07:43:20.334023+09:00
Retail Navigator,salon_spa,True,,2026-08-18T07:43:20.334023+09:00
Retail Ops,salon_spa,True,,2026-08-18T07:43:20.334023+09:00
Retail Organizer,salon_spa,True,,2026-08-18T07:43:20.334023+09:00
Retail Pilot,salon_spa,True,,2026-08-18T07:43:20.334023+09:00
Retail Planner,salon_spa,True,,2026-08-18T07:43:20.334023+09:00
Retail Register,salon_spa,True,,2026-08-18T07:43:20.334023+09:00
Retail Scheduler,salon_spa,True,,2026-08-18T07:43:20.334023+09:00
Retail Suite,salon_spa,True,,2026-08-18T07:43:20.334023+09:00
Retail Sync,salon_spa,True,,2026-08-18T07:43:20.334023+09:00
Retail Tracker,salon_spa,True,,2026-08-18T07:43:20.334023+09:00
Retainer Anchor,legal,True,,2026-08-18T07:43:20.334023+09:00
Retainer Base,legal,True,,2026-08-18T07:43:20.334023+09:00
Retainer Beacon,legal,True,,2026-08-18T07:43:20.334023+09:00
Retainer Board,legal,True,,2026-08-18T07:43:20.334023+09:00
Retainer Bridge,legal,True,,2026-08-18T07:43:20.334023+09:00
Retainer Cascade,legal,True,,2026-08-18T07:43:20.334023+09:00
Retainer Compass,legal,True,,2026-08-18T07:43:20.334023+09:00
Retainer Core,legal,True,,2026-08-18T07:43:20.334023+09:00
Retainer Forge,legal,True,,2026-08-18T07:43:20.334023+09:00
Retainer Frame,legal,True,,2026-08-18T07:43:20.334023+09:00
Retainer Grid,legal,True,,2026-08-18T07:43:20.334023+09:00
Retainer Ledger,legal,True,,2026-08-18T07:43:20.334023+09:00
Retainer Lens,legal,True,,2026-08-18T07:43:20.334023+09:00
Retainer Lock,legal,True,,2026-08-18T07:43:20.334023+09:00
Retainer Loop,legal,True,,2026-08-18T07:43:20.334023+09:00
Retainer Map,legal,True,,2026-08-18T07:43:20.334023+09:00
Retainer Path,legal,True,,2026-08-18T07:43:20.334023+09:00
Retainer Point,legal,True,,2026-08-18T07:43:20.334023+09:00
Retainer Pulse,legal,True,,2026-08-18T07:43:20.334023+09:00
Retainer Scope,legal,True,,2026-08-18T07:43:20.334023+09:00
Retainer Signal,legal,True,,2026-08-18T07:43:20.334023+09:00
Retainer Watch,legal,True,,2026-08-18T07:43:20.334023+09:00
Retainer Wave,legal,True,,2026-08-18T07:43:20.334023+09:00
Retention Base,fitness_wellness,True,,2026-08-18T07:43:20.334023+09:00
Retention Board,fitness_wellness,True,,2026-08-18T07:43:20.334023+09:00
Retention Center,fitness_wellness,True,,2026-08-18T07:43:20.334023+09:00
Retention Console,fitness_wellness,True,,2026-08-18T07:43:20.334023+09:00
Retention Core,fitness_wellness,True,,2026-08-18T07:43:20.334023+09:00
Retention Deck,fitness_wellness,True,,2026-08-18T07:43:20.334023+09:00
Retention Dial,fitness_wellness,True,,2026-08-18T07:43:20.334023+09:00
Retention Dock,fitness_wellness,True,,2026-08-18T07:43:20.334023+09:00
Retention Frame,fitness_wellness,True,,2026-08-18T07:43:20.334023+09:00
Retention Lab,fitness_wellness,True,,2026-08-18T07:43:20.334023+09:00
Retention Ledger,fitness_wellness,True,,2026-08-18T07:43:20.334023+09:00
Retention Lens,fitness_wellness,True,,2026-08-18T07:43:20.334023+09:00
Retention Meter,fitness_wellness,True,,2026-08-18T07:43:20.334023+09:00
Retention Panel,fitness_wellness,True,,2026-08-18T07:43:20.334023+09:00
Retention Portal,fitness_wellness,True,,2026-08-18T07:43:20.334023+09:00
Retention Rail,fitness_wellness,True,,2026-08-18T07:43:20.334023+09:00
Retention Route,fitness_wellness,True,,2026-08-18T07:43:20.334023+09:00
Retention Scale,fitness_wellness,True,,2026-08-18T07:43:20.334023+09:00
Retention Station,fitness_wellness,True,,2026-08-18T07:43:20.334023+09:00
Retention Studio,fitness_wellness,True,,2026-08-18T07:43:20.334023+09:00
Retention Terminal,fitness_wellness,False,"TITLE_UNCLEAR: Terminal only reads clearly for transportation/maritime_shipping/aviation/logistics, industry=fitness_wellness",2026-08-18T07:43:20.334023+09:00
Retention Trail,fitness_wellness,True,,2026-08-18T07:43:20.334023+09:00
Retention Zone,fitness_wellness,True,,2026-08-18T07:43:20.334023+09:00
Return Assistant,retail_ecommerce,True,,2026-08-18T07:43:20.334023+09:00
Return Cockpit,retail_ecommerce,True,,2026-08-18T07:43:20.334023+09:00
Return Companion,retail_ecommerce,True,,2026-08-18T07:43:20.334023+09:00
Return Dashboard,retail_ecommerce,True,,2026-08-18T07:43:20.334023+09:00
Return Desk,retail_ecommerce,True,,2026-08-18T07:43:20.334023+09:00
Return Engine,retail_ecommerce,True,,2026-08-18T07:43:20.334023+09:00
Return Flow,retail_ecommerce,True,,2026-08-18T07:43:20.334023+09:00
Return Guard,retail_ecommerce,True,,2026-08-18T07:43:20.334023+09:00
Return Hub,retail_ecommerce,True,,2026-08-18T07:43:20.334023+09:00
Return Insight,retail_ecommerce,True,,2026-08-18T07:43:20.334023+09:00
Return Metrics,retail_ecommerce,True,,2026-08-18T07:43:20.334023+09:00
Return Monitor,retail_ecommerce,True,,2026-08-18T07:43:20.334023+09:00
Return Navigator,retail_ecommerce,True,,2026-08-18T07:43:20.334023+09:00
Return Ops,retail_ecommerce,True,,2026-08-18T07:43:20.334023+09:00
Return Organizer,retail_ecommerce,True,,2026-08-18T07:43:20.334023+09:00
Return Pilot,retail_ecommerce,True,,2026-08-18T07:43:20.334023+09:00
Return Planner,retail_ecommerce,True,,2026-08-18T07:43:20.334023+09:00
Return Radar,retail_ecommerce,True,,2026-08-18T07:43:20.334023+09:00
Return Register,retail_ecommerce,True,,2026-08-18T07:43:20.334023+09:00
Return Relay,retail_ecommerce,True,,2026-08-18T07:43:20.334023+09:00
Return Scheduler,retail_ecommerce,True,,2026-08-18T07:43:20.334023+09:00
Return Sync,retail_ecommerce,True,,2026-08-18T07:43:20.334023+09:00
Return Tracker,retail_ecommerce,True,,2026-08-18T07:43:20.334023+09:00
Return Vault,retail_ecommerce,True,,2026-08-18T07:43:20.334023+09:00
Review Base,hr_payroll,True,,2026-08-18T07:43:20.334023+09:00
Review Board,hr_payroll,True,,2026-08-18T07:43:20.334023+09:00
Review Center,hr_payroll,True,,2026-08-18T07:43:20.334023+09:00
Review Console,hr_payroll,True,,2026-08-18T07:43:20.334023+09:00
Review Core,hr_payroll,True,,2026-08-18T07:43:20.334023+09:00
Review Deck,hr_payroll,True,,2026-08-18T07:43:20.334023+09:00
Review Dial,hr_payroll,True,,2026-08-18T07:43:20.334023+09:00
Review Frame,hr_payroll,True,,2026-08-18T07:43:20.334023+09:00
Review Lab,hr_payroll,True,,2026-08-18T07:43:20.334023+09:00
Review Ledger,hr_payroll,True,,2026-08-18T07:43:20.334023+09:00
Review Lens,hr_payroll,True,,2026-08-18T07:43:20.334023+09:00
Review Lock,hr_payroll,True,,2026-08-18T07:43:20.334023+09:00
Review Map,hr_payroll,True,,2026-08-18T07:43:20.334023+09:00
Review Meter,hr_payroll,True,,2026-08-18T07:43:20.334023+09:00
Review Panel,hr_payroll,True,,2026-08-18T07:43:20.334023+09:00
Review Point,hr_payroll,True,,2026-08-18T07:43:20.334023+09:00
Review Portal,hr_payroll,True,,2026-08-18T07:43:20.334023+09:00
Review Route,hr_payroll,True,,2026-08-18T07:43:20.334023+09:00
Review Scale,hr_payroll,True,,2026-08-18T07:43:20.334023+09:00
Review Station,hr_payroll,True,,2026-08-18T07:43:20.334023+09:00
Review Studio,hr_payroll,True,,2026-08-18T07:43:20.334023+09:00
Review Terminal,hr_payroll,False,"TITLE_UNCLEAR: Terminal only reads clearly for transportation/maritime_shipping/aviation/logistics, industry=hr_payroll",2026-08-18T07:43:20.334023+09:00
Review Zone,hr_payroll,True,,2026-08-18T07:43:20.334023+09:00
Rider Assistant,insurance,True,,2026-08-18T07:43:20.334023+09:00
Rider Atlas,insurance,True,,2026-08-18T07:43:20.334023+09:00
Rider Cockpit,insurance,True,,2026-08-18T07:43:20.334023+09:00
Rider Companion,insurance,True,,2026-08-18T07:43:20.334023+09:00
Rider Dashboard,insurance,True,,2026-08-18T07:43:20.334023+09:00
Rider Engine,insurance,True,,2026-08-18T07:43:20.334023+09:00
Rider Flow,insurance,True,,2026-08-18T07:43:20.334023+09:00
Rider Guard,insurance,True,,2026-08-18T07:43:20.334023+09:00
Rider Insight,insurance,True,,2026-08-18T07:43:20.334023+09:00
Rider Keeper,insurance,True,,2026-08-18T07:43:20.334023+09:00
Rider Manager,insurance,True,,2026-08-18T07:43:20.334023+09:00
Rider Metrics,insurance,True,,2026-08-18T07:43:20.334023+09:00
Rider Monitor,insurance,True,,2026-08-18T07:43:20.334023+09:00
Rider Navigator,insurance,True,,2026-08-18T07:43:20.334023+09:00
Rider Ops,insurance,True,,2026-08-18T07:43:20.334023+09:00
Rider Organizer,insurance,True,,2026-08-18T07:43:20.334023+09:00
Rider Planner,insurance,True,,2026-08-18T07:43:20.334023+09:00
Rider Register,insurance,True,,2026-08-18T07:43:20.334023+09:00
Rider Scheduler,insurance,True,,2026-08-18T07:43:20.334023+09:00
Rider Sentry,insurance,True,,2026-08-18T07:43:20.334023+09:00
Rider Suite,insurance,True,,2026-08-18T07:43:20.334023+09:00
Rider Sync,insurance,True,,2026-08-18T07:43:20.334023+09:00
Rider Tracker,insurance,True,,2026-08-18T07:43:20.334023+09:00
Rights Base,media_publishing,True,,2026-08-18T07:43:20.334023+09:00
Rights Board,media_publishing,True,,2026-08-18T07:43:20.334023+09:00
Rights Center,media_publishing,True,,2026-08-18T07:43:20.334023+09:00
Rights Console,media_publishing,True,,2026-08-18T07:43:20.334023+09:00
Rights Core,media_publishing,True,,2026-08-18T07:43:20.334023+09:00
Rights Deck,media_publishing,True,,2026-08-18T07:43:20.334023+09:00
Rights Dial,media_publishing,True,,2026-08-18T07:43:20.334023+09:00
Rights Dock,media_publishing,True,,2026-08-18T07:43:20.334023+09:00
Rights Frame,media_publishing,True,,2026-08-18T07:43:20.334023+09:00
Rights Lab,media_publishing,True,,2026-08-18T07:43:20.334023+09:00
Rights Ledger,media_publishing,True,,2026-08-18T07:43:20.334023+09:00
Rights Lens,media_publishing,True,,2026-08-18T07:43:20.334023+09:00
Rights Lock,media_publishing,True,,2026-08-18T07:43:20.334023+09:00
Rights Map,media_publishing,True,,2026-08-18T07:43:20.334023+09:00
Rights Meter,media_publishing,True,,2026-08-18T07:43:20.334023+09:00
Rights Panel,media_publishing,True,,2026-08-18T07:43:20.334023+09:00
Rights Portal,media_publishing,True,,2026-08-18T07:43:20.334023+09:00
Rights Route,media_publishing,True,,2026-08-18T07:43:20.334023+09:00
Rights Scale,media_publishing,True,,2026-08-18T07:43:20.334023+09:00
Rights Station,media_publishing,True,,2026-08-18T07:43:20.334023+09:00
Rights Studio,media_publishing,True,,2026-08-18T07:43:20.334023+09:00
Rights Terminal,media_publishing,False,"TITLE_UNCLEAR: Terminal only reads clearly for transportation/maritime_shipping/aviation/logistics, industry=media_publishing",2026-08-18T07:43:20.334023+09:00
Rights Zone,media_publishing,True,,2026-08-18T07:43:20.334023+09:00
Roaming Anchor,telecom,True,,2026-08-18T07:43:20.334023+09:00
Roaming Base,telecom,True,,2026-08-18T07:43:20.334023+09:00
Roaming Beacon,telecom,True,,2026-08-18T07:43:20.334023+09:00
Roaming Bridge,telecom,True,,2026-08-18T07:43:20.334023+09:00
Roaming Cascade,telecom,True,,2026-08-18T07:43:20.334023+09:00
Roaming Compass,telecom,True,,2026-08-18T07:43:20.334023+09:00
Roaming Core,telecom,True,,2026-08-18T07:43:20.334023+09:00
Roaming Forge,telecom,True,,2026-08-18T07:43:20.334023+09:00
Roaming Frame,telecom,True,,2026-08-18T07:43:20.334023+09:00
Roaming Grid,telecom,True,,2026-08-18T07:43:20.334023+09:00
Roaming Lens,telecom,True,,2026-08-18T07:43:20.334023+09:00
Roaming Lock,telecom,True,,2026-08-18T07:43:20.334023+09:00
Roaming Loop,telecom,True,,2026-08-18T07:43:20.334023+09:00
Roaming Map,telecom,True,,2026-08-18T07:43:20.334023+09:00
Roaming Path,telecom,True,,2026-08-18T07:43:20.334023+09:00
Roaming Point,telecom,True,,2026-08-18T07:43:20.334023+09:00
Roaming Pulse,telecom,True,,2026-08-18T07:43:20.334023+09:00
Roaming Radar,telecom,True,,2026-08-18T07:43:20.334023+09:00
Roaming Relay,telecom,True,,2026-08-18T07:43:20.334023+09:00
Roaming Scope,telecom,True,,2026-08-18T07:43:20.334023+09:00
Roaming Signal,telecom,True,,2026-08-18T07:43:20.334023+09:00
Roaming Vault,telecom,True,,2026-08-18T07:43:20.334023+09:00
Roaming Watch,telecom,True,,2026-08-18T07:43:20.334023+09:00
Roaming Wave,telecom,True,,2026-08-18T07:43:20.334023+09:00
Rollback Assistant,it_devops,True,,2026-08-18T07:43:20.334023+09:00
Rollback Atlas,it_devops,True,,2026-08-18T07:43:20.334023+09:00
Rollback Cockpit,it_devops,True,,2026-08-18T07:43:20.334023+09:00
Rollback Companion,it_devops,True,,2026-08-18T07:43:20.334023+09:00
Rollback Dashboard,it_devops,True,,2026-08-18T07:43:20.334023+09:00
Rollback Engine,it_devops,True,,2026-08-18T07:43:20.334023+09:00
Rollback Gate,it_devops,True,,2026-08-18T07:43:20.334023+09:00
Rollback Guard,it_devops,True,,2026-08-18T07:43:20.334023+09:00
Rollback Insight,it_devops,True,,2026-08-18T07:43:20.334023+09:00
Rollback Keeper,it_devops,True,,2026-08-18T07:43:20.334023+09:00
Rollback Manager,it_devops,True,,2026-08-18T07:43:20.334023+09:00
Rollback Metrics,it_devops,True,,2026-08-18T07:43:20.334023+09:00
Rollback Monitor,it_devops,True,,2026-08-18T07:43:20.334023+09:00
Rollback Navigator,it_devops,True,,2026-08-18T07:43:20.334023+09:00
Rollback Nexus,it_devops,True,,2026-08-18T07:43:20.334023+09:00
Rollback Node,it_devops,True,,2026-08-18T07:43:20.334023+09:00
Rollback Ops,it_devops,True,,2026-08-18T07:43:20.334023+09:00
Rollback Organizer,it_devops,True,,2026-08-18T07:43:20.334023+09:00
Rollback Planner,it_devops,True,,2026-08-18T07:43:20.334023+09:00
Rollback Register,it_devops,True,,2026-08-18T07:43:20.334023+09:00
Rollback Ring,it_devops,False,"TITLE_UNCLEAR: Ring is abstract, no SaaS function is suggested (established prior batches)",2026-08-18T07:43:20.334023+09:00
Rollback Scheduler,it_devops,True,,2026-08-18T07:43:20.334023+09:00
Rollback Sentry,it_devops,True,,2026-08-18T07:43:20.334023+09:00
Rollback Suite,it_devops,True,,2026-08-18T07:43:20.334023+09:00
Roster Assistant,hr_payroll,True,,2026-08-18T07:43:20.334023+09:00
Roster Cockpit,hr_payroll,True,,2026-08-18T07:43:20.334023+09:00
Roster Companion,hr_payroll,True,,2026-08-18T07:43:20.334023+09:00
Roster Dashboard,hr_payroll,True,,2026-08-18T07:43:20.334023+09:00
Roster Desk,hr_payroll,True,,2026-08-18T07:43:20.334023+09:00
Roster Engine,hr_payroll,True,,2026-08-18T07:43:20.334023+09:00
Roster Flow,hr_payroll,True,,2026-08-18T07:43:20.334023+09:00
Roster Guard,hr_payroll,True,,2026-08-18T07:43:20.334023+09:00
Roster Hub,hr_payroll,True,,2026-08-18T07:43:20.334023+09:00
Roster Insight,hr_payroll,True,,2026-08-18T07:43:20.334023+09:00
Roster Manager,hr_payroll,True,,2026-08-18T07:43:20.334023+09:00
Roster Metrics,hr_payroll,True,,2026-08-18T07:43:20.334023+09:00
Roster Monitor,hr_payroll,True,,2026-08-18T07:43:20.334023+09:00
Roster Navigator,hr_payroll,True,,2026-08-18T07:43:20.334023+09:00
Roster Ops,hr_payroll,True,,2026-08-18T07:43:20.334023+09:00
Roster Organizer,hr_payroll,True,,2026-08-18T07:43:20.334023+09:00
Roster Pilot,hr_payroll,True,,2026-08-18T07:43:20.334023+09:00
Roster Planner,hr_payroll,True,,2026-08-18T07:43:20.334023+09:00
Roster Radar,hr_payroll,True,,2026-08-18T07:43:20.334023+09:00
Roster Register,hr_payroll,True,,2026-08-18T07:43:20.334023+09:00
Roster Scheduler,hr_payroll,True,,2026-08-18T07:43:20.334023+09:00
Roster Suite,hr_payroll,True,,2026-08-18T07:43:20.334023+09:00
Roster Sync,hr_payroll,True,,2026-08-18T07:43:20.334023+09:00
Roster Tracker,hr_payroll,True,,2026-08-18T07:43:20.334023+09:00
Rotation Cockpit,agriculture,True,,2026-08-18T07:43:20.334023+09:00
Rotation Companion,agriculture,True,,2026-08-18T07:43:20.334023+09:00
Rotation Compass,agriculture,True,,2026-08-18T07:43:20.334023+09:00
Rotation Dashboard,agriculture,True,,2026-08-18T07:43:20.334023+09:00
Rotation Desk,agriculture,True,,2026-08-18T07:43:20.334023+09:00
Rotation Flow,agriculture,True,,2026-08-18T07:43:20.334023+09:00
Rotation Guard,agriculture,True,,2026-08-18T07:43:20.334023+09:00
Rotation Hub,agriculture,True,,2026-08-18T07:43:20.334023+09:00
Rotation Insight,agriculture,True,,2026-08-18T07:43:20.334023+09:00
Rotation Metrics,agriculture,True,,2026-08-18T07:43:20.334023+09:00
Rotation Monitor,agriculture,True,,2026-08-18T07:43:20.334023+09:00
Rotation Navigator,agriculture,True,,2026-08-18T07:43:20.334023+09:00
Rotation Ops,agriculture,True,,2026-08-18T07:43:20.334023+09:00
Rotation Organizer,agriculture,True,,2026-08-18T07:43:20.334023+09:00
Rotation Pilot,agriculture,True,,2026-08-18T07:43:20.334023+09:00
Rotation Planner,agriculture,True,,2026-08-18T07:43:20.334023+09:00
Rotation Radar,agriculture,True,,2026-08-18T07:43:20.334023+09:00
Rotation Register,agriculture,True,,2026-08-18T07:43:20.334023+09:00
Rotation Relay,agriculture,True,,2026-08-18T07:43:20.334023+09:00
Rotation Scheduler,agriculture,True,,2026-08-18T07:43:20.334023+09:00
Rotation Sync,agriculture,True,,2026-08-18T07:43:20.334023+09:00
Rotation Tracker,agriculture,True,,2026-08-18T07:43:20.334023+09:00
Rotation Vault,agriculture,True,,2026-08-18T07:43:20.334023+09:00
Route Anchor,logistics,True,,2026-08-18T07:43:20.334023+09:00
Route Assistant,laundry_dry_cleaning,True,,2026-08-18T07:43:20.334023+09:00
Route Atlas,laundry_dry_cleaning,True,,2026-08-18T07:43:20.334023+09:00
Route Base,transportation,True,,2026-08-18T07:43:20.334023+09:00
Route Beacon,logistics,True,,2026-08-18T07:43:20.334023+09:00
Route Board,pest_control,True,,2026-08-18T01:30:57.525706+09:00
Route Bridge,logistics,True,,2026-08-18T07:43:20.334023+09:00
Route Cascade,logistics,True,,2026-08-18T07:43:20.334023+09:00
Route Center,cleaning_services,True,,2026-08-18T07:43:20.334023+09:00
Route Chain,laundry_dry_cleaning,True,,2026-08-18T07:43:20.334023+09:00
Route Cockpit,laundry_dry_cleaning,True,,2026-08-18T07:43:20.334023+09:00
Route Compass,logistics,True,,2026-08-18T07:43:20.334023+09:00
Route Console,cleaning_services,True,,2026-08-18T07:43:20.334023+09:00
Route Core,transportation,True,,2026-08-18T07:43:20.334023+09:00
Route Deck,landscaping,True,,2026-08-18T01:30:57.525706+09:00
Route Desk,logistics,True,,2026-08-18T07:43:20.334023+09:00
Route Dial,cleaning_services,True,,2026-08-18T07:43:20.334023+09:00
Route Dock,laundry_dry_cleaning,True,,2026-08-18T07:43:20.334023+09:00
Route Engine,laundry_dry_cleaning,True,,2026-08-18T07:43:20.334023+09:00
Route Flow,logistics,True,,2026-08-18T07:43:20.334023+09:00
Route Forge,logistics,True,,2026-08-18T07:43:20.334023+09:00
Route Frame,transportation,True,,2026-08-18T07:43:20.334023+09:00
Route Gate,laundry_dry_cleaning,True,,2026-08-18T07:43:20.334023+09:00
Route Grid,transportation,False,SEMANTIC_DUPLICATE: Route Grid - both words are in the Grid/Ledger/Meter/Route/Terminal family,2026-08-18T07:43:20.334023+09:00
Route Hub,logistics,True,,2026-08-18T07:43:20.334023+09:00
Route Insight,laundry_dry_cleaning,True,,2026-08-18T07:43:20.334023+09:00
Route Keeper,laundry_dry_cleaning,True,,2026-08-18T07:43:20.334023+09:00
Route Lab,cleaning_services,True,,2026-08-18T07:43:20.334023+09:00
Route Ledger,transportation,False,SEMANTIC_DUPLICATE: Route Ledger - both words are in the Grid/Ledger/Meter/Route/Terminal family,2026-08-18T07:43:20.334023+09:00
Route Lens,transportation,True,,2026-08-18T07:43:20.334023+09:00
Route Lock,transportation,True,,2026-08-18T07:43:20.334023+09:00
Route Loop,transportation,True,,2026-08-18T07:43:20.334023+09:00
Route Manager,laundry_dry_cleaning,True,,2026-08-18T07:43:20.334023+09:00
Route Map,transportation,True,,2026-08-18T07:43:20.334023+09:00
Route Meter,cleaning_services,False,SEMANTIC_DUPLICATE: Route Meter - both words are in the Grid/Ledger/Meter/Route/Terminal family,2026-08-18T07:43:20.334023+09:00
Route Metrics,laundry_dry_cleaning,True,,2026-08-18T07:43:20.334023+09:00
Route Monitor,laundry_dry_cleaning,True,,2026-08-18T07:43:20.334023+09:00
Route Nexus,laundry_dry_cleaning,True,,2026-08-18T07:43:20.334023+09:00
Route Node,laundry_dry_cleaning,True,,2026-08-18T07:43:20.334023+09:00
Route Organizer,laundry_dry_cleaning,True,,2026-08-18T07:43:20.334023+09:00
Route Panel,cleaning_services,True,,2026-08-18T07:43:20.334023+09:00
Route Path,transportation,True,,2026-08-18T07:43:20.334023+09:00
Route Pilot,logistics,True,,2026-08-18T07:43:20.334023+09:00
Route Planner,laundry_dry_cleaning,True,,2026-08-18T07:43:20.334023+09:00
Route Point,transportation,True,,2026-08-18T07:43:20.334023+09:00
Route Portal,cleaning_services,True,,2026-08-18T07:43:20.334023+09:00
Route Pulse,transportation,True,,2026-08-18T07:43:20.334023+09:00
Route Radar,logistics,True,,2026-08-18T07:43:20.334023+09:00
Route Rail,laundry_dry_cleaning,True,,2026-08-18T07:43:20.334023+09:00
Route Relay,logistics,True,,2026-08-18T07:43:20.334023+09:00
Route Ring,laundry_dry_cleaning,False,"TITLE_UNCLEAR: Ring is abstract, no SaaS function is suggested (established prior batches)",2026-08-18T07:43:20.334023+09:00
Route Scale,laundry_dry_cleaning,True,,2026-08-18T07:43:20.334023+09:00
Route Scheduler,laundry_dry_cleaning,True,,2026-08-18T07:43:20.334023+09:00
Route Scope,transportation,True,,2026-08-18T01:28:04.577831+09:00
Route Sentry,laundry_dry_cleaning,True,,2026-08-18T07:43:20.334023+09:00
Route Signal,logistics,True,,2026-08-18T07:43:20.334023+09:00
Route Station,cleaning_services,True,,2026-08-18T07:43:20.334023+09:00
Route Studio,cleaning_services,False,Studio는 창작/제작 워크스페이스를 연상시켜 경로/현장서비스 관리 도구라는 의미가 불명확함,2026-08-18T01:30:57.525706+09:00
Route Suite,laundry_dry_cleaning,True,,2026-08-18T07:43:20.334023+09:00
Route Sync,logistics,True,,2026-08-18T07:43:20.334023+09:00
Route Terminal,cleaning_services,False,"TITLE_UNCLEAR: Terminal only reads clearly for transportation/maritime_shipping/aviation/logistics, industry=cleaning_services",2026-08-18T07:43:20.334023+09:00
Route Tracker,logistics,True,,2026-08-18T07:43:20.334023+09:00
Route Trail,laundry_dry_cleaning,True,,2026-08-18T07:43:20.334023+09:00
Route Vault,logistics,True,,2026-08-18T07:43:20.334023+09:00
Route Watch,logistics,True,,2026-08-18T07:43:20.334023+09:00
Route Wave,transportation,True,,2026-08-18T07:43:20.334023+09:00
Route Zone,cleaning_services,True,,2026-08-18T07:43:20.334023+09:00
Royalty Base,media_publishing,True,,2026-08-18T07:43:20.334023+09:00
Royalty Board,media_publishing,True,,2026-08-18T07:43:20.334023+09:00
Royalty Center,media_publishing,True,,2026-08-18T07:43:20.334023+09:00
Royalty Chain,media_publishing,True,,2026-08-18T07:43:20.334023+09:00
Royalty Console,media_publishing,True,,2026-08-18T07:43:20.334023+09:00
Royalty Core,media_publishing,True,,2026-08-18T07:43:20.334023+09:00
Royalty Deck,media_publishing,True,,2026-08-18T07:43:20.334023+09:00
Royalty Dial,media_publishing,True,,2026-08-18T07:43:20.334023+09:00
Royalty Dock,media_publishing,True,,2026-08-18T07:43:20.334023+09:00
Royalty Frame,media_publishing,True,,2026-08-18T07:43:20.334023+09:00
Royalty Lab,media_publishing,True,,2026-08-18T07:43:20.334023+09:00
Royalty Ledger,media_publishing,True,,2026-08-18T07:43:20.334023+09:00
Royalty Lens,media_publishing,True,,2026-08-18T07:43:20.334023+09:00
Royalty Meter,media_publishing,True,,2026-08-18T07:43:20.334023+09:00
Royalty Panel,media_publishing,True,,2026-08-18T07:43:20.334023+09:00
Royalty Portal,media_publishing,True,,2026-08-18T07:43:20.334023+09:00
Royalty Rail,media_publishing,True,,2026-08-18T07:43:20.334023+09:00
Royalty Route,media_publishing,True,,2026-08-18T07:43:20.334023+09:00
Royalty Scale,media_publishing,True,,2026-08-18T07:43:20.334023+09:00
Royalty Station,media_publishing,True,,2026-08-18T07:43:20.334023+09:00
Royalty Studio,media_publishing,True,,2026-08-18T07:43:20.334023+09:00
Royalty Terminal,media_publishing,False,"TITLE_UNCLEAR: Terminal only reads clearly for transportation/maritime_shipping/aviation/logistics, industry=media_publishing",2026-08-18T07:43:20.334023+09:00
Royalty Trail,media_publishing,True,,2026-08-18T07:43:20.334023+09:00
Royalty Zone,media_publishing,True,,2026-08-18T07:43:20.334023+09:00
Runbook Assistant,it_devops,True,,2026-08-18T07:43:20.334023+09:00
Runbook Atlas,it_devops,True,,2026-08-18T07:43:20.334023+09:00
Runbook Chain,it_devops,True,,2026-08-18T07:43:20.334023+09:00
Runbook Console,it_devops,True,,2026-08-18T07:43:20.334023+09:00
Runbook Dial,it_devops,True,,2026-08-18T07:43:20.334023+09:00
Runbook Dock,it_devops,True,,2026-08-18T07:43:20.334023+09:00
Runbook Engine,it_devops,True,,2026-08-18T07:43:20.334023+09:00
Runbook Gate,it_devops,True,,2026-08-18T07:43:20.334023+09:00
Runbook Keeper,it_devops,True,,2026-08-18T07:43:20.334023+09:00
Runbook Manager,it_devops,True,,2026-08-18T07:43:20.334023+09:00
Runbook Meter,it_devops,True,,2026-08-18T07:43:20.334023+09:00
Runbook Nexus,it_devops,True,,2026-08-18T07:43:20.334023+09:00
Runbook Node,it_devops,True,,2026-08-18T07:43:20.334023+09:00
Runbook Panel,it_devops,True,,2026-08-18T07:43:20.334023+09:00
Runbook Portal,it_devops,True,,2026-08-18T07:43:20.334023+09:00
Runbook Rail,it_devops,True,,2026-08-18T07:43:20.334023+09:00
Runbook Ring,it_devops,False,"TITLE_UNCLEAR: Ring is abstract, no SaaS function is suggested (established prior batches)",2026-08-18T07:43:20.334023+09:00
Runbook Route,it_devops,True,,2026-08-18T07:43:20.334023+09:00
Runbook Scale,it_devops,True,,2026-08-18T07:43:20.334023+09:00
Runbook Sentry,it_devops,True,,2026-08-18T07:43:20.334023+09:00
Runbook Suite,it_devops,True,,2026-08-18T07:43:20.334023+09:00
Runbook Trail,it_devops,True,,2026-08-18T07:43:20.334023+09:00
Runbook Zone,it_devops,True,,2026-08-18T07:43:20.334023+09:00
Safety Base,mining,True,,2026-08-18T07:43:20.334023+09:00
Safety Board,mining,True,,2026-08-18T07:43:20.334023+09:00
Safety Center,mining,True,,2026-08-18T07:43:20.334023+09:00
Safety Console,mining,True,,2026-08-18T07:43:20.334023+09:00
Safety Core,mining,True,,2026-08-18T07:43:20.334023+09:00
Safety Deck,mining,True,,2026-08-18T07:43:20.334023+09:00
Safety Frame,mining,True,,2026-08-18T07:43:20.334023+09:00
Safety Grid,mining,True,,2026-08-18T07:43:20.334023+09:00
Safety Lab,mining,True,,2026-08-18T07:43:20.334023+09:00
Safety Ledger,mining,True,,2026-08-18T07:43:20.334023+09:00
Safety Lens,mining,True,,2026-08-18T07:43:20.334023+09:00
Safety Lock,mining,True,,2026-08-18T07:43:20.334023+09:00
Safety Loop,mining,True,,2026-08-18T07:43:20.334023+09:00
Safety Map,mining,True,,2026-08-18T07:43:20.334023+09:00
Safety Panel,mining,True,,2026-08-18T07:43:20.334023+09:00
Safety Path,mining,True,,2026-08-18T07:43:20.334023+09:00
Safety Point,mining,True,,2026-08-18T07:43:20.334023+09:00
Safety Portal,mining,True,,2026-08-18T07:43:20.334023+09:00
Safety Pulse,mining,True,,2026-08-18T07:43:20.334023+09:00
Safety Station,mining,True,,2026-08-18T07:43:20.334023+09:00
Safety Studio,mining,True,,2026-08-18T07:43:20.334023+09:00
Safety Terminal,mining,False,"TITLE_UNCLEAR: Terminal only reads clearly for transportation/maritime_shipping/aviation/logistics, industry=mining",2026-08-18T07:43:20.334023+09:00
Safety Wave,mining,True,,2026-08-18T07:43:20.334023+09:00
Safety Zone,mining,True,,2026-08-18T07:43:20.334023+09:00
Satisfaction Anchor,customer_support,True,,2026-08-18T07:43:20.334023+09:00
Satisfaction Beacon,customer_support,True,,2026-08-18T07:43:20.334023+09:00
Satisfaction Bridge,customer_support,True,,2026-08-18T07:43:20.334023+09:00
Satisfaction Cascade,customer_support,True,,2026-08-18T07:43:20.334023+09:00
Satisfaction Compass,customer_support,True,,2026-08-18T07:43:20.334023+09:00
Satisfaction Desk,customer_support,True,,2026-08-18T07:43:20.334023+09:00
Satisfaction Flow,customer_support,True,,2026-08-18T07:43:20.334023+09:00
Satisfaction Forge,customer_support,True,,2026-08-18T07:43:20.334023+09:00
Satisfaction Grid,customer_support,True,,2026-08-18T07:43:20.334023+09:00
Satisfaction Guard,customer_support,True,,2026-08-18T07:43:20.334023+09:00
Satisfaction Hub,customer_support,True,,2026-08-18T07:43:20.334023+09:00
Satisfaction Loop,customer_support,True,,2026-08-18T07:43:20.334023+09:00
Satisfaction Path,customer_support,True,,2026-08-18T07:43:20.334023+09:00
Satisfaction Pilot,customer_support,True,,2026-08-18T07:43:20.334023+09:00
Satisfaction Pulse,customer_support,True,,2026-08-18T07:43:20.334023+09:00
Satisfaction Radar,customer_support,True,,2026-08-18T07:43:20.334023+09:00
Satisfaction Relay,customer_support,True,,2026-08-18T07:43:20.334023+09:00
Satisfaction Scope,customer_support,True,,2026-08-18T07:43:20.334023+09:00
Satisfaction Signal,customer_support,True,,2026-08-18T07:43:20.334023+09:00
Satisfaction Sync,customer_support,True,,2026-08-18T07:43:20.334023+09:00
Satisfaction Tracker,customer_support,True,,2026-08-18T07:43:20.334023+09:00
Satisfaction Vault,customer_support,True,,2026-08-18T07:43:20.334023+09:00
Satisfaction Watch,customer_support,True,,2026-08-18T07:43:20.334023+09:00
Satisfaction Wave,customer_support,True,,2026-08-18T07:43:20.334023+09:00
Schedule Anchor,salon_spa,True,,2026-08-18T07:43:20.334023+09:00
Schedule Assistant,fitness_wellness,True,,2026-08-18T07:43:20.334023+09:00
Schedule Base,salon_spa,True,,2026-08-18T07:43:20.334023+09:00
Schedule Beacon,aviation,True,,2026-08-18T07:43:20.334023+09:00
Schedule Board,salon_spa,True,,2026-08-18T07:43:20.334023+09:00
Schedule Bridge,salon_spa,True,,2026-08-18T07:43:20.334023+09:00
Schedule Cascade,salon_spa,True,,2026-08-18T07:43:20.334023+09:00
Schedule Cockpit,transportation,True,,2026-08-18T07:43:20.334023+09:00
Schedule Companion,transportation,True,,2026-08-18T07:43:20.334023+09:00
Schedule Compass,aviation,True,,2026-08-18T07:43:20.334023+09:00
Schedule Core,salon_spa,True,,2026-08-18T07:43:20.334023+09:00
Schedule Dashboard,transportation,True,,2026-08-18T07:43:20.334023+09:00
Schedule Deck,salon_spa,True,,2026-08-18T07:43:20.334023+09:00
Schedule Desk,aviation,True,,2026-08-18T07:43:20.334023+09:00
Schedule Engine,fitness_wellness,True,,2026-08-18T07:43:20.334023+09:00
Schedule Flow,transportation,True,,2026-08-18T07:43:20.334023+09:00
Schedule Forge,aviation,True,,2026-08-18T07:43:20.334023+09:00
Schedule Frame,salon_spa,True,,2026-08-18T07:43:20.334023+09:00
Schedule Grid,salon_spa,True,,2026-08-18T07:43:20.334023+09:00
Schedule Guard,transportation,True,,2026-08-18T07:43:20.334023+09:00
Schedule Hub,transportation,True,,2026-08-18T07:43:20.334023+09:00
Schedule Insight,cleaning_services,True,,2026-08-18T07:43:20.334023+09:00
Schedule Lab,salon_spa,True,,2026-08-18T07:43:20.334023+09:00
Schedule Ledger,salon_spa,True,,2026-08-18T07:43:20.334023+09:00
Schedule Lens,salon_spa,True,,2026-08-18T07:43:20.334023+09:00
Schedule Lock,salon_spa,True,,2026-08-18T07:43:20.334023+09:00
Schedule Loop,salon_spa,True,,2026-08-18T07:43:20.334023+09:00
Schedule Map,salon_spa,True,,2026-08-18T07:43:20.334023+09:00
Schedule Metrics,cleaning_services,True,,2026-08-18T07:43:20.334023+09:00
Schedule Monitor,cleaning_services,True,,2026-08-18T07:43:20.334023+09:00
Schedule Navigator,transportation,True,,2026-08-18T07:43:20.334023+09:00
Schedule Ops,transportation,True,,2026-08-18T07:43:20.334023+09:00
Schedule Organizer,cleaning_services,True,,2026-08-18T07:43:20.334023+09:00
Schedule Path,salon_spa,True,,2026-08-18T07:43:20.334023+09:00
Schedule Pilot,transportation,True,,2026-08-18T07:43:20.334023+09:00
Schedule Planner,fitness_wellness,True,,2026-08-18T07:43:20.334023+09:00
Schedule Point,salon_spa,True,,2026-08-18T07:43:20.334023+09:00
Schedule Pulse,salon_spa,True,,2026-08-18T07:43:20.334023+09:00
Schedule Radar,aviation,True,,2026-08-18T07:43:20.334023+09:00
Schedule Register,transportation,True,,2026-08-18T07:43:20.334023+09:00
Schedule Relay,aviation,True,,2026-08-18T07:43:20.334023+09:00
Schedule Scheduler,fitness_wellness,True,,2026-08-18T07:43:20.334023+09:00
Schedule Scope,salon_spa,True,,2026-08-18T07:43:20.334023+09:00
Schedule Signal,salon_spa,True,,2026-08-18T07:43:20.334023+09:00
Schedule Studio,salon_spa,True,,2026-08-18T07:43:20.334023+09:00
Schedule Suite,fitness_wellness,True,,2026-08-18T07:43:20.334023+09:00
Schedule Sync,transportation,True,,2026-08-18T07:43:20.334023+09:00
Schedule Tracker,transportation,True,,2026-08-18T07:43:20.334023+09:00
Schedule Vault,aviation,True,,2026-08-18T07:43:20.334023+09:00
Schedule Watch,salon_spa,True,,2026-08-18T07:43:20.334023+09:00
Schedule Wave,salon_spa,True,,2026-08-18T07:43:20.334023+09:00
Scheduling Anchor,landscaping,True,,2026-08-18T07:43:20.334023+09:00
Scheduling Assistant,pest_control,True,,2026-08-18T07:43:20.334023+09:00
Scheduling Atlas,pest_control,True,,2026-08-18T07:43:20.334023+09:00
Scheduling Beacon,landscaping,True,,2026-08-18T07:43:20.334023+09:00
Scheduling Bridge,landscaping,True,,2026-08-18T07:43:20.334023+09:00
Scheduling Cascade,landscaping,True,,2026-08-18T07:43:20.334023+09:00
Scheduling Chain,pest_control,True,,2026-08-18T07:43:20.334023+09:00
Scheduling Cockpit,pest_control,True,,2026-08-18T07:43:20.334023+09:00
Scheduling Companion,pest_control,True,,2026-08-18T07:43:20.334023+09:00
Scheduling Compass,landscaping,True,,2026-08-18T07:43:20.334023+09:00
Scheduling Console,manufacturing,True,,2026-08-18T07:43:20.334023+09:00
Scheduling Dashboard,pest_control,True,,2026-08-18T07:43:20.334023+09:00
Scheduling Desk,landscaping,True,,2026-08-18T07:43:20.334023+09:00
Scheduling Dial,manufacturing,True,,2026-08-18T07:43:20.334023+09:00
Scheduling Dock,funeral_services,True,,2026-08-18T07:43:20.334023+09:00
Scheduling Engine,pest_control,True,,2026-08-18T07:43:20.334023+09:00
Scheduling Flow,landscaping,True,,2026-08-18T07:43:20.334023+09:00
Scheduling Forge,landscaping,True,,2026-08-18T07:43:20.334023+09:00
Scheduling Gate,pest_control,True,,2026-08-18T07:43:20.334023+09:00
Scheduling Grid,landscaping,True,,2026-08-18T07:43:20.334023+09:00
Scheduling Guard,landscaping,True,,2026-08-18T07:43:20.334023+09:00
Scheduling Hub,landscaping,True,,2026-08-18T07:43:20.334023+09:00
Scheduling Insight,pest_control,True,,2026-08-18T07:43:20.334023+09:00
Scheduling Keeper,pest_control,True,,2026-08-18T07:43:20.334023+09:00
Scheduling Loop,landscaping,True,,2026-08-18T07:43:20.334023+09:00
Scheduling Manager,pest_control,True,,2026-08-18T07:43:20.334023+09:00
Scheduling Meter,funeral_services,True,,2026-08-18T07:43:20.334023+09:00
Scheduling Metrics,pest_control,True,,2026-08-18T07:43:20.334023+09:00
Scheduling Monitor,pest_control,True,,2026-08-18T07:43:20.334023+09:00
Scheduling Navigator,pest_control,True,,2026-08-18T07:43:20.334023+09:00
Scheduling Nexus,pest_control,True,,2026-08-18T07:43:20.334023+09:00
Scheduling Node,pest_control,True,,2026-08-18T07:43:20.334023+09:00
Scheduling Ops,landscaping,True,,2026-08-18T07:43:20.334023+09:00
Scheduling Organizer,pest_control,True,,2026-08-18T07:43:20.334023+09:00
Scheduling Panel,manufacturing,True,,2026-08-18T07:43:20.334023+09:00
Scheduling Pilot,landscaping,True,,2026-08-18T07:43:20.334023+09:00
Scheduling Planner,pest_control,True,,2026-08-18T07:43:20.334023+09:00
Scheduling Pulse,landscaping,True,,2026-08-18T07:43:20.334023+09:00
Scheduling Radar,landscaping,True,,2026-08-18T07:43:20.334023+09:00
Scheduling Rail,funeral_services,True,,2026-08-18T07:43:20.334023+09:00
Scheduling Register,pest_control,True,,2026-08-18T07:43:20.334023+09:00
Scheduling Relay,landscaping,True,,2026-08-18T07:43:20.334023+09:00
Scheduling Ring,pest_control,False,"TITLE_UNCLEAR: Ring is abstract, no SaaS function is suggested (established prior batches)",2026-08-18T07:43:20.334023+09:00
Scheduling Route,funeral_services,True,,2026-08-18T07:43:20.334023+09:00
Scheduling Scale,funeral_services,True,,2026-08-18T07:43:20.334023+09:00
Scheduling Scheduler,pest_control,True,,2026-08-18T07:43:20.334023+09:00
Scheduling Scope,landscaping,True,,2026-08-18T07:43:20.334023+09:00
Scheduling Sentry,pest_control,True,,2026-08-18T07:43:20.334023+09:00
Scheduling Signal,landscaping,True,,2026-08-18T07:43:20.334023+09:00
Scheduling Suite,pest_control,True,,2026-08-18T07:43:20.334023+09:00
Scheduling Sync,landscaping,True,,2026-08-18T07:43:20.334023+09:00
Scheduling Tracker,landscaping,True,,2026-08-18T07:43:20.334023+09:00
Scheduling Trail,funeral_services,True,,2026-08-18T07:43:20.334023+09:00
Scheduling Vault,landscaping,True,,2026-08-18T07:43:20.334023+09:00
Scheduling Watch,landscaping,True,,2026-08-18T07:43:20.334023+09:00
Scholarship Base,education,True,,2026-08-18T07:43:20.334023+09:00
Scholarship Board,education,True,,2026-08-18T07:43:20.334023+09:00
Scholarship Center,education,True,,2026-08-18T07:43:20.334023+09:00
Scholarship Core,education,True,,2026-08-18T07:43:20.334023+09:00
Scholarship Deck,education,True,,2026-08-18T07:43:20.334023+09:00
Scholarship Frame,education,True,,2026-08-18T07:43:20.334023+09:00
Scholarship Grid,education,True,,2026-08-18T07:43:20.334023+09:00
Scholarship Lab,education,True,,2026-08-18T07:43:20.334023+09:00
Scholarship Ledger,education,True,,2026-08-18T07:43:20.334023+09:00
Scholarship Lens,education,True,,2026-08-18T07:43:20.334023+09:00
Scholarship Lock,education,True,,2026-08-18T07:43:20.334023+09:00
Scholarship Loop,education,True,,2026-08-18T07:43:20.334023+09:00
Scholarship Map,education,True,,2026-08-18T07:43:20.334023+09:00
Scholarship Path,education,True,,2026-08-18T07:43:20.334023+09:00
Scholarship Point,education,True,,2026-08-18T07:43:20.334023+09:00
Scholarship Portal,education,True,,2026-08-18T07:43:20.334023+09:00
Scholarship Pulse,education,True,,2026-08-18T07:43:20.334023+09:00
Scholarship Scope,education,True,,2026-08-18T07:43:20.334023+09:00
Scholarship Station,education,True,,2026-08-18T07:43:20.334023+09:00
Scholarship Studio,education,True,,2026-08-18T07:43:20.334023+09:00
Scholarship Terminal,education,False,"TITLE_UNCLEAR: Terminal only reads clearly for transportation/maritime_shipping/aviation/logistics, industry=education",2026-08-18T07:43:20.334023+09:00
Scholarship Wave,education,True,,2026-08-18T07:43:20.334023+09:00
Scholarship Zone,education,True,,2026-08-18T07:43:20.334023+09:00
Screening Assistant,recruiting,True,,2026-08-18T07:43:20.334023+09:00
Screening Atlas,recruiting,True,,2026-08-18T07:43:20.334023+09:00
Screening Cockpit,recruiting,True,,2026-08-18T07:43:20.334023+09:00
Screening Companion,recruiting,True,,2026-08-18T07:43:20.334023+09:00
Screening Dashboard,recruiting,True,,2026-08-18T07:43:20.334023+09:00
Screening Engine,recruiting,True,,2026-08-18T07:43:20.334023+09:00
Screening Gate,recruiting,True,,2026-08-18T07:43:20.334023+09:00
Screening Guard,recruiting,True,,2026-08-18T07:43:20.334023+09:00
Screening Insight,recruiting,True,,2026-08-18T07:43:20.334023+09:00
Screening Keeper,recruiting,True,,2026-08-18T07:43:20.334023+09:00
Screening Manager,recruiting,True,,2026-08-18T07:43:20.334023+09:00
Screening Metrics,recruiting,True,,2026-08-18T07:43:20.334023+09:00
Screening Monitor,recruiting,True,,2026-08-18T07:43:20.334023+09:00
Screening Navigator,recruiting,True,,2026-08-18T07:43:20.334023+09:00
Screening Nexus,recruiting,True,,2026-08-18T07:43:20.334023+09:00
Screening Ops,recruiting,True,,2026-08-18T07:43:20.334023+09:00
Screening Organizer,recruiting,True,,2026-08-18T07:43:20.334023+09:00
Screening Planner,recruiting,True,,2026-08-18T07:43:20.334023+09:00
Screening Register,recruiting,True,,2026-08-18T07:43:20.334023+09:00
Screening Scheduler,recruiting,True,,2026-08-18T07:43:20.334023+09:00
Screening Sentry,recruiting,True,,2026-08-18T07:43:20.334023+09:00
Screening Suite,recruiting,True,,2026-08-18T07:43:20.334023+09:00
Screening Sync,recruiting,True,,2026-08-18T07:43:20.334023+09:00
Screening Tracker,recruiting,True,,2026-08-18T07:43:20.334023+09:00
Season Anchor,landscaping,True,,2026-08-18T07:43:20.334023+09:00
Season Base,landscaping,True,,2026-08-18T07:43:20.334023+09:00
Season Beacon,landscaping,True,,2026-08-18T07:43:20.334023+09:00
Season Board,landscaping,True,,2026-08-18T07:43:20.334023+09:00
Season Bridge,landscaping,True,,2026-08-18T07:43:20.334023+09:00
Season Cascade,landscaping,True,,2026-08-18T07:43:20.334023+09:00
Season Core,landscaping,True,,2026-08-18T07:43:20.334023+09:00
Season Deck,landscaping,True,,2026-08-18T07:43:20.334023+09:00
Season Forge,landscaping,True,,2026-08-18T07:43:20.334023+09:00
Season Frame,landscaping,True,,2026-08-18T07:43:20.334023+09:00
Season Grid,landscaping,True,,2026-08-18T07:43:20.334023+09:00
Season Ledger,landscaping,True,,2026-08-18T07:43:20.334023+09:00
Season Lens,landscaping,True,,2026-08-18T07:43:20.334023+09:00
Season Lock,landscaping,True,,2026-08-18T07:43:20.334023+09:00
Season Loop,landscaping,True,,2026-08-18T07:43:20.334023+09:00
Season Map,landscaping,True,,2026-08-18T07:43:20.334023+09:00
Season Path,landscaping,True,,2026-08-18T07:43:20.334023+09:00
Season Point,landscaping,True,,2026-08-18T07:43:20.334023+09:00
Season Pulse,landscaping,True,,2026-08-18T07:43:20.334023+09:00
Season Scope,landscaping,True,,2026-08-18T07:43:20.334023+09:00
Season Signal,landscaping,True,,2026-08-18T07:43:20.334023+09:00
Season Studio,landscaping,True,,2026-08-18T07:43:20.334023+09:00
Season Watch,landscaping,True,,2026-08-18T07:43:20.334023+09:00
Season Wave,landscaping,True,,2026-08-18T07:43:20.334023+09:00
Segment Base,marketing,True,,2026-08-18T07:43:20.334023+09:00
Segment Board,marketing,True,,2026-08-18T07:43:20.334023+09:00
Segment Center,marketing,True,,2026-08-18T07:43:20.334023+09:00
Segment Console,marketing,True,,2026-08-18T07:43:20.334023+09:00
Segment Core,marketing,True,,2026-08-18T07:43:20.334023+09:00
Segment Deck,marketing,True,,2026-08-18T07:43:20.334023+09:00
Segment Dial,marketing,True,,2026-08-18T07:43:20.334023+09:00
Segment Frame,marketing,True,,2026-08-18T07:43:20.334023+09:00
Segment Lab,marketing,True,,2026-08-18T07:43:20.334023+09:00
Segment Ledger,marketing,True,,2026-08-18T07:43:20.334023+09:00
Segment Lens,marketing,True,,2026-08-18T07:43:20.334023+09:00
Segment Lock,marketing,True,,2026-08-18T07:43:20.334023+09:00
Segment Map,marketing,True,,2026-08-18T07:43:20.334023+09:00
Segment Meter,marketing,True,,2026-08-18T07:43:20.334023+09:00
Segment Panel,marketing,True,,2026-08-18T07:43:20.334023+09:00
Segment Point,marketing,True,,2026-08-18T07:43:20.334023+09:00
Segment Portal,marketing,True,,2026-08-18T07:43:20.334023+09:00
Segment Route,marketing,True,,2026-08-18T07:43:20.334023+09:00
Segment Scale,marketing,True,,2026-08-18T07:43:20.334023+09:00
Segment Station,marketing,True,,2026-08-18T07:43:20.334023+09:00
Segment Studio,marketing,True,,2026-08-18T07:43:20.334023+09:00
Segment Terminal,marketing,False,"TITLE_UNCLEAR: Terminal only reads clearly for transportation/maritime_shipping/aviation/logistics, industry=marketing",2026-08-18T07:43:20.334023+09:00
Segment Zone,marketing,True,,2026-08-18T07:43:20.334023+09:00
Service Anchor,automotive,True,,2026-08-18T07:43:20.334023+09:00
Service Assistant,funeral_services,True,,2026-08-18T07:43:20.334023+09:00
Service Atlas,salon_spa,True,,2026-08-18T07:43:20.334023+09:00
Service Beacon,automotive,True,,2026-08-18T07:43:20.334023+09:00
Service Bridge,automotive,True,,2026-08-18T07:43:20.334023+09:00
Service Cascade,automotive,True,,2026-08-18T07:43:20.334023+09:00
Service Center,salon_spa,True,,2026-08-18T07:43:20.334023+09:00
Service Chain,salon_spa,True,,2026-08-18T07:43:20.334023+09:00
Service Cockpit,automotive,True,,2026-08-18T07:43:20.334023+09:00
Service Companion,automotive,True,,2026-08-18T07:43:20.334023+09:00
Service Compass,automotive,True,,2026-08-18T07:43:20.334023+09:00
Service Console,salon_spa,True,,2026-08-18T07:43:20.334023+09:00
Service Dashboard,automotive,True,,2026-08-18T07:43:20.334023+09:00
Service Desk,automotive,True,,2026-08-18T07:43:20.334023+09:00
Service Dial,salon_spa,True,,2026-08-18T07:43:20.334023+09:00
Service Dock,salon_spa,True,,2026-08-18T07:43:20.334023+09:00
Service Engine,funeral_services,True,,2026-08-18T07:43:20.334023+09:00
Service Flow,automotive,True,,2026-08-18T07:43:20.334023+09:00
Service Forge,automotive,True,,2026-08-18T07:43:20.334023+09:00
Service Gate,salon_spa,True,,2026-08-18T07:43:20.334023+09:00
Service Guard,automotive,True,,2026-08-18T07:43:20.334023+09:00
Service Hub,automotive,True,,2026-08-18T07:43:20.334023+09:00
Service Insight,funeral_services,True,,2026-08-18T07:43:20.334023+09:00
Service Keeper,funeral_services,True,,2026-08-18T07:43:20.334023+09:00
Service Lab,salon_spa,True,,2026-08-18T07:43:20.334023+09:00
Service Manager,funeral_services,True,,2026-08-18T07:43:20.334023+09:00
Service Meter,salon_spa,True,,2026-08-18T07:43:20.334023+09:00
Service Metrics,automotive,True,,2026-08-18T07:43:20.334023+09:00
Service Monitor,funeral_services,True,,2026-08-18T07:43:20.334023+09:00
Service Navigator,automotive,True,,2026-08-18T07:43:20.334023+09:00
Service Nexus,salon_spa,True,,2026-08-18T07:43:20.334023+09:00
Service Node,salon_spa,True,,2026-08-18T07:43:20.334023+09:00
Service Ops,automotive,True,,2026-08-18T07:43:20.334023+09:00
Service Organizer,funeral_services,True,,2026-08-18T07:43:20.334023+09:00
Service Panel,salon_spa,True,,2026-08-18T07:43:20.334023+09:00
Service Pilot,automotive,True,,2026-08-18T07:43:20.334023+09:00
Service Planner,funeral_services,True,,2026-08-18T07:43:20.334023+09:00
Service Portal,salon_spa,True,,2026-08-18T07:43:20.334023+09:00
Service Radar,automotive,True,,2026-08-18T07:43:20.334023+09:00
Service Rail,salon_spa,True,,2026-08-18T07:43:20.334023+09:00
Service Register,automotive,True,,2026-08-18T07:43:20.334023+09:00
Service Relay,automotive,True,,2026-08-18T07:43:20.334023+09:00
Service Ring,salon_spa,False,"TITLE_UNCLEAR: Ring is abstract, no SaaS function is suggested (established prior batches)",2026-08-18T07:43:20.334023+09:00
Service Route,salon_spa,True,,2026-08-18T07:43:20.334023+09:00
Service Scale,salon_spa,True,,2026-08-18T07:43:20.334023+09:00
Service Scheduler,funeral_services,True,,2026-08-18T07:43:20.334023+09:00
Service Sentry,funeral_services,True,,2026-08-18T07:43:20.334023+09:00
Service Signal,automotive,True,,2026-08-18T07:43:20.334023+09:00
Service Station,salon_spa,True,,2026-08-18T07:43:20.334023+09:00
Service Suite,funeral_services,True,,2026-08-18T07:43:20.334023+09:00
Service Sync,automotive,True,,2026-08-18T07:43:20.334023+09:00
Service Terminal,salon_spa,False,"TITLE_UNCLEAR: Terminal only reads clearly for transportation/maritime_shipping/aviation/logistics, industry=salon_spa",2026-08-18T07:43:20.334023+09:00
Service Tracker,automotive,True,,2026-08-18T07:43:20.334023+09:00
Service Trail,salon_spa,True,,2026-08-18T07:43:20.334023+09:00
Service Vault,automotive,True,,2026-08-18T07:43:20.334023+09:00
Service Zone,salon_spa,True,,2026-08-18T07:43:20.334023+09:00
Session Assistant,fitness_wellness,True,,2026-08-18T07:43:20.334023+09:00
Session Atlas,fitness_wellness,True,,2026-08-18T07:43:20.334023+09:00
Session Beacon,events,True,,2026-08-18T07:43:20.334023+09:00
Session Chain,fitness_wellness,True,,2026-08-18T07:43:20.334023+09:00
Session Cockpit,events,True,,2026-08-18T07:43:20.334023+09:00
Session Companion,events,True,,2026-08-18T07:43:20.334023+09:00
Session Compass,events,True,,2026-08-18T07:43:20.334023+09:00
Session Dashboard,events,True,,2026-08-18T07:43:20.334023+09:00
Session Desk,events,True,,2026-08-18T07:43:20.334023+09:00
Session Dock,fitness_wellness,True,,2026-08-18T07:43:20.334023+09:00
Session Engine,fitness_wellness,True,,2026-08-18T07:43:20.334023+09:00
Session Flow,events,True,,2026-08-18T07:43:20.334023+09:00
Session Forge,events,True,,2026-08-18T07:43:20.334023+09:00
Session Gate,fitness_wellness,True,,2026-08-18T07:43:20.334023+09:00
Session Guard,events,True,,2026-08-18T07:43:20.334023+09:00
Session Hub,events,True,,2026-08-18T07:43:20.334023+09:00
Session Insight,events,True,,2026-08-18T07:43:20.334023+09:00
Session Keeper,fitness_wellness,True,,2026-08-18T07:43:20.334023+09:00
Session Manager,fitness_wellness,True,,2026-08-18T07:43:20.334023+09:00
Session Metrics,events,True,,2026-08-18T07:43:20.334023+09:00
Session Monitor,events,True,,2026-08-18T07:43:20.334023+09:00
Session Navigator,events,True,,2026-08-18T07:43:20.334023+09:00
Session Nexus,fitness_wellness,True,,2026-08-18T07:43:20.334023+09:00
Session Node,fitness_wellness,True,,2026-08-18T07:43:20.334023+09:00
Session Ops,events,True,,2026-08-18T07:43:20.334023+09:00
Session Organizer,events,True,,2026-08-18T07:43:20.334023+09:00
Session Pilot,events,True,,2026-08-18T07:43:20.334023+09:00
Session Planner,fitness_wellness,True,,2026-08-18T07:43:20.334023+09:00
Session Radar,events,True,,2026-08-18T07:43:20.334023+09:00
Session Rail,fitness_wellness,True,,2026-08-18T07:43:20.334023+09:00
Session Register,events,True,,2026-08-18T07:43:20.334023+09:00
Session Relay,events,True,,2026-08-18T07:43:20.334023+09:00
Session Ring,fitness_wellness,False,"TITLE_UNCLEAR: Ring is abstract, no SaaS function is suggested (established prior batches)",2026-08-18T07:43:20.334023+09:00
Session Scheduler,fitness_wellness,True,,2026-08-18T07:43:20.334023+09:00
Session Sentry,fitness_wellness,True,,2026-08-18T07:43:20.334023+09:00
Session Suite,fitness_wellness,True,,2026-08-18T07:43:20.334023+09:00
Session Sync,events,True,,2026-08-18T07:43:20.334023+09:00
Session Tracker,events,True,,2026-08-18T07:43:20.334023+09:00
Session Trail,fitness_wellness,True,,2026-08-18T07:43:20.334023+09:00
Session Vault,events,True,,2026-08-18T07:43:20.334023+09:00
Shift Assistant,senior_care,True,,2026-08-18T07:43:20.334023+09:00
Shift Atlas,senior_care,True,,2026-08-18T07:43:20.334023+09:00
Shift Base,mining,True,,2026-08-18T07:43:20.334023+09:00
Shift Board,mining,True,,2026-08-18T07:43:20.334023+09:00
Shift Center,mining,True,,2026-08-18T07:43:20.334023+09:00
Shift Chain,senior_care,True,,2026-08-18T07:43:20.334023+09:00
Shift Console,senior_care,True,,2026-08-18T07:43:20.334023+09:00
Shift Core,mining,True,,2026-08-18T07:43:20.334023+09:00
Shift Deck,mining,True,,2026-08-18T07:43:20.334023+09:00
Shift Dial,senior_care,True,,2026-08-18T07:43:20.334023+09:00
Shift Dock,senior_care,True,,2026-08-18T07:43:20.334023+09:00
Shift Engine,senior_care,True,,2026-08-18T07:43:20.334023+09:00
Shift Frame,hr_payroll,True,,2026-08-18T07:43:20.334023+09:00
Shift Gate,senior_care,True,,2026-08-18T07:43:20.334023+09:00
Shift Keeper,senior_care,True,,2026-08-18T07:43:20.334023+09:00
Shift Lab,mining,True,,2026-08-18T07:43:20.334023+09:00
Shift Ledger,mining,True,,2026-08-18T07:43:20.334023+09:00
Shift Lens,hr_payroll,True,,2026-08-18T07:43:20.334023+09:00
Shift Manager,senior_care,True,,2026-08-18T07:43:20.334023+09:00
Shift Map,hr_payroll,True,,2026-08-18T07:43:20.334023+09:00
Shift Meter,senior_care,True,,2026-08-18T07:43:20.334023+09:00
Shift Nexus,senior_care,True,,2026-08-18T07:43:20.334023+09:00
Shift Node,senior_care,True,,2026-08-18T07:43:20.334023+09:00
Shift Organizer,senior_care,True,,2026-08-18T07:43:20.334023+09:00
Shift Panel,senior_care,True,,2026-08-18T07:43:20.334023+09:00
Shift Planner,senior_care,True,,2026-08-18T07:43:20.334023+09:00
Shift Portal,mining,True,,2026-08-18T07:43:20.334023+09:00
Shift Rail,senior_care,True,,2026-08-18T07:43:20.334023+09:00
Shift Ring,senior_care,False,"TITLE_UNCLEAR: Ring is abstract, no SaaS function is suggested (established prior batches)",2026-08-18T07:43:20.334023+09:00
Shift Route,senior_care,True,,2026-08-18T07:43:20.334023+09:00
Shift Scale,senior_care,True,,2026-08-18T07:43:20.334023+09:00
Shift Scheduler,senior_care,True,,2026-08-18T07:43:20.334023+09:00
Shift Sentry,senior_care,True,,2026-08-18T07:43:20.334023+09:00
Shift Station,mining,True,,2026-08-18T07:43:20.334023+09:00
Shift Studio,mining,True,,2026-08-18T07:43:20.334023+09:00
Shift Suite,senior_care,True,,2026-08-18T07:43:20.334023+09:00
Shift Terminal,mining,False,"TITLE_UNCLEAR: Terminal only reads clearly for transportation/maritime_shipping/aviation/logistics, industry=mining",2026-08-18T07:43:20.334023+09:00
Shift Trail,senior_care,True,,2026-08-18T07:43:20.334023+09:00
Shift Zone,mining,True,,2026-08-18T07:43:20.334023+09:00
Shipment Assistant,logistics,True,,2026-08-18T07:43:20.334023+09:00
Shipment Atlas,logistics,True,,2026-08-18T07:43:20.334023+09:00
Shipment Chain,logistics,True,,2026-08-18T07:43:20.334023+09:00
Shipment Cockpit,logistics,True,,2026-08-18T07:43:20.334023+09:00
Shipment Dock,logistics,True,,2026-08-18T07:43:20.334023+09:00
Shipment Engine,logistics,True,,2026-08-18T07:43:20.334023+09:00
Shipment Gate,logistics,True,,2026-08-18T07:43:20.334023+09:00
Shipment Insight,logistics,True,,2026-08-18T07:43:20.334023+09:00
Shipment Keeper,logistics,True,,2026-08-18T07:43:20.334023+09:00
Shipment Manager,logistics,True,,2026-08-18T07:43:20.334023+09:00
Shipment Metrics,logistics,True,,2026-08-18T07:43:20.334023+09:00
Shipment Monitor,logistics,True,,2026-08-18T07:43:20.334023+09:00
Shipment Nexus,logistics,True,,2026-08-18T07:43:20.334023+09:00
Shipment Node,logistics,True,,2026-08-18T07:43:20.334023+09:00
Shipment Organizer,logistics,True,,2026-08-18T07:43:20.334023+09:00
Shipment Planner,logistics,True,,2026-08-18T07:43:20.334023+09:00
Shipment Rail,logistics,True,,2026-08-18T07:43:20.334023+09:00
Shipment Ring,logistics,False,"TITLE_UNCLEAR: Ring is abstract, no SaaS function is suggested (established prior batches)",2026-08-18T07:43:20.334023+09:00
Shipment Route,logistics,True,,2026-08-18T07:43:20.334023+09:00
Shipment Scale,logistics,True,,2026-08-18T01:30:57.525706+09:00
Shipment Scheduler,logistics,True,,2026-08-18T07:43:20.334023+09:00
Shipment Sentry,logistics,True,,2026-08-18T07:43:20.334023+09:00
Shipment Suite,logistics,True,,2026-08-18T07:43:20.334023+09:00
Shipment Trail,logistics,True,,2026-08-18T07:43:20.334023+09:00
Shuttle Assistant,hospitality,True,,2026-08-18T07:43:20.334023+09:00
Shuttle Cockpit,hospitality,True,,2026-08-18T07:43:20.334023+09:00
Shuttle Companion,hospitality,True,,2026-08-18T07:43:20.334023+09:00
Shuttle Dashboard,hospitality,True,,2026-08-18T07:43:20.334023+09:00
Shuttle Desk,hospitality,True,,2026-08-18T07:43:20.334023+09:00
Shuttle Engine,hospitality,True,,2026-08-18T07:43:20.334023+09:00
Shuttle Flow,hospitality,True,,2026-08-18T07:43:20.334023+09:00
Shuttle Guard,hospitality,True,,2026-08-18T07:43:20.334023+09:00
Shuttle Hub,hospitality,True,,2026-08-18T07:43:20.334023+09:00
Shuttle Insight,hospitality,True,,2026-08-18T07:43:20.334023+09:00
Shuttle Metrics,hospitality,True,,2026-08-18T07:43:20.334023+09:00
Shuttle Monitor,hospitality,True,,2026-08-18T07:43:20.334023+09:00
Shuttle Navigator,hospitality,True,,2026-08-18T07:43:20.334023+09:00
Shuttle Ops,hospitality,True,,2026-08-18T07:43:20.334023+09:00
Shuttle Organizer,hospitality,True,,2026-08-18T07:43:20.334023+09:00
Shuttle Pilot,hospitality,True,,2026-08-18T07:43:20.334023+09:00
Shuttle Planner,hospitality,True,,2026-08-18T07:43:20.334023+09:00
Shuttle Radar,hospitality,True,,2026-08-18T07:43:20.334023+09:00
Shuttle Register,hospitality,True,,2026-08-18T07:43:20.334023+09:00
Shuttle Scheduler,hospitality,True,,2026-08-18T07:43:20.334023+09:00
Shuttle Suite,hospitality,True,,2026-08-18T07:43:20.334023+09:00
Shuttle Sync,hospitality,True,,2026-08-18T07:43:20.334023+09:00
Shuttle Tracker,hospitality,True,,2026-08-18T07:43:20.334023+09:00
Silo Board,agriculture,True,,2026-08-18T07:43:20.334023+09:00
Silo Center,agriculture,True,,2026-08-18T07:43:20.334023+09:00
Silo Chain,agriculture,True,,2026-08-18T07:43:20.334023+09:00
Silo Console,agriculture,True,,2026-08-18T07:43:20.334023+09:00
Silo Core,agriculture,True,,2026-08-18T07:43:20.334023+09:00
Silo Deck,agriculture,True,,2026-08-18T07:43:20.334023+09:00
Silo Dial,agriculture,True,,2026-08-18T07:43:20.334023+09:00
Silo Dock,agriculture,True,,2026-08-18T07:43:20.334023+09:00
Silo Lab,agriculture,True,,2026-08-18T07:43:20.334023+09:00
Silo Ledger,agriculture,True,,2026-08-18T07:43:20.334023+09:00
Silo Meter,agriculture,True,,2026-08-18T07:43:20.334023+09:00
Silo Node,agriculture,True,,2026-08-18T07:43:20.334023+09:00
Silo Panel,agriculture,True,,2026-08-18T07:43:20.334023+09:00
Silo Portal,agriculture,True,,2026-08-18T07:43:20.334023+09:00
Silo Rail,agriculture,True,,2026-08-18T07:43:20.334023+09:00
Silo Ring,agriculture,False,"TITLE_UNCLEAR: Ring is abstract, no SaaS function is suggested (established prior batches)",2026-08-18T07:43:20.334023+09:00
Silo Route,agriculture,True,,2026-08-18T07:43:20.334023+09:00
Silo Scale,agriculture,True,,2026-08-18T07:43:20.334023+09:00
Silo Station,agriculture,True,,2026-08-18T07:43:20.334023+09:00
Silo Studio,agriculture,True,,2026-08-18T07:43:20.334023+09:00
Silo Terminal,agriculture,False,"TITLE_UNCLEAR: Terminal only reads clearly for transportation/maritime_shipping/aviation/logistics, industry=agriculture",2026-08-18T07:43:20.334023+09:00
Silo Trail,agriculture,True,,2026-08-18T07:43:20.334023+09:00
Silo Zone,agriculture,True,,2026-08-18T07:43:20.334023+09:00
Snow Assistant,landscaping,True,,2026-08-18T07:43:20.334023+09:00
Snow Atlas,landscaping,True,,2026-08-18T07:43:20.334023+09:00
Snow Cockpit,landscaping,True,,2026-08-18T07:43:20.334023+09:00
Snow Companion,landscaping,True,,2026-08-18T07:43:20.334023+09:00
Snow Dashboard,landscaping,True,,2026-08-18T07:43:20.334023+09:00
Snow Engine,landscaping,True,,2026-08-18T07:43:20.334023+09:00
Snow Gate,landscaping,True,,2026-08-18T07:43:20.334023+09:00
Snow Insight,landscaping,True,,2026-08-18T07:43:20.334023+09:00
Snow Keeper,landscaping,True,,2026-08-18T07:43:20.334023+09:00
Snow Manager,landscaping,True,,2026-08-18T07:43:20.334023+09:00
Snow Metrics,landscaping,True,,2026-08-18T07:43:20.334023+09:00
Snow Monitor,landscaping,True,,2026-08-18T07:43:20.334023+09:00
Snow Navigator,landscaping,True,,2026-08-18T07:43:20.334023+09:00
Snow Nexus,landscaping,True,,2026-08-18T07:43:20.334023+09:00
Snow Node,landscaping,True,,2026-08-18T07:43:20.334023+09:00
Snow Ops,landscaping,True,,2026-08-18T07:43:20.334023+09:00
Snow Organizer,landscaping,True,,2026-08-18T07:43:20.334023+09:00
Snow Planner,landscaping,True,,2026-08-18T07:43:20.334023+09:00
Snow Register,landscaping,True,,2026-08-18T07:43:20.334023+09:00
Snow Ring,landscaping,False,"TITLE_UNCLEAR: Ring is abstract, no SaaS function is suggested (established prior batches)",2026-08-18T07:43:20.334023+09:00
Snow Scheduler,landscaping,True,,2026-08-18T07:43:20.334023+09:00
Snow Sentry,landscaping,True,,2026-08-18T07:43:20.334023+09:00
Snow Suite,landscaping,True,,2026-08-18T07:43:20.334023+09:00
Soil Anchor,agriculture,True,,2026-08-18T07:43:20.334023+09:00
Soil Beacon,agriculture,True,,2026-08-18T07:43:20.334023+09:00
Soil Bridge,agriculture,True,,2026-08-18T07:43:20.334023+09:00
Soil Cascade,agriculture,True,,2026-08-18T07:43:20.334023+09:00
Soil Compass,agriculture,True,,2026-08-18T07:43:20.334023+09:00
Soil Desk,agriculture,True,,2026-08-18T07:43:20.334023+09:00
Soil Flow,agriculture,True,,2026-08-18T07:43:20.334023+09:00
Soil Forge,agriculture,True,,2026-08-18T07:43:20.334023+09:00
Soil Grid,agriculture,True,,2026-08-18T07:43:20.334023+09:00
Soil Guard,agriculture,True,,2026-08-18T07:43:20.334023+09:00
Soil Hub,agriculture,True,,2026-08-18T07:43:20.334023+09:00
Soil Loop,agriculture,True,,2026-08-18T07:43:20.334023+09:00
Soil Path,agriculture,True,,2026-08-18T07:43:20.334023+09:00
Soil Pilot,agriculture,True,,2026-08-18T07:43:20.334023+09:00
Soil Pulse,agriculture,True,,2026-08-18T07:43:20.334023+09:00
Soil Radar,agriculture,True,,2026-08-18T07:43:20.334023+09:00
Soil Relay,agriculture,True,,2026-08-18T07:43:20.334023+09:00
Soil Scope,agriculture,True,,2026-08-18T07:43:20.334023+09:00
Soil Signal,agriculture,True,,2026-08-18T07:43:20.334023+09:00
Soil Sync,agriculture,True,,2026-08-18T07:43:20.334023+09:00
Soil Tracker,agriculture,True,,2026-08-18T07:43:20.334023+09:00
Soil Vault,agriculture,True,,2026-08-18T07:43:20.334023+09:00
Soil Watch,agriculture,True,,2026-08-18T07:43:20.334023+09:00
Soil Wave,agriculture,True,,2026-08-18T07:43:20.334023+09:00
Sourcing Assistant,recruiting,True,,2026-08-18T07:43:20.334023+09:00
Sourcing Atlas,recruiting,True,,2026-08-18T07:43:20.334023+09:00
Sourcing Chain,recruiting,True,,2026-08-18T07:43:20.334023+09:00
Sourcing Dial,recruiting,True,,2026-08-18T07:43:20.334023+09:00
Sourcing Dock,recruiting,True,,2026-08-18T07:43:20.334023+09:00
Sourcing Engine,recruiting,True,,2026-08-18T07:43:20.334023+09:00
Sourcing Gate,recruiting,True,,2026-08-18T07:43:20.334023+09:00
Sourcing Insight,recruiting,True,,2026-08-18T07:43:20.334023+09:00
Sourcing Keeper,recruiting,True,,2026-08-18T07:43:20.334023+09:00
Sourcing Manager,recruiting,True,,2026-08-18T07:43:20.334023+09:00
Sourcing Meter,recruiting,True,,2026-08-18T07:43:20.334023+09:00
Sourcing Monitor,recruiting,True,,2026-08-18T07:43:20.334023+09:00
Sourcing Nexus,recruiting,True,,2026-08-18T07:43:20.334023+09:00
Sourcing Node,recruiting,True,,2026-08-18T07:43:20.334023+09:00
Sourcing Organizer,recruiting,True,,2026-08-18T07:43:20.334023+09:00
Sourcing Planner,recruiting,True,,2026-08-18T07:43:20.334023+09:00
Sourcing Rail,recruiting,True,,2026-08-18T07:43:20.334023+09:00
Sourcing Ring,recruiting,False,"TITLE_UNCLEAR: Ring is abstract, no SaaS function is suggested (established prior batches)",2026-08-18T07:43:20.334023+09:00
Sourcing Route,recruiting,True,,2026-08-18T07:43:20.334023+09:00
Sourcing Scale,recruiting,True,,2026-08-18T07:43:20.334023+09:00
Sourcing Scheduler,recruiting,True,,2026-08-18T07:43:20.334023+09:00
Sourcing Sentry,recruiting,True,,2026-08-18T07:43:20.334023+09:00
Sourcing Suite,recruiting,True,,2026-08-18T07:43:20.334023+09:00
Sourcing Trail,recruiting,True,,2026-08-18T07:43:20.334023+09:00
Sponsor Anchor,events,True,,2026-08-18T07:43:20.334023+09:00
Sponsor Beacon,events,True,,2026-08-18T07:43:20.334023+09:00
Sponsor Bridge,events,True,,2026-08-18T07:43:20.334023+09:00
Sponsor Cascade,events,True,,2026-08-18T07:43:20.334023+09:00
Sponsor Compass,events,True,,2026-08-18T07:43:20.334023+09:00
Sponsor Desk,events,True,,2026-08-18T07:43:20.334023+09:00
Sponsor Flow,events,True,,2026-08-18T07:43:20.334023+09:00
Sponsor Forge,events,True,,2026-08-18T07:43:20.334023+09:00
Sponsor Grid,events,True,,2026-08-18T07:43:20.334023+09:00
Sponsor Hub,events,True,,2026-08-18T07:43:20.334023+09:00
Sponsor Lock,events,True,,2026-08-18T07:43:20.334023+09:00
Sponsor Loop,events,True,,2026-08-18T07:43:20.334023+09:00
Sponsor Path,events,True,,2026-08-18T07:43:20.334023+09:00
Sponsor Pilot,events,True,,2026-08-18T07:43:20.334023+09:00
Sponsor Point,events,True,,2026-08-18T07:43:20.334023+09:00
Sponsor Pulse,events,True,,2026-08-18T07:43:20.334023+09:00
Sponsor Radar,events,True,,2026-08-18T07:43:20.334023+09:00
Sponsor Relay,events,True,,2026-08-18T07:43:20.334023+09:00
Sponsor Scope,events,True,,2026-08-18T07:43:20.334023+09:00
Sponsor Signal,events,True,,2026-08-18T07:43:20.334023+09:00
Sponsor Sync,events,True,,2026-08-18T07:43:20.334023+09:00
Sponsor Vault,events,True,,2026-08-18T07:43:20.334023+09:00
Sponsor Watch,events,True,,2026-08-18T07:43:20.334023+09:00
Sponsor Wave,events,True,,2026-08-18T07:43:20.334023+09:00
Staffing Anchor,senior_care,True,,2026-08-18T07:43:20.334023+09:00
Staffing Atlas,food_service,True,,2026-08-18T07:43:20.334023+09:00
Staffing Base,senior_care,True,,2026-08-18T07:43:20.334023+09:00
Staffing Beacon,senior_care,True,,2026-08-18T07:43:20.334023+09:00
Staffing Bridge,senior_care,True,,2026-08-18T07:43:20.334023+09:00
Staffing Cascade,senior_care,True,,2026-08-18T07:43:20.334023+09:00
Staffing Center,food_service,True,,2026-08-18T07:43:20.334023+09:00
Staffing Chain,food_service,True,,2026-08-18T07:43:20.334023+09:00
Staffing Companion,childcare,True,,2026-08-18T07:43:20.334023+09:00
Staffing Compass,senior_care,True,,2026-08-18T07:43:20.334023+09:00
Staffing Console,food_service,True,,2026-08-18T07:43:20.334023+09:00
Staffing Desk,childcare,True,,2026-08-18T07:43:20.334023+09:00
Staffing Dial,food_service,True,,2026-08-18T07:43:20.334023+09:00
Staffing Dock,food_service,True,,2026-08-18T07:43:20.334023+09:00
Staffing Flow,childcare,True,,2026-08-18T07:43:20.334023+09:00
Staffing Forge,senior_care,True,,2026-08-18T07:43:20.334023+09:00
Staffing Frame,senior_care,True,,2026-08-18T07:43:20.334023+09:00
Staffing Gate,food_service,True,,2026-08-18T07:43:20.334023+09:00
Staffing Grid,senior_care,True,,2026-08-18T07:43:20.334023+09:00
Staffing Guard,childcare,True,,2026-08-18T07:43:20.334023+09:00
Staffing Hub,childcare,True,,2026-08-18T07:43:20.334023+09:00
Staffing Lab,food_service,True,,2026-08-18T07:43:20.334023+09:00
Staffing Lens,senior_care,True,,2026-08-18T07:43:20.334023+09:00
Staffing Lock,senior_care,True,,2026-08-18T07:43:20.334023+09:00
Staffing Loop,senior_care,True,,2026-08-18T07:43:20.334023+09:00
Staffing Map,senior_care,True,,2026-08-18T07:43:20.334023+09:00
Staffing Meter,food_service,True,,2026-08-18T07:43:20.334023+09:00
Staffing Navigator,childcare,True,,2026-08-18T07:43:20.334023+09:00
Staffing Nexus,food_service,True,,2026-08-18T07:43:20.334023+09:00
Staffing Node,food_service,True,,2026-08-18T07:43:20.334023+09:00
Staffing Ops,childcare,True,,2026-08-18T07:43:20.334023+09:00
Staffing Panel,food_service,True,,2026-08-18T07:43:20.334023+09:00
Staffing Path,senior_care,True,,2026-08-18T07:43:20.334023+09:00
Staffing Pilot,childcare,True,,2026-08-18T07:43:20.334023+09:00
Staffing Point,senior_care,True,,2026-08-18T07:43:20.334023+09:00
Staffing Portal,food_service,True,,2026-08-18T07:43:20.334023+09:00
Staffing Pulse,senior_care,True,,2026-08-18T07:43:20.334023+09:00
Staffing Radar,senior_care,True,,2026-08-18T07:43:20.334023+09:00
Staffing Rail,food_service,True,,2026-08-18T07:43:20.334023+09:00
Staffing Register,childcare,True,,2026-08-18T07:43:20.334023+09:00
Staffing Relay,senior_care,True,,2026-08-18T07:43:20.334023+09:00
Staffing Ring,food_service,False,"TITLE_UNCLEAR: Ring is abstract, no SaaS function is suggested (established prior batches)",2026-08-18T07:43:20.334023+09:00
Staffing Route,food_service,True,,2026-08-18T07:43:20.334023+09:00
Staffing Scale,food_service,True,,2026-08-18T07:43:20.334023+09:00
Staffing Scope,senior_care,True,,2026-08-18T07:43:20.334023+09:00
Staffing Sentry,food_service,True,,2026-08-18T07:43:20.334023+09:00
Staffing Signal,senior_care,True,,2026-08-18T07:43:20.334023+09:00
Staffing Station,food_service,True,,2026-08-18T07:43:20.334023+09:00
Staffing Studio,food_service,True,,2026-08-18T07:43:20.334023+09:00
Staffing Sync,childcare,True,,2026-08-18T07:43:20.334023+09:00
Staffing Terminal,food_service,False,"TITLE_UNCLEAR: Terminal only reads clearly for transportation/maritime_shipping/aviation/logistics, industry=food_service",2026-08-18T07:43:20.334023+09:00
Staffing Tracker,childcare,True,,2026-08-18T07:43:20.334023+09:00
Staffing Trail,food_service,True,,2026-08-18T07:43:20.334023+09:00
Staffing Vault,senior_care,True,,2026-08-18T07:43:20.334023+09:00
Staffing Watch,senior_care,True,,2026-08-18T07:43:20.334023+09:00
Staffing Wave,senior_care,True,,2026-08-18T07:43:20.334023+09:00
Staffing Zone,food_service,True,,2026-08-18T07:43:20.334023+09:00
Statute Base,legal,True,,2026-08-18T07:43:20.334023+09:00
Statute Board,legal,True,,2026-08-18T07:43:20.334023+09:00
Statute Center,legal,True,,2026-08-18T07:43:20.334023+09:00
Statute Console,legal,True,,2026-08-18T07:43:20.334023+09:00
Statute Core,legal,True,,2026-08-18T07:43:20.334023+09:00
Statute Deck,legal,True,,2026-08-18T07:43:20.334023+09:00
Statute Frame,legal,True,,2026-08-18T07:43:20.334023+09:00
Statute Grid,legal,True,,2026-08-18T07:43:20.334023+09:00
Statute Lab,legal,True,,2026-08-18T07:43:20.334023+09:00
Statute Ledger,legal,True,,2026-08-18T07:43:20.334023+09:00
Statute Lens,legal,True,,2026-08-18T07:43:20.334023+09:00
Statute Lock,legal,True,,2026-08-18T07:43:20.334023+09:00
Statute Map,legal,True,,2026-08-18T07:43:20.334023+09:00
Statute Panel,legal,True,,2026-08-18T07:43:20.334023+09:00
Statute Path,legal,True,,2026-08-18T07:43:20.334023+09:00
Statute Point,legal,True,,2026-08-18T07:43:20.334023+09:00
Statute Portal,legal,True,,2026-08-18T07:43:20.334023+09:00
Statute Pulse,legal,True,,2026-08-18T07:43:20.334023+09:00
Statute Station,legal,True,,2026-08-18T07:43:20.334023+09:00
Statute Studio,legal,True,,2026-08-18T07:43:20.334023+09:00
Statute Terminal,legal,False,"TITLE_UNCLEAR: Terminal only reads clearly for transportation/maritime_shipping/aviation/logistics, industry=legal",2026-08-18T07:43:20.334023+09:00
Statute Wave,legal,True,,2026-08-18T07:43:20.334023+09:00
Statute Zone,legal,True,,2026-08-18T07:43:20.334023+09:00
Sterilization Atlas,dental,True,,2026-08-18T07:43:20.334023+09:00
Sterilization Center,dental,True,,2026-08-18T07:43:20.334023+09:00
Sterilization Chain,dental,True,,2026-08-18T07:43:20.334023+09:00
Sterilization Console,dental,True,,2026-08-18T07:43:20.334023+09:00
Sterilization Dial,dental,True,,2026-08-18T07:43:20.334023+09:00
Sterilization Dock,dental,True,,2026-08-18T07:43:20.334023+09:00
Sterilization Gate,dental,True,,2026-08-18T07:43:20.334023+09:00
Sterilization Keeper,dental,True,,2026-08-18T07:43:20.334023+09:00
Sterilization Manager,dental,True,,2026-08-18T07:43:20.334023+09:00
Sterilization Meter,dental,True,,2026-08-18T07:43:20.334023+09:00
Sterilization Nexus,dental,True,,2026-08-18T07:43:20.334023+09:00
Sterilization Node,dental,True,,2026-08-18T07:43:20.334023+09:00
Sterilization Panel,dental,True,,2026-08-18T07:43:20.334023+09:00
Sterilization Portal,dental,True,,2026-08-18T07:43:20.334023+09:00
Sterilization Rail,dental,True,,2026-08-18T07:43:20.334023+09:00
Sterilization Ring,dental,False,"TITLE_UNCLEAR: Ring is abstract, no SaaS function is suggested (established prior batches)",2026-08-18T07:43:20.334023+09:00
Sterilization Route,dental,True,,2026-08-18T07:43:20.334023+09:00
Sterilization Scale,dental,True,,2026-08-18T07:43:20.334023+09:00
Sterilization Sentry,dental,True,,2026-08-18T07:43:20.334023+09:00
Sterilization Station,dental,True,,2026-08-18T07:43:20.334023+09:00
Sterilization Terminal,dental,False,"TITLE_UNCLEAR: Terminal only reads clearly for transportation/maritime_shipping/aviation/logistics, industry=dental",2026-08-18T07:43:20.334023+09:00
Sterilization Trail,dental,True,,2026-08-18T07:43:20.334023+09:00
Sterilization Zone,dental,True,,2026-08-18T07:43:20.334023+09:00
Stewardship Beacon,nonprofit,True,,2026-08-18T07:43:20.334023+09:00
Stewardship Cockpit,nonprofit,True,,2026-08-18T07:43:20.334023+09:00
Stewardship Companion,nonprofit,True,,2026-08-18T07:43:20.334023+09:00
Stewardship Compass,nonprofit,True,,2026-08-18T07:43:20.334023+09:00
Stewardship Dashboard,nonprofit,True,,2026-08-18T07:43:20.334023+09:00
Stewardship Desk,nonprofit,True,,2026-08-18T07:43:20.334023+09:00
Stewardship Flow,nonprofit,True,,2026-08-18T07:43:20.334023+09:00
Stewardship Forge,nonprofit,True,,2026-08-18T07:43:20.334023+09:00
Stewardship Guard,nonprofit,True,,2026-08-18T07:43:20.334023+09:00
Stewardship Hub,nonprofit,True,,2026-08-18T07:43:20.334023+09:00
Stewardship Insight,nonprofit,True,,2026-08-18T07:43:20.334023+09:00
Stewardship Metrics,nonprofit,True,,2026-08-18T07:43:20.334023+09:00
Stewardship Monitor,nonprofit,True,,2026-08-18T07:43:20.334023+09:00
Stewardship Navigator,nonprofit,True,,2026-08-18T07:43:20.334023+09:00
Stewardship Ops,nonprofit,True,,2026-08-18T07:43:20.334023+09:00
Stewardship Organizer,nonprofit,True,,2026-08-18T07:43:20.334023+09:00
Stewardship Pilot,nonprofit,True,,2026-08-18T07:43:20.334023+09:00
Stewardship Radar,nonprofit,True,,2026-08-18T07:43:20.334023+09:00
Stewardship Register,nonprofit,True,,2026-08-18T07:43:20.334023+09:00
Stewardship Relay,nonprofit,True,,2026-08-18T07:43:20.334023+09:00
Stewardship Sync,nonprofit,True,,2026-08-18T07:43:20.334023+09:00
Stewardship Tracker,nonprofit,True,,2026-08-18T07:43:20.334023+09:00
Stewardship Vault,nonprofit,True,,2026-08-18T07:43:20.334023+09:00
Storefront Anchor,retail_ecommerce,True,,2026-08-18T07:43:20.334023+09:00
Storefront Base,retail_ecommerce,True,,2026-08-18T07:43:20.334023+09:00
Storefront Beacon,retail_ecommerce,True,,2026-08-18T07:43:20.334023+09:00
Storefront Bridge,retail_ecommerce,True,,2026-08-18T07:43:20.334023+09:00
Storefront Cascade,retail_ecommerce,True,,2026-08-18T07:43:20.334023+09:00
Storefront Compass,retail_ecommerce,True,,2026-08-18T07:43:20.334023+09:00
Storefront Desk,retail_ecommerce,True,,2026-08-18T07:43:20.334023+09:00
Storefront Forge,retail_ecommerce,True,,2026-08-18T07:43:20.334023+09:00
Storefront Frame,retail_ecommerce,True,,2026-08-18T07:43:20.334023+09:00
Storefront Grid,retail_ecommerce,True,,2026-08-18T07:43:20.334023+09:00
Storefront Lens,retail_ecommerce,True,,2026-08-18T07:43:20.334023+09:00
Storefront Lock,retail_ecommerce,True,,2026-08-18T07:43:20.334023+09:00
Storefront Loop,retail_ecommerce,True,,2026-08-18T07:43:20.334023+09:00
Storefront Map,retail_ecommerce,True,,2026-08-18T07:43:20.334023+09:00
Storefront Path,retail_ecommerce,True,,2026-08-18T07:43:20.334023+09:00
Storefront Point,retail_ecommerce,True,,2026-08-18T07:43:20.334023+09:00
Storefront Pulse,retail_ecommerce,True,,2026-08-18T07:43:20.334023+09:00
Storefront Radar,retail_ecommerce,True,,2026-08-18T07:43:20.334023+09:00
Storefront Relay,retail_ecommerce,True,,2026-08-18T07:43:20.334023+09:00
Storefront Scope,retail_ecommerce,True,,2026-08-18T07:43:20.334023+09:00
Storefront Signal,retail_ecommerce,True,,2026-08-18T07:43:20.334023+09:00
Storefront Vault,retail_ecommerce,True,,2026-08-18T07:43:20.334023+09:00
Storefront Watch,retail_ecommerce,True,,2026-08-18T07:43:20.334023+09:00
Storefront Wave,retail_ecommerce,True,,2026-08-18T07:43:20.334023+09:00
Stylist Anchor,salon_spa,True,,2026-08-18T07:43:20.334023+09:00
Stylist Beacon,salon_spa,True,,2026-08-18T07:43:20.334023+09:00
Stylist Bridge,salon_spa,True,,2026-08-18T07:43:20.334023+09:00
Stylist Cascade,salon_spa,True,,2026-08-18T07:43:20.334023+09:00
Stylist Compass,salon_spa,True,,2026-08-18T07:43:20.334023+09:00
Stylist Desk,salon_spa,True,,2026-08-18T07:43:20.334023+09:00
Stylist Forge,salon_spa,True,,2026-08-18T07:43:20.334023+09:00
Stylist Frame,salon_spa,True,,2026-08-18T07:43:20.334023+09:00
Stylist Grid,salon_spa,True,,2026-08-18T07:43:20.334023+09:00
Stylist Lens,salon_spa,True,,2026-08-18T07:43:20.334023+09:00
Stylist Lock,salon_spa,True,,2026-08-18T07:43:20.334023+09:00
Stylist Loop,salon_spa,True,,2026-08-18T07:43:20.334023+09:00
Stylist Map,salon_spa,True,,2026-08-18T07:43:20.334023+09:00
Stylist Path,salon_spa,True,,2026-08-18T07:43:20.334023+09:00
Stylist Pilot,salon_spa,True,,2026-08-18T07:43:20.334023+09:00
Stylist Point,salon_spa,True,,2026-08-18T07:43:20.334023+09:00
Stylist Pulse,salon_spa,True,,2026-08-18T07:43:20.334023+09:00
Stylist Radar,salon_spa,True,,2026-08-18T07:43:20.334023+09:00
Stylist Relay,salon_spa,True,,2026-08-18T07:43:20.334023+09:00
Stylist Scope,salon_spa,True,,2026-08-18T07:43:20.334023+09:00
Stylist Signal,salon_spa,True,,2026-08-18T07:43:20.334023+09:00
Stylist Vault,salon_spa,True,,2026-08-18T07:43:20.334023+09:00
Stylist Watch,salon_spa,True,,2026-08-18T07:43:20.334023+09:00
Stylist Wave,salon_spa,True,,2026-08-18T07:43:20.334023+09:00
Subcontractor Assistant,construction,True,,2026-08-18T07:43:20.334023+09:00
Subcontractor Cockpit,construction,True,,2026-08-18T07:43:20.334023+09:00
Subcontractor Companion,construction,True,,2026-08-18T07:43:20.334023+09:00
Subcontractor Dashboard,construction,True,,2026-08-18T07:43:20.334023+09:00
Subcontractor Desk,construction,True,,2026-08-18T07:43:20.334023+09:00
Subcontractor Engine,construction,True,,2026-08-18T07:43:20.334023+09:00
Subcontractor Flow,construction,True,,2026-08-18T07:43:20.334023+09:00
Subcontractor Guard,construction,True,,2026-08-18T07:43:20.334023+09:00
Subcontractor Hub,construction,True,,2026-08-18T07:43:20.334023+09:00
Subcontractor Insight,construction,True,,2026-08-18T07:43:20.334023+09:00
Subcontractor Metrics,construction,True,,2026-08-18T07:43:20.334023+09:00
Subcontractor Monitor,construction,True,,2026-08-18T07:43:20.334023+09:00
Subcontractor Navigator,construction,True,,2026-08-18T07:43:20.334023+09:00
Subcontractor Ops,construction,True,,2026-08-18T07:43:20.334023+09:00
Subcontractor Organizer,construction,True,,2026-08-18T07:43:20.334023+09:00
Subcontractor Pilot,construction,True,,2026-08-18T07:43:20.334023+09:00
Subcontractor Planner,construction,True,,2026-08-18T07:43:20.334023+09:00
Subcontractor Radar,construction,True,,2026-08-18T07:43:20.334023+09:00
Subcontractor Register,construction,True,,2026-08-18T07:43:20.334023+09:00
Subcontractor Relay,construction,True,,2026-08-18T07:43:20.334023+09:00
Subcontractor Scheduler,construction,True,,2026-08-18T07:43:20.334023+09:00
Subcontractor Suite,construction,True,,2026-08-18T07:43:20.334023+09:00
Subcontractor Sync,construction,True,,2026-08-18T07:43:20.334023+09:00
Subcontractor Tracker,construction,True,,2026-08-18T07:43:20.334023+09:00
Subrogation Anchor,insurance,True,,2026-08-18T07:43:20.334023+09:00
Subrogation Beacon,insurance,True,,2026-08-18T07:43:20.334023+09:00
Subrogation Bridge,insurance,True,,2026-08-18T07:43:20.334023+09:00
Subrogation Cascade,insurance,True,,2026-08-18T07:43:20.334023+09:00
Subrogation Compass,insurance,True,,2026-08-18T07:43:20.334023+09:00
Subrogation Desk,insurance,True,,2026-08-18T07:43:20.334023+09:00
Subrogation Flow,insurance,True,,2026-08-18T07:43:20.334023+09:00
Subrogation Forge,insurance,True,,2026-08-18T07:43:20.334023+09:00
Subrogation Grid,insurance,True,,2026-08-18T07:43:20.334023+09:00
Subrogation Hub,insurance,True,,2026-08-18T07:43:20.334023+09:00
Subrogation Lock,insurance,True,,2026-08-18T07:43:20.334023+09:00
Subrogation Loop,insurance,True,,2026-08-18T07:43:20.334023+09:00
Subrogation Map,insurance,True,,2026-08-18T07:43:20.334023+09:00
Subrogation Path,insurance,True,,2026-08-18T07:43:20.334023+09:00
Subrogation Pilot,insurance,True,,2026-08-18T07:43:20.334023+09:00
Subrogation Point,insurance,True,,2026-08-18T07:43:20.334023+09:00
Subrogation Pulse,insurance,True,,2026-08-18T07:43:20.334023+09:00
Subrogation Radar,insurance,True,,2026-08-18T07:43:20.334023+09:00
Subrogation Relay,insurance,True,,2026-08-18T07:43:20.334023+09:00
Subrogation Scope,insurance,True,,2026-08-18T07:43:20.334023+09:00
Subrogation Signal,insurance,True,,2026-08-18T07:43:20.334023+09:00
Subrogation Vault,insurance,True,,2026-08-18T07:43:20.334023+09:00
Subrogation Watch,insurance,True,,2026-08-18T07:43:20.334023+09:00
Subrogation Wave,insurance,True,,2026-08-18T07:43:20.334023+09:00
Subscriber Assistant,media_publishing,True,,2026-08-18T07:43:20.334023+09:00
Subscriber Base,telecom,True,,2026-08-18T07:43:20.334023+09:00
Subscriber Board,telecom,True,,2026-08-18T07:43:20.334023+09:00
Subscriber Center,telecom,True,,2026-08-18T07:43:20.334023+09:00
Subscriber Cockpit,media_publishing,True,,2026-08-18T07:43:20.334023+09:00
Subscriber Companion,media_publishing,True,,2026-08-18T07:43:20.334023+09:00
Subscriber Console,telecom,True,,2026-08-18T07:43:20.334023+09:00
Subscriber Core,telecom,True,,2026-08-18T07:43:20.334023+09:00
Subscriber Dashboard,media_publishing,True,,2026-08-18T07:43:20.334023+09:00
Subscriber Deck,telecom,True,,2026-08-18T07:43:20.334023+09:00
Subscriber Desk,media_publishing,True,,2026-08-18T07:43:20.334023+09:00
Subscriber Engine,media_publishing,True,,2026-08-18T07:43:20.334023+09:00
Subscriber Flow,media_publishing,True,,2026-08-18T07:43:20.334023+09:00
Subscriber Frame,telecom,True,,2026-08-18T07:43:20.334023+09:00
Subscriber Grid,telecom,True,,2026-08-18T07:43:20.334023+09:00
Subscriber Guard,media_publishing,True,,2026-08-18T07:43:20.334023+09:00
Subscriber Hub,media_publishing,True,,2026-08-18T07:43:20.334023+09:00
Subscriber Insight,media_publishing,True,,2026-08-18T07:43:20.334023+09:00
Subscriber Lab,telecom,True,,2026-08-18T07:43:20.334023+09:00
Subscriber Ledger,telecom,True,,2026-08-18T07:43:20.334023+09:00
Subscriber Lens,telecom,True,,2026-08-18T07:43:20.334023+09:00
Subscriber Lock,telecom,True,,2026-08-18T07:43:20.334023+09:00
Subscriber Loop,telecom,True,,2026-08-18T01:28:04.577831+09:00
Subscriber Map,telecom,True,,2026-08-18T07:43:20.334023+09:00
Subscriber Metrics,media_publishing,True,,2026-08-18T07:43:20.334023+09:00
Subscriber Monitor,media_publishing,True,,2026-08-18T07:43:20.334023+09:00
Subscriber Navigator,media_publishing,True,,2026-08-18T07:43:20.334023+09:00
Subscriber Ops,media_publishing,True,,2026-08-18T07:43:20.334023+09:00
Subscriber Organizer,media_publishing,True,,2026-08-18T07:43:20.334023+09:00
Subscriber Panel,telecom,True,,2026-08-18T07:43:20.334023+09:00
Subscriber Path,telecom,True,,2026-08-18T07:43:20.334023+09:00
Subscriber Pilot,media_publishing,True,,2026-08-18T07:43:20.334023+09:00
Subscriber Planner,media_publishing,True,,2026-08-18T07:43:20.334023+09:00
Subscriber Point,telecom,True,,2026-08-18T07:43:20.334023+09:00
Subscriber Portal,telecom,True,,2026-08-18T07:43:20.334023+09:00
Subscriber Pulse,telecom,True,,2026-08-18T07:43:20.334023+09:00
Subscriber Radar,media_publishing,True,,2026-08-18T07:43:20.334023+09:00
Subscriber Register,media_publishing,True,,2026-08-18T07:43:20.334023+09:00
Subscriber Relay,media_publishing,True,,2026-08-18T07:43:20.334023+09:00
Subscriber Scheduler,media_publishing,True,,2026-08-18T07:43:20.334023+09:00
Subscriber Station,telecom,True,,2026-08-18T07:43:20.334023+09:00
Subscriber Studio,telecom,True,,2026-08-18T07:43:20.334023+09:00
Subscriber Suite,media_publishing,True,,2026-08-18T07:43:20.334023+09:00
Subscriber Sync,media_publishing,True,,2026-08-18T07:43:20.334023+09:00
Subscriber Terminal,telecom,False,"TITLE_UNCLEAR: Terminal only reads clearly for transportation/maritime_shipping/aviation/logistics, industry=telecom",2026-08-18T07:43:20.334023+09:00
Subscriber Tracker,media_publishing,True,,2026-08-18T07:43:20.334023+09:00
Subscriber Wave,telecom,True,,2026-08-18T07:43:20.334023+09:00
Subscriber Zone,telecom,True,,2026-08-18T07:43:20.334023+09:00
Substation Assistant,energy_utilities,True,,2026-08-18T07:43:20.334023+09:00
Substation Atlas,energy_utilities,True,,2026-08-18T07:43:20.334023+09:00
Substation Chain,energy_utilities,True,,2026-08-18T07:43:20.334023+09:00
Substation Dial,energy_utilities,True,,2026-08-18T07:43:20.334023+09:00
Substation Dock,energy_utilities,True,,2026-08-18T07:43:20.334023+09:00
Substation Engine,energy_utilities,True,,2026-08-18T07:43:20.334023+09:00
Substation Gate,energy_utilities,True,,2026-08-18T07:43:20.334023+09:00
Substation Insight,energy_utilities,True,,2026-08-18T07:43:20.334023+09:00
Substation Keeper,energy_utilities,True,,2026-08-18T07:43:20.334023+09:00
Substation Manager,energy_utilities,True,,2026-08-18T07:43:20.334023+09:00
Substation Meter,energy_utilities,True,,2026-08-18T07:43:20.334023+09:00
Substation Monitor,energy_utilities,True,,2026-08-18T07:43:20.334023+09:00
Substation Nexus,energy_utilities,True,,2026-08-18T07:43:20.334023+09:00
Substation Node,energy_utilities,True,,2026-08-18T07:43:20.334023+09:00
Substation Organizer,energy_utilities,True,,2026-08-18T07:43:20.334023+09:00
Substation Planner,energy_utilities,True,,2026-08-18T07:43:20.334023+09:00
Substation Rail,energy_utilities,True,,2026-08-18T07:43:20.334023+09:00
Substation Ring,energy_utilities,False,"TITLE_UNCLEAR: Ring is abstract, no SaaS function is suggested (established prior batches)",2026-08-18T07:43:20.334023+09:00
Substation Route,energy_utilities,True,,2026-08-18T07:43:20.334023+09:00
Substation Scale,energy_utilities,True,,2026-08-18T07:43:20.334023+09:00
Substation Scheduler,energy_utilities,True,,2026-08-18T07:43:20.334023+09:00
Substation Sentry,energy_utilities,True,,2026-08-18T07:43:20.334023+09:00
Substation Suite,energy_utilities,True,,2026-08-18T07:43:20.334023+09:00
Substation Trail,energy_utilities,True,,2026-08-18T07:43:20.334023+09:00
Supplier Atlas,food_service,True,,2026-08-18T07:43:20.334023+09:00
Supplier Base,manufacturing,True,,2026-08-18T07:43:20.334023+09:00
Supplier Board,manufacturing,True,,2026-08-18T07:43:20.334023+09:00
Supplier Center,food_service,True,,2026-08-18T07:43:20.334023+09:00
Supplier Chain,food_service,True,,2026-08-18T07:43:20.334023+09:00
Supplier Console,food_service,True,,2026-08-18T07:43:20.334023+09:00
Supplier Core,manufacturing,True,,2026-08-18T07:43:20.334023+09:00
Supplier Deck,manufacturing,True,,2026-08-18T07:43:20.334023+09:00
Supplier Dial,food_service,True,,2026-08-18T07:43:20.334023+09:00
Supplier Dock,food_service,True,,2026-08-18T07:43:20.334023+09:00
Supplier Frame,manufacturing,True,,2026-08-18T07:43:20.334023+09:00
Supplier Gate,food_service,True,,2026-08-18T07:43:20.334023+09:00
Supplier Grid,manufacturing,True,,2026-08-18T07:43:20.334023+09:00
Supplier Keeper,food_service,True,,2026-08-18T07:43:20.334023+09:00
Supplier Lab,manufacturing,True,,2026-08-18T07:43:20.334023+09:00
Supplier Ledger,manufacturing,True,,2026-08-18T07:43:20.334023+09:00
Supplier Lens,manufacturing,True,,2026-08-18T07:43:20.334023+09:00
Supplier Lock,manufacturing,True,,2026-08-18T07:43:20.334023+09:00
Supplier Loop,manufacturing,True,,2026-08-18T07:43:20.334023+09:00
Supplier Manager,food_service,True,,2026-08-18T07:43:20.334023+09:00
Supplier Map,manufacturing,True,,2026-08-18T07:43:20.334023+09:00
Supplier Meter,food_service,True,,2026-08-18T07:43:20.334023+09:00
Supplier Nexus,food_service,True,,2026-08-18T07:43:20.334023+09:00
Supplier Node,food_service,True,,2026-08-18T07:43:20.334023+09:00
Supplier Panel,food_service,True,,2026-08-18T07:43:20.334023+09:00
Supplier Path,manufacturing,True,,2026-08-18T07:43:20.334023+09:00
Supplier Point,manufacturing,True,,2026-08-18T07:43:20.334023+09:00
Supplier Portal,food_service,True,,2026-08-18T07:43:20.334023+09:00
Supplier Pulse,manufacturing,True,,2026-08-18T07:43:20.334023+09:00
Supplier Rail,food_service,True,,2026-08-18T07:43:20.334023+09:00
Supplier Ring,food_service,False,"TITLE_UNCLEAR: Ring is abstract, no SaaS function is suggested (established prior batches)",2026-08-18T07:43:20.334023+09:00
Supplier Route,food_service,True,,2026-08-18T07:43:20.334023+09:00
Supplier Scale,food_service,True,,2026-08-18T07:43:20.334023+09:00
Supplier Sentry,food_service,True,,2026-08-18T07:43:20.334023+09:00
Supplier Station,food_service,True,,2026-08-18T07:43:20.334023+09:00
Supplier Studio,manufacturing,True,,2026-08-18T07:43:20.334023+09:00
Supplier Suite,food_service,True,,2026-08-18T07:43:20.334023+09:00
Supplier Terminal,food_service,False,"TITLE_UNCLEAR: Terminal only reads clearly for transportation/maritime_shipping/aviation/logistics, industry=food_service",2026-08-18T07:43:20.334023+09:00
Supplier Trail,food_service,True,,2026-08-18T07:43:20.334023+09:00
Supplier Wave,manufacturing,True,,2026-08-18T07:43:20.334023+09:00
Supplier Zone,food_service,True,,2026-08-18T07:43:20.334023+09:00
Supply Assistant,cleaning_services,True,,2026-08-18T07:43:20.334023+09:00
Supply Atlas,cleaning_services,True,,2026-08-18T07:43:20.334023+09:00
Supply Cockpit,cleaning_services,True,,2026-08-18T07:43:20.334023+09:00
Supply Companion,cleaning_services,True,,2026-08-18T07:43:20.334023+09:00
Supply Dashboard,cleaning_services,True,,2026-08-18T07:43:20.334023+09:00
Supply Engine,cleaning_services,True,,2026-08-18T07:43:20.334023+09:00
Supply Flow,cleaning_services,True,,2026-08-18T07:43:20.334023+09:00
Supply Guard,cleaning_services,True,,2026-08-18T07:43:20.334023+09:00
Supply Insight,cleaning_services,True,,2026-08-18T07:43:20.334023+09:00
Supply Keeper,cleaning_services,True,,2026-08-18T07:43:20.334023+09:00
Supply Manager,cleaning_services,True,,2026-08-18T07:43:20.334023+09:00
Supply Metrics,cleaning_services,True,,2026-08-18T07:43:20.334023+09:00
Supply Monitor,cleaning_services,True,,2026-08-18T07:43:20.334023+09:00
Supply Navigator,cleaning_services,True,,2026-08-18T07:43:20.334023+09:00
Supply Nexus,cleaning_services,True,,2026-08-18T07:43:20.334023+09:00
Supply Ops,cleaning_services,True,,2026-08-18T07:43:20.334023+09:00
Supply Organizer,cleaning_services,True,,2026-08-18T07:43:20.334023+09:00
Supply Planner,cleaning_services,True,,2026-08-18T07:43:20.334023+09:00
Supply Register,cleaning_services,True,,2026-08-18T07:43:20.334023+09:00
Supply Scheduler,cleaning_services,True,,2026-08-18T07:43:20.334023+09:00
Supply Sentry,cleaning_services,True,,2026-08-18T07:43:20.334023+09:00
Supply Suite,cleaning_services,True,,2026-08-18T07:43:20.334023+09:00
Supply Sync,cleaning_services,True,,2026-08-18T07:43:20.334023+09:00
Supply Tracker,cleaning_services,True,,2026-08-18T07:43:20.334023+09:00
Syllabus Anchor,education,True,,2026-08-18T07:43:20.334023+09:00
Syllabus Base,education,True,,2026-08-18T07:43:20.334023+09:00
Syllabus Beacon,education,True,,2026-08-18T07:43:20.334023+09:00
Syllabus Bridge,education,True,,2026-08-18T07:43:20.334023+09:00
Syllabus Cascade,education,True,,2026-08-18T07:43:20.334023+09:00
Syllabus Compass,education,True,,2026-08-18T07:43:20.334023+09:00
Syllabus Core,education,True,,2026-08-18T07:43:20.334023+09:00
Syllabus Forge,education,True,,2026-08-18T07:43:20.334023+09:00
Syllabus Frame,education,True,,2026-08-18T07:43:20.334023+09:00
Syllabus Grid,education,True,,2026-08-18T07:43:20.334023+09:00
Syllabus Ledger,education,True,,2026-08-18T07:43:20.334023+09:00
Syllabus Lens,education,True,,2026-08-18T07:43:20.334023+09:00
Syllabus Lock,education,True,,2026-08-18T07:43:20.334023+09:00
Syllabus Loop,education,True,,2026-08-18T07:43:20.334023+09:00
Syllabus Map,education,True,,2026-08-18T07:43:20.334023+09:00
Syllabus Path,education,True,,2026-08-18T07:43:20.334023+09:00
Syllabus Point,education,True,,2026-08-18T07:43:20.334023+09:00
Syllabus Pulse,education,True,,2026-08-18T07:43:20.334023+09:00
Syllabus Relay,education,True,,2026-08-18T07:43:20.334023+09:00
Syllabus Scope,education,True,,2026-08-18T07:43:20.334023+09:00
Syllabus Signal,education,True,,2026-08-18T07:43:20.334023+09:00
Syllabus Vault,education,True,,2026-08-18T07:43:20.334023+09:00
Syllabus Watch,education,True,,2026-08-18T07:43:20.334023+09:00
Syllabus Wave,education,True,,2026-08-18T07:43:20.334023+09:00
Syndication Anchor,media_publishing,True,,2026-08-18T07:43:20.334023+09:00
Syndication Beacon,media_publishing,True,,2026-08-18T07:43:20.334023+09:00
Syndication Bridge,media_publishing,True,,2026-08-18T07:43:20.334023+09:00
Syndication Cascade,media_publishing,True,,2026-08-18T07:43:20.334023+09:00
Syndication Companion,media_publishing,True,,2026-08-18T07:43:20.334023+09:00
Syndication Compass,media_publishing,True,,2026-08-18T07:43:20.334023+09:00
Syndication Dashboard,media_publishing,True,,2026-08-18T07:43:20.334023+09:00
Syndication Desk,media_publishing,True,,2026-08-18T07:43:20.334023+09:00
Syndication Flow,media_publishing,True,,2026-08-18T07:43:20.334023+09:00
Syndication Forge,media_publishing,True,,2026-08-18T07:43:20.334023+09:00
Syndication Guard,media_publishing,True,,2026-08-18T07:43:20.334023+09:00
Syndication Hub,media_publishing,True,,2026-08-18T07:43:20.334023+09:00
Syndication Navigator,media_publishing,True,,2026-08-18T07:43:20.334023+09:00
Syndication Ops,media_publishing,True,,2026-08-18T07:43:20.334023+09:00
Syndication Pilot,media_publishing,True,,2026-08-18T07:43:20.334023+09:00
Syndication Radar,media_publishing,True,,2026-08-18T07:43:20.334023+09:00
Syndication Register,media_publishing,True,,2026-08-18T07:43:20.334023+09:00
Syndication Relay,media_publishing,True,,2026-08-18T07:43:20.334023+09:00
Syndication Scope,media_publishing,True,,2026-08-18T07:43:20.334023+09:00
Syndication Signal,media_publishing,True,,2026-08-18T07:43:20.334023+09:00
Syndication Sync,media_publishing,True,,2026-08-18T07:43:20.334023+09:00
Syndication Tracker,media_publishing,True,,2026-08-18T07:43:20.334023+09:00
Syndication Vault,media_publishing,True,,2026-08-18T07:43:20.334023+09:00
Syndication Watch,media_publishing,True,,2026-08-18T07:43:20.334023+09:00
Tailings Assistant,mining,True,,2026-08-18T07:43:20.334023+09:00
Tailings Cockpit,mining,True,,2026-08-18T07:43:20.334023+09:00
Tailings Companion,mining,True,,2026-08-18T07:43:20.334023+09:00
Tailings Dashboard,mining,True,,2026-08-18T07:43:20.334023+09:00
Tailings Desk,mining,True,,2026-08-18T07:43:20.334023+09:00
Tailings Engine,mining,True,,2026-08-18T07:43:20.334023+09:00
Tailings Flow,mining,True,,2026-08-18T07:43:20.334023+09:00
Tailings Guard,mining,True,,2026-08-18T07:43:20.334023+09:00
Tailings Hub,mining,True,,2026-08-18T07:43:20.334023+09:00
Tailings Insight,mining,True,,2026-08-18T07:43:20.334023+09:00
Tailings Metrics,mining,True,,2026-08-18T07:43:20.334023+09:00
Tailings Monitor,mining,True,,2026-08-18T07:43:20.334023+09:00
Tailings Navigator,mining,True,,2026-08-18T07:43:20.334023+09:00
Tailings Ops,mining,True,,2026-08-18T07:43:20.334023+09:00
Tailings Organizer,mining,True,,2026-08-18T07:43:20.334023+09:00
Tailings Pilot,mining,True,,2026-08-18T07:43:20.334023+09:00
Tailings Planner,mining,True,,2026-08-18T07:43:20.334023+09:00
Tailings Radar,mining,True,,2026-08-18T07:43:20.334023+09:00
Tailings Register,mining,True,,2026-08-18T07:43:20.334023+09:00
Tailings Scheduler,mining,True,,2026-08-18T07:43:20.334023+09:00
Tailings Suite,mining,True,,2026-08-18T07:43:20.334023+09:00
Tailings Sync,mining,True,,2026-08-18T07:43:20.334023+09:00
Tailings Tracker,mining,True,,2026-08-18T07:43:20.334023+09:00
Technician Anchor,pest_control,True,,2026-08-18T07:43:20.334023+09:00
Technician Beacon,pest_control,True,,2026-08-18T07:43:20.334023+09:00
Technician Bridge,pest_control,True,,2026-08-18T07:43:20.334023+09:00
Technician Cascade,pest_control,True,,2026-08-18T07:43:20.334023+09:00
Technician Compass,pest_control,True,,2026-08-18T07:43:20.334023+09:00
Technician Desk,pest_control,True,,2026-08-18T07:43:20.334023+09:00
Technician Flow,pest_control,True,,2026-08-18T07:43:20.334023+09:00
Technician Forge,pest_control,True,,2026-08-18T07:43:20.334023+09:00
Technician Grid,pest_control,True,,2026-08-18T07:43:20.334023+09:00
Technician Guard,pest_control,True,,2026-08-18T07:43:20.334023+09:00
Technician Hub,pest_control,True,,2026-08-18T07:43:20.334023+09:00
Technician Loop,pest_control,True,,2026-08-18T07:43:20.334023+09:00
Technician Path,pest_control,True,,2026-08-18T07:43:20.334023+09:00
Technician Pilot,pest_control,True,,2026-08-18T07:43:20.334023+09:00
Technician Pulse,pest_control,True,,2026-08-18T07:43:20.334023+09:00
Technician Radar,pest_control,True,,2026-08-18T07:43:20.334023+09:00
Technician Relay,pest_control,True,,2026-08-18T07:43:20.334023+09:00
Technician Scope,pest_control,True,,2026-08-18T07:43:20.334023+09:00
Technician Signal,pest_control,True,,2026-08-18T07:43:20.334023+09:00
Technician Sync,pest_control,True,,2026-08-18T07:43:20.334023+09:00
Technician Tracker,pest_control,True,,2026-08-18T07:43:20.334023+09:00
Technician Vault,pest_control,True,,2026-08-18T07:43:20.334023+09:00
Technician Watch,pest_control,True,,2026-08-18T07:43:20.334023+09:00
Technician Wave,pest_control,True,,2026-08-18T07:43:20.334023+09:00
Tenant Assistant,real_estate,True,,2026-08-18T07:43:20.334023+09:00
Tenant Atlas,real_estate,True,,2026-08-18T07:43:20.334023+09:00
Tenant Chain,real_estate,True,,2026-08-18T07:43:20.334023+09:00
Tenant Cockpit,real_estate,True,,2026-08-18T07:43:20.334023+09:00
Tenant Dashboard,real_estate,True,,2026-08-18T07:43:20.334023+09:00
Tenant Dock,real_estate,True,,2026-08-18T07:43:20.334023+09:00
Tenant Engine,real_estate,True,,2026-08-18T07:43:20.334023+09:00
Tenant Gate,real_estate,True,,2026-08-18T07:43:20.334023+09:00
Tenant Insight,real_estate,True,,2026-08-18T07:43:20.334023+09:00
Tenant Keeper,real_estate,True,,2026-08-18T07:43:20.334023+09:00
Tenant Manager,real_estate,True,,2026-08-18T07:43:20.334023+09:00
Tenant Metrics,real_estate,True,,2026-08-18T07:43:20.334023+09:00
Tenant Monitor,real_estate,True,,2026-08-18T07:43:20.334023+09:00
Tenant Nexus,real_estate,True,,2026-08-18T07:43:20.334023+09:00
Tenant Node,real_estate,True,,2026-08-18T07:43:20.334023+09:00
Tenant Organizer,real_estate,True,,2026-08-18T07:43:20.334023+09:00
Tenant Planner,real_estate,True,,2026-08-18T07:43:20.334023+09:00
Tenant Rail,real_estate,True,,2026-08-18T07:43:20.334023+09:00
Tenant Ring,real_estate,False,"TITLE_UNCLEAR: Ring is abstract, no SaaS function is suggested (established prior batches)",2026-08-18T07:43:20.334023+09:00
Tenant Route,real_estate,True,,2026-08-18T01:30:57.525706+09:00
Tenant Scheduler,real_estate,True,,2026-08-18T07:43:20.334023+09:00
Tenant Sentry,real_estate,True,,2026-08-18T07:43:20.334023+09:00
Tenant Suite,real_estate,True,,2026-08-18T07:43:20.334023+09:00
Tenant Trail,real_estate,True,,2026-08-18T07:43:20.334023+09:00
Terminal Assistant,transportation,True,,2026-08-18T07:43:20.334023+09:00
Terminal Cockpit,transportation,True,,2026-08-18T07:43:20.334023+09:00
Terminal Companion,transportation,True,,2026-08-18T07:43:20.334023+09:00
Terminal Dashboard,transportation,True,,2026-08-18T07:43:20.334023+09:00
Terminal Desk,transportation,True,,2026-08-18T07:43:20.334023+09:00
Terminal Engine,transportation,True,,2026-08-18T07:43:20.334023+09:00
Terminal Flow,transportation,True,,2026-08-18T07:43:20.334023+09:00
Terminal Guard,transportation,True,,2026-08-18T07:43:20.334023+09:00
Terminal Hub,transportation,True,,2026-08-18T07:43:20.334023+09:00
Terminal Insight,transportation,True,,2026-08-18T07:43:20.334023+09:00
Terminal Manager,transportation,True,,2026-08-18T07:43:20.334023+09:00
Terminal Metrics,transportation,True,,2026-08-18T07:43:20.334023+09:00
Terminal Monitor,transportation,True,,2026-08-18T07:43:20.334023+09:00
Terminal Navigator,transportation,True,,2026-08-18T07:43:20.334023+09:00
Terminal Ops,transportation,True,,2026-08-18T07:43:20.334023+09:00
Terminal Organizer,transportation,True,,2026-08-18T07:43:20.334023+09:00
Terminal Pilot,transportation,True,,2026-08-18T07:43:20.334023+09:00
Terminal Planner,transportation,True,,2026-08-18T07:43:20.334023+09:00
Terminal Register,transportation,True,,2026-08-18T07:43:20.334023+09:00
Terminal Scheduler,transportation,True,,2026-08-18T07:43:20.334023+09:00
Terminal Suite,transportation,True,,2026-08-18T07:43:20.334023+09:00
Terminal Sync,transportation,True,,2026-08-18T07:43:20.334023+09:00
Terminal Tracker,transportation,True,,2026-08-18T07:43:20.334023+09:00
Termite Anchor,pest_control,True,,2026-08-18T07:43:20.334023+09:00
Termite Base,pest_control,True,,2026-08-18T07:43:20.334023+09:00
Termite Beacon,pest_control,True,,2026-08-18T07:43:20.334023+09:00
Termite Bridge,pest_control,True,,2026-08-18T07:43:20.334023+09:00
Termite Cascade,pest_control,True,,2026-08-18T07:43:20.334023+09:00
Termite Compass,pest_control,True,,2026-08-18T07:43:20.334023+09:00
Termite Core,pest_control,True,,2026-08-18T07:43:20.334023+09:00
Termite Forge,pest_control,True,,2026-08-18T07:43:20.334023+09:00
Termite Frame,pest_control,True,,2026-08-18T07:43:20.334023+09:00
Termite Grid,pest_control,True,,2026-08-18T07:43:20.334023+09:00
Termite Lens,pest_control,True,,2026-08-18T07:43:20.334023+09:00
Termite Lock,pest_control,True,,2026-08-18T07:43:20.334023+09:00
Termite Loop,pest_control,True,,2026-08-18T07:43:20.334023+09:00
Termite Map,pest_control,True,,2026-08-18T07:43:20.334023+09:00
Termite Path,pest_control,True,,2026-08-18T07:43:20.334023+09:00
Termite Point,pest_control,True,,2026-08-18T07:43:20.334023+09:00
Termite Pulse,pest_control,True,,2026-08-18T07:43:20.334023+09:00
Termite Relay,pest_control,True,,2026-08-18T07:43:20.334023+09:00
Termite Scope,pest_control,True,,2026-08-18T07:43:20.334023+09:00
Termite Signal,pest_control,True,,2026-08-18T07:43:20.334023+09:00
Termite Vault,pest_control,True,,2026-08-18T07:43:20.334023+09:00
Termite Watch,pest_control,True,,2026-08-18T07:43:20.334023+09:00
Termite Wave,pest_control,True,,2026-08-18T07:43:20.334023+09:00
Threat Assistant,cybersecurity,True,,2026-08-18T07:43:20.334023+09:00
Threat Atlas,cybersecurity,True,,2026-08-18T07:43:20.334023+09:00
Threat Chain,cybersecurity,True,,2026-08-18T07:43:20.334023+09:00
Threat Console,cybersecurity,True,,2026-08-18T07:43:20.334023+09:00
Threat Dial,cybersecurity,True,,2026-08-18T07:43:20.334023+09:00
Threat Dock,cybersecurity,True,,2026-08-18T07:43:20.334023+09:00
Threat Engine,cybersecurity,True,,2026-08-18T07:43:20.334023+09:00
Threat Gate,cybersecurity,True,,2026-08-18T07:43:20.334023+09:00
Threat Keeper,cybersecurity,True,,2026-08-18T07:43:20.334023+09:00
Threat Manager,cybersecurity,True,,2026-08-18T07:43:20.334023+09:00
Threat Meter,cybersecurity,True,,2026-08-18T07:43:20.334023+09:00
Threat Nexus,cybersecurity,True,,2026-08-18T07:43:20.334023+09:00
Threat Node,cybersecurity,True,,2026-08-18T07:43:20.334023+09:00
Threat Panel,cybersecurity,True,,2026-08-18T07:43:20.334023+09:00
Threat Planner,cybersecurity,True,,2026-08-18T07:43:20.334023+09:00
Threat Portal,cybersecurity,True,,2026-08-18T07:43:20.334023+09:00
Threat Rail,cybersecurity,True,,2026-08-18T07:43:20.334023+09:00
Threat Ring,cybersecurity,False,"TITLE_UNCLEAR: Ring is abstract, no SaaS function is suggested (established prior batches)",2026-08-18T07:43:20.334023+09:00
Threat Route,cybersecurity,True,,2026-08-18T07:43:20.334023+09:00
Threat Scale,cybersecurity,True,,2026-08-18T07:43:20.334023+09:00
Threat Scheduler,cybersecurity,True,,2026-08-18T07:43:20.334023+09:00
Threat Sentry,cybersecurity,True,,2026-08-18T07:43:20.334023+09:00
Threat Suite,cybersecurity,True,,2026-08-18T07:43:20.334023+09:00
Threat Trail,cybersecurity,True,,2026-08-18T07:43:20.334023+09:00
Throughput Base,manufacturing,True,,2026-08-18T07:43:20.334023+09:00
Throughput Board,manufacturing,True,,2026-08-18T07:43:20.334023+09:00
Throughput Center,manufacturing,True,,2026-08-18T07:43:20.334023+09:00
Throughput Chain,manufacturing,True,,2026-08-18T07:43:20.334023+09:00
Throughput Console,manufacturing,True,,2026-08-18T07:43:20.334023+09:00
Throughput Core,manufacturing,True,,2026-08-18T07:43:20.334023+09:00
Throughput Deck,manufacturing,True,,2026-08-18T07:43:20.334023+09:00
Throughput Dial,manufacturing,True,,2026-08-18T07:43:20.334023+09:00
Throughput Dock,manufacturing,True,,2026-08-18T07:43:20.334023+09:00
Throughput Lab,manufacturing,True,,2026-08-18T07:43:20.334023+09:00
Throughput Ledger,manufacturing,True,,2026-08-18T07:43:20.334023+09:00
Throughput Meter,manufacturing,True,,2026-08-18T07:43:20.334023+09:00
Throughput Panel,manufacturing,True,,2026-08-18T07:43:20.334023+09:00
Throughput Portal,manufacturing,True,,2026-08-18T07:43:20.334023+09:00
Throughput Rail,manufacturing,True,,2026-08-18T07:43:20.334023+09:00
Throughput Ring,manufacturing,False,"TITLE_UNCLEAR: Ring is abstract, no SaaS function is suggested (established prior batches)",2026-08-18T07:43:20.334023+09:00
Throughput Route,manufacturing,True,,2026-08-18T07:43:20.334023+09:00
Throughput Scale,manufacturing,True,,2026-08-18T07:43:20.334023+09:00
Throughput Station,manufacturing,True,,2026-08-18T07:43:20.334023+09:00
Throughput Studio,manufacturing,True,,2026-08-18T07:43:20.334023+09:00
Throughput Terminal,manufacturing,False,"TITLE_UNCLEAR: Terminal only reads clearly for transportation/maritime_shipping/aviation/logistics, industry=manufacturing",2026-08-18T07:43:20.334023+09:00
Throughput Trail,manufacturing,True,,2026-08-18T07:43:20.334023+09:00
Throughput Zone,manufacturing,True,,2026-08-18T07:43:20.334023+09:00
Ticket Anchor,laundry_dry_cleaning,True,,2026-08-18T07:43:20.334023+09:00
Ticket Assistant,telecom,True,,2026-08-18T07:43:20.334023+09:00
Ticket Atlas,telecom,True,,2026-08-18T07:43:20.334023+09:00
Ticket Base,customer_support,True,,2026-08-18T07:43:20.334023+09:00
Ticket Beacon,laundry_dry_cleaning,True,,2026-08-18T07:43:20.334023+09:00
Ticket Board,customer_support,True,,2026-08-18T07:43:20.334023+09:00
Ticket Bridge,laundry_dry_cleaning,True,,2026-08-18T07:43:20.334023+09:00
Ticket Cascade,laundry_dry_cleaning,True,,2026-08-18T07:43:20.334023+09:00
Ticket Center,customer_support,True,,2026-08-18T07:43:20.334023+09:00
Ticket Chain,telecom,True,,2026-08-18T07:43:20.334023+09:00
Ticket Cockpit,telecom,True,,2026-08-18T07:43:20.334023+09:00
Ticket Companion,telecom,True,,2026-08-18T07:43:20.334023+09:00
Ticket Compass,laundry_dry_cleaning,True,,2026-08-18T07:43:20.334023+09:00
Ticket Console,customer_support,True,,2026-08-18T07:43:20.334023+09:00
Ticket Core,customer_support,True,,2026-08-18T07:43:20.334023+09:00
Ticket Dashboard,telecom,True,,2026-08-18T07:43:20.334023+09:00
Ticket Deck,customer_support,True,,2026-08-18T07:43:20.334023+09:00
Ticket Desk,laundry_dry_cleaning,True,,2026-08-18T07:43:20.334023+09:00
Ticket Dial,customer_support,True,,2026-08-18T07:43:20.334023+09:00
Ticket Engine,telecom,True,,2026-08-18T07:43:20.334023+09:00
Ticket Flow,laundry_dry_cleaning,True,,2026-08-18T07:43:20.334023+09:00
Ticket Forge,laundry_dry_cleaning,True,,2026-08-18T07:43:20.334023+09:00
Ticket Frame,customer_support,True,,2026-08-18T07:43:20.334023+09:00
Ticket Gate,telecom,True,,2026-08-18T07:43:20.334023+09:00
Ticket Grid,laundry_dry_cleaning,True,,2026-08-18T07:43:20.334023+09:00
Ticket Hub,laundry_dry_cleaning,True,,2026-08-18T07:43:20.334023+09:00
Ticket Insight,telecom,True,,2026-08-18T07:43:20.334023+09:00
Ticket Keeper,telecom,True,,2026-08-18T07:43:20.334023+09:00
Ticket Lab,customer_support,True,,2026-08-18T07:43:20.334023+09:00
Ticket Ledger,customer_support,True,,2026-08-18T07:43:20.334023+09:00
Ticket Lens,customer_support,True,,2026-08-18T07:43:20.334023+09:00
Ticket Lock,customer_support,True,,2026-08-18T07:43:20.334023+09:00
Ticket Loop,laundry_dry_cleaning,True,,2026-08-18T07:43:20.334023+09:00
Ticket Manager,telecom,True,,2026-08-18T07:43:20.334023+09:00
Ticket Map,customer_support,True,,2026-08-18T07:43:20.334023+09:00
Ticket Meter,customer_support,True,,2026-08-18T07:43:20.334023+09:00
Ticket Metrics,telecom,True,,2026-08-18T07:43:20.334023+09:00
Ticket Monitor,telecom,True,,2026-08-18T07:43:20.334023+09:00
Ticket Navigator,telecom,True,,2026-08-18T07:43:20.334023+09:00
Ticket Nexus,telecom,True,,2026-08-18T07:43:20.334023+09:00
Ticket Node,telecom,True,,2026-08-18T07:43:20.334023+09:00
Ticket Organizer,telecom,True,,2026-08-18T07:43:20.334023+09:00
Ticket Panel,customer_support,True,,2026-08-18T07:43:20.334023+09:00
Ticket Path,customer_support,True,,2026-08-18T07:43:20.334023+09:00
Ticket Pilot,laundry_dry_cleaning,True,,2026-08-18T07:43:20.334023+09:00
Ticket Planner,telecom,True,,2026-08-18T07:43:20.334023+09:00
Ticket Point,customer_support,True,,2026-08-18T07:43:20.334023+09:00
Ticket Portal,customer_support,True,,2026-08-18T07:43:20.334023+09:00
Ticket Pulse,laundry_dry_cleaning,True,,2026-08-18T07:43:20.334023+09:00
Ticket Radar,laundry_dry_cleaning,True,,2026-08-18T07:43:20.334023+09:00
Ticket Register,telecom,True,,2026-08-18T07:43:20.334023+09:00
Ticket Relay,laundry_dry_cleaning,True,,2026-08-18T07:43:20.334023+09:00
Ticket Ring,telecom,False,"TITLE_UNCLEAR: Ring is abstract, no SaaS function is suggested (established prior batches)",2026-08-18T07:43:20.334023+09:00
Ticket Scale,customer_support,True,,2026-08-18T07:43:20.334023+09:00
Ticket Scheduler,telecom,True,,2026-08-18T07:43:20.334023+09:00
Ticket Scope,laundry_dry_cleaning,True,,2026-08-18T07:43:20.334023+09:00
Ticket Sentry,telecom,True,,2026-08-18T07:43:20.334023+09:00
Ticket Signal,laundry_dry_cleaning,True,,2026-08-18T07:43:20.334023+09:00
Ticket Station,customer_support,True,,2026-08-18T07:43:20.334023+09:00
Ticket Studio,customer_support,True,,2026-08-18T07:43:20.334023+09:00
Ticket Suite,telecom,True,,2026-08-18T07:43:20.334023+09:00
Ticket Terminal,customer_support,False,"TITLE_UNCLEAR: Terminal only reads clearly for transportation/maritime_shipping/aviation/logistics, industry=customer_support",2026-08-18T07:43:20.334023+09:00
Ticket Trail,telecom,True,,2026-08-18T07:43:20.334023+09:00
Ticket Vault,laundry_dry_cleaning,True,,2026-08-18T07:43:20.334023+09:00
Ticket Watch,laundry_dry_cleaning,True,,2026-08-18T07:43:20.334023+09:00
Ticket Wave,customer_support,True,,2026-08-18T01:28:04.577831+09:00
Ticket Zone,customer_support,True,,2026-08-18T07:43:20.334023+09:00
Ticketing Assistant,events,True,,2026-08-18T07:43:20.334023+09:00
Ticketing Atlas,events,True,,2026-08-18T07:43:20.334023+09:00
Ticketing Cockpit,events,True,,2026-08-18T07:43:20.334023+09:00
Ticketing Companion,events,True,,2026-08-18T07:43:20.334023+09:00
Ticketing Dashboard,events,True,,2026-08-18T07:43:20.334023+09:00
Ticketing Engine,events,True,,2026-08-18T07:43:20.334023+09:00
Ticketing Flow,events,True,,2026-08-18T07:43:20.334023+09:00
Ticketing Guard,events,True,,2026-08-18T07:43:20.334023+09:00
Ticketing Insight,events,True,,2026-08-18T07:43:20.334023+09:00
Ticketing Keeper,events,True,,2026-08-18T07:43:20.334023+09:00
Ticketing Manager,events,True,,2026-08-18T07:43:20.334023+09:00
Ticketing Metrics,events,True,,2026-08-18T07:43:20.334023+09:00
Ticketing Monitor,events,True,,2026-08-18T07:43:20.334023+09:00
Ticketing Navigator,events,True,,2026-08-18T07:43:20.334023+09:00
Ticketing Nexus,events,True,,2026-08-18T07:43:20.334023+09:00
Ticketing Ops,events,True,,2026-08-18T07:43:20.334023+09:00
Ticketing Organizer,events,True,,2026-08-18T07:43:20.334023+09:00
Ticketing Planner,events,True,,2026-08-18T07:43:20.334023+09:00
Ticketing Register,events,True,,2026-08-18T07:43:20.334023+09:00
Ticketing Scheduler,events,True,,2026-08-18T07:43:20.334023+09:00
Ticketing Sentry,events,True,,2026-08-18T07:43:20.334023+09:00
Ticketing Suite,events,True,,2026-08-18T07:43:20.334023+09:00
Ticketing Sync,events,True,,2026-08-18T07:43:20.334023+09:00
Ticketing Tracker,events,True,,2026-08-18T07:43:20.334023+09:00
Timesheet Assistant,hr_payroll,True,,2026-08-18T07:43:20.334023+09:00
Timesheet Atlas,hr_payroll,True,,2026-08-18T07:43:20.334023+09:00
Timesheet Chain,hr_payroll,True,,2026-08-18T07:43:20.334023+09:00
Timesheet Cockpit,hr_payroll,True,,2026-08-18T07:43:20.334023+09:00
Timesheet Companion,hr_payroll,True,,2026-08-18T07:43:20.334023+09:00
Timesheet Dashboard,hr_payroll,True,,2026-08-18T07:43:20.334023+09:00
Timesheet Engine,hr_payroll,True,,2026-08-18T07:43:20.334023+09:00
Timesheet Gate,hr_payroll,True,,2026-08-18T07:43:20.334023+09:00
Timesheet Insight,hr_payroll,True,,2026-08-18T07:43:20.334023+09:00
Timesheet Keeper,hr_payroll,True,,2026-08-18T07:43:20.334023+09:00
Timesheet Manager,hr_payroll,True,,2026-08-18T07:43:20.334023+09:00
Timesheet Metrics,hr_payroll,True,,2026-08-18T07:43:20.334023+09:00
Timesheet Monitor,hr_payroll,True,,2026-08-18T07:43:20.334023+09:00
Timesheet Navigator,hr_payroll,True,,2026-08-18T07:43:20.334023+09:00
Timesheet Nexus,hr_payroll,True,,2026-08-18T07:43:20.334023+09:00
Timesheet Node,hr_payroll,True,,2026-08-18T07:43:20.334023+09:00
Timesheet Organizer,hr_payroll,True,,2026-08-18T07:43:20.334023+09:00
Timesheet Planner,hr_payroll,True,,2026-08-18T07:43:20.334023+09:00
Timesheet Rail,hr_payroll,True,,2026-08-18T01:30:57.525706+09:00
Timesheet Ring,hr_payroll,False,"TITLE_UNCLEAR: Ring is abstract, no SaaS function is suggested (established prior batches)",2026-08-18T07:43:20.334023+09:00
Timesheet Scheduler,hr_payroll,True,,2026-08-18T07:43:20.334023+09:00
Timesheet Sentry,hr_payroll,True,,2026-08-18T07:43:20.334023+09:00
Timesheet Suite,hr_payroll,True,,2026-08-18T07:43:20.334023+09:00
Timesheet Trail,hr_payroll,True,,2026-08-18T07:43:20.334023+09:00
Title Anchor,real_estate,True,,2026-08-18T07:43:20.334023+09:00
Title Base,real_estate,True,,2026-08-18T07:43:20.334023+09:00
Title Board,real_estate,True,,2026-08-18T07:43:20.334023+09:00
Title Bridge,real_estate,True,,2026-08-18T07:43:20.334023+09:00
Title Cascade,real_estate,True,,2026-08-18T07:43:20.334023+09:00
Title Core,real_estate,True,,2026-08-18T07:43:20.334023+09:00
Title Deck,real_estate,True,,2026-08-18T07:43:20.334023+09:00
Title Forge,real_estate,True,,2026-08-18T07:43:20.334023+09:00
Title Frame,real_estate,True,,2026-08-18T07:43:20.334023+09:00
Title Grid,real_estate,True,,2026-08-18T07:43:20.334023+09:00
Title Ledger,real_estate,True,,2026-08-18T07:43:20.334023+09:00
Title Lens,real_estate,True,,2026-08-18T07:43:20.334023+09:00
Title Lock,real_estate,True,,2026-08-18T07:43:20.334023+09:00
Title Loop,real_estate,True,,2026-08-18T07:43:20.334023+09:00
Title Map,real_estate,True,,2026-08-18T07:43:20.334023+09:00
Title Path,real_estate,True,,2026-08-18T07:43:20.334023+09:00
Title Point,real_estate,True,,2026-08-18T07:43:20.334023+09:00
Title Pulse,real_estate,True,,2026-08-18T07:43:20.334023+09:00
Title Scope,real_estate,True,,2026-08-18T07:43:20.334023+09:00
Title Signal,real_estate,True,,2026-08-18T07:43:20.334023+09:00
Title Studio,real_estate,True,,2026-08-18T07:43:20.334023+09:00
Title Watch,real_estate,True,,2026-08-18T07:43:20.334023+09:00
Title Wave,real_estate,True,,2026-08-18T07:43:20.334023+09:00
Trade Assistant,automotive,True,,2026-08-18T07:43:20.334023+09:00
Trade Atlas,automotive,True,,2026-08-18T07:43:20.334023+09:00
Trade Chain,automotive,True,,2026-08-18T07:43:20.334023+09:00
Trade Cockpit,automotive,True,,2026-08-18T07:43:20.334023+09:00
Trade Dock,automotive,True,,2026-08-18T07:43:20.334023+09:00
Trade Engine,automotive,True,,2026-08-18T07:43:20.334023+09:00
Trade Gate,automotive,True,,2026-08-18T07:43:20.334023+09:00
Trade Insight,automotive,True,,2026-08-18T07:43:20.334023+09:00
Trade Keeper,automotive,True,,2026-08-18T07:43:20.334023+09:00
Trade Manager,automotive,True,,2026-08-18T07:43:20.334023+09:00
Trade Metrics,automotive,True,,2026-08-18T07:43:20.334023+09:00
Trade Monitor,automotive,True,,2026-08-18T07:43:20.334023+09:00
Trade Nexus,automotive,True,,2026-08-18T07:43:20.334023+09:00
Trade Node,automotive,True,,2026-08-18T07:43:20.334023+09:00
Trade Organizer,automotive,True,,2026-08-18T07:43:20.334023+09:00
Trade Planner,automotive,True,,2026-08-18T07:43:20.334023+09:00
Trade Rail,automotive,True,,2026-08-18T07:43:20.334023+09:00
Trade Ring,automotive,False,"TITLE_UNCLEAR: Ring is abstract, no SaaS function is suggested (established prior batches)",2026-08-18T07:43:20.334023+09:00
Trade Route,automotive,True,,2026-08-18T07:43:20.334023+09:00
Trade Scale,automotive,True,,2026-08-18T07:43:20.334023+09:00
Trade Scheduler,automotive,True,,2026-08-18T07:43:20.334023+09:00
Trade Sentry,automotive,True,,2026-08-18T07:43:20.334023+09:00
Trade Suite,automotive,True,,2026-08-18T07:43:20.334023+09:00
Trade Trail,automotive,True,,2026-08-18T07:43:20.334023+09:00
Trainer Assistant,fitness_wellness,True,,2026-08-18T07:43:20.334023+09:00
Trainer Atlas,fitness_wellness,True,,2026-08-18T07:43:20.334023+09:00
Trainer Chain,fitness_wellness,True,,2026-08-18T07:43:20.334023+09:00
Trainer Console,fitness_wellness,True,,2026-08-18T07:43:20.334023+09:00
Trainer Dial,fitness_wellness,True,,2026-08-18T07:43:20.334023+09:00
Trainer Dock,fitness_wellness,True,,2026-08-18T07:43:20.334023+09:00
Trainer Engine,fitness_wellness,True,,2026-08-18T07:43:20.334023+09:00
Trainer Gate,fitness_wellness,True,,2026-08-18T07:43:20.334023+09:00
Trainer Keeper,fitness_wellness,True,,2026-08-18T07:43:20.334023+09:00
Trainer Manager,fitness_wellness,True,,2026-08-18T07:43:20.334023+09:00
Trainer Meter,fitness_wellness,True,,2026-08-18T07:43:20.334023+09:00
Trainer Nexus,fitness_wellness,True,,2026-08-18T07:43:20.334023+09:00
Trainer Node,fitness_wellness,True,,2026-08-18T07:43:20.334023+09:00
Trainer Panel,fitness_wellness,True,,2026-08-18T07:43:20.334023+09:00
Trainer Planner,fitness_wellness,True,,2026-08-18T07:43:20.334023+09:00
Trainer Portal,fitness_wellness,True,,2026-08-18T07:43:20.334023+09:00
Trainer Rail,fitness_wellness,True,,2026-08-18T07:43:20.334023+09:00
Trainer Ring,fitness_wellness,False,"TITLE_UNCLEAR: Ring is abstract, no SaaS function is suggested (established prior batches)",2026-08-18T07:43:20.334023+09:00
Trainer Route,fitness_wellness,True,,2026-08-18T07:43:20.334023+09:00
Trainer Scale,fitness_wellness,True,,2026-08-18T07:43:20.334023+09:00
Trainer Sentry,fitness_wellness,True,,2026-08-18T07:43:20.334023+09:00
Trainer Suite,fitness_wellness,True,,2026-08-18T07:43:20.334023+09:00
Trainer Trail,fitness_wellness,True,,2026-08-18T07:43:20.334023+09:00
Trainer Zone,fitness_wellness,True,,2026-08-18T07:43:20.334023+09:00
Transcript Beacon,education,True,,2026-08-18T07:43:20.334023+09:00
Transcript Cockpit,education,True,,2026-08-18T07:43:20.334023+09:00
Transcript Companion,education,True,,2026-08-18T07:43:20.334023+09:00
Transcript Compass,education,True,,2026-08-18T07:43:20.334023+09:00
Transcript Dashboard,education,True,,2026-08-18T07:43:20.334023+09:00
Transcript Desk,education,True,,2026-08-18T07:43:20.334023+09:00
Transcript Flow,education,True,,2026-08-18T07:43:20.334023+09:00
Transcript Guard,education,True,,2026-08-18T07:43:20.334023+09:00
Transcript Hub,education,True,,2026-08-18T07:43:20.334023+09:00
Transcript Insight,education,True,,2026-08-18T07:43:20.334023+09:00
Transcript Metrics,education,True,,2026-08-18T07:43:20.334023+09:00
Transcript Monitor,education,True,,2026-08-18T07:43:20.334023+09:00
Transcript Navigator,education,True,,2026-08-18T07:43:20.334023+09:00
Transcript Ops,education,True,,2026-08-18T07:43:20.334023+09:00
Transcript Organizer,education,True,,2026-08-18T07:43:20.334023+09:00
Transcript Pilot,education,True,,2026-08-18T07:43:20.334023+09:00
Transcript Planner,education,True,,2026-08-18T07:43:20.334023+09:00
Transcript Radar,education,True,,2026-08-18T07:43:20.334023+09:00
Transcript Register,education,True,,2026-08-18T07:43:20.334023+09:00
Transcript Relay,education,True,,2026-08-18T07:43:20.334023+09:00
Transcript Scheduler,education,True,,2026-08-18T07:43:20.334023+09:00
Transcript Sync,education,True,,2026-08-18T07:43:20.334023+09:00
Transcript Tracker,education,True,,2026-08-18T07:43:20.334023+09:00
Transcript Vault,education,True,,2026-08-18T07:43:20.334023+09:00
Treatment Assistant,dental,True,,2026-08-18T07:43:20.334023+09:00
Treatment Atlas,dental,True,,2026-08-18T07:43:20.334023+09:00
Treatment Chain,dental,True,,2026-08-18T07:43:20.334023+09:00
Treatment Cockpit,dental,True,,2026-08-18T07:43:20.334023+09:00
Treatment Companion,dental,True,,2026-08-18T07:43:20.334023+09:00
Treatment Dashboard,dental,True,,2026-08-18T07:43:20.334023+09:00
Treatment Dial,pest_control,True,,2026-08-18T07:43:20.334023+09:00
Treatment Dock,pest_control,True,,2026-08-18T07:43:20.334023+09:00
Treatment Engine,dental,True,,2026-08-18T07:43:20.334023+09:00
Treatment Gate,dental,True,,2026-08-18T07:43:20.334023+09:00
Treatment Insight,dental,True,,2026-08-18T07:43:20.334023+09:00
Treatment Keeper,dental,True,,2026-08-18T07:43:20.334023+09:00
Treatment Manager,dental,True,,2026-08-18T07:43:20.334023+09:00
Treatment Meter,pest_control,True,,2026-08-18T07:43:20.334023+09:00
Treatment Metrics,dental,True,,2026-08-18T07:43:20.334023+09:00
Treatment Monitor,dental,True,,2026-08-18T07:43:20.334023+09:00
Treatment Navigator,dental,True,,2026-08-18T07:43:20.334023+09:00
Treatment Nexus,dental,True,,2026-08-18T07:43:20.334023+09:00
Treatment Node,dental,True,,2026-08-18T07:43:20.334023+09:00
Treatment Organizer,dental,True,,2026-08-18T07:43:20.334023+09:00
Treatment Panel,pest_control,True,,2026-08-18T07:43:20.334023+09:00
Treatment Planner,dental,True,,2026-08-18T07:43:20.334023+09:00
Treatment Rail,dental,True,,2026-08-18T07:43:20.334023+09:00
Treatment Ring,dental,False,"TITLE_UNCLEAR: Ring is abstract, no SaaS function is suggested (established prior batches)",2026-08-18T07:43:20.334023+09:00
Treatment Route,pest_control,True,,2026-08-18T07:43:20.334023+09:00
Treatment Scale,pest_control,True,,2026-08-18T07:43:20.334023+09:00
Treatment Scheduler,dental,True,,2026-08-18T07:43:20.334023+09:00
Treatment Sentry,dental,True,,2026-08-18T07:43:20.334023+09:00
Treatment Suite,dental,True,,2026-08-18T07:43:20.334023+09:00
Treatment Trail,dental,True,,2026-08-18T07:43:20.334023+09:00
Tuition Board,education,True,,2026-08-18T07:43:20.334023+09:00
Tuition Center,education,True,,2026-08-18T07:43:20.334023+09:00
Tuition Chain,education,True,,2026-08-18T07:43:20.334023+09:00
Tuition Console,education,True,,2026-08-18T07:43:20.334023+09:00
Tuition Core,education,True,,2026-08-18T07:43:20.334023+09:00
Tuition Deck,education,True,,2026-08-18T07:43:20.334023+09:00
Tuition Dial,education,True,,2026-08-18T07:43:20.334023+09:00
Tuition Dock,education,True,,2026-08-18T07:43:20.334023+09:00
Tuition Gate,education,True,,2026-08-18T07:43:20.334023+09:00
Tuition Lab,education,True,,2026-08-18T07:43:20.334023+09:00
Tuition Ledger,education,True,,2026-08-18T07:43:20.334023+09:00
Tuition Meter,education,True,,2026-08-18T07:43:20.334023+09:00
Tuition Node,education,True,,2026-08-18T07:43:20.334023+09:00
Tuition Panel,education,True,,2026-08-18T07:43:20.334023+09:00
Tuition Portal,education,True,,2026-08-18T07:43:20.334023+09:00
Tuition Rail,education,True,,2026-08-18T07:43:20.334023+09:00
Tuition Ring,education,False,"TITLE_UNCLEAR: Ring is abstract, no SaaS function is suggested (established prior batches)",2026-08-18T07:43:20.334023+09:00
Tuition Route,education,True,,2026-08-18T07:43:20.334023+09:00
Tuition Scale,education,True,,2026-08-18T07:43:20.334023+09:00
Tuition Station,education,True,,2026-08-18T07:43:20.334023+09:00
Tuition Studio,education,True,,2026-08-18T07:43:20.334023+09:00
Tuition Terminal,education,False,"TITLE_UNCLEAR: Terminal only reads clearly for transportation/maritime_shipping/aviation/logistics, industry=education",2026-08-18T07:43:20.334023+09:00
Tuition Trail,education,True,,2026-08-18T07:43:20.334023+09:00
Tuition Zone,education,True,,2026-08-18T07:43:20.334023+09:00
Turnaround Atlas,laundry_dry_cleaning,True,,2026-08-18T07:43:20.334023+09:00
Turnaround Center,laundry_dry_cleaning,True,,2026-08-18T07:43:20.334023+09:00
Turnaround Chain,laundry_dry_cleaning,True,,2026-08-18T07:43:20.334023+09:00
Turnaround Console,laundry_dry_cleaning,True,,2026-08-18T07:43:20.334023+09:00
Turnaround Deck,laundry_dry_cleaning,True,,2026-08-18T07:43:20.334023+09:00
Turnaround Dial,laundry_dry_cleaning,True,,2026-08-18T07:43:20.334023+09:00
Turnaround Dock,laundry_dry_cleaning,True,,2026-08-18T07:43:20.334023+09:00
Turnaround Gate,laundry_dry_cleaning,True,,2026-08-18T07:43:20.334023+09:00
Turnaround Lab,laundry_dry_cleaning,True,,2026-08-18T07:43:20.334023+09:00
Turnaround Meter,laundry_dry_cleaning,True,,2026-08-18T07:43:20.334023+09:00
Turnaround Nexus,laundry_dry_cleaning,True,,2026-08-18T07:43:20.334023+09:00
Turnaround Node,laundry_dry_cleaning,True,,2026-08-18T07:43:20.334023+09:00
Turnaround Panel,laundry_dry_cleaning,True,,2026-08-18T07:43:20.334023+09:00
Turnaround Portal,laundry_dry_cleaning,True,,2026-08-18T07:43:20.334023+09:00
Turnaround Rail,laundry_dry_cleaning,True,,2026-08-18T07:43:20.334023+09:00
Turnaround Ring,laundry_dry_cleaning,False,"TITLE_UNCLEAR: Ring is abstract, no SaaS function is suggested (established prior batches)",2026-08-18T07:43:20.334023+09:00
Turnaround Route,laundry_dry_cleaning,True,,2026-08-18T07:43:20.334023+09:00
Turnaround Scale,laundry_dry_cleaning,True,,2026-08-18T07:43:20.334023+09:00
Turnaround Station,laundry_dry_cleaning,True,,2026-08-18T07:43:20.334023+09:00
Turnaround Studio,laundry_dry_cleaning,True,,2026-08-18T07:43:20.334023+09:00
Turnaround Terminal,laundry_dry_cleaning,False,"TITLE_UNCLEAR: Terminal only reads clearly for transportation/maritime_shipping/aviation/logistics, industry=laundry_dry_cleaning",2026-08-18T07:43:20.334023+09:00
Turnaround Trail,laundry_dry_cleaning,True,,2026-08-18T07:43:20.334023+09:00
Turnaround Zone,laundry_dry_cleaning,True,,2026-08-18T07:43:20.334023+09:00
Turnover Anchor,cleaning_services,True,,2026-08-18T07:43:20.334023+09:00
Turnover Base,cleaning_services,True,,2026-08-18T07:43:20.334023+09:00
Turnover Beacon,cleaning_services,True,,2026-08-18T07:43:20.334023+09:00
Turnover Board,cleaning_services,True,,2026-08-18T07:43:20.334023+09:00
Turnover Bridge,cleaning_services,True,,2026-08-18T07:43:20.334023+09:00
Turnover Cascade,cleaning_services,True,,2026-08-18T07:43:20.334023+09:00
Turnover Compass,cleaning_services,True,,2026-08-18T07:43:20.334023+09:00
Turnover Core,cleaning_services,True,,2026-08-18T07:43:20.334023+09:00
Turnover Forge,cleaning_services,True,,2026-08-18T07:43:20.334023+09:00
Turnover Frame,cleaning_services,True,,2026-08-18T07:43:20.334023+09:00
Turnover Grid,cleaning_services,True,,2026-08-18T07:43:20.334023+09:00
Turnover Ledger,cleaning_services,True,,2026-08-18T07:43:20.334023+09:00
Turnover Lens,cleaning_services,True,,2026-08-18T07:43:20.334023+09:00
Turnover Lock,cleaning_services,True,,2026-08-18T07:43:20.334023+09:00
Turnover Loop,cleaning_services,True,,2026-08-18T07:43:20.334023+09:00
Turnover Map,cleaning_services,True,,2026-08-18T07:43:20.334023+09:00
Turnover Path,cleaning_services,True,,2026-08-18T07:43:20.334023+09:00
Turnover Point,cleaning_services,True,,2026-08-18T07:43:20.334023+09:00
Turnover Pulse,cleaning_services,True,,2026-08-18T07:43:20.334023+09:00
Turnover Scope,cleaning_services,True,,2026-08-18T07:43:20.334023+09:00
Turnover Signal,cleaning_services,True,,2026-08-18T07:43:20.334023+09:00
Turnover Watch,cleaning_services,True,,2026-08-18T07:43:20.334023+09:00
Turnover Wave,cleaning_services,True,,2026-08-18T07:43:20.334023+09:00
Underwriting Anchor,insurance,True,,2026-08-18T07:43:20.334023+09:00
Underwriting Base,insurance,True,,2026-08-18T07:43:20.334023+09:00
Underwriting Board,insurance,True,,2026-08-18T07:43:20.334023+09:00
Underwriting Center,insurance,True,,2026-08-18T07:43:20.334023+09:00
Underwriting Core,insurance,True,,2026-08-18T07:43:20.334023+09:00
Underwriting Deck,insurance,True,,2026-08-18T07:43:20.334023+09:00
Underwriting Frame,insurance,True,,2026-08-18T07:43:20.334023+09:00
Underwriting Grid,insurance,True,,2026-08-18T07:43:20.334023+09:00
Underwriting Lab,insurance,True,,2026-08-18T07:43:20.334023+09:00
Underwriting Ledger,insurance,True,,2026-08-18T07:43:20.334023+09:00
Underwriting Lens,insurance,True,,2026-08-18T07:43:20.334023+09:00
Underwriting Lock,insurance,True,,2026-08-18T07:43:20.334023+09:00
Underwriting Loop,insurance,True,,2026-08-18T07:43:20.334023+09:00
Underwriting Map,insurance,True,,2026-08-18T07:43:20.334023+09:00
Underwriting Path,insurance,True,,2026-08-18T07:43:20.334023+09:00
Underwriting Point,insurance,True,,2026-08-18T07:43:20.334023+09:00
Underwriting Pulse,insurance,True,,2026-08-18T07:43:20.334023+09:00
Underwriting Scope,insurance,True,,2026-08-18T07:43:20.334023+09:00
Underwriting Signal,insurance,True,,2026-08-18T07:43:20.334023+09:00
Underwriting Station,insurance,True,,2026-08-18T07:43:20.334023+09:00
Underwriting Studio,insurance,True,,2026-08-18T07:43:20.334023+09:00
Underwriting Terminal,insurance,False,"TITLE_UNCLEAR: Terminal only reads clearly for transportation/maritime_shipping/aviation/logistics, industry=insurance",2026-08-18T07:43:20.334023+09:00
Underwriting Watch,insurance,True,,2026-08-18T07:43:20.334023+09:00
Underwriting Wave,insurance,True,,2026-08-18T07:43:20.334023+09:00
Uptime Board,it_devops,True,,2026-08-18T07:43:20.334023+09:00
Uptime Center,it_devops,True,,2026-08-18T07:43:20.334023+09:00
Uptime Chain,it_devops,True,,2026-08-18T07:43:20.334023+09:00
Uptime Console,it_devops,True,,2026-08-18T07:43:20.334023+09:00
Uptime Deck,it_devops,True,,2026-08-18T07:43:20.334023+09:00
Uptime Dial,it_devops,True,,2026-08-18T07:43:20.334023+09:00
Uptime Dock,it_devops,True,,2026-08-18T07:43:20.334023+09:00
Uptime Gate,it_devops,True,,2026-08-18T07:43:20.334023+09:00
Uptime Lab,it_devops,True,,2026-08-18T07:43:20.334023+09:00
Uptime Ledger,it_devops,True,,2026-08-18T07:43:20.334023+09:00
Uptime Meter,it_devops,True,,2026-08-18T07:43:20.334023+09:00
Uptime Nexus,it_devops,True,,2026-08-18T07:43:20.334023+09:00
Uptime Node,it_devops,True,,2026-08-18T07:43:20.334023+09:00
Uptime Panel,it_devops,True,,2026-08-18T07:43:20.334023+09:00
Uptime Portal,it_devops,True,,2026-08-18T07:43:20.334023+09:00
Uptime Rail,it_devops,True,,2026-08-18T07:43:20.334023+09:00
Uptime Ring,it_devops,False,"TITLE_UNCLEAR: Ring is abstract, no SaaS function is suggested (established prior batches)",2026-08-18T07:43:20.334023+09:00
Uptime Route,it_devops,True,,2026-08-18T07:43:20.334023+09:00
Uptime Scale,it_devops,True,,2026-08-18T07:43:20.334023+09:00
Uptime Station,it_devops,True,,2026-08-18T07:43:20.334023+09:00
Uptime Studio,it_devops,True,,2026-08-18T07:43:20.334023+09:00
Uptime Terminal,it_devops,False,"TITLE_UNCLEAR: Terminal only reads clearly for transportation/maritime_shipping/aviation/logistics, industry=it_devops",2026-08-18T07:43:20.334023+09:00
Uptime Trail,it_devops,True,,2026-08-18T07:43:20.334023+09:00
Uptime Zone,it_devops,True,,2026-08-18T07:43:20.334023+09:00
Vaccination Anchor,veterinary,True,,2026-08-18T07:43:20.334023+09:00
Vaccination Beacon,veterinary,True,,2026-08-18T07:43:20.334023+09:00
Vaccination Bridge,veterinary,True,,2026-08-18T07:43:20.334023+09:00
Vaccination Cascade,veterinary,True,,2026-08-18T07:43:20.334023+09:00
Vaccination Companion,veterinary,True,,2026-08-18T07:43:20.334023+09:00
Vaccination Compass,veterinary,True,,2026-08-18T07:43:20.334023+09:00
Vaccination Dashboard,veterinary,True,,2026-08-18T07:43:20.334023+09:00
Vaccination Desk,veterinary,True,,2026-08-18T07:43:20.334023+09:00
Vaccination Flow,veterinary,True,,2026-08-18T07:43:20.334023+09:00
Vaccination Forge,veterinary,True,,2026-08-18T07:43:20.334023+09:00
Vaccination Guard,veterinary,True,,2026-08-18T07:43:20.334023+09:00
Vaccination Hub,veterinary,True,,2026-08-18T07:43:20.334023+09:00
Vaccination Navigator,veterinary,True,,2026-08-18T07:43:20.334023+09:00
Vaccination Ops,veterinary,True,,2026-08-18T07:43:20.334023+09:00
Vaccination Pilot,veterinary,True,,2026-08-18T07:43:20.334023+09:00
Vaccination Radar,veterinary,True,,2026-08-18T07:43:20.334023+09:00
Vaccination Register,veterinary,True,,2026-08-18T07:43:20.334023+09:00
Vaccination Relay,veterinary,True,,2026-08-18T07:43:20.334023+09:00
Vaccination Scope,veterinary,True,,2026-08-18T07:43:20.334023+09:00
Vaccination Signal,veterinary,True,,2026-08-18T07:43:20.334023+09:00
Vaccination Sync,veterinary,True,,2026-08-18T07:43:20.334023+09:00
Vaccination Tracker,veterinary,True,,2026-08-18T07:43:20.334023+09:00
Vaccination Vault,veterinary,True,,2026-08-18T07:43:20.334023+09:00
Vaccination Watch,veterinary,True,,2026-08-18T07:43:20.334023+09:00
Variant Assistant,retail_ecommerce,True,,2026-08-18T07:43:20.334023+09:00
Variant Atlas,retail_ecommerce,True,,2026-08-18T07:43:20.334023+09:00
Variant Chain,retail_ecommerce,True,,2026-08-18T07:43:20.334023+09:00
Variant Cockpit,retail_ecommerce,True,,2026-08-18T07:43:20.334023+09:00
Variant Companion,retail_ecommerce,True,,2026-08-18T07:43:20.334023+09:00
Variant Dashboard,retail_ecommerce,True,,2026-08-18T07:43:20.334023+09:00
Variant Engine,retail_ecommerce,True,,2026-08-18T07:43:20.334023+09:00
Variant Gate,retail_ecommerce,True,,2026-08-18T07:43:20.334023+09:00
Variant Insight,retail_ecommerce,True,,2026-08-18T07:43:20.334023+09:00
Variant Keeper,retail_ecommerce,True,,2026-08-18T07:43:20.334023+09:00
Variant Manager,retail_ecommerce,True,,2026-08-18T07:43:20.334023+09:00
Variant Metrics,retail_ecommerce,True,,2026-08-18T07:43:20.334023+09:00
Variant Monitor,retail_ecommerce,True,,2026-08-18T07:43:20.334023+09:00
Variant Navigator,retail_ecommerce,True,,2026-08-18T07:43:20.334023+09:00
Variant Nexus,retail_ecommerce,True,,2026-08-18T07:43:20.334023+09:00
Variant Node,retail_ecommerce,True,,2026-08-18T07:43:20.334023+09:00
Variant Ops,retail_ecommerce,True,,2026-08-18T07:43:20.334023+09:00
Variant Organizer,retail_ecommerce,True,,2026-08-18T07:43:20.334023+09:00
Variant Planner,retail_ecommerce,True,,2026-08-18T07:43:20.334023+09:00
Variant Register,retail_ecommerce,True,,2026-08-18T07:43:20.334023+09:00
Variant Ring,retail_ecommerce,False,"TITLE_UNCLEAR: Ring is abstract, no SaaS function is suggested (established prior batches)",2026-08-18T07:43:20.334023+09:00
Variant Scheduler,retail_ecommerce,True,,2026-08-18T07:43:20.334023+09:00
Variant Sentry,retail_ecommerce,True,,2026-08-18T07:43:20.334023+09:00
Variant Suite,retail_ecommerce,True,,2026-08-18T07:43:20.334023+09:00
Vendor Anchor,funeral_services,True,,2026-08-18T07:43:20.334023+09:00
Vendor Beacon,funeral_services,True,,2026-08-18T07:43:20.334023+09:00
Vendor Bridge,funeral_services,True,,2026-08-18T07:43:20.334023+09:00
Vendor Cascade,funeral_services,True,,2026-08-18T07:43:20.334023+09:00
Vendor Companion,retail_ecommerce,True,,2026-08-18T07:43:20.334023+09:00
Vendor Compass,funeral_services,True,,2026-08-18T07:43:20.334023+09:00
Vendor Desk,funeral_services,True,,2026-08-18T07:43:20.334023+09:00
Vendor Flow,funeral_services,True,,2026-08-18T07:43:20.334023+09:00
Vendor Forge,funeral_services,True,,2026-08-18T07:43:20.334023+09:00
Vendor Grid,funeral_services,True,,2026-08-18T07:43:20.334023+09:00
Vendor Guard,retail_ecommerce,True,,2026-08-18T07:43:20.334023+09:00
Vendor Hub,funeral_services,True,,2026-08-18T07:43:20.334023+09:00
Vendor Loop,funeral_services,True,,2026-08-18T07:43:20.334023+09:00
Vendor Navigator,retail_ecommerce,True,,2026-08-18T07:43:20.334023+09:00
Vendor Ops,retail_ecommerce,True,,2026-08-18T07:43:20.334023+09:00
Vendor Path,funeral_services,True,,2026-08-18T07:43:20.334023+09:00
Vendor Pilot,funeral_services,True,,2026-08-18T07:43:20.334023+09:00
Vendor Point,funeral_services,True,,2026-08-18T07:43:20.334023+09:00
Vendor Pulse,funeral_services,True,,2026-08-18T07:43:20.334023+09:00
Vendor Radar,funeral_services,True,,2026-08-18T07:43:20.334023+09:00
Vendor Register,retail_ecommerce,True,,2026-08-18T07:43:20.334023+09:00
Vendor Relay,funeral_services,True,,2026-08-18T07:43:20.334023+09:00
Vendor Scope,funeral_services,True,,2026-08-18T07:43:20.334023+09:00
Vendor Signal,funeral_services,True,,2026-08-18T07:43:20.334023+09:00
Vendor Sync,funeral_services,True,,2026-08-18T07:43:20.334023+09:00
Vendor Tracker,retail_ecommerce,True,,2026-08-18T07:43:20.334023+09:00
Vendor Vault,funeral_services,True,,2026-08-18T07:43:20.334023+09:00
Vendor Watch,funeral_services,True,,2026-08-18T07:43:20.334023+09:00
Vendor Wave,funeral_services,True,,2026-08-18T07:43:20.334023+09:00
Venue Atlas,events,True,,2026-08-18T07:43:20.334023+09:00
Venue Center,events,True,,2026-08-18T07:43:20.334023+09:00
Venue Chain,events,True,,2026-08-18T07:43:20.334023+09:00
Venue Console,events,True,,2026-08-18T07:43:20.334023+09:00
Venue Dial,events,True,,2026-08-18T07:43:20.334023+09:00
Venue Dock,events,True,,2026-08-18T07:43:20.334023+09:00
Venue Gate,events,True,,2026-08-18T07:43:20.334023+09:00
Venue Keeper,events,True,,2026-08-18T07:43:20.334023+09:00
Venue Lab,events,True,,2026-08-18T07:43:20.334023+09:00
Venue Meter,events,True,,2026-08-18T07:43:20.334023+09:00
Venue Nexus,events,True,,2026-08-18T07:43:20.334023+09:00
Venue Node,events,True,,2026-08-18T07:43:20.334023+09:00
Venue Panel,events,True,,2026-08-18T07:43:20.334023+09:00
Venue Portal,events,True,,2026-08-18T07:43:20.334023+09:00
Venue Rail,events,True,,2026-08-18T07:43:20.334023+09:00
Venue Ring,events,False,"TITLE_UNCLEAR: Ring is abstract, no SaaS function is suggested (established prior batches)",2026-08-18T07:43:20.334023+09:00
Venue Route,events,True,,2026-08-18T07:43:20.334023+09:00
Venue Scale,events,True,,2026-08-18T07:43:20.334023+09:00
Venue Sentry,events,True,,2026-08-18T07:43:20.334023+09:00
Venue Station,events,True,,2026-08-18T07:43:20.334023+09:00
Venue Studio,events,True,,2026-08-18T07:43:20.334023+09:00
Venue Terminal,events,False,"TITLE_UNCLEAR: Terminal only reads clearly for transportation/maritime_shipping/aviation/logistics, industry=events",2026-08-18T07:43:20.334023+09:00
Venue Trail,events,True,,2026-08-18T07:43:20.334023+09:00
Venue Zone,events,True,,2026-08-18T07:43:20.334023+09:00
Vessel Assistant,maritime_shipping,True,,2026-08-18T07:43:20.334023+09:00
Vessel Atlas,maritime_shipping,True,,2026-08-18T07:43:20.334023+09:00
Vessel Chain,maritime_shipping,True,,2026-08-18T07:43:20.334023+09:00
Vessel Console,maritime_shipping,True,,2026-08-18T07:43:20.334023+09:00
Vessel Dial,maritime_shipping,True,,2026-08-18T07:43:20.334023+09:00
Vessel Dock,maritime_shipping,True,,2026-08-18T07:43:20.334023+09:00
Vessel Engine,maritime_shipping,True,,2026-08-18T07:43:20.334023+09:00
Vessel Gate,maritime_shipping,True,,2026-08-18T07:43:20.334023+09:00
Vessel Keeper,maritime_shipping,True,,2026-08-18T07:43:20.334023+09:00
Vessel Manager,maritime_shipping,True,,2026-08-18T07:43:20.334023+09:00
Vessel Meter,maritime_shipping,True,,2026-08-18T07:43:20.334023+09:00
Vessel Nexus,maritime_shipping,True,,2026-08-18T07:43:20.334023+09:00
Vessel Node,maritime_shipping,True,,2026-08-18T07:43:20.334023+09:00
Vessel Panel,maritime_shipping,True,,2026-08-18T07:43:20.334023+09:00
Vessel Planner,maritime_shipping,True,,2026-08-18T07:43:20.334023+09:00
Vessel Portal,maritime_shipping,True,,2026-08-18T07:43:20.334023+09:00
Vessel Rail,maritime_shipping,True,,2026-08-18T07:43:20.334023+09:00
Vessel Ring,maritime_shipping,False,"TITLE_UNCLEAR: Ring is abstract, no SaaS function is suggested (established prior batches)",2026-08-18T07:43:20.334023+09:00
Vessel Route,maritime_shipping,True,,2026-08-18T07:43:20.334023+09:00
Vessel Scale,maritime_shipping,True,,2026-08-18T07:43:20.334023+09:00
Vessel Sentry,maritime_shipping,True,,2026-08-18T07:43:20.334023+09:00
Vessel Suite,maritime_shipping,True,,2026-08-18T07:43:20.334023+09:00
Vessel Trail,maritime_shipping,True,,2026-08-18T07:43:20.334023+09:00
Vessel Zone,maritime_shipping,True,,2026-08-18T01:30:57.525706+09:00
Vitals Assistant,senior_care,True,,2026-08-18T07:43:20.334023+09:00
Vitals Cockpit,senior_care,True,,2026-08-18T07:43:20.334023+09:00
Vitals Companion,senior_care,True,,2026-08-18T07:43:20.334023+09:00
Vitals Compass,senior_care,True,,2026-08-18T07:43:20.334023+09:00
Vitals Dashboard,senior_care,True,,2026-08-18T07:43:20.334023+09:00
Vitals Desk,senior_care,True,,2026-08-18T07:43:20.334023+09:00
Vitals Flow,senior_care,True,,2026-08-18T07:43:20.334023+09:00
Vitals Guard,senior_care,True,,2026-08-18T07:43:20.334023+09:00
Vitals Hub,senior_care,True,,2026-08-18T07:43:20.334023+09:00
Vitals Insight,senior_care,True,,2026-08-18T07:43:20.334023+09:00
Vitals Metrics,senior_care,True,,2026-08-18T07:43:20.334023+09:00
Vitals Monitor,senior_care,True,,2026-08-18T07:43:20.334023+09:00
Vitals Navigator,senior_care,True,,2026-08-18T07:43:20.334023+09:00
Vitals Ops,senior_care,True,,2026-08-18T07:43:20.334023+09:00
Vitals Organizer,senior_care,True,,2026-08-18T07:43:20.334023+09:00
Vitals Pilot,senior_care,True,,2026-08-18T07:43:20.334023+09:00
Vitals Planner,senior_care,True,,2026-08-18T07:43:20.334023+09:00
Vitals Radar,senior_care,True,,2026-08-18T07:43:20.334023+09:00
Vitals Register,senior_care,True,,2026-08-18T07:43:20.334023+09:00
Vitals Relay,senior_care,True,,2026-08-18T07:43:20.334023+09:00
Vitals Scheduler,senior_care,True,,2026-08-18T07:43:20.334023+09:00
Vitals Sync,senior_care,True,,2026-08-18T07:43:20.334023+09:00
Vitals Tracker,senior_care,True,,2026-08-18T07:43:20.334023+09:00
Vitals Vault,senior_care,True,,2026-08-18T07:43:20.334023+09:00
Volunteer Base,nonprofit,True,,2026-08-18T07:43:20.334023+09:00
Volunteer Board,nonprofit,True,,2026-08-18T07:43:20.334023+09:00
Volunteer Center,nonprofit,True,,2026-08-18T07:43:20.334023+09:00
Volunteer Console,nonprofit,True,,2026-08-18T07:43:20.334023+09:00
Volunteer Core,nonprofit,True,,2026-08-18T07:43:20.334023+09:00
Volunteer Deck,nonprofit,True,,2026-08-18T07:43:20.334023+09:00
Volunteer Dial,nonprofit,True,,2026-08-18T07:43:20.334023+09:00
Volunteer Dock,nonprofit,True,,2026-08-18T07:43:20.334023+09:00
Volunteer Frame,nonprofit,True,,2026-08-18T07:43:20.334023+09:00
Volunteer Lab,nonprofit,True,,2026-08-18T07:43:20.334023+09:00
Volunteer Ledger,nonprofit,True,,2026-08-18T07:43:20.334023+09:00
Volunteer Lens,nonprofit,True,,2026-08-18T07:43:20.334023+09:00
Volunteer Lock,nonprofit,True,,2026-08-18T07:43:20.334023+09:00
Volunteer Map,nonprofit,True,,2026-08-18T07:43:20.334023+09:00
Volunteer Meter,nonprofit,True,,2026-08-18T07:43:20.334023+09:00
Volunteer Panel,nonprofit,True,,2026-08-18T07:43:20.334023+09:00
Volunteer Point,nonprofit,True,,2026-08-18T07:43:20.334023+09:00
Volunteer Portal,nonprofit,True,,2026-08-18T07:43:20.334023+09:00
Volunteer Route,nonprofit,True,,2026-08-18T07:43:20.334023+09:00
Volunteer Scale,nonprofit,True,,2026-08-18T07:43:20.334023+09:00
Volunteer Station,nonprofit,True,,2026-08-18T07:43:20.334023+09:00
Volunteer Studio,nonprofit,True,,2026-08-18T07:43:20.334023+09:00
Volunteer Terminal,nonprofit,False,"TITLE_UNCLEAR: Terminal only reads clearly for transportation/maritime_shipping/aviation/logistics, industry=nonprofit",2026-08-18T07:43:20.334023+09:00
Volunteer Zone,nonprofit,True,,2026-08-18T07:43:20.334023+09:00
Voyage Atlas,maritime_shipping,True,,2026-08-18T07:43:20.334023+09:00
Voyage Center,maritime_shipping,True,,2026-08-18T07:43:20.334023+09:00
Voyage Chain,maritime_shipping,True,,2026-08-18T07:43:20.334023+09:00
Voyage Console,maritime_shipping,True,,2026-08-18T07:43:20.334023+09:00
Voyage Dial,maritime_shipping,True,,2026-08-18T07:43:20.334023+09:00
Voyage Dock,maritime_shipping,True,,2026-08-18T07:43:20.334023+09:00
Voyage Gate,maritime_shipping,True,,2026-08-18T07:43:20.334023+09:00
Voyage Keeper,maritime_shipping,True,,2026-08-18T07:43:20.334023+09:00
Voyage Manager,maritime_shipping,True,,2026-08-18T07:43:20.334023+09:00
Voyage Meter,maritime_shipping,True,,2026-08-18T07:43:20.334023+09:00
Voyage Nexus,maritime_shipping,True,,2026-08-18T07:43:20.334023+09:00
Voyage Node,maritime_shipping,True,,2026-08-18T07:43:20.334023+09:00
Voyage Panel,maritime_shipping,True,,2026-08-18T07:43:20.334023+09:00
Voyage Portal,maritime_shipping,True,,2026-08-18T07:43:20.334023+09:00
Voyage Rail,maritime_shipping,True,,2026-08-18T07:43:20.334023+09:00
Voyage Ring,maritime_shipping,False,"TITLE_UNCLEAR: Ring is abstract, no SaaS function is suggested (established prior batches)",2026-08-18T07:43:20.334023+09:00
Voyage Route,maritime_shipping,True,,2026-08-18T07:43:20.334023+09:00
Voyage Scale,maritime_shipping,True,,2026-08-18T07:43:20.334023+09:00
Voyage Sentry,maritime_shipping,True,,2026-08-18T07:43:20.334023+09:00
Voyage Suite,maritime_shipping,True,,2026-08-18T07:43:20.334023+09:00
Voyage Terminal,maritime_shipping,True,,2026-08-18T07:43:20.334023+09:00
Voyage Trail,maritime_shipping,True,,2026-08-18T07:43:20.334023+09:00
Voyage Zone,maritime_shipping,True,,2026-08-18T07:43:20.334023+09:00
Vulnerability Beacon,cybersecurity,True,,2026-08-18T07:43:20.334023+09:00
Vulnerability Cockpit,cybersecurity,True,,2026-08-18T07:43:20.334023+09:00
Vulnerability Companion,cybersecurity,True,,2026-08-18T07:43:20.334023+09:00
Vulnerability Compass,cybersecurity,True,,2026-08-18T07:43:20.334023+09:00
Vulnerability Dashboard,cybersecurity,True,,2026-08-18T07:43:20.334023+09:00
Vulnerability Desk,cybersecurity,True,,2026-08-18T07:43:20.334023+09:00
Vulnerability Flow,cybersecurity,True,,2026-08-18T07:43:20.334023+09:00
Vulnerability Guard,cybersecurity,True,,2026-08-18T07:43:20.334023+09:00
Vulnerability Hub,cybersecurity,True,,2026-08-18T07:43:20.334023+09:00
Vulnerability Insight,cybersecurity,True,,2026-08-18T07:43:20.334023+09:00
Vulnerability Metrics,cybersecurity,True,,2026-08-18T07:43:20.334023+09:00
Vulnerability Monitor,cybersecurity,True,,2026-08-18T07:43:20.334023+09:00
Vulnerability Navigator,cybersecurity,True,,2026-08-18T07:43:20.334023+09:00
Vulnerability Ops,cybersecurity,True,,2026-08-18T07:43:20.334023+09:00
Vulnerability Organizer,cybersecurity,True,,2026-08-18T07:43:20.334023+09:00
Vulnerability Pilot,cybersecurity,True,,2026-08-18T07:43:20.334023+09:00
Vulnerability Planner,cybersecurity,True,,2026-08-18T07:43:20.334023+09:00
Vulnerability Radar,cybersecurity,True,,2026-08-18T07:43:20.334023+09:00
Vulnerability Register,cybersecurity,True,,2026-08-18T07:43:20.334023+09:00
Vulnerability Relay,cybersecurity,True,,2026-08-18T07:43:20.334023+09:00
Vulnerability Scheduler,cybersecurity,True,,2026-08-18T07:43:20.334023+09:00
Vulnerability Sync,cybersecurity,True,,2026-08-18T07:43:20.334023+09:00
Vulnerability Tracker,cybersecurity,True,,2026-08-18T07:43:20.334023+09:00
Vulnerability Vault,cybersecurity,True,,2026-08-18T07:43:20.334023+09:00
Waitlist Anchor,salon_spa,True,,2026-08-18T07:43:20.334023+09:00
Waitlist Beacon,salon_spa,True,,2026-08-18T07:43:20.334023+09:00
Waitlist Bridge,salon_spa,True,,2026-08-18T07:43:20.334023+09:00
Waitlist Cascade,salon_spa,True,,2026-08-18T07:43:20.334023+09:00
Waitlist Cockpit,salon_spa,True,,2026-08-18T07:43:20.334023+09:00
Waitlist Companion,salon_spa,True,,2026-08-18T07:43:20.334023+09:00
Waitlist Compass,salon_spa,True,,2026-08-18T07:43:20.334023+09:00
Waitlist Dashboard,salon_spa,True,,2026-08-18T07:43:20.334023+09:00
Waitlist Desk,salon_spa,True,,2026-08-18T07:43:20.334023+09:00
Waitlist Flow,salon_spa,True,,2026-08-18T07:43:20.334023+09:00
Waitlist Forge,salon_spa,True,,2026-08-18T07:43:20.334023+09:00
Waitlist Guard,salon_spa,True,,2026-08-18T07:43:20.334023+09:00
Waitlist Hub,salon_spa,True,,2026-08-18T07:43:20.334023+09:00
Waitlist Metrics,salon_spa,True,,2026-08-18T07:43:20.334023+09:00
Waitlist Navigator,salon_spa,True,,2026-08-18T07:43:20.334023+09:00
Waitlist Ops,salon_spa,True,,2026-08-18T07:43:20.334023+09:00
Waitlist Pilot,salon_spa,True,,2026-08-18T07:43:20.334023+09:00
Waitlist Radar,salon_spa,True,,2026-08-18T07:43:20.334023+09:00
Waitlist Register,salon_spa,True,,2026-08-18T07:43:20.334023+09:00
Waitlist Relay,salon_spa,True,,2026-08-18T07:43:20.334023+09:00
Waitlist Signal,salon_spa,True,,2026-08-18T07:43:20.334023+09:00
Waitlist Sync,salon_spa,True,,2026-08-18T07:43:20.334023+09:00
Waitlist Tracker,salon_spa,True,,2026-08-18T07:43:20.334023+09:00
Waitlist Vault,salon_spa,True,,2026-08-18T07:43:20.334023+09:00
Waiver Assistant,legal,True,,2026-08-18T07:43:20.334023+09:00
Waiver Atlas,legal,True,,2026-08-18T07:43:20.334023+09:00
Waiver Base,fitness_wellness,True,,2026-08-18T07:43:20.334023+09:00
Waiver Board,fitness_wellness,True,,2026-08-18T07:43:20.334023+09:00
Waiver Center,fitness_wellness,True,,2026-08-18T07:43:20.334023+09:00
Waiver Chain,legal,True,,2026-08-18T07:43:20.334023+09:00
Waiver Core,fitness_wellness,True,,2026-08-18T07:43:20.334023+09:00
Waiver Deck,fitness_wellness,True,,2026-08-18T07:43:20.334023+09:00
Waiver Dial,legal,True,,2026-08-18T07:43:20.334023+09:00
Waiver Dock,legal,True,,2026-08-18T07:43:20.334023+09:00
Waiver Engine,legal,True,,2026-08-18T07:43:20.334023+09:00
Waiver Frame,fitness_wellness,True,,2026-08-18T07:43:20.334023+09:00
Waiver Gate,legal,True,,2026-08-18T07:43:20.334023+09:00
Waiver Grid,fitness_wellness,True,,2026-08-18T07:43:20.334023+09:00
Waiver Keeper,legal,True,,2026-08-18T07:43:20.334023+09:00
Waiver Lab,fitness_wellness,True,,2026-08-18T07:43:20.334023+09:00
Waiver Ledger,fitness_wellness,True,,2026-08-18T07:43:20.334023+09:00
Waiver Lens,fitness_wellness,True,,2026-08-18T07:43:20.334023+09:00
Waiver Lock,fitness_wellness,True,,2026-08-18T07:43:20.334023+09:00
Waiver Loop,fitness_wellness,True,,2026-08-18T07:43:20.334023+09:00
Waiver Manager,legal,True,,2026-08-18T07:43:20.334023+09:00
Waiver Map,fitness_wellness,True,,2026-08-18T07:43:20.334023+09:00
Waiver Meter,legal,True,,2026-08-18T07:43:20.334023+09:00
Waiver Nexus,legal,True,,2026-08-18T07:43:20.334023+09:00
Waiver Node,legal,True,,2026-08-18T07:43:20.334023+09:00
Waiver Organizer,legal,True,,2026-08-18T07:43:20.334023+09:00
Waiver Panel,legal,True,,2026-08-18T07:43:20.334023+09:00
Waiver Path,fitness_wellness,True,,2026-08-18T07:43:20.334023+09:00
Waiver Planner,legal,True,,2026-08-18T07:43:20.334023+09:00
Waiver Point,fitness_wellness,True,,2026-08-18T07:43:20.334023+09:00
Waiver Portal,fitness_wellness,True,,2026-08-18T07:43:20.334023+09:00
Waiver Pulse,fitness_wellness,True,,2026-08-18T07:43:20.334023+09:00
Waiver Rail,legal,True,,2026-08-18T07:43:20.334023+09:00
Waiver Ring,legal,False,"TITLE_UNCLEAR: Ring is abstract, no SaaS function is suggested (established prior batches)",2026-08-18T07:43:20.334023+09:00
Waiver Route,legal,True,,2026-08-18T07:43:20.334023+09:00
Waiver Scale,legal,True,,2026-08-18T07:43:20.334023+09:00
Waiver Scheduler,legal,True,,2026-08-18T07:43:20.334023+09:00
Waiver Scope,fitness_wellness,True,,2026-08-18T07:43:20.334023+09:00
Waiver Sentry,legal,True,,2026-08-18T07:43:20.334023+09:00
Waiver Station,fitness_wellness,True,,2026-08-18T07:43:20.334023+09:00
Waiver Studio,fitness_wellness,True,,2026-08-18T07:43:20.334023+09:00
Waiver Suite,legal,True,,2026-08-18T07:43:20.334023+09:00
Waiver Terminal,fitness_wellness,False,"TITLE_UNCLEAR: Terminal only reads clearly for transportation/maritime_shipping/aviation/logistics, industry=fitness_wellness",2026-08-18T07:43:20.334023+09:00
Waiver Trail,legal,True,,2026-08-18T07:43:20.334023+09:00
Waiver Watch,fitness_wellness,True,,2026-08-18T07:43:20.334023+09:00
Waiver Wave,fitness_wellness,True,,2026-08-18T07:43:20.334023+09:00
Waiver Zone,fitness_wellness,True,,2026-08-18T07:43:20.334023+09:00
Warehouse Base,logistics,True,,2026-08-18T07:43:20.334023+09:00
Warehouse Board,logistics,True,,2026-08-18T07:43:20.334023+09:00
Warehouse Center,logistics,True,,2026-08-18T07:43:20.334023+09:00
Warehouse Console,logistics,True,,2026-08-18T07:43:20.334023+09:00
Warehouse Core,logistics,True,,2026-08-18T07:43:20.334023+09:00
Warehouse Deck,logistics,True,,2026-08-18T07:43:20.334023+09:00
Warehouse Dial,logistics,True,,2026-08-18T07:43:20.334023+09:00
Warehouse Frame,logistics,True,,2026-08-18T07:43:20.334023+09:00
Warehouse Lab,logistics,True,,2026-08-18T07:43:20.334023+09:00
Warehouse Ledger,logistics,True,,2026-08-18T07:43:20.334023+09:00
Warehouse Lens,logistics,True,,2026-08-18T07:43:20.334023+09:00
Warehouse Lock,logistics,True,,2026-08-18T07:43:20.334023+09:00
Warehouse Map,logistics,True,,2026-08-18T07:43:20.334023+09:00
Warehouse Meter,logistics,True,,2026-08-18T07:43:20.334023+09:00
Warehouse Panel,logistics,True,,2026-08-18T07:43:20.334023+09:00
Warehouse Path,logistics,True,,2026-08-18T07:43:20.334023+09:00
Warehouse Point,logistics,True,,2026-08-18T07:43:20.334023+09:00
Warehouse Portal,logistics,True,,2026-08-18T07:43:20.334023+09:00
Warehouse Route,logistics,True,,2026-08-18T07:43:20.334023+09:00
Warehouse Scale,logistics,True,,2026-08-18T07:43:20.334023+09:00
Warehouse Station,logistics,True,,2026-08-18T07:43:20.334023+09:00
Warehouse Studio,logistics,True,,2026-08-18T07:43:20.334023+09:00
Warehouse Terminal,logistics,True,,2026-08-18T07:43:20.334023+09:00
Warehouse Zone,logistics,True,,2026-08-18T07:43:20.334023+09:00
Warranty Anchor,pest_control,True,,2026-08-18T07:43:20.334023+09:00
Warranty Assistant,construction,True,,2026-08-18T07:43:20.334023+09:00
Warranty Atlas,customer_support,True,,2026-08-18T07:43:20.334023+09:00
Warranty Base,automotive,True,,2026-08-18T07:43:20.334023+09:00
Warranty Beacon,pest_control,True,,2026-08-18T07:43:20.334023+09:00
Warranty Board,automotive,True,,2026-08-18T07:43:20.334023+09:00
Warranty Bridge,pest_control,True,,2026-08-18T07:43:20.334023+09:00
Warranty Cascade,pest_control,True,,2026-08-18T07:43:20.334023+09:00
Warranty Center,automotive,True,,2026-08-18T07:43:20.334023+09:00
Warranty Cockpit,construction,True,,2026-08-18T07:43:20.334023+09:00
Warranty Companion,construction,True,,2026-08-18T07:43:20.334023+09:00
Warranty Compass,pest_control,True,,2026-08-18T07:43:20.334023+09:00
Warranty Console,automotive,True,,2026-08-18T07:43:20.334023+09:00
Warranty Core,automotive,True,,2026-08-18T07:43:20.334023+09:00
Warranty Dashboard,construction,True,,2026-08-18T07:43:20.334023+09:00
Warranty Deck,automotive,True,,2026-08-18T07:43:20.334023+09:00
Warranty Desk,pest_control,True,,2026-08-18T07:43:20.334023+09:00
Warranty Dial,automotive,True,,2026-08-18T07:43:20.334023+09:00
Warranty Dock,automotive,True,,2026-08-18T07:43:20.334023+09:00
Warranty Engine,construction,True,,2026-08-18T07:43:20.334023+09:00
Warranty Flow,pest_control,True,,2026-08-18T07:43:20.334023+09:00
Warranty Forge,pest_control,True,,2026-08-18T07:43:20.334023+09:00
Warranty Frame,automotive,True,,2026-08-18T07:43:20.334023+09:00
Warranty Gate,customer_support,True,,2026-08-18T07:43:20.334023+09:00
Warranty Grid,pest_control,True,,2026-08-18T07:43:20.334023+09:00
Warranty Guard,pest_control,True,,2026-08-18T07:43:20.334023+09:00
Warranty Hub,pest_control,True,,2026-08-18T07:43:20.334023+09:00
Warranty Insight,construction,True,,2026-08-18T07:43:20.334023+09:00
Warranty Keeper,construction,True,,2026-08-18T07:43:20.334023+09:00
Warranty Lab,automotive,True,,2026-08-18T07:43:20.334023+09:00
Warranty Ledger,automotive,True,,2026-08-18T07:43:20.334023+09:00
Warranty Lens,automotive,True,,2026-08-18T07:43:20.334023+09:00
Warranty Lock,automotive,True,,2026-08-18T01:28:04.577831+09:00
Warranty Loop,pest_control,True,,2026-08-18T07:43:20.334023+09:00
Warranty Manager,construction,True,,2026-08-18T07:43:20.334023+09:00
Warranty Map,automotive,True,,2026-08-18T07:43:20.334023+09:00
Warranty Meter,automotive,True,,2026-08-18T07:43:20.334023+09:00
Warranty Metrics,construction,True,,2026-08-18T07:43:20.334023+09:00
Warranty Monitor,construction,True,,2026-08-18T07:43:20.334023+09:00
Warranty Navigator,construction,True,,2026-08-18T07:43:20.334023+09:00
Warranty Nexus,customer_support,True,,2026-08-18T07:43:20.334023+09:00
Warranty Node,customer_support,True,,2026-08-18T07:43:20.334023+09:00
Warranty Ops,pest_control,True,,2026-08-18T07:43:20.334023+09:00
Warranty Organizer,construction,True,,2026-08-18T07:43:20.334023+09:00
Warranty Panel,automotive,True,,2026-08-18T07:43:20.334023+09:00
Warranty Pilot,pest_control,True,,2026-08-18T07:43:20.334023+09:00
Warranty Planner,construction,True,,2026-08-18T07:43:20.334023+09:00
Warranty Portal,automotive,True,,2026-08-18T07:43:20.334023+09:00
Warranty Radar,pest_control,True,,2026-08-18T07:43:20.334023+09:00
Warranty Rail,automotive,True,,2026-08-18T07:43:20.334023+09:00
Warranty Register,pest_control,True,,2026-08-18T07:43:20.334023+09:00
Warranty Relay,pest_control,True,,2026-08-18T07:43:20.334023+09:00
Warranty Route,automotive,True,,2026-08-18T07:43:20.334023+09:00
Warranty Scale,automotive,True,,2026-08-18T07:43:20.334023+09:00
Warranty Scheduler,construction,True,,2026-08-18T07:43:20.334023+09:00
Warranty Scope,pest_control,True,,2026-08-18T07:43:20.334023+09:00
Warranty Sentry,customer_support,True,,2026-08-18T07:43:20.334023+09:00
Warranty Signal,pest_control,True,,2026-08-18T07:43:20.334023+09:00
Warranty Station,automotive,True,,2026-08-18T07:43:20.334023+09:00
Warranty Studio,automotive,True,,2026-08-18T07:43:20.334023+09:00
Warranty Suite,construction,True,,2026-08-18T07:43:20.334023+09:00
Warranty Sync,pest_control,True,,2026-08-18T07:43:20.334023+09:00
Warranty Terminal,automotive,False,"TITLE_UNCLEAR: Terminal only reads clearly for transportation/maritime_shipping/aviation/logistics, industry=automotive",2026-08-18T07:43:20.334023+09:00
Warranty Tracker,pest_control,True,,2026-08-18T07:43:20.334023+09:00
Warranty Vault,pest_control,True,,2026-08-18T07:43:20.334023+09:00
Warranty Watch,pest_control,True,,2026-08-18T07:43:20.334023+09:00
Warranty Zone,automotive,True,,2026-08-18T07:43:20.334023+09:00
Waste Assistant,food_service,True,,2026-08-18T07:43:20.334023+09:00
Waste Cockpit,food_service,True,,2026-08-18T07:43:20.334023+09:00
Waste Companion,food_service,True,,2026-08-18T07:43:20.334023+09:00
Waste Dashboard,food_service,True,,2026-08-18T07:43:20.334023+09:00
Waste Engine,food_service,True,,2026-08-18T07:43:20.334023+09:00
Waste Flow,food_service,True,,2026-08-18T07:43:20.334023+09:00
Waste Guard,food_service,True,,2026-08-18T07:43:20.334023+09:00
Waste Hub,food_service,True,,2026-08-18T07:43:20.334023+09:00
Waste Insight,food_service,True,,2026-08-18T07:43:20.334023+09:00
Waste Keeper,food_service,True,,2026-08-18T07:43:20.334023+09:00
Waste Manager,food_service,True,,2026-08-18T07:43:20.334023+09:00
Waste Metrics,food_service,True,,2026-08-18T07:43:20.334023+09:00
Waste Monitor,food_service,True,,2026-08-18T07:43:20.334023+09:00
Waste Navigator,food_service,True,,2026-08-18T07:43:20.334023+09:00
Waste Ops,food_service,True,,2026-08-18T07:43:20.334023+09:00
Waste Organizer,food_service,True,,2026-08-18T07:43:20.334023+09:00
Waste Pilot,food_service,True,,2026-08-18T07:43:20.334023+09:00
Waste Planner,food_service,True,,2026-08-18T07:43:20.334023+09:00
Waste Register,food_service,True,,2026-08-18T07:43:20.334023+09:00
Waste Scheduler,food_service,True,,2026-08-18T07:43:20.334023+09:00
Waste Sentry,food_service,True,,2026-08-18T07:43:20.334023+09:00
Waste Suite,food_service,True,,2026-08-18T07:43:20.334023+09:00
Waste Sync,food_service,True,,2026-08-18T07:43:20.334023+09:00
Waste Tracker,food_service,True,,2026-08-18T07:43:20.334023+09:00
Wellness Anchor,veterinary,True,,2026-08-18T07:43:20.334023+09:00
Wellness Assistant,senior_care,True,,2026-08-18T07:43:20.334023+09:00
Wellness Atlas,senior_care,True,,2026-08-18T07:43:20.334023+09:00
Wellness Beacon,veterinary,True,,2026-08-18T07:43:20.334023+09:00
Wellness Bridge,veterinary,True,,2026-08-18T07:43:20.334023+09:00
Wellness Cascade,veterinary,True,,2026-08-18T07:43:20.334023+09:00
Wellness Chain,senior_care,True,,2026-08-18T07:43:20.334023+09:00
Wellness Cockpit,veterinary,True,,2026-08-18T07:43:20.334023+09:00
Wellness Companion,veterinary,True,,2026-08-18T07:43:20.334023+09:00
Wellness Compass,veterinary,True,,2026-08-18T07:43:20.334023+09:00
Wellness Dashboard,veterinary,True,,2026-08-18T07:43:20.334023+09:00
Wellness Desk,veterinary,True,,2026-08-18T07:43:20.334023+09:00
Wellness Engine,senior_care,True,,2026-08-18T07:43:20.334023+09:00
Wellness Flow,veterinary,True,,2026-08-18T07:43:20.334023+09:00
Wellness Forge,veterinary,True,,2026-08-18T07:43:20.334023+09:00
Wellness Gate,senior_care,True,,2026-08-18T07:43:20.334023+09:00
Wellness Guard,veterinary,True,,2026-08-18T07:43:20.334023+09:00
Wellness Hub,veterinary,True,,2026-08-18T07:43:20.334023+09:00
Wellness Insight,senior_care,True,,2026-08-18T07:43:20.334023+09:00
Wellness Keeper,senior_care,True,,2026-08-18T07:43:20.334023+09:00
Wellness Manager,senior_care,True,,2026-08-18T07:43:20.334023+09:00
Wellness Metrics,veterinary,True,,2026-08-18T07:43:20.334023+09:00
Wellness Monitor,senior_care,True,,2026-08-18T07:43:20.334023+09:00
Wellness Navigator,veterinary,True,,2026-08-18T07:43:20.334023+09:00
Wellness Nexus,senior_care,True,,2026-08-18T07:43:20.334023+09:00
Wellness Node,senior_care,True,,2026-08-18T07:43:20.334023+09:00
Wellness Ops,veterinary,True,,2026-08-18T07:43:20.334023+09:00
Wellness Organizer,senior_care,True,,2026-08-18T07:43:20.334023+09:00
Wellness Pilot,veterinary,True,,2026-08-18T07:43:20.334023+09:00
Wellness Planner,senior_care,True,,2026-08-18T07:43:20.334023+09:00
Wellness Radar,veterinary,True,,2026-08-18T07:43:20.334023+09:00
Wellness Register,veterinary,True,,2026-08-18T07:43:20.334023+09:00
Wellness Relay,veterinary,True,,2026-08-18T07:43:20.334023+09:00
Wellness Ring,senior_care,False,"TITLE_UNCLEAR: Ring is abstract, no SaaS function is suggested (established prior batches)",2026-08-18T07:43:20.334023+09:00
Wellness Scheduler,senior_care,True,,2026-08-18T07:43:20.334023+09:00
Wellness Sentry,senior_care,True,,2026-08-18T07:43:20.334023+09:00
Wellness Suite,senior_care,True,,2026-08-18T07:43:20.334023+09:00
Wellness Sync,veterinary,True,,2026-08-18T07:43:20.334023+09:00
Wellness Tracker,veterinary,True,,2026-08-18T07:43:20.334023+09:00
Wellness Trail,senior_care,True,,2026-08-18T07:43:20.334023+09:00
Wellness Vault,veterinary,True,,2026-08-18T07:43:20.334023+09:00
Xray Assistant,dental,True,,2026-08-18T07:43:20.334023+09:00
Xray Atlas,dental,True,,2026-08-18T07:43:20.334023+09:00
Xray Chain,dental,True,,2026-08-18T07:43:20.334023+09:00
Xray Cockpit,dental,True,,2026-08-18T07:43:20.334023+09:00
Xray Dock,dental,True,,2026-08-18T07:43:20.334023+09:00
Xray Engine,dental,True,,2026-08-18T07:43:20.334023+09:00
Xray Gate,dental,True,,2026-08-18T07:43:20.334023+09:00
Xray Insight,dental,True,,2026-08-18T07:43:20.334023+09:00
Xray Keeper,dental,True,,2026-08-18T07:43:20.334023+09:00
Xray Manager,dental,True,,2026-08-18T07:43:20.334023+09:00
Xray Metrics,dental,True,,2026-08-18T07:43:20.334023+09:00
Xray Monitor,dental,True,,2026-08-18T07:43:20.334023+09:00
Xray Nexus,dental,True,,2026-08-18T07:43:20.334023+09:00
Xray Node,dental,True,,2026-08-18T07:43:20.334023+09:00
Xray Organizer,dental,True,,2026-08-18T07:43:20.334023+09:00
Xray Planner,dental,True,,2026-08-18T07:43:20.334023+09:00
Xray Rail,dental,True,,2026-08-18T07:43:20.334023+09:00
Xray Ring,dental,False,"TITLE_UNCLEAR: Ring is abstract, no SaaS function is suggested (established prior batches)",2026-08-18T07:43:20.334023+09:00
Xray Route,dental,True,,2026-08-18T07:43:20.334023+09:00
Xray Scheduler,dental,True,,2026-08-18T07:43:20.334023+09:00
Xray Sentry,dental,True,,2026-08-18T07:43:20.334023+09:00
Xray Suite,dental,True,,2026-08-18T07:43:20.334023+09:00
Xray Trail,dental,True,,2026-08-18T07:43:20.334023+09:00
Yield Anchor,mining,True,,2026-08-18T07:43:20.334023+09:00
Yield Assistant,manufacturing,True,,2026-08-18T07:43:20.334023+09:00
Yield Atlas,manufacturing,True,,2026-08-18T07:43:20.334023+09:00
Yield Base,mining,True,,2026-08-18T07:43:20.334023+09:00
Yield Beacon,mining,True,,2026-08-18T07:43:20.334023+09:00
Yield Board,mining,True,,2026-08-18T07:43:20.334023+09:00
Yield Bridge,mining,True,,2026-08-18T07:43:20.334023+09:00
Yield Cascade,mining,True,,2026-08-18T07:43:20.334023+09:00
Yield Cockpit,agriculture,True,,2026-08-18T07:43:20.334023+09:00
Yield Companion,agriculture,True,,2026-08-18T07:43:20.334023+09:00
Yield Compass,mining,True,,2026-08-18T07:43:20.334023+09:00
Yield Core,mining,True,,2026-08-18T07:43:20.334023+09:00
Yield Dashboard,agriculture,True,,2026-08-18T07:43:20.334023+09:00
Yield Desk,agriculture,True,,2026-08-18T07:43:20.334023+09:00
Yield Engine,manufacturing,True,,2026-08-18T07:43:20.334023+09:00
Yield Flow,agriculture,True,,2026-08-18T07:43:20.334023+09:00
Yield Forge,mining,True,,2026-08-18T07:43:20.334023+09:00
Yield Frame,mining,True,,2026-08-18T07:43:20.334023+09:00
Yield Gate,manufacturing,True,,2026-08-18T07:43:20.334023+09:00
Yield Grid,mining,True,,2026-08-18T07:43:20.334023+09:00
Yield Guard,agriculture,True,,2026-08-18T07:43:20.334023+09:00
Yield Hub,agriculture,True,,2026-08-18T07:43:20.334023+09:00
Yield Insight,agriculture,True,,2026-08-18T07:43:20.334023+09:00
Yield Keeper,manufacturing,True,,2026-08-18T07:43:20.334023+09:00
Yield Ledger,mining,True,,2026-08-18T07:43:20.334023+09:00
Yield Lens,mining,True,,2026-08-18T07:43:20.334023+09:00
Yield Lock,mining,True,,2026-08-18T07:43:20.334023+09:00
Yield Loop,mining,True,,2026-08-18T07:43:20.334023+09:00
Yield Manager,manufacturing,True,,2026-08-18T07:43:20.334023+09:00
Yield Map,mining,True,,2026-08-18T07:43:20.334023+09:00
Yield Metrics,agriculture,True,,2026-08-18T07:43:20.334023+09:00
Yield Monitor,agriculture,True,,2026-08-18T07:43:20.334023+09:00
Yield Navigator,agriculture,True,,2026-08-18T07:43:20.334023+09:00
Yield Nexus,manufacturing,True,,2026-08-18T07:43:20.334023+09:00
Yield Node,manufacturing,True,,2026-08-18T07:43:20.334023+09:00
Yield Ops,agriculture,True,,2026-08-18T07:43:20.334023+09:00
Yield Organizer,agriculture,True,,2026-08-18T07:43:20.334023+09:00
Yield Path,mining,True,,2026-08-18T07:43:20.334023+09:00
Yield Pilot,agriculture,True,,2026-08-18T07:43:20.334023+09:00
Yield Planner,manufacturing,True,,2026-08-18T07:43:20.334023+09:00
Yield Point,mining,True,,2026-08-18T07:43:20.334023+09:00
Yield Pulse,mining,True,,2026-08-18T07:43:20.334023+09:00
Yield Radar,agriculture,True,,2026-08-18T07:43:20.334023+09:00
Yield Register,agriculture,True,,2026-08-18T07:43:20.334023+09:00
Yield Relay,agriculture,True,,2026-08-18T07:43:20.334023+09:00
Yield Ring,manufacturing,False,"TITLE_UNCLEAR: Ring is abstract, no SaaS function is suggested (established prior batches)",2026-08-18T07:43:20.334023+09:00
Yield Scheduler,manufacturing,True,,2026-08-18T07:43:20.334023+09:00
Yield Scope,mining,True,,2026-08-18T07:43:20.334023+09:00
Yield Sentry,manufacturing,True,,2026-08-18T07:43:20.334023+09:00
Yield Signal,mining,True,,2026-08-18T07:43:20.334023+09:00
Yield Suite,manufacturing,True,,2026-08-18T07:43:20.334023+09:00
Yield Sync,agriculture,True,,2026-08-18T07:43:20.334023+09:00
Yield Tracker,agriculture,True,,2026-08-18T07:43:20.334023+09:00
Yield Vault,mining,True,,2026-08-18T07:43:20.334023+09:00
Yield Watch,mining,True,,2026-08-18T07:43:20.334023+09:00
Yield Wave,mining,True,,2026-08-18T07:43:20.334023+09:00
Zoning Anchor,government,True,,2026-08-18T07:43:20.334023+09:00
Zoning Assistant,real_estate,True,,2026-08-18T07:43:20.334023+09:00
Zoning Atlas,real_estate,True,,2026-08-18T07:43:20.334023+09:00
Zoning Beacon,government,True,,2026-08-18T07:43:20.334023+09:00
Zoning Bridge,government,True,,2026-08-18T07:43:20.334023+09:00
Zoning Cascade,government,True,,2026-08-18T07:43:20.334023+09:00
Zoning Cockpit,government,True,,2026-08-18T07:43:20.334023+09:00
Zoning Companion,government,True,,2026-08-18T07:43:20.334023+09:00
Zoning Compass,government,True,,2026-08-18T07:43:20.334023+09:00
Zoning Dashboard,government,True,,2026-08-18T07:43:20.334023+09:00
Zoning Desk,government,True,,2026-08-18T07:43:20.334023+09:00
Zoning Engine,real_estate,True,,2026-08-18T07:43:20.334023+09:00
Zoning Flow,government,True,,2026-08-18T07:43:20.334023+09:00
Zoning Forge,government,True,,2026-08-18T07:43:20.334023+09:00
Zoning Guard,government,True,,2026-08-18T07:43:20.334023+09:00
Zoning Hub,government,True,,2026-08-18T07:43:20.334023+09:00
Zoning Insight,real_estate,True,,2026-08-18T07:43:20.334023+09:00
Zoning Keeper,real_estate,True,,2026-08-18T07:43:20.334023+09:00
Zoning Manager,real_estate,True,,2026-08-18T07:43:20.334023+09:00
Zoning Metrics,government,True,,2026-08-18T07:43:20.334023+09:00
Zoning Monitor,real_estate,True,,2026-08-18T07:43:20.334023+09:00
Zoning Navigator,government,True,,2026-08-18T07:43:20.334023+09:00
Zoning Nexus,real_estate,True,,2026-08-18T07:43:20.334023+09:00
Zoning Ops,government,True,,2026-08-18T07:43:20.334023+09:00
Zoning Organizer,real_estate,True,,2026-08-18T07:43:20.334023+09:00
Zoning Pilot,government,True,,2026-08-18T07:43:20.334023+09:00
Zoning Planner,real_estate,True,,2026-08-18T07:43:20.334023+09:00
Zoning Radar,government,True,,2026-08-18T07:43:20.334023+09:00
Zoning Register,government,True,,2026-08-18T07:43:20.334023+09:00
Zoning Relay,government,True,,2026-08-18T07:43:20.334023+09:00
Zoning Scheduler,real_estate,True,,2026-08-18T07:43:20.334023+09:00
Zoning Sentry,real_estate,True,,2026-08-18T07:43:20.334023+09:00
Zoning Signal,government,True,,2026-08-18T07:43:20.334023+09:00
Zoning Suite,real_estate,True,,2026-08-18T07:43:20.334023+09:00
Zoning Sync,government,True,,2026-08-18T07:43:20.334023+09:00
Zoning Tracker,government,True,,2026-08-18T07:43:20.334023+09:00
Zoning Vault,government,True,,2026-08-18T07:43:20.334023+09:00
