title,avg_monthly_searches,competition_index,api_status,gate_passed,checked_at
Access Atlas,30.0,0.0,success,False,2026-08-17T20:48:06.680156+09:00
Access Base,210.0,1.0,success,False,2026-08-17T20:44:21.106446+09:00
Access Beacon,10.0,0.0,success,False,2026-08-17T20:34:16.019094+09:00
Access Board,880.0,2.0,success,False,2026-08-17T20:41:48.704350+09:00
Access Cascade,,,failed,False,2026-08-17T20:32:03.329355+09:00
Access Center,3600.0,1.0,success,False,2026-08-17T20:36:35.862750+09:00
Access Chain,90.0,7.0,success,False,2026-08-17T21:34:46.886716+09:00
Access Compass,110.0,1.0,success,False,2026-08-17T20:35:06.364440+09:00
Access Console,320.0,0.0,success,False,2026-08-17T20:33:46.243100+09:00
Access Core,170.0,2.0,success,False,2026-08-17T20:43:30.530213+09:00
Access Deck,50.0,6.0,success,False,2026-08-17T20:41:00.568700+09:00
Access Desk,140.0,7.0,success,False,2026-08-17T20:38:51.261946+09:00
Access Dial,50.0,1.0,success,False,2026-08-17T20:31:29.603433+09:00
Access Dock,,,failed,False,2026-08-17T21:38:03.717082+09:00
Access Flow,390.0,12.0,success,False,2026-08-17T20:41:20.787117+09:00
Access Forge,20.0,0.0,success,False,2026-08-17T20:33:16.020559+09:00
Access Frame,70.0,45.0,success,False,2026-08-17T20:45:22.370262+09:00
Access Gate,2400.0,60.0,success,False,2026-08-17T21:31:33.014186+09:00
Access Grid,390.0,1.0,success,False,2026-08-17T21:35:18.423759+09:00
Access Guard,260.0,29.0,success,False,2026-08-17T20:43:57.612589+09:00
Access Hub,3600.0,3.0,success,False,2026-08-17T20:40:36.395454+09:00
Access Keeper,20.0,15.0,success,False,2026-08-17T20:45:46.874737+09:00
Access Lab,5400.0,9.0,success,False,2026-08-17T20:39:20.129592+09:00
Access Ledger,140.0,1.0,success,False,2026-08-17T20:42:34.302604+09:00
Access Lens,140.0,6.0,success,False,2026-08-17T20:46:12.433556+09:00
Access Lock,720.0,41.0,success,False,2026-08-17T20:48:40.258747+09:00
Access Loop,140.0,7.0,success,False,2026-08-17T21:36:24.237197+09:00
Access Manager,12100.0,2.0,success,False,2026-08-17T20:44:45.631544+09:00
Access Map,1300.0,0.0,success,True,2026-08-17T20:47:23.581270+09:00
Access Nexus,110.0,0.0,success,False,2026-08-17T21:30:24.502544+09:00
Access Node,170.0,0.0,success,False,2026-08-17T21:32:45.123730+09:00
Access Panel,27100.0,100.0,success,False,2026-08-17T20:32:41.344957+09:00
Access Path,590.0,2.0,success,False,2026-08-17T21:32:05.797514+09:00
Access Pilot,20.0,0.0,success,False,2026-08-17T20:39:49.091027+09:00
Access Point,201000.0,100.0,success,False,2026-08-17T21:30:57.458125+09:00
Access Portal,2900.0,0.0,success,True,2026-08-17T20:34:38.143389+09:00
Access Pulse,,,failed,False,2026-08-17T21:34:17.965302+09:00
Access Radar,,,failed,False,2026-08-17T20:38:02.236902+09:00
Access Rail,2400.0,10.0,success,False,2026-08-17T21:36:52.396982+09:00
Access Relay,70.0,4.0,success,False,2026-08-17T20:37:03.531282+09:00
Access Route,390.0,0.0,success,False,2026-08-17T21:39:25.145394+09:00
Access Scale,50.0,55.0,success,False,2026-08-17T21:41:31.698252+09:00
Access Scope,70.0,1.0,success,False,2026-08-17T21:37:26.190503+09:00
Access Sentry,20.0,1.0,success,False,2026-08-17T20:46:49.856300+09:00
Access Signal,,,failed,False,2026-08-17T21:40:49.556938+09:00
Access Station,140.0,2.0,success,False,2026-08-17T20:38:24.877008+09:00
Access Studio,390.0,1.0,success,False,2026-08-17T20:40:15.034726+09:00
Access Sync,170.0,6.0,success,False,2026-08-17T20:42:10.144192+09:00
Access Tracker,590.0,11.0,success,False,2026-08-17T20:43:01.991108+09:00
Access Trail,590.0,2.0,success,False,2026-08-17T21:35:52.306880+09:00
Access Vault,260.0,4.0,success,False,2026-08-17T20:36:06.570384+09:00
Access Watch,720.0,11.0,success,False,2026-08-17T21:38:35.218560+09:00
Access Wave,880.0,7.0,success,False,2026-08-17T21:33:17.550972+09:00
Access Zone,170.0,0.0,success,False,2026-08-17T20:35:36.002153+09:00
Accrual Anchor,,,failed,False,2026-08-17T21:36:07.544663+09:00
Accrual Atlas,,,failed,False,2026-08-17T20:43:42.299051+09:00
Accrual Base,140.0,1.0,success,False,2026-08-17T20:40:48.754907+09:00
Accrual Beacon,,,failed,False,2026-08-17T21:41:44.845375+09:00
Accrual Board,,,failed,False,2026-08-17T20:38:11.520193+09:00
Accrual Bridge,,,failed,False,2026-08-17T21:37:05.127331+09:00
Accrual Cascade,,,failed,False,2026-08-17T21:38:15.647846+09:00
Accrual Center,,,failed,False,2026-08-17T20:32:21.226449+09:00
Accrual Chain,,,failed,False,2026-08-17T21:30:05.905035+09:00
Accrual Console,,,failed,False,2026-08-17T21:41:12.952922+09:00
Accrual Core,,,failed,False,2026-08-17T20:39:59.910293+09:00
Accrual Deck,,,failed,False,2026-08-17T20:37:16.947301+09:00
Accrual Desk,,,failed,False,2026-08-17T20:34:48.922886+09:00
Accrual Dial,,,failed,False,2026-08-17T21:37:44.992622+09:00
Accrual Dock,,,failed,False,2026-08-17T21:33:26.536272+09:00
Accrual Flow,,,failed,False,2026-08-17T20:37:45.876313+09:00
Accrual Forge,,,failed,False,2026-08-17T21:39:44.948189+09:00
Accrual Frame,,,failed,False,2026-08-17T20:41:33.336783+09:00
Accrual Gate,,,failed,False,2026-08-17T20:45:33.619281+09:00
Accrual Grid,,,failed,False,2026-08-17T21:30:38.829852+09:00
Accrual Guard,,,failed,False,2026-08-17T20:40:24.654920+09:00
Accrual Hub,10.0,1.0,success,False,2026-08-17T20:36:48.387810+09:00
Accrual Keeper,,,failed,False,2026-08-17T20:41:58.937145+09:00
Accrual Lab,,,failed,False,2026-08-17T20:35:18.626237+09:00
Accrual Ledger,20.0,4.0,success,False,2026-08-17T20:39:06.787331+09:00
Accrual Lens,,,failed,False,2026-08-17T20:42:18.152107+09:00
Accrual Lock,,,failed,False,2026-08-17T20:44:09.032273+09:00
Accrual Loop,,,failed,False,2026-08-17T21:31:46.266854+09:00
Accrual Manager,,,failed,False,2026-08-17T20:41:08.316613+09:00
Accrual Map,,,failed,False,2026-08-17T20:43:15.863986+09:00
Accrual Meter,,,failed,False,2026-08-17T21:36:34.713232+09:00
Accrual Nexus,,,failed,False,2026-08-17T20:44:29.668652+09:00
Accrual Node,,,failed,False,2026-08-17T20:46:23.888336+09:00
Accrual Panel,,,failed,False,2026-08-17T21:39:05.774100+09:00
Accrual Path,,,failed,False,2026-08-17T20:45:55.190861+09:00
Accrual Pilot,,,failed,False,2026-08-17T20:35:50.076535+09:00
Accrual Point,,,failed,False,2026-08-17T20:45:09.617976+09:00
Accrual Pulse,,,failed,False,2026-08-17T20:48:21.583177+09:00
Accrual Radar,,,failed,False,2026-08-17T20:33:59.012811+09:00
Accrual Rail,,,failed,False,2026-08-17T21:32:23.259221+09:00
Accrual Relay,,,failed,False,2026-08-17T20:32:55.422953+09:00
Accrual Route,,,failed,False,2026-08-17T21:34:29.947705+09:00
Accrual Scale,,,failed,False,2026-08-17T21:35:33.419897+09:00
Accrual Scope,,,failed,False,2026-08-17T21:33:00.443260+09:00
Accrual Sentry,,,failed,False,2026-08-17T20:42:47.401639+09:00
Accrual Signal,,,failed,False,2026-08-17T21:35:02.943607+09:00
Accrual Station,,,failed,False,2026-08-17T20:34:23.568448+09:00
Accrual Studio,,,failed,False,2026-08-17T20:36:17.521162+09:00
Accrual Sync,,,failed,False,2026-08-17T20:38:36.286112+09:00
Accrual Tracker,30.0,16.0,success,False,2026-08-17T20:39:31.272188+09:00
Accrual Trail,,,failed,False,2026-08-17T21:31:11.680234+09:00
Accrual Vault,,,failed,False,2026-08-17T20:31:46.547401+09:00
Accrual Watch,,,failed,False,2026-08-17T21:33:59.802696+09:00
Accrual Wave,,,failed,False,2026-08-17T20:47:04.642239+09:00
Activation Anchor,,,failed,False,2026-08-17T20:38:41.975413+09:00
Activation Atlas,210.0,0.0,success,False,2026-08-17T21:39:15.761980+09:00
Activation Base,,,failed,False,2026-08-17T21:35:08.893531+09:00
Activation Beacon,50.0,0.0,success,False,2026-08-17T20:42:02.791525+09:00
Activation Board,70.0,30.0,success,False,2026-08-17T21:31:54.606698+09:00
Activation Bridge,,,failed,False,2026-08-17T20:39:36.069990+09:00
Activation Cascade,30.0,0.0,success,False,2026-08-17T20:40:29.235539+09:00
Activation Center,210.0,1.0,success,False,2026-08-17T20:44:14.789024+09:00
Activation Chain,,,failed,False,2026-08-17T20:33:36.115262+09:00
Activation Compass,,,failed,False,2026-08-17T20:42:51.727520+09:00
Activation Console,,,failed,False,2026-08-17T20:41:41.231730+09:00
Activation Core,1000.0,1.0,success,False,2026-08-17T21:34:05.861065+09:00
Activation Dashboard,110.0,7.0,success,False,2026-08-17T22:50:36.545244+09:00
Activation Deck,20.0,0.0,success,False,2026-08-17T21:30:45.538595+09:00
Activation Desk,,,failed,False,2026-08-17T20:46:29.220439+09:00
Activation Dial,,,failed,False,2026-08-17T20:40:05.754832+09:00
Activation Dock,,,failed,False,2026-08-17T20:36:21.712002+09:00
Activation Flow,50.0,2.0,success,False,2026-08-17T21:31:19.415531+09:00
Activation Forge,,,failed,False,2026-08-17T20:41:13.511022+09:00
Activation Frame,70.0,0.0,success,False,2026-08-17T21:36:17.240271+09:00
Activation Grid,,,failed,False,2026-08-17T20:34:07.278551+09:00
Activation Guard,,,failed,False,2026-08-17T21:34:37.066296+09:00
Activation Hub,480.0,4.0,success,False,2026-08-17T21:30:13.279777+09:00
Activation Keeper,,,failed,False,2026-08-17T21:36:40.900045+09:00
Activation Lab,170.0,2.0,success,False,2026-08-17T20:47:13.736905+09:00
Activation Ledger,,,failed,False,2026-08-17T21:33:05.832312+09:00
Activation Lens,,,failed,False,2026-08-17T21:37:17.917122+09:00
Activation Lock,14800.0,1.0,success,False,2026-08-17T21:40:37.066671+09:00
Activation Loop,90.0,1.0,success,False,2026-08-17T20:34:55.202462+09:00
Activation Manager,480.0,1.0,success,False,2026-08-17T21:35:41.309233+09:00
Activation Map,320.0,0.0,success,False,2026-08-17T21:38:24.477715+09:00
Activation Meter,,,failed,False,2026-08-17T20:39:12.627798+09:00
Activation Nexus,,,failed,False,2026-08-17T21:41:19.053416+09:00
Activation Panel,2400.0,2.0,success,False,2026-08-17T20:40:51.053535+09:00
Activation Pilot,,,failed,False,2026-08-17T20:47:53.457764+09:00
Activation Point,140.0,3.0,success,False,2026-08-17T21:41:49.444267+09:00
Activation Portal,320.0,1.0,success,False,2026-08-17T20:42:22.378966+09:00
Activation Pulse,,,failed,False,2026-08-17T20:33:05.160713+09:00
Activation Radar,,,failed,False,2026-08-17T20:45:35.834234+09:00
Activation Rail,6600.0,0.0,success,True,2026-08-17T20:35:25.429619+09:00
Activation Relay,,,failed,False,2026-08-17T20:44:36.649130+09:00
Activation Route,,,failed,False,2026-08-17T20:37:21.758511+09:00
Activation Scale,,,failed,False,2026-08-17T20:38:14.865229+09:00
Activation Scope,,,failed,False,2026-08-17T20:35:55.625501+09:00
Activation Sentry,,,failed,False,2026-08-17T21:37:49.733247+09:00
Activation Signal,70.0,1.0,success,False,2026-08-17T20:37:55.339961+09:00
Activation Station,140.0,0.0,success,False,2026-08-17T20:46:01.536512+09:00
Activation Studio,210.0,1.0,success,False,2026-08-17T20:48:29.594833+09:00
Activation Sync,,,failed,False,2026-08-17T21:32:31.405261+09:00
Activation Tracker,210.0,1.0,success,False,2026-08-17T21:33:32.175377+09:00
Activation Trail,,,failed,False,2026-08-17T20:34:31.529799+09:00
Activation Vault,,,failed,False,2026-08-17T20:43:48.259554+09:00
Activation Watch,,,failed,False,2026-08-17T20:36:55.192509+09:00
Activation Wave,,,failed,False,2026-08-17T20:31:55.017364+09:00
Activation Zone,70.0,0.0,success,False,2026-08-17T20:43:22.316757+09:00
Actuary Anchor,,,failed,False,2026-08-17T21:37:46.877382+09:00
Actuary Atlas,,,failed,False,2026-08-17T20:45:10.862003+09:00
Actuary Base,,,failed,False,2026-08-17T20:42:00.146835+09:00
Actuary Board,40.0,4.0,success,False,2026-08-17T20:39:33.830984+09:00
Actuary Bridge,,,failed,False,2026-08-17T21:39:09.779186+09:00
Actuary Cascade,,,failed,False,2026-08-17T21:41:16.664514+09:00
Actuary Center,,,failed,False,2026-08-17T20:34:02.071546+09:00
Actuary Chain,,,failed,False,2026-08-17T21:31:52.108049+09:00
Actuary Compass,,,failed,False,2026-08-17T20:32:23.142780+09:00
Actuary Core,,,failed,False,2026-08-17T20:41:11.362619+09:00
Actuary Deck,,,failed,False,2026-08-17T20:38:37.912313+09:00
Actuary Desk,,,failed,False,2026-08-17T20:36:18.497930+09:00
Actuary Dial,,,failed,False,2026-08-17T21:39:57.727763+09:00
Actuary Dock,,,failed,False,2026-08-17T21:35:06.399475+09:00
Actuary Flow,,,failed,False,2026-08-17T20:39:09.333217+09:00
Actuary Frame,,,failed,False,2026-08-17T20:42:49.578916+09:00
Actuary Gate,,,failed,False,2026-08-17T20:47:07.356899+09:00
Actuary Grid,,,failed,False,2026-08-17T21:32:28.090728+09:00
Actuary Guard,,,failed,False,2026-08-17T20:41:38.152103+09:00
Actuary Hub,,,failed,False,2026-08-17T20:38:12.491374+09:00
Actuary Keeper,,,failed,False,2026-08-17T20:43:16.751377+09:00
Actuary Lab,,,failed,False,2026-08-17T20:36:51.044622+09:00
Actuary Ledger,,,failed,False,2026-08-17T20:40:27.760312+09:00
Actuary Lens,,,failed,False,2026-08-17T20:43:46.830313+09:00
Actuary Lock,,,failed,False,2026-08-17T20:45:34.633599+09:00
Actuary Loop,,,failed,False,2026-08-17T21:33:28.260657+09:00
Actuary Manager,390.0,1.0,success,False,2026-08-17T20:42:19.428112+09:00
Actuary Map,10.0,7.0,success,False,2026-08-17T20:44:32.138425+09:00
Actuary Meter,,,failed,False,2026-08-17T21:38:18.723173+09:00
Actuary Nexus,,,failed,False,2026-08-17T20:45:56.929111+09:00
Actuary Node,,,failed,False,2026-08-17T20:48:26.612997+09:00
Actuary Panel,,,failed,False,2026-08-17T21:41:47.180143+09:00
Actuary Path,210.0,8.0,success,False,2026-08-17T20:47:47.373505+09:00
Actuary Pilot,,,failed,False,2026-08-17T20:37:18.091212+09:00
Actuary Point,,,failed,False,2026-08-17T20:46:27.690682+09:00
Actuary Portal,,,failed,False,2026-08-17T20:31:49.556843+09:00
Actuary Pulse,,,failed,False,2026-08-17T21:31:17.550614+09:00
Actuary Radar,,,failed,False,2026-08-17T20:35:20.751202+09:00
Actuary Rail,,,failed,False,2026-08-17T21:34:01.777052+09:00
Actuary Relay,,,failed,False,2026-08-17T20:34:25.476328+09:00
Actuary Route,,,failed,False,2026-08-17T21:36:10.133574+09:00
Actuary Scale,,,failed,False,2026-08-17T21:37:08.932405+09:00
Actuary Scope,10.0,0.0,success,False,2026-08-17T21:34:31.783933+09:00
Actuary Sentry,,,failed,False,2026-08-17T20:44:10.950266+09:00
Actuary Signal,,,failed,False,2026-08-17T21:36:38.708092+09:00
Actuary Station,,,failed,False,2026-08-17T20:35:51.368204+09:00
Actuary Studio,,,failed,False,2026-08-17T20:37:49.257868+09:00
Actuary Sync,,,failed,False,2026-08-17T20:40:03.112671+09:00
Actuary Tracker,,,failed,False,2026-08-17T20:40:49.686418+09:00
Actuary Trail,,,failed,False,2026-08-17T21:33:02.340741+09:00
Actuary Vault,,,failed,False,2026-08-17T20:33:31.328442+09:00
Actuary Watch,,,failed,False,2026-08-17T21:35:36.118436+09:00
Actuary Wave,,,failed,False,2026-08-17T21:30:08.257838+09:00
Actuary Zone,,,failed,False,2026-08-17T20:32:58.642411+09:00
Adherence Manager,10.0,9.0,success,False,2026-08-17T22:48:03.176041+09:00
Adjuster Anchor,,,failed,False,2026-08-17T20:39:21.363517+09:00
Adjuster Atlas,,,failed,False,2026-08-17T21:40:59.899740+09:00
Adjuster Base,210.0,7.0,success,False,2026-08-17T21:35:54.911296+09:00
Adjuster Beacon,,,failed,False,2026-08-17T20:42:40.071307+09:00
Adjuster Board,,,failed,False,2026-08-17T21:32:47.122898+09:00
Adjuster Bridge,,,failed,False,2026-08-17T20:40:17.203996+09:00
Adjuster Cascade,,,failed,False,2026-08-17T20:41:01.819842+09:00
Adjuster Center,,,failed,False,2026-08-17T20:44:46.784780+09:00
Adjuster Chain,2400.0,79.0,success,False,2026-08-17T20:34:17.127214+09:00
Adjuster Compass,,,failed,False,2026-08-17T20:43:32.566232+09:00
Adjuster Console,,,failed,False,2026-08-17T20:42:12.704128+09:00
Adjuster Core,,,failed,False,2026-08-17T21:34:53.019649+09:00
Adjuster Deck,,,failed,False,2026-08-17T21:31:35.848823+09:00
Adjuster Desk,,,failed,False,2026-08-17T20:47:28.313560+09:00
Adjuster Dial,,,failed,False,2026-08-17T20:40:41.186342+09:00
Adjuster Dock,,,failed,False,2026-08-17T20:37:05.313557+09:00
Adjuster Flow,,,failed,False,2026-08-17T21:32:11.115049+09:00
Adjuster Forge,,,failed,False,2026-08-17T20:41:53.253624+09:00
Adjuster Frame,,,failed,False,2026-08-17T21:36:54.710856+09:00
Adjuster Grid,,,failed,False,2026-08-17T20:34:42.726088+09:00
Adjuster Guard,,,failed,False,2026-08-17T21:35:20.515813+09:00
Adjuster Hub,10.0,0.0,success,False,2026-08-17T21:31:00.206645+09:00
Adjuster Keeper,,,failed,False,2026-08-17T21:37:32.627735+09:00
Adjuster Lab,,,failed,False,2026-08-17T20:48:09.439521+09:00
Adjuster Ledger,,,failed,False,2026-08-17T21:33:45.075228+09:00
Adjuster Lens,,,failed,False,2026-08-17T21:38:05.775829+09:00
Adjuster Lock,20.0,13.0,success,False,2026-08-17T21:41:34.183941+09:00
Adjuster Loop,,,failed,False,2026-08-17T20:35:40.356029+09:00
Adjuster Manager,,,failed,False,2026-08-17T21:36:28.444275+09:00
Adjuster Map,,,failed,False,2026-08-17T21:39:34.435552+09:00
Adjuster Meter,,,failed,False,2026-08-17T20:39:51.023967+09:00
Adjuster Node,,,failed,False,2026-08-17T20:32:08.584337+09:00
Adjuster Panel,,,failed,False,2026-08-17T20:41:22.469867+09:00
Adjuster Path,,,failed,False,2026-08-17T20:31:35.680631+09:00
Adjuster Pilot,,,failed,False,2026-08-17T20:48:45.753465+09:00
Adjuster Portal,90.0,0.0,success,False,2026-08-17T20:43:05.974432+09:00
Adjuster Pulse,,,failed,False,2026-08-17T20:33:48.971139+09:00
Adjuster Radar,,,failed,False,2026-08-17T20:46:14.149623+09:00
Adjuster Rail,,,failed,False,2026-08-17T20:36:08.746361+09:00
Adjuster Relay,10.0,39.0,success,False,2026-08-17T20:45:24.269018+09:00
Adjuster Route,10.0,,success,False,2026-08-17T20:38:04.703276+09:00
Adjuster Scale,,,failed,False,2026-08-17T20:38:58.199942+09:00
Adjuster Scope,,,failed,False,2026-08-17T20:36:38.149505+09:00
Adjuster Sentry,,,failed,False,2026-08-17T21:38:37.304138+09:00
Adjuster Signal,,,failed,False,2026-08-17T20:38:26.412397+09:00
Adjuster Station,,,failed,False,2026-08-17T20:46:53.844827+09:00
Adjuster Studio,,,failed,False,2026-08-17T21:30:27.922058+09:00
Adjuster Sync,,,failed,False,2026-08-17T21:33:19.243075+09:00
Adjuster Tracker,,,failed,False,2026-08-17T21:34:20.474166+09:00
Adjuster Trail,,,failed,False,2026-08-17T20:35:09.040915+09:00
Adjuster Vault,,,failed,False,2026-08-17T20:44:22.162347+09:00
Adjuster Watch,1300.0,100.0,success,False,2026-08-17T20:37:34.472176+09:00
Adjuster Wave,,,failed,False,2026-08-17T20:32:46.505342+09:00
Adjuster Zone,,,failed,False,2026-08-17T20:44:01.266186+09:00
Admission Base,,,failed,False,2026-08-17T22:49:21.662634+09:00
Advisor Anchor,,,failed,False,2026-08-17T20:34:51.045190+09:00
Advisor Atlas,10.0,4.0,success,False,2026-08-17T21:34:29.947705+09:00
Advisor Base,,,failed,False,2026-08-17T21:30:41.512165+09:00
Advisor Beacon,,,failed,False,2026-08-17T20:38:36.286112+09:00
Advisor Board,12100.0,4.0,success,False,2026-08-17T20:45:55.190861+09:00
Advisor Bridge,10.0,7.0,success,False,2026-08-17T20:35:50.076535+09:00
Advisor Cascade,,,failed,False,2026-08-17T20:36:48.387810+09:00
Advisor Center,880.0,1.0,success,False,2026-08-17T20:40:48.754907+09:00
Advisor Chain,,,failed,False,2026-08-17T21:41:14.862117+09:00
Advisor Compass,590.0,6.0,success,False,2026-08-17T20:39:32.550443+09:00
Advisor Console,10.0,14.0,success,False,2026-08-17T20:38:12.491374+09:00
Advisor Core,,,failed,False,2026-08-17T20:48:23.905428+09:00
Advisor Deck,20.0,2.0,success,False,2026-08-17T20:45:10.862003+09:00
Advisor Desk,30.0,81.0,success,False,2026-08-17T20:42:47.401639+09:00
Advisor Dial,0.0,,success,False,2026-08-17T20:36:17.521162+09:00
Advisor Dock,10.0,,success,False,2026-08-17T20:32:21.226449+09:00
Advisor Flow,110.0,0.0,success,False,2026-08-17T20:45:33.619281+09:00
Advisor Forge,,,failed,False,2026-08-17T20:37:47.401646+09:00
Advisor Frame,,,failed,False,2026-08-17T21:31:49.761986+09:00
Advisor Gate,,,failed,False,2026-08-17T21:36:36.847955+09:00
Advisor Grid,,,failed,False,2026-08-17T21:41:44.845375+09:00
Advisor Guard,,,failed,False,2026-08-17T21:30:05.905035+09:00
Advisor Hub,12100.0,2.0,success,False,2026-08-17T20:44:29.668652+09:00
Advisor Keeper,,,failed,False,2026-08-17T21:32:25.465592+09:00
Advisor Lab,20.0,5.0,success,False,2026-08-17T20:43:15.863986+09:00
Advisor Ledger,140.0,1.0,success,False,2026-08-17T20:47:04.642239+09:00
Advisor Lens,,,failed,False,2026-08-17T21:33:02.340741+09:00
Advisor Lock,,,failed,False,2026-08-17T21:35:02.943607+09:00
Advisor Manager,50.0,0.0,success,False,2026-08-17T21:31:15.457583+09:00
Advisor Map,,,failed,False,2026-08-17T21:33:59.802696+09:00
Advisor Meter,,,failed,False,2026-08-17T20:35:19.683482+09:00
Advisor Nexus,,,failed,False,2026-08-17T21:35:36.118436+09:00
Advisor Node,,,failed,False,2026-08-17T21:37:44.992622+09:00
Advisor Panel,320.0,0.0,success,False,2026-08-17T20:37:16.947301+09:00
Advisor Path,,,failed,False,2026-08-17T21:37:05.127331+09:00
Advisor Pilot,,,failed,False,2026-08-17T20:43:44.073906+09:00
Advisor Point,,,failed,False,2026-08-17T21:36:07.544663+09:00
Advisor Portal,590.0,1.0,success,False,2026-08-17T20:39:09.333217+09:00
Advisor Pulse,,,failed,False,2026-08-17T21:39:57.727763+09:00
Advisor Radar,,,failed,False,2026-08-17T20:42:00.146835+09:00
Advisor Relay,,,failed,False,2026-08-17T20:41:09.985510+09:00
Advisor Route,,,failed,False,2026-08-17T20:33:30.325030+09:00
Advisor Scale,10.0,9.0,success,False,2026-08-17T20:34:23.568448+09:00
Advisor Scope,,,failed,False,2026-08-17T20:31:46.547401+09:00
Advisor Sentry,,,failed,False,2026-08-17T21:33:26.536272+09:00
Advisor Signal,,,failed,False,2026-08-17T20:34:01.116253+09:00
Advisor Station,,,failed,False,2026-08-17T20:42:19.428112+09:00
Advisor Studio,20.0,7.0,success,False,2026-08-17T20:44:09.032273+09:00
Advisor Sync,,,failed,False,2026-08-17T20:46:26.563596+09:00
Advisor Tracker,,,failed,False,2026-08-17T20:47:45.474295+09:00
Advisor Vault,20.0,9.0,success,False,2026-08-17T20:40:26.535789+09:00
Advisor Watch,70.0,53.0,success,False,2026-08-17T20:32:57.689274+09:00
Advisor Wave,,,failed,False,2026-08-17T21:38:15.647846+09:00
Advisor Zone,590.0,1.0,success,False,2026-08-17T20:40:01.743309+09:00
Agenda Anchor,,,failed,False,2026-08-17T21:36:59.022364+09:00
Agenda Atlas,40.0,1.0,success,False,2026-08-17T20:44:24.451216+09:00
Agenda Base,260.0,91.0,success,False,2026-08-17T20:41:27.066117+09:00
Agenda Board,260.0,21.0,success,False,2026-08-17T20:39:04.557611+09:00
Agenda Bridge,260.0,93.0,success,False,2026-08-17T21:38:10.743063+09:00
Agenda Cascade,10.0,0.0,success,False,2026-08-17T21:39:37.908878+09:00
Agenda Center,320.0,1.0,success,False,2026-08-17T20:33:23.313632+09:00
Agenda Chain,,,failed,False,2026-08-17T21:31:05.600589+09:00
Agenda Compass,,,failed,False,2026-08-17T20:31:38.107939+09:00
Agenda Core,,,failed,False,2026-08-17T20:40:44.017242+09:00
Agenda Deck,40.0,11.0,success,False,2026-08-17T20:38:07.696860+09:00
Agenda Desk,260.0,81.0,success,False,2026-08-17T20:35:45.912195+09:00
Agenda Dial,,,failed,False,2026-08-17T21:38:46.123803+09:00
Agenda Dock,,,failed,False,2026-08-17T21:34:26.372304+09:00
Agenda Flow,720.0,45.0,success,False,2026-08-17T20:38:32.473394+09:00
Agenda Forge,,,failed,False,2026-08-17T21:41:39.306179+09:00
Agenda Frame,20.0,33.0,success,False,2026-08-17T20:42:15.711128+09:00
Agenda Gate,,,failed,False,2026-08-17T20:46:20.020027+09:00
Agenda Grid,10.0,11.0,success,False,2026-08-17T21:31:41.054400+09:00
Agenda Guard,,,failed,False,2026-08-17T20:41:06.345123+09:00
Agenda Hub,40.0,16.0,success,False,2026-08-17T20:37:39.748297+09:00
Agenda Keeper,20.0,13.0,success,False,2026-08-17T20:42:43.172174+09:00
Agenda Lab,140.0,11.0,success,False,2026-08-17T20:36:12.301778+09:00
Agenda Ledger,,,failed,False,2026-08-17T20:39:54.147287+09:00
Agenda Lens,110.0,1.0,success,False,2026-08-17T20:43:09.097865+09:00
Agenda Lock,20.0,29.0,success,False,2026-08-17T20:44:54.516764+09:00
Agenda Loop,10.0,0.0,success,False,2026-08-17T21:32:53.372558+09:00
Agenda Manager,480.0,52.0,success,False,2026-08-17T20:41:55.751231+09:00
Agenda Map,320.0,56.0,success,False,2026-08-17T20:44:06.631034+09:00
Agenda Meter,,,failed,False,2026-08-17T21:37:36.095439+09:00
Agenda Nexus,70.0,0.0,success,False,2026-08-17T20:45:28.437462+09:00
Agenda Node,90.0,0.0,success,False,2026-08-17T20:47:35.936558+09:00
Agenda Panel,,,failed,False,2026-08-17T21:41:04.521769+09:00
Agenda Path,10.0,0.0,success,False,2026-08-17T20:46:59.199715+09:00
Agenda Pilot,,,failed,False,2026-08-17T20:36:40.845127+09:00
Agenda Point,480.0,7.0,success,False,2026-08-17T20:45:52.903104+09:00
Agenda Pulse,,,failed,False,2026-08-17T21:30:33.048254+09:00
Agenda Radar,20.0,0.0,success,False,2026-08-17T20:34:44.892914+09:00
Agenda Rail,90.0,1.0,success,False,2026-08-17T21:33:22.663564+09:00
Agenda Relay,,,failed,False,2026-08-17T20:33:54.236742+09:00
Agenda Route,,,failed,False,2026-08-17T21:35:24.685319+09:00
Agenda Scale,,,failed,False,2026-08-17T21:36:30.682605+09:00
Agenda Scope,40.0,2.0,success,False,2026-08-17T21:33:53.413747+09:00
Agenda Sentry,,,failed,False,2026-08-17T20:43:36.337910+09:00
Agenda Signal,,,failed,False,2026-08-17T21:36:00.741055+09:00
Agenda Station,,,failed,False,2026-08-17T20:35:15.216607+09:00
Agenda Studio,260.0,12.0,success,False,2026-08-17T20:37:11.919122+09:00
Agenda Sync,20.0,11.0,success,False,2026-08-17T20:39:25.387216+09:00
Agenda Tracker,720.0,8.0,success,False,2026-08-17T20:40:20.065990+09:00
Agenda Trail,590.0,2.0,success,False,2026-08-17T21:32:17.170130+09:00
Agenda Vault,,,failed,False,2026-08-17T20:32:49.512310+09:00
Agenda Watch,90.0,4.0,success,False,2026-08-17T21:34:55.256705+09:00
Agenda Wave,,,failed,False,2026-08-17T20:48:15.314618+09:00
Agenda Zone,,,failed,False,2026-08-17T20:32:12.868338+09:00
Allergen Anchor,,,failed,False,2026-08-17T20:44:36.649130+09:00
Allergen Atlas,,,failed,False,2026-08-17T20:35:25.429619+09:00
Allergen Base,,,failed,False,2026-08-17T20:31:55.017364+09:00
Allergen Beacon,,,failed,False,2026-08-17T21:30:13.279777+09:00
Allergen Board,30.0,45.0,success,False,2026-08-17T21:40:37.066671+09:00
Allergen Bridge,,,failed,False,2026-08-17T20:45:40.214755+09:00
Allergen Cascade,,,failed,False,2026-08-17T20:46:31.116711+09:00
Allergen Center,,,failed,False,2026-08-17T21:33:05.832312+09:00
Allergen Chain,,,failed,False,2026-08-17T20:40:06.808560+09:00
Allergen Compass,,,failed,False,2026-08-17T21:31:19.415531+09:00
Allergen Console,,,failed,False,2026-08-17T20:48:29.594833+09:00
Allergen Deck,,,failed,False,2026-08-17T21:38:26.629916+09:00
Allergen Desk,,,failed,False,2026-08-17T21:35:41.309233+09:00
Allergen Dial,,,failed,False,2026-08-17T20:46:01.536512+09:00
Allergen Dock,10.0,11.0,success,False,2026-08-17T20:42:22.378966+09:00
Allergen Flow,,,failed,False,2026-08-17T21:39:15.761980+09:00
Allergen Forge,,,failed,False,2026-08-17T20:47:53.457764+09:00
Allergen Frame,,,failed,False,2026-08-17T20:33:05.160713+09:00
Allergen Gate,,,failed,False,2026-08-17T20:37:21.758511+09:00
Allergen Grid,,,failed,False,2026-08-17T20:40:31.600880+09:00
Allergen Hub,,,failed,False,2026-08-17T21:37:49.733247+09:00
Allergen Keeper,,,failed,False,2026-08-17T20:33:40.236931+09:00
Allergen Lab,880.0,8.0,success,False,2026-08-17T21:36:17.240271+09:00
Allergen Ledger,,,failed,False,2026-08-17T21:41:49.444267+09:00
Allergen Lens,,,failed,False,2026-08-17T20:34:07.278551+09:00
Allergen Lock,10.0,0.0,success,False,2026-08-17T20:35:55.625501+09:00
Allergen Loop,,,failed,False,2026-08-17T20:41:15.125085+09:00
Allergen Manager,,,failed,False,2026-08-17T20:32:30.733040+09:00
Allergen Map,210.0,2.0,success,False,2026-08-17T20:34:58.202084+09:00
Allergen Meter,20.0,7.0,success,False,2026-08-17T20:45:14.001779+09:00
Allergen Nexus,,,failed,False,2026-08-17T20:36:21.712002+09:00
Allergen Node,,,failed,False,2026-08-17T20:38:16.946588+09:00
Allergen Panel,140.0,12.0,success,False,2026-08-17T20:47:13.736905+09:00
Allergen Path,,,failed,False,2026-08-17T20:37:55.339961+09:00
Allergen Pilot,,,failed,False,2026-08-17T21:36:40.900045+09:00
Allergen Point,,,failed,False,2026-08-17T20:36:55.192509+09:00
Allergen Portal,,,failed,False,2026-08-17T21:30:45.538595+09:00
Allergen Pulse,,,failed,False,2026-08-17T20:39:37.454360+09:00
Allergen Radar,,,failed,False,2026-08-17T21:34:37.066296+09:00
Allergen Rail,,,failed,False,2026-08-17T20:41:42.376478+09:00
Allergen Relay,,,failed,False,2026-08-17T21:33:32.175377+09:00
Allergen Route,,,failed,False,2026-08-17T20:43:22.316757+09:00
Allergen Scale,20.0,2.0,success,False,2026-08-17T20:44:14.789024+09:00
Allergen Scope,,,failed,False,2026-08-17T20:42:02.791525+09:00
Allergen Sentry,,,failed,False,2026-08-17T20:34:31.529799+09:00
Allergen Signal,,,failed,False,2026-08-17T20:43:51.758171+09:00
Allergen Station,,,failed,False,2026-08-17T21:35:11.471835+09:00
Allergen Studio,,,failed,False,2026-08-17T21:37:17.917122+09:00
Allergen Sync,,,failed,False,2026-08-17T21:41:19.053416+09:00
Allergen Trail,,,failed,False,2026-08-17T20:40:52.069695+09:00
Allergen Vault,,,failed,False,2026-08-17T21:32:31.405261+09:00
Allergen Watch,,,failed,False,2026-08-17T20:42:51.727520+09:00
Allergen Wave,,,failed,False,2026-08-17T20:38:41.975413+09:00
Allergen Zone,20.0,1.0,success,False,2026-08-17T21:31:54.606698+09:00
Alteration Gate,,,failed,False,2026-08-17T22:51:27.768654+09:00
Alumni Anchor,,,failed,False,2026-08-17T21:37:55.576177+09:00
Alumni Atlas,,,failed,False,2026-08-17T20:45:15.345040+09:00
Alumni Base,50.0,6.0,success,False,2026-08-17T20:42:04.175878+09:00
Alumni Board,390.0,2.0,success,False,2026-08-17T20:39:37.454360+09:00
Alumni Bridge,20.0,2.0,success,False,2026-08-17T21:39:15.761980+09:00
Alumni Cascade,,,failed,False,2026-08-17T21:41:22.072079+09:00
Alumni Center,5400.0,2.0,success,False,2026-08-17T20:34:08.377719+09:00
Alumni Chain,50.0,1.0,success,False,2026-08-17T21:31:56.784481+09:00
Alumni Compass,,,failed,False,2026-08-17T20:32:32.905502+09:00
Alumni Core,,,failed,False,2026-08-17T20:41:15.125085+09:00
Alumni Deck,,,failed,False,2026-08-17T20:38:43.149907+09:00
Alumni Desk,,,failed,False,2026-08-17T20:36:22.753454+09:00
Alumni Dial,,,failed,False,2026-08-17T21:40:41.309160+09:00
Alumni Dock,,,failed,False,2026-08-17T21:35:11.471835+09:00
Alumni Flow,,,failed,False,2026-08-17T20:39:13.606540+09:00
Alumni Frame,20.0,36.0,success,False,2026-08-17T20:42:51.727520+09:00
Alumni Gate,40.0,1.0,success,False,2026-08-17T20:47:13.736905+09:00
Alumni Grid,40.0,2.0,success,False,2026-08-17T21:32:33.876836+09:00
Alumni Guard,10.0,57.0,success,False,2026-08-17T20:41:42.376478+09:00
Alumni Hub,210.0,2.0,success,False,2026-08-17T20:38:16.946588+09:00
Alumni Keeper,,,failed,False,2026-08-17T20:43:22.316757+09:00
Alumni Lab,40.0,0.0,success,False,2026-08-17T20:36:56.303275+09:00
Alumni Ledger,,,failed,False,2026-08-17T20:40:31.600880+09:00
Alumni Lens,,,failed,False,2026-08-17T20:43:51.758171+09:00
Alumni Lock,,,failed,False,2026-08-17T20:45:40.214755+09:00
Alumni Loop,,,failed,False,2026-08-17T21:33:36.085901+09:00
Alumni Manager,40.0,1.0,success,False,2026-08-17T20:42:24.319818+09:00
Alumni Map,40.0,0.0,success,False,2026-08-17T20:44:36.649130+09:00
Alumni Meter,,,failed,False,2026-08-17T21:38:26.629916+09:00
Alumni Nexus,10.0,2.0,success,False,2026-08-17T20:46:03.469899+09:00
Alumni Node,,,failed,False,2026-08-17T20:48:31.729678+09:00
Alumni Panel,390.0,1.0,success,False,2026-08-17T21:41:53.145173+09:00
Alumni Path,,,failed,False,2026-08-17T20:47:58.336807+09:00
Alumni Pilot,,,failed,False,2026-08-17T20:37:24.505740+09:00
Alumni Point,,,failed,False,2026-08-17T20:46:31.116711+09:00
Alumni Portal,8100.0,0.0,success,True,2026-08-17T20:31:58.373055+09:00
Alumni Pulse,,,failed,False,2026-08-17T21:31:23.168898+09:00
Alumni Radar,,,failed,False,2026-08-17T20:35:25.429619+09:00
Alumni Rail,,,failed,False,2026-08-17T21:34:05.861065+09:00
Alumni Relay,10.0,11.0,success,False,2026-08-17T20:34:33.124318+09:00
Alumni Route,,,failed,False,2026-08-17T21:36:17.240271+09:00
Alumni Scale,,,failed,False,2026-08-17T21:37:17.917122+09:00
Alumni Scope,,,failed,False,2026-08-17T21:34:37.066296+09:00
Alumni Sentry,,,failed,False,2026-08-17T20:44:15.738532+09:00
Alumni Signal,,,failed,False,2026-08-17T21:36:43.981322+09:00
Alumni Station,,,failed,False,2026-08-17T20:35:59.491401+09:00
Alumni Studio,,,failed,False,2026-08-17T20:37:55.339961+09:00
Alumni Sync,10.0,4.0,success,False,2026-08-17T20:40:06.808560+09:00
Alumni Tracker,90.0,9.0,success,False,2026-08-17T20:40:52.069695+09:00
Alumni Trail,,,failed,False,2026-08-17T21:33:08.992358+09:00
Alumni Vault,,,failed,False,2026-08-17T20:33:40.236931+09:00
Alumni Watch,10.0,46.0,success,False,2026-08-17T21:35:44.584576+09:00
Alumni Wave,,,failed,False,2026-08-17T21:30:15.996537+09:00
Alumni Zone,40.0,0.0,success,False,2026-08-17T20:33:08.305690+09:00
Amenity Anchor,,,failed,False,2026-08-17T20:42:40.071307+09:00
Amenity Atlas,,,failed,False,2026-08-17T20:33:21.754611+09:00
Amenity Base,,,failed,False,2026-08-17T21:41:34.183941+09:00
Amenity Beacon,,,failed,False,2026-08-17T20:46:14.149623+09:00
Amenity Board,,,failed,False,2026-08-17T21:36:54.710856+09:00
Amenity Bridge,,,failed,False,2026-08-17T20:43:32.566232+09:00
Amenity Cascade,,,failed,False,2026-08-17T20:44:23.108645+09:00
Amenity Center,1000.0,1.0,success,False,2026-08-17T21:30:27.922058+09:00
Amenity Chain,,,failed,False,2026-08-17T20:38:04.703276+09:00
Amenity Compass,,,failed,False,2026-08-17T20:47:28.313560+09:00
Amenity Console,,,failed,False,2026-08-17T20:45:50.172264+09:00
Amenity Core,,,failed,False,2026-08-17T21:39:34.435552+09:00
Amenity Deck,110.0,1.0,success,False,2026-08-17T21:35:54.911296+09:00
Amenity Desk,,,failed,False,2026-08-17T21:33:19.243075+09:00
Amenity Dial,,,failed,False,2026-08-17T20:44:01.266186+09:00
Amenity Dock,,,failed,False,2026-08-17T20:40:41.186342+09:00
Amenity Flow,,,failed,False,2026-08-17T21:36:28.444275+09:00
Amenity Forge,40.0,0.0,success,False,2026-08-17T20:45:26.162726+09:00
Amenity Gate,,,failed,False,2026-08-17T20:35:09.040915+09:00
Amenity Grid,,,failed,False,2026-08-17T20:38:31.317013+09:00
Amenity Guard,,,failed,False,2026-08-17T21:40:59.899740+09:00
Amenity Hub,,,failed,False,2026-08-17T21:35:22.295985+09:00
Amenity Lab,10.0,0.0,success,False,2026-08-17T21:33:45.075228+09:00
Amenity Ledger,,,failed,False,2026-08-17T21:38:05.775829+09:00
Amenity Lens,,,failed,False,2026-08-17T20:31:35.680631+09:00
Amenity Lock,,,failed,False,2026-08-17T20:33:48.971139+09:00
Amenity Loop,,,failed,False,2026-08-17T20:39:21.363517+09:00
Amenity Map,170.0,0.0,success,False,2026-08-17T20:32:46.505342+09:00
Amenity Meter,,,failed,False,2026-08-17T20:43:08.098438+09:00
Amenity Nexus,,,failed,False,2026-08-17T20:34:17.127214+09:00
Amenity Node,,,failed,False,2026-08-17T20:36:08.746361+09:00
Amenity Panel,,,failed,False,2026-08-17T20:44:46.784780+09:00
Amenity Path,,,failed,False,2026-08-17T20:35:40.356029+09:00
Amenity Pilot,,,failed,False,2026-08-17T21:34:20.474166+09:00
Amenity Point,,,failed,False,2026-08-17T20:34:42.726088+09:00
Amenity Portal,,,failed,False,2026-08-17T20:46:53.844827+09:00
Amenity Pulse,,,failed,False,2026-08-17T20:37:34.472176+09:00
Amenity Radar,,,failed,False,2026-08-17T21:32:11.115049+09:00
Amenity Rail,,,failed,False,2026-08-17T20:39:51.023967+09:00
Amenity Relay,,,failed,False,2026-08-17T21:31:00.206645+09:00
Amenity Route,,,failed,False,2026-08-17T20:41:22.469867+09:00
Amenity Scale,,,failed,False,2026-08-17T20:42:12.704128+09:00
Amenity Scope,,,failed,False,2026-08-17T20:40:17.203996+09:00
Amenity Sentry,,,failed,False,2026-08-17T20:32:08.584337+09:00
Amenity Signal,,,failed,False,2026-08-17T20:41:53.253624+09:00
Amenity Station,20.0,16.0,success,False,2026-08-17T21:32:50.995270+09:00
Amenity Studio,10.0,0.0,success,False,2026-08-17T21:34:53.019649+09:00
Amenity Sync,,,failed,False,2026-08-17T21:37:32.627735+09:00
Amenity Tracker,,,failed,False,2026-08-17T21:38:37.304138+09:00
Amenity Trail,,,failed,False,2026-08-17T20:38:58.199942+09:00
Amenity Vault,,,failed,False,2026-08-17T20:49:39.030080+09:00
Amenity Watch,,,failed,False,2026-08-17T20:41:03.029394+09:00
Amenity Wave,,,failed,False,2026-08-17T20:36:38.149505+09:00
Amenity Zone,30.0,0.0,success,False,2026-08-17T20:48:09.439521+09:00
Appointment Anchor,,,failed,False,2026-08-17T20:32:10.469810+09:00
Appointment Atlas,,,failed,False,2026-08-17T21:31:39.058447+09:00
Appointment Base,10.0,1.0,success,False,2026-08-17T20:46:16.531586+09:00
Appointment Beacon,,,failed,False,2026-08-17T20:36:11.237181+09:00
Appointment Board,590.0,17.0,success,False,2026-08-17T20:43:34.295212+09:00
Appointment Bridge,,,failed,False,2026-08-17T20:33:21.754611+09:00
Appointment Cascade,,,failed,False,2026-08-17T20:34:18.335664+09:00
Appointment Center,390.0,4.0,success,False,2026-08-17T20:38:31.317013+09:00
Appointment Chain,,,failed,False,2026-08-17T21:36:57.018160+09:00
Appointment Compass,,,failed,False,2026-08-17T20:37:08.027448+09:00
Appointment Console,,,failed,False,2026-08-17T20:35:44.075031+09:00
Appointment Core,320.0,15.0,success,False,2026-08-17T20:45:28.437462+09:00
Appointment Deck,,,failed,False,2026-08-17T20:42:41.908187+09:00
Appointment Desk,110.0,49.0,success,False,2026-08-17T20:40:42.163784+09:00
Appointment Dial,,,failed,False,2026-08-17T20:33:51.962760+09:00
Appointment Dock,,,failed,False,2026-08-17T21:41:36.452024+09:00
Appointment Flow,20.0,31.0,success,False,2026-08-17T20:43:08.098438+09:00
Appointment Forge,,,failed,False,2026-08-17T20:35:12.658616+09:00
Appointment Frame,,,failed,False,2026-08-17T20:47:33.914967+09:00
Appointment Gate,,,failed,False,2026-08-17T21:33:48.082783+09:00
Appointment Grid,10.0,6.0,success,False,2026-08-17T21:37:36.095439+09:00
Appointment Guard,,,failed,False,2026-08-17T20:45:51.407426+09:00
Appointment Hub,70.0,4.0,success,False,2026-08-17T20:42:13.997557+09:00
Appointment Keeper,20.0,57.0,success,False,2026-08-17T20:48:13.207047+09:00
Appointment Lab,5400.0,4.0,success,False,2026-08-17T20:41:03.029394+09:00
Appointment Ledger,20.0,13.0,success,False,2026-08-17T20:44:23.108645+09:00
Appointment Lens,,,failed,False,2026-08-17T20:49:39.030080+09:00
Appointment Lock,,,failed,False,2026-08-17T21:32:15.070878+09:00
Appointment Loop,,,failed,False,2026-08-17T21:38:40.825363+09:00
Appointment Manager,390.0,26.0,success,False,2026-08-17T20:46:56.962156+09:00
Appointment Map,,,failed,False,2026-08-17T21:31:02.177338+09:00
Appointment Meter,,,failed,False,2026-08-17T20:32:47.475978+09:00
Appointment Navigator,,,failed,False,2026-08-17T22:46:53.613180+09:00
Appointment Nexus,,,failed,False,2026-08-17T21:32:50.995270+09:00
Appointment Node,,,failed,False,2026-08-17T21:34:55.256705+09:00
Appointment Panel,10.0,0.0,success,False,2026-08-17T20:34:43.926118+09:00
Appointment Path,,,failed,False,2026-08-17T21:34:24.214520+09:00
Appointment Pilot,,,failed,False,2026-08-17T20:41:24.809383+09:00
Appointment Planner,1900.0,100.0,success,False,2026-08-17T22:48:05.376281+09:00
Appointment Point,10.0,1.0,success,False,2026-08-17T21:33:20.961288+09:00
Appointment Portal,720.0,7.0,success,False,2026-08-17T20:36:39.507807+09:00
Appointment Pulse,,,failed,False,2026-08-17T21:36:30.682605+09:00
Appointment Radar,10.0,0.0,success,False,2026-08-17T20:39:52.233588+09:00
Appointment Rail,,,failed,False,2026-08-17T21:39:34.435552+09:00
Appointment Relay,,,failed,False,2026-08-17T20:38:59.956902+09:00
Appointment Scale,,,failed,False,2026-08-17T20:31:36.969919+09:00
Appointment Scope,,,failed,False,2026-08-17T21:41:04.521769+09:00
Appointment Sentry,,,failed,False,2026-08-17T21:30:30.781560+09:00
Appointment Station,,,failed,False,2026-08-17T20:40:19.019495+09:00
Appointment Studio,,,failed,False,2026-08-17T20:41:54.470071+09:00
Appointment Sync,,,failed,False,2026-08-17T20:44:04.848400+09:00
Appointment Tracker,390.0,78.0,success,False,2026-08-17T20:44:51.445524+09:00
Appointment Trail,,,failed,False,2026-08-17T21:38:08.965654+09:00
Appointment Vault,,,failed,False,2026-08-17T20:38:06.157627+09:00
Appointment Wave,,,failed,False,2026-08-17T21:35:22.295985+09:00
Appointment Zone,,,failed,False,2026-08-17T20:37:38.706086+09:00
Appraisal Anchor,,,failed,False,2026-08-17T20:41:46.079279+09:00
Appraisal Atlas,,,failed,False,2026-08-17T20:31:59.985806+09:00
Appraisal Base,,,failed,False,2026-08-17T20:36:56.303275+09:00
Appraisal Beacon,,,failed,False,2026-08-17T20:45:15.345040+09:00
Appraisal Board,140.0,7.0,success,False,2026-08-17T20:34:07.278551+09:00
Appraisal Bridge,10.0,0.0,success,False,2026-08-17T20:42:24.319818+09:00
Appraisal Cascade,,,failed,False,2026-08-17T20:43:25.230587+09:00
Appraisal Center,50.0,0.0,success,False,2026-08-17T20:47:58.336807+09:00
Appraisal Chain,,,failed,False,2026-08-17T20:36:56.303275+09:00
Appraisal Compass,,,failed,False,2026-08-17T20:46:03.469899+09:00
Appraisal Console,,,failed,False,2026-08-17T20:44:37.629482+09:00
Appraisal Core,,,failed,False,2026-08-17T20:35:55.625501+09:00
Appraisal Deck,10.0,2.0,success,False,2026-08-17T20:33:05.160713+09:00
Appraisal Dial,,,failed,False,2026-08-17T20:42:52.966707+09:00
Appraisal Dock,,,failed,False,2026-08-17T20:39:41.640400+09:00
Appraisal Flow,10.0,0.0,success,False,2026-08-17T20:33:40.236931+09:00
Appraisal Forge,,,failed,False,2026-08-17T20:44:15.738532+09:00
Appraisal Frame,,,failed,False,2026-08-17T20:37:55.339961+09:00
Appraisal Gate,,,failed,False,2026-08-17T20:34:08.377719+09:00
Appraisal Grid,50.0,0.0,success,False,2026-08-17T20:37:24.505740+09:00
Appraisal Guard,10.0,0.0,success,False,2026-08-17T20:36:21.712002+09:00
Appraisal Hub,260.0,7.0,success,False,2026-08-17T20:32:32.905502+09:00
Appraisal Keeper,,,failed,False,2026-08-17T20:38:16.946588+09:00
Appraisal Ledger,,,failed,False,2026-08-17T20:34:58.202084+09:00
Appraisal Lock,,,failed,False,2026-08-17T20:32:36.001496+09:00
Appraisal Loop,,,failed,False,2026-08-17T20:38:19.209708+09:00
Appraisal Manager,70.0,2.0,success,False,2026-08-17T20:37:21.758511+09:00
Appraisal Meter,,,failed,False,2026-08-17T20:42:06.946542+09:00
Appraisal Nexus,,,failed,False,2026-08-17T20:33:08.305690+09:00
Appraisal Node,,,failed,False,2026-08-17T20:35:00.475766+09:00
Appraisal Panel,20.0,3.0,success,False,2026-08-17T20:43:55.064759+09:00
Appraisal Path,,,failed,False,2026-08-17T20:34:34.179062+09:00
Appraisal Point,90.0,2.0,success,False,2026-08-17T20:33:41.175079+09:00
Appraisal Portal,110.0,2.0,success,False,2026-08-17T20:45:42.370254+09:00
Appraisal Pulse,,,failed,False,2026-08-17T20:36:22.753454+09:00
Appraisal Radar,,,failed,False,2026-08-17T21:30:47.592348+09:00
Appraisal Rail,,,failed,False,2026-08-17T20:38:43.149907+09:00
Appraisal Relay,,,failed,False,2026-08-17T20:48:31.729678+09:00
Appraisal Route,,,failed,False,2026-08-17T20:40:32.567080+09:00
Appraisal Scale,20.0,0.0,success,False,2026-08-17T20:41:16.510977+09:00
Appraisal Scope,480.0,1.0,success,False,2026-08-17T20:39:15.324728+09:00
Appraisal Signal,,,failed,False,2026-08-17T20:40:52.985789+09:00
Appraisal Station,,,failed,False,2026-08-17T21:31:23.168898+09:00
Appraisal Studio,10.0,0.0,success,False,2026-08-17T20:31:58.373055+09:00
Appraisal Sync,,,failed,False,2026-08-17T20:34:33.124318+09:00
Appraisal Tracker,20.0,20.0,success,False,2026-08-17T20:35:25.429619+09:00
Appraisal Trail,,,failed,False,2026-08-17T20:37:57.626492+09:00
Appraisal Vault,10.0,0.0,success,False,2026-08-17T20:47:16.621554+09:00
Appraisal Watch,1300.0,49.0,success,False,2026-08-17T20:40:08.225876+09:00
Appraisal Wave,,,failed,False,2026-08-17T20:35:28.436030+09:00
Appraisal Zone,10.0,4.0,success,False,2026-08-17T20:46:31.116711+09:00
Archive Anchor,,,failed,False,2026-08-17T20:48:15.314618+09:00
Archive Atlas,,,failed,False,2026-08-17T20:38:32.473394+09:00
Archive Base,20.0,0.0,success,False,2026-08-17T20:35:15.216607+09:00
Archive Beacon,,,failed,False,2026-08-17T21:33:53.413747+09:00
Archive Board,170.0,68.0,success,False,2026-08-17T20:32:12.868338+09:00
Archive Bridge,10.0,0.0,success,False,2026-08-17T21:30:33.048254+09:00
Archive Cascade,,,failed,False,2026-08-17T21:31:41.054400+09:00
Archive Center,260.0,1.0,success,False,2026-08-17T21:36:30.682605+09:00
Archive Chain,20.0,62.0,success,False,2026-08-17T20:42:41.908187+09:00
Archive Compass,,,failed,False,2026-08-17T21:34:55.256705+09:00
Archive Console,10.0,1.0,success,False,2026-08-17T21:33:22.663564+09:00
Archive Core,480.0,0.0,success,False,2026-08-17T20:34:19.305897+09:00
Archive Desk,20.0,44.0,success,False,2026-08-17T21:39:37.908878+09:00
Archive Dial,,,failed,False,2026-08-17T21:31:05.600589+09:00
Archive Dock,,,failed,False,2026-08-17T20:45:28.437462+09:00
Archive Flow,10.0,0.0,success,False,2026-08-17T20:31:38.107939+09:00
Archive Forge,,,failed,False,2026-08-17T21:32:53.372558+09:00
Archive Frame,390.0,94.0,success,False,2026-08-17T20:36:12.301778+09:00
Archive Gate,,,failed,False,2026-08-17T20:40:20.065990+09:00
Archive Grid,2900.0,3.0,success,False,2026-08-17T20:43:09.097865+09:00
Archive Guard,,,failed,False,2026-08-17T20:34:43.926118+09:00
Archive Keeper,40.0,0.0,success,False,2026-08-17T20:36:40.845127+09:00
Archive Lab,70.0,0.0,success,False,2026-08-17T21:41:04.521769+09:00
Archive Ledger,,,failed,False,2026-08-17T20:33:23.313632+09:00
Archive Lens,10.0,0.0,success,False,2026-08-17T20:37:11.919122+09:00
Archive Lock,140.0,3.0,success,False,2026-08-17T20:39:04.557611+09:00
Archive Loop,,,failed,False,2026-08-17T20:44:04.848400+09:00
Archive Manager,590.0,2.0,success,False,2026-08-17T20:35:45.912195+09:00
Archive Map,1900.0,0.0,success,True,2026-08-17T20:38:07.696860+09:00
Archive Meter,,,failed,False,2026-08-17T21:30:00.229933+09:00
Archive Nexus,170.0,0.0,success,False,2026-08-17T20:39:25.387216+09:00
Archive Node,140.0,5.0,success,False,2026-08-17T20:41:06.345123+09:00
Archive Panel,,,failed,False,2026-08-17T21:32:17.170130+09:00
Archive Path,20.0,0.0,success,False,2026-08-17T20:40:44.017242+09:00
Archive Pilot,,,failed,False,2026-08-17T21:41:36.452024+09:00
Archive Point,20.0,0.0,success,False,2026-08-17T20:39:54.147287+09:00
Archive Portal,110.0,0.0,success,False,2026-08-17T21:34:24.214520+09:00
Archive Pulse,40.0,0.0,success,False,2026-08-17T20:42:15.711128+09:00
Archive Radar,480.0,0.0,success,False,2026-08-17T21:38:10.743063+09:00
Archive Rail,,,failed,False,2026-08-17T20:44:24.451216+09:00
Archive Relay,,,failed,False,2026-08-17T21:36:59.022364+09:00
Archive Route,,,failed,False,2026-08-17T20:46:20.020027+09:00
Archive Scale,,,failed,False,2026-08-17T20:47:35.936558+09:00
Archive Scope,,,failed,False,2026-08-17T20:44:54.516764+09:00
Archive Sentry,,,failed,False,2026-08-17T20:37:39.748297+09:00
Archive Signal,10.0,0.0,success,False,2026-08-17T20:46:56.962156+09:00
Archive Station,18100.0,8.0,success,False,2026-08-17T21:38:46.123803+09:00
Archive Sync,10.0,4.0,success,False,2026-08-17T20:32:49.512310+09:00
Archive Tracker,50.0,0.0,success,False,2026-08-17T20:33:54.236742+09:00
Archive Trail,10.0,0.0,success,False,2026-08-17T20:43:36.337910+09:00
Archive Vault,260.0,2.0,success,False,2026-08-17T21:36:00.741055+09:00
Archive Watch,260.0,47.0,success,False,2026-08-17T20:45:52.903104+09:00
Archive Wave,,,failed,False,2026-08-17T20:41:27.066117+09:00
Archive Zone,5400.0,0.0,success,True,2026-08-17T21:35:24.685319+09:00
Arrangement Station,,,failed,False,2026-08-17T22:46:53.613180+09:00
Assembly Anchor,880.0,0.0,success,False,2026-08-17T21:33:37.652467+09:00
Assembly Atlas,,,failed,False,2026-08-17T20:41:47.517366+09:00
Assembly Base,90.0,17.0,success,False,2026-08-17T20:38:48.292759+09:00
Assembly Beacon,,,failed,False,2026-08-17T21:37:57.485180+09:00
Assembly Board,880.0,3.0,success,False,2026-08-17T20:36:02.767132+09:00
Assembly Bridge,,,failed,False,2026-08-17T21:34:42.632014+09:00
Assembly Cascade,,,failed,False,2026-08-17T21:35:46.466784+09:00
Assembly Chain,320.0,9.0,success,False,2026-08-17T20:46:04.855118+09:00
Assembly Compass,,,failed,False,2026-08-17T21:39:22.624237+09:00
Assembly Console,10.0,0.0,success,False,2026-08-17T21:37:24.355362+09:00
Assembly Core,20.0,0.0,success,False,2026-08-17T20:37:59.877456+09:00
Assembly Deck,,,failed,False,2026-08-17T20:35:04.556306+09:00
Assembly Desk,720.0,100.0,success,False,2026-08-17T20:32:38.453320+09:00
Assembly Dial,,,failed,False,2026-08-17T21:35:16.200596+09:00
Assembly Dock,,,failed,False,2026-08-17T21:30:50.388708+09:00
Assembly Flow,30.0,0.0,success,False,2026-08-17T20:35:35.063549+09:00
Assembly Forge,,,failed,False,2026-08-17T21:36:47.272145+09:00
Assembly Frame,140.0,21.0,success,False,2026-08-17T20:39:43.687132+09:00
Assembly Gate,110.0,42.0,success,False,2026-08-17T20:43:26.313536+09:00
Assembly Grid,,,failed,False,2026-08-17T20:46:46.837602+09:00
Assembly Guard,10.0,0.0,success,False,2026-08-17T20:38:21.061174+09:00
Assembly Hub,170.0,19.0,success,False,2026-08-17T20:34:35.742752+09:00
Assembly Keeper,,,failed,False,2026-08-17T20:40:10.157299+09:00
Assembly Lab,390.0,48.0,success,False,2026-08-17T20:33:10.817795+09:00
Assembly Ledger,,,failed,False,2026-08-17T20:37:00.325562+09:00
Assembly Lens,,,failed,False,2026-08-17T20:40:33.502804+09:00
Assembly Lock,90.0,2.0,success,False,2026-08-17T20:42:08.223187+09:00
Assembly Loop,1600.0,0.0,success,True,2026-08-17T20:48:00.384731+09:00
Assembly Manager,140.0,1.0,success,False,2026-08-17T20:39:17.196343+09:00
Assembly Map,170.0,0.0,success,False,2026-08-17T20:41:17.748242+09:00
Assembly Meter,,,failed,False,2026-08-17T21:34:12.134068+09:00
Assembly Nexus,,,failed,False,2026-08-17T20:42:32.290659+09:00
Assembly Node,,,failed,False,2026-08-17T20:44:17.126543+09:00
Assembly Panel,90.0,9.0,success,False,2026-08-17T21:36:22.095100+09:00
Assembly Path,10.0,1.0,success,False,2026-08-17T20:43:56.267353+09:00
Assembly Pilot,1600.0,100.0,success,False,2026-08-17T20:33:43.675774+09:00
Assembly Point,22200.0,49.0,success,False,2026-08-17T20:42:54.961047+09:00
Assembly Portal,210.0,35.0,success,False,2026-08-17T21:38:32.905021+09:00
Assembly Pulse,,,failed,False,2026-08-17T20:45:45.792269+09:00
Assembly Rail,10.0,0.0,success,False,2026-08-17T20:48:37.567206+09:00
Assembly Route,,,failed,False,2026-08-17T21:31:59.895065+09:00
Assembly Scale,,,failed,False,2026-08-17T21:33:10.630129+09:00
Assembly Scope,,,failed,False,2026-08-17T21:30:18.085086+09:00
Assembly Sentry,,,failed,False,2026-08-17T20:40:53.994191+09:00
Assembly Signal,10.0,,success,False,2026-08-17T21:32:36.544768+09:00
Assembly Station,1000.0,5.0,success,False,2026-08-17T20:32:00.957216+09:00
Assembly Studio,9900.0,3.0,success,False,2026-08-17T20:34:11.615000+09:00
Assembly Sync,,,failed,False,2026-08-17T20:36:28.708934+09:00
Assembly Tracker,,,failed,False,2026-08-17T20:37:28.424048+09:00
Assembly Trail,50.0,1.0,success,False,2026-08-17T20:47:19.659128+09:00
Assembly Vault,,,failed,False,2026-08-17T21:41:25.564008+09:00
Assembly Watch,90.0,46.0,success,False,2026-08-17T21:31:30.369012+09:00
Assembly Wave,,,failed,False,2026-08-17T20:44:38.858684+09:00
Assembly Zone,90.0,0.0,success,False,2026-08-17T21:40:47.686331+09:00
Assessment Anchor,,,failed,False,2026-08-17T20:44:11.907751+09:00
Assessment Atlas,,,failed,False,2026-08-17T20:34:53.035348+09:00
Assessment Beacon,,,failed,False,2026-08-17T20:48:26.612997+09:00
Assessment Board,140.0,0.0,success,False,2026-08-17T21:39:13.221117+09:00
Assessment Bridge,10.0,1.0,success,False,2026-08-17T20:45:12.889782+09:00
Assessment Cascade,,,failed,False,2026-08-17T20:45:58.318950+09:00
Assessment Center,27100.0,11.0,success,False,2026-08-17T21:32:28.090728+09:00
Assessment Chain,,,failed,False,2026-08-17T20:39:33.830984+09:00
Assessment Compass,,,failed,False,2026-08-17T21:30:43.453478+09:00
Assessment Console,,,failed,False,2026-08-17T20:47:50.375793+09:00
Assessment Deck,,,failed,False,2026-08-17T21:37:46.877382+09:00
Assessment Desk,,,failed,False,2026-08-17T21:35:06.399475+09:00
Assessment Dial,,,failed,False,2026-08-17T20:45:35.834234+09:00
Assessment Dock,,,failed,False,2026-08-17T20:42:01.579820+09:00
Assessment Flow,20.0,0.0,success,False,2026-08-17T21:38:24.477715+09:00
Assessment Forge,10.0,0.0,success,False,2026-08-17T20:47:09.255931+09:00
Assessment Frame,10.0,0.0,success,False,2026-08-17T20:32:26.534581+09:00
Assessment Gate,70.0,4.0,success,False,2026-08-17T20:36:52.122948+09:00
Assessment Grid,260.0,1.0,success,False,2026-08-17T20:40:03.112671+09:00
Assessment Hub,1000.0,5.0,success,False,2026-08-17T21:37:10.762781+09:00
Assessment Keeper,,,failed,False,2026-08-17T20:33:01.756540+09:00
Assessment Lab,390.0,0.0,success,False,2026-08-17T21:35:38.144027+09:00
Assessment Ledger,,,failed,False,2026-08-17T21:41:16.664514+09:00
Assessment Lens,,,failed,False,2026-08-17T20:33:33.696511+09:00
Assessment Lock,30.0,6.0,success,False,2026-08-17T20:35:22.813816+09:00
Assessment Loop,50.0,1.0,success,False,2026-08-17T20:40:51.053535+09:00
Assessment Manager,590.0,4.0,success,False,2026-08-17T20:31:52.293572+09:00
Assessment Map,2400.0,16.0,success,False,2026-08-17T20:34:29.454165+09:00
Assessment Meter,,,failed,False,2026-08-17T20:44:33.462366+09:00
Assessment Nexus,,,failed,False,2026-08-17T20:35:52.510868+09:00
Assessment Node,,,failed,False,2026-08-17T20:37:51.221015+09:00
Assessment Panel,70.0,9.0,success,False,2026-08-17T20:46:27.690682+09:00
Assessment Path,,,failed,False,2026-08-17T20:37:19.032635+09:00
Assessment Pilot,50.0,9.0,success,False,2026-08-17T21:36:12.498401+09:00
Assessment Point,140.0,7.0,success,False,2026-08-17T20:36:20.228244+09:00
Assessment Portal,1300.0,2.0,success,False,2026-08-17T21:30:10.122952+09:00
Assessment Pulse,,,failed,False,2026-08-17T20:39:11.470645+09:00
Assessment Radar,,,failed,False,2026-08-17T21:34:03.414909+09:00
Assessment Rail,,,failed,False,2026-08-17T20:41:11.362619+09:00
Assessment Relay,,,failed,False,2026-08-17T21:33:04.357190+09:00
Assessment Route,,,failed,False,2026-08-17T20:42:50.595044+09:00
Assessment Scale,390.0,0.0,success,False,2026-08-17T20:43:46.830313+09:00
Assessment Scope,50.0,0.0,success,False,2026-08-17T20:41:38.152103+09:00
Assessment Sentry,,,failed,False,2026-08-17T20:34:03.344800+09:00
Assessment Signal,,,failed,False,2026-08-17T20:43:18.551816+09:00
Assessment Station,10.0,2.0,success,False,2026-08-17T21:34:34.023181+09:00
Assessment Studio,,,failed,False,2026-08-17T21:36:38.708092+09:00
Assessment Sync,,,failed,False,2026-08-17T21:40:01.418165+09:00
Assessment Tracker,590.0,7.0,success,False,2026-08-17T21:41:47.180143+09:00
Assessment Trail,,,failed,False,2026-08-17T20:40:27.760312+09:00
Assessment Vault,,,failed,False,2026-08-17T21:31:52.108049+09:00
Assessment Watch,,,failed,False,2026-08-17T20:42:21.345142+09:00
Assessment Wave,,,failed,False,2026-08-17T20:38:13.537846+09:00
Assessment Zone,70.0,2.0,success,False,2026-08-17T21:31:17.550614+09:00
Attendance Anchor,,,failed,False,2026-08-17T20:48:40.258747+09:00
Attendance Atlas,,,failed,False,2026-08-17T20:38:51.261946+09:00
Attendance Base,,,failed,False,2026-08-17T20:35:36.002153+09:00
Attendance Beacon,,,failed,False,2026-08-17T21:34:15.444697+09:00
Attendance Board,590.0,62.0,success,False,2026-08-17T20:32:41.344957+09:00
Attendance Bridge,,,failed,False,2026-08-17T21:30:53.341117+09:00
Attendance Cascade,,,failed,False,2026-08-17T21:32:03.436124+09:00
Attendance Center,210.0,0.0,success,False,2026-08-17T21:36:50.527973+09:00
Attendance Chain,,,failed,False,2026-08-17T20:42:59.992193+09:00
Attendance Compass,,,failed,False,2026-08-17T21:35:18.423759+09:00
Attendance Console,10.0,5.0,success,False,2026-08-17T21:33:40.096792+09:00
Attendance Core,70.0,,success,False,2026-08-17T20:34:38.143389+09:00
Attendance Deck,,,failed,False,2026-08-17T20:31:29.603433+09:00
Attendance Desk,20.0,0.0,success,False,2026-08-17T21:40:49.556938+09:00
Attendance Dial,,,failed,False,2026-08-17T21:31:33.014186+09:00
Attendance Dock,,,failed,False,2026-08-17T20:45:46.874737+09:00
Attendance Flow,,,failed,False,2026-08-17T20:32:03.329355+09:00
Attendance Forge,,,failed,False,2026-08-17T21:33:13.463030+09:00
Attendance Frame,10.0,42.0,success,False,2026-08-17T20:36:31.502472+09:00
Attendance Gate,10.0,5.0,success,False,2026-08-17T20:40:34.523017+09:00
Attendance Grid,30.0,10.0,success,False,2026-08-17T20:43:29.254301+09:00
Attendance Guard,,,failed,False,2026-08-17T20:35:06.364440+09:00
Attendance Keeper,140.0,22.0,success,False,2026-08-17T20:37:01.636634+09:00
Attendance Lab,,,failed,False,2026-08-17T21:41:28.759770+09:00
Attendance Ledger,40.0,64.0,success,False,2026-08-17T20:33:46.243100+09:00
Attendance Lens,,,failed,False,2026-08-17T20:37:29.909330+09:00
Attendance Lock,40.0,8.0,success,False,2026-08-17T20:39:18.247368+09:00
Attendance Loop,,,failed,False,2026-08-17T20:44:21.106446+09:00
Attendance Manager,1300.0,25.0,success,False,2026-08-17T20:36:04.789698+09:00
Attendance Map,30.0,0.0,success,False,2026-08-17T20:38:23.394205+09:00
Attendance Meter,260.0,40.0,success,False,2026-08-17T21:30:22.425092+09:00
Attendance Nexus,,,failed,False,2026-08-17T20:39:46.897200+09:00
Attendance Node,,,failed,False,2026-08-17T20:41:19.373388+09:00
Attendance Panel,30.0,4.0,success,False,2026-08-17T21:32:40.946824+09:00
Attendance Path,,,failed,False,2026-08-17T20:40:55.263419+09:00
Attendance Point,880.0,3.0,success,False,2026-08-17T20:40:13.744558+09:00
Attendance Portal,1300.0,13.0,success,False,2026-08-17T21:34:46.886716+09:00
Attendance Pulse,,,failed,False,2026-08-17T20:42:34.302604+09:00
Attendance Radar,590.0,1.0,success,False,2026-08-17T21:38:35.218560+09:00
Attendance Rail,,,failed,False,2026-08-17T20:44:43.054193+09:00
Attendance Register,49500.0,54.0,success,False,2026-08-17T22:46:53.613180+09:00
Attendance Relay,,,failed,False,2026-08-17T21:37:26.190503+09:00
Attendance Route,,,failed,False,2026-08-17T20:46:49.856300+09:00
Attendance Scale,30.0,0.0,success,False,2026-08-17T20:48:02.919436+09:00
Attendance Scope,,,failed,False,2026-08-17T20:45:22.370262+09:00
Attendance Sentry,,,failed,False,2026-08-17T20:38:02.236902+09:00
Attendance Signal,,,failed,False,2026-08-17T20:47:23.581270+09:00
Attendance Station,,,failed,False,2026-08-17T21:39:25.145394+09:00
Attendance Sync,,,failed,False,2026-08-17T20:33:15.121215+09:00
Attendance Tracker,14800.0,16.0,success,False,2026-08-17T20:34:15.100698+09:00
Attendance Trail,,,failed,False,2026-08-17T20:43:57.612589+09:00
Attendance Vault,,,failed,False,2026-08-17T21:36:24.237197+09:00
Attendance Watch,10.0,5.0,success,False,2026-08-17T20:46:07.350212+09:00
Attendance Wave,,,failed,False,2026-08-17T20:41:48.704350+09:00
Attendance Zone,210.0,0.0,success,False,2026-08-17T21:35:49.618076+09:00
Attendee Anchor,,,failed,False,2026-08-17T20:36:31.502472+09:00
Attendee Atlas,,,failed,False,2026-08-17T21:36:22.095100+09:00
Attendee Base,,,failed,False,2026-08-17T21:32:40.946824+09:00
Attendee Beacon,,,failed,False,2026-08-17T20:40:13.744558+09:00
Attendee Board,,,failed,False,2026-08-17T20:48:02.919436+09:00
Attendee Bridge,,,failed,False,2026-08-17T20:37:28.424048+09:00
Attendee Cascade,,,failed,False,2026-08-17T20:38:23.394205+09:00
Attendee Center,,,failed,False,2026-08-17T20:42:08.223187+09:00
Attendee Compass,,,failed,False,2026-08-17T20:40:55.263419+09:00
Attendee Console,,,failed,False,2026-08-17T20:39:46.897200+09:00
Attendee Core,,,failed,False,2026-08-17T21:31:30.369012+09:00
Attendee Deck,,,failed,False,2026-08-17T20:46:46.837602+09:00
Attendee Desk,,,failed,False,2026-08-17T20:44:20.013961+09:00
Attendee Dial,,,failed,False,2026-08-17T20:37:59.877456+09:00
Attendee Dock,,,failed,False,2026-08-17T20:34:15.100698+09:00
Attendee Flow,,,failed,False,2026-08-17T20:47:19.659128+09:00
Attendee Forge,,,failed,False,2026-08-17T20:39:18.247368+09:00
Attendee Frame,,,failed,False,2026-08-17T21:33:40.096792+09:00
Attendee Gate,,,failed,False,2026-08-17T21:38:32.905021+09:00
Attendee Guard,,,failed,False,2026-08-17T21:32:03.436124+09:00
Attendee Hub,1900.0,2.0,success,False,2026-08-17T20:46:07.350212+09:00
Attendee Insight,,,failed,False,2026-08-17T22:46:53.613180+09:00
Attendee Keeper,,,failed,False,2026-08-17T21:34:12.134068+09:00
Attendee Lab,,,failed,False,2026-08-17T20:44:43.054193+09:00
Attendee Ledger,,,failed,False,2026-08-17T21:30:22.425092+09:00
Attendee Lens,,,failed,False,2026-08-17T21:34:42.632014+09:00
Attendee Lock,,,failed,False,2026-08-17T21:36:50.527973+09:00
Attendee Loop,,,failed,False,2026-08-17T20:32:39.820797+09:00
Attendee Manager,,,failed,False,2026-08-17T21:33:13.463030+09:00
Attendee Map,,,failed,False,2026-08-17T21:35:49.618076+09:00
Attendee Meter,,,failed,False,2026-08-17T20:37:01.636634+09:00
Attendee Nexus,,,failed,False,2026-08-17T21:37:24.355362+09:00
Attendee Node,,,failed,False,2026-08-17T21:40:47.686331+09:00
Attendee Panel,,,failed,False,2026-08-17T20:38:48.292759+09:00
Attendee Path,,,failed,False,2026-08-17T21:39:22.624237+09:00
Attendee Pilot,,,failed,False,2026-08-17T20:45:18.923986+09:00
Attendee Point,,,failed,False,2026-08-17T21:38:00.601683+09:00
Attendee Portal,70.0,8.0,success,False,2026-08-17T20:40:34.523017+09:00
Attendee Radar,,,failed,False,2026-08-17T20:43:29.254301+09:00
Attendee Rail,,,failed,False,2026-08-17T20:33:15.121215+09:00
Attendee Relay,,,failed,False,2026-08-17T20:42:32.290659+09:00
Attendee Route,,,failed,False,2026-08-17T20:35:04.556306+09:00
Attendee Scale,,,failed,False,2026-08-17T20:36:02.767132+09:00
Attendee Scope,,,failed,False,2026-08-17T20:33:43.675774+09:00
Attendee Sentry,,,failed,False,2026-08-17T21:35:16.200596+09:00
Attendee Signal,,,failed,False,2026-08-17T20:35:35.063549+09:00
Attendee Station,,,failed,False,2026-08-17T20:43:56.267353+09:00
Attendee Studio,,,failed,False,2026-08-17T20:45:45.792269+09:00
Attendee Sync,,,failed,False,2026-08-17T20:48:37.567206+09:00
Attendee Tracker,50.0,19.0,success,False,2026-08-17T21:30:53.341117+09:00
Attendee Trail,,,failed,False,2026-08-17T20:32:02.325008+09:00
Attendee Vault,,,failed,False,2026-08-17T20:41:47.517366+09:00
Attendee Watch,,,failed,False,2026-08-17T20:34:36.732015+09:00
Attendee Wave,,,failed,False,2026-08-17T21:41:28.759770+09:00
Attendee Zone,,,failed,False,2026-08-17T20:41:19.373388+09:00
Attribution Anchor,,,failed,False,2026-08-17T21:33:42.291802+09:00
Attribution Atlas,,,failed,False,2026-08-17T20:41:50.983322+09:00
Attribution Base,,,failed,False,2026-08-17T20:38:53.767345+09:00
Attribution Beacon,,,failed,False,2026-08-17T21:38:05.775829+09:00
Attribution Board,,,failed,False,2026-08-17T20:36:08.746361+09:00
Attribution Bridge,,,failed,False,2026-08-17T21:34:50.586670+09:00
Attribution Cascade,,,failed,False,2026-08-17T21:35:52.306880+09:00
Attribution Chain,,,failed,False,2026-08-17T20:46:14.149623+09:00
Attribution Cockpit,,,failed,False,2026-08-17T22:48:03.176041+09:00
Attribution Compass,,,failed,False,2026-08-17T21:39:28.354494+09:00
Attribution Console,,,failed,False,2026-08-17T21:37:30.311680+09:00
Attribution Core,,,failed,False,2026-08-17T20:38:03.705761+09:00
Attribution Deck,,,failed,False,2026-08-17T20:35:08.080059+09:00
Attribution Desk,,,failed,False,2026-08-17T20:32:44.310093+09:00
Attribution Dial,,,failed,False,2026-08-17T21:35:20.515813+09:00
Attribution Dock,,,failed,False,2026-08-17T21:31:00.206645+09:00
Attribution Flow,,,failed,False,2026-08-17T20:35:38.392873+09:00
Attribution Forge,,,failed,False,2026-08-17T21:36:54.710856+09:00
Attribution Frame,,,failed,False,2026-08-17T20:39:51.023967+09:00
Attribution Gate,,,failed,False,2026-08-17T20:43:32.566232+09:00
Attribution Grid,,,failed,False,2026-08-17T20:46:51.703605+09:00
Attribution Guard,,,failed,False,2026-08-17T20:38:26.412397+09:00
Attribution Hub,,,failed,False,2026-08-17T20:34:40.569545+09:00
Attribution Keeper,,,failed,False,2026-08-17T20:40:17.203996+09:00
Attribution Lab,10.0,4.0,success,False,2026-08-17T20:33:18.087238+09:00
Attribution Ledger,,,failed,False,2026-08-17T20:37:05.313557+09:00
Attribution Lens,,,failed,False,2026-08-17T20:40:41.186342+09:00
Attribution Lock,,,failed,False,2026-08-17T20:42:11.427186+09:00
Attribution Loop,10.0,3.0,success,False,2026-08-17T20:48:09.439521+09:00
Attribution Manager,10.0,7.0,success,False,2026-08-17T20:39:20.129592+09:00
Attribution Map,90.0,0.0,success,False,2026-08-17T20:41:22.469867+09:00
Attribution Meter,,,failed,False,2026-08-17T21:34:17.965302+09:00
Attribution Nexus,,,failed,False,2026-08-17T20:42:36.789908+09:00
Attribution Node,,,failed,False,2026-08-17T20:44:22.162347+09:00
Attribution Panel,,,failed,False,2026-08-17T21:36:26.445152+09:00
Attribution Path,10.0,8.0,success,False,2026-08-17T20:43:58.581518+09:00
Attribution Pilot,,,failed,False,2026-08-17T20:33:47.539654+09:00
Attribution Point,,,failed,False,2026-08-17T20:43:05.974432+09:00
Attribution Portal,,,failed,False,2026-08-17T21:38:37.304138+09:00
Attribution Pulse,,,failed,False,2026-08-17T20:45:48.787557+09:00
Attribution Radar,,,failed,False,2026-08-17T20:31:33.560642+09:00
Attribution Rail,,,failed,False,2026-08-17T20:48:44.119140+09:00
Attribution Route,,,failed,False,2026-08-17T21:32:11.115049+09:00
Attribution Scale,30.0,0.0,success,False,2026-08-17T21:33:19.243075+09:00
Attribution Scope,,,failed,False,2026-08-17T21:30:27.922058+09:00
Attribution Sentry,,,failed,False,2026-08-17T20:41:01.819842+09:00
Attribution Signal,,,failed,False,2026-08-17T21:32:47.122898+09:00
Attribution Station,,,failed,False,2026-08-17T20:32:07.300250+09:00
Attribution Studio,,,failed,False,2026-08-17T20:34:17.127214+09:00
Attribution Sync,,,failed,False,2026-08-17T20:36:38.149505+09:00
Attribution Tracker,,,failed,False,2026-08-17T20:37:32.011303+09:00
Attribution Trail,,,failed,False,2026-08-17T20:47:25.656493+09:00
Attribution Vault,,,failed,False,2026-08-17T21:41:31.698252+09:00
Attribution Watch,,,failed,False,2026-08-17T21:31:35.848823+09:00
Attribution Wave,10.0,,success,False,2026-08-17T20:44:46.784780+09:00
Attribution Zone,,,failed,False,2026-08-17T21:40:51.783967+09:00
Audience Anchor,,,failed,False,2026-08-17T21:39:22.624237+09:00
Audience Atlas,30.0,11.0,success,False,2026-08-17T20:46:07.350212+09:00
Audience Base,90.0,2.0,success,False,2026-08-17T20:42:59.992193+09:00
Audience Beacon,,,failed,False,2026-08-17T20:32:39.820797+09:00
Audience Board,10.0,0.0,success,False,2026-08-17T20:40:33.502804+09:00
Audience Bridge,50.0,16.0,success,False,2026-08-17T21:41:25.564008+09:00
Audience Center,20.0,2.0,success,False,2026-08-17T20:35:04.556306+09:00
Audience Chain,,,failed,False,2026-08-17T21:33:10.630129+09:00
Audience Compass,,,failed,False,2026-08-17T20:33:43.675774+09:00
Audience Console,20.0,14.0,success,False,2026-08-17T20:32:02.325008+09:00
Audience Core,,,failed,False,2026-08-17T20:42:08.223187+09:00
Audience Deck,,,failed,False,2026-08-17T20:39:43.687132+09:00
Audience Desk,,,failed,False,2026-08-17T20:37:28.424048+09:00
Audience Dock,,,failed,False,2026-08-17T21:36:22.095100+09:00
Audience Flow,70.0,5.0,success,False,2026-08-17T20:40:10.157299+09:00
Audience Frame,,,failed,False,2026-08-17T20:43:56.267353+09:00
Audience Gate,,,failed,False,2026-08-17T20:48:37.567206+09:00
Audience Grid,,,failed,False,2026-08-17T21:33:37.652467+09:00
Audience Guard,,,failed,False,2026-08-17T20:42:32.290659+09:00
Audience Hub,30.0,22.0,success,False,2026-08-17T20:39:17.196343+09:00
Audience Keeper,,,failed,False,2026-08-17T20:44:20.013961+09:00
Audience Lab,1000.0,47.0,success,False,2026-08-17T20:37:59.877456+09:00
Audience Ledger,,,failed,False,2026-08-17T20:41:17.748242+09:00
Audience Lens,10.0,4.0,success,False,2026-08-17T20:44:38.858684+09:00
Audience Lock,,,failed,False,2026-08-17T20:46:46.837602+09:00
Audience Loop,40.0,0.0,success,False,2026-08-17T21:34:42.632014+09:00
Audience Manager,390.0,15.0,success,False,2026-08-17T20:43:26.313536+09:00
Audience Map,390.0,10.0,success,False,2026-08-17T20:45:45.792269+09:00
Audience Meter,110.0,0.0,success,False,2026-08-17T21:40:47.686331+09:00
Audience Nexus,,,failed,False,2026-08-17T20:47:19.659128+09:00
Audience Node,,,failed,False,2026-08-17T21:30:53.341117+09:00
Audience Path,70.0,15.0,success,False,2026-08-17T21:30:22.425092+09:00
Audience Pilot,40.0,0.0,success,False,2026-08-17T20:38:21.061174+09:00
Audience Point,70.0,4.0,success,False,2026-08-17T20:48:02.919436+09:00
Audience Portal,20.0,7.0,success,False,2026-08-17T20:33:10.817795+09:00
Audience Pulse,50.0,2.0,success,False,2026-08-17T21:32:40.946824+09:00
Audience Radar,,,failed,False,2026-08-17T20:36:28.708934+09:00
Audience Rail,,,failed,False,2026-08-17T21:35:16.200596+09:00
Audience Relay,,,failed,False,2026-08-17T20:35:35.063549+09:00
Audience Route,,,failed,False,2026-08-17T21:37:24.355362+09:00
Audience Scale,10.0,13.0,success,False,2026-08-17T21:38:32.905021+09:00
Audience Scope,20.0,1.0,success,False,2026-08-17T21:35:46.466784+09:00
Audience Sentry,,,failed,False,2026-08-17T20:45:18.923986+09:00
Audience Signal,70.0,10.0,success,False,2026-08-17T21:38:00.601683+09:00
Audience Station,,,failed,False,2026-08-17T20:37:00.325562+09:00
Audience Studio,140.0,3.0,success,False,2026-08-17T20:38:48.292759+09:00
Audience Sync,50.0,23.0,success,False,2026-08-17T20:40:53.994191+09:00
Audience Tracker,140.0,24.0,success,False,2026-08-17T20:41:47.517366+09:00
Audience Trail,,,failed,False,2026-08-17T21:34:12.134068+09:00
Audience Vault,,,failed,False,2026-08-17T20:34:36.732015+09:00
Audience Watch,110.0,0.0,success,False,2026-08-17T21:36:50.527973+09:00
Audience Wave,40.0,0.0,success,False,2026-08-17T21:31:30.369012+09:00
Audience Zone,10.0,0.0,success,False,2026-08-17T20:34:11.615000+09:00
Audit Anchor,,,failed,False,2026-08-17T21:32:53.372558+09:00
Audit Atlas,140.0,2.0,success,False,2026-08-17T20:41:06.345123+09:00
Audit Base,50.0,17.0,success,False,2026-08-17T20:38:07.696860+09:00
Audit Beacon,30.0,4.0,success,False,2026-08-17T20:32:14.147491+09:00
Audit Board,14800.0,55.0,success,False,2026-08-17T20:35:15.216607+09:00
Audit Bridge,,,failed,False,2026-08-17T21:33:53.413747+09:00
Audit Center,90.0,4.0,success,False,2026-08-17T20:34:46.285590+09:00
Audit Chain,20.0,2.0,success,False,2026-08-17T20:45:28.437462+09:00
Audit Compass,20.0,21.0,success,False,2026-08-17T20:33:27.108642+09:00
Audit Console,10.0,17.0,success,False,2026-08-17T20:31:44.848533+09:00
Audit Core,210.0,8.0,success,False,2026-08-17T20:37:11.919122+09:00
Audit Deck,,,failed,False,2026-08-17T20:34:19.305897+09:00
Audit Desk,2400.0,0.0,success,True,2026-08-17T20:31:38.107939+09:00
Audit Dial,,,failed,False,2026-08-17T21:34:26.372304+09:00
Audit Dock,,,failed,False,2026-08-17T21:30:00.229933+09:00
Audit Flow,90.0,14.0,success,False,2026-08-17T20:34:44.892914+09:00
Audit Frame,40.0,0.0,success,False,2026-08-17T20:39:04.557611+09:00
Audit Gate,,,failed,False,2026-08-17T20:42:43.172174+09:00
Audit Grid,30.0,5.0,success,False,2026-08-17T20:45:52.903104+09:00
Audit Guard,30.0,8.0,success,False,2026-08-17T20:37:39.748297+09:00
Audit Hub,140.0,3.0,success,False,2026-08-17T20:33:54.236742+09:00
Audit Keeper,,,failed,False,2026-08-17T20:39:25.387216+09:00
Audit Lab,170.0,3.0,success,False,2026-08-17T20:32:12.868338+09:00
Audit Ledger,50.0,0.0,success,False,2026-08-17T20:36:12.301778+09:00
Audit Lens,30.0,6.0,success,False,2026-08-17T20:39:54.147287+09:00
Audit Lock,40.0,16.0,success,False,2026-08-17T20:41:27.066117+09:00
Audit Loop,50.0,5.0,success,False,2026-08-17T20:46:56.962156+09:00
Audit Manager,4400.0,4.0,success,False,2026-08-17T20:38:32.473394+09:00
Audit Map,210.0,1.0,success,False,2026-08-17T20:40:44.017242+09:00
Audit Meter,10.0,0.0,success,False,2026-08-17T21:33:22.663564+09:00
Audit Nexus,20.0,3.0,success,False,2026-08-17T20:41:55.751231+09:00
Audit Node,10.0,0.0,success,False,2026-08-17T20:43:36.337910+09:00
Audit Ops,1900.0,3.0,success,False,2026-08-17T22:49:21.662634+09:00
Audit Path,40.0,3.0,success,False,2026-08-17T20:43:09.097865+09:00
Audit Pilot,90.0,14.0,success,False,2026-08-17T20:32:49.512310+09:00
Audit Point,390.0,5.0,success,False,2026-08-17T20:42:15.711128+09:00
Audit Portal,320.0,2.0,success,False,2026-08-17T20:32:53.240136+09:00
Audit Pulse,50.0,1.0,success,False,2026-08-17T20:44:54.516764+09:00
Audit Rail,50.0,0.0,success,False,2026-08-17T20:47:35.936558+09:00
Audit Relay,,,failed,False,2026-08-17T20:35:16.626138+09:00
Audit Route,,,failed,False,2026-08-17T21:31:05.600589+09:00
Audit Scale,720.0,1.0,success,False,2026-08-17T21:32:17.170130+09:00
Audit Scope,1900.0,1.0,success,False,2026-08-17T20:48:15.314618+09:00
Audit Sentry,10.0,0.0,success,False,2026-08-17T20:40:20.065990+09:00
Audit Signal,,,failed,False,2026-08-17T21:31:41.054400+09:00
Audit Studio,30.0,0.0,success,False,2026-08-17T20:33:23.313632+09:00
Audit Sync,,,failed,False,2026-08-17T20:35:45.912195+09:00
Audit Tracker,480.0,14.0,success,False,2026-08-17T20:36:40.845127+09:00
Audit Trail,22200.0,2.0,success,False,2026-08-17T20:46:20.020027+09:00
Audit Vault,140.0,10.0,success,False,2026-08-17T20:34:22.385109+09:00
Audit Watch,90.0,14.0,success,False,2026-08-17T21:30:33.048254+09:00
Audit Wave,,,failed,False,2026-08-17T20:44:06.631034+09:00
Audit Zone,50.0,0.0,success,False,2026-08-17T20:33:56.397010+09:00
Backorder Anchor,,,failed,False,2026-08-17T21:30:13.279777+09:00
Backorder Atlas,,,failed,False,2026-08-17T20:39:13.606540+09:00
Backorder Base,,,failed,False,2026-08-17T20:35:55.625501+09:00
Backorder Beacon,,,failed,False,2026-08-17T21:34:37.066296+09:00
Backorder Board,,,failed,False,2026-08-17T20:33:05.160713+09:00
Backorder Bridge,,,failed,False,2026-08-17T21:31:23.168898+09:00
Backorder Cascade,,,failed,False,2026-08-17T21:32:33.876836+09:00
Backorder Center,,,failed,False,2026-08-17T21:37:17.917122+09:00
Backorder Chain,,,failed,False,2026-08-17T20:43:22.316757+09:00
Backorder Compass,,,failed,False,2026-08-17T21:35:41.309233+09:00
Backorder Console,,,failed,False,2026-08-17T21:34:05.861065+09:00
Backorder Core,,,failed,False,2026-08-17T20:34:58.202084+09:00
Backorder Deck,,,failed,False,2026-08-17T20:31:58.373055+09:00
Backorder Desk,,,failed,False,2026-08-17T21:41:19.053416+09:00
Backorder Dial,,,failed,False,2026-08-17T21:31:56.784481+09:00
Backorder Dock,,,failed,False,2026-08-17T20:46:01.536512+09:00
Backorder Flow,,,failed,False,2026-08-17T20:32:30.733040+09:00
Backorder Forge,,,failed,False,2026-08-17T21:33:32.175377+09:00
Backorder Frame,,,failed,False,2026-08-17T20:36:55.192509+09:00
Backorder Gate,,,failed,False,2026-08-17T20:40:52.069695+09:00
Backorder Grid,,,failed,False,2026-08-17T20:43:51.758171+09:00
Backorder Guard,,,failed,False,2026-08-17T20:35:25.429619+09:00
Backorder Keeper,,,failed,False,2026-08-17T20:37:21.758511+09:00
Backorder Lab,,,failed,False,2026-08-17T21:41:53.145173+09:00
Backorder Ledger,,,failed,False,2026-08-17T20:34:07.278551+09:00
Backorder Lens,,,failed,False,2026-08-17T20:37:55.339961+09:00
Backorder Lock,,,failed,False,2026-08-17T20:39:37.454360+09:00
Backorder Loop,,,failed,False,2026-08-17T20:44:36.649130+09:00
Backorder Manager,,,failed,False,2026-08-17T20:36:21.712002+09:00
Backorder Map,,,failed,False,2026-08-17T20:38:41.975413+09:00
Backorder Meter,,,failed,False,2026-08-17T21:30:47.592348+09:00
Backorder Nexus,,,failed,False,2026-08-17T20:40:06.808560+09:00
Backorder Node,,,failed,False,2026-08-17T20:41:42.376478+09:00
Backorder Panel,,,failed,False,2026-08-17T21:33:05.832312+09:00
Backorder Path,,,failed,False,2026-08-17T20:41:15.125085+09:00
Backorder Point,,,failed,False,2026-08-17T20:40:31.600880+09:00
Backorder Portal,,,failed,False,2026-08-17T21:35:11.471835+09:00
Backorder Pulse,,,failed,False,2026-08-17T20:42:51.727520+09:00
Backorder Radar,,,failed,False,2026-08-17T21:39:15.761980+09:00
Backorder Rail,,,failed,False,2026-08-17T20:45:15.345040+09:00
Backorder Relay,,,failed,False,2026-08-17T21:37:55.576177+09:00
Backorder Route,,,failed,False,2026-08-17T20:47:13.736905+09:00
Backorder Scale,,,failed,False,2026-08-17T20:48:31.729678+09:00
Backorder Scope,,,failed,False,2026-08-17T20:45:40.214755+09:00
Backorder Sentry,,,failed,False,2026-08-17T20:38:16.946588+09:00
Backorder Signal,,,failed,False,2026-08-17T20:47:53.457764+09:00
Backorder Station,,,failed,False,2026-08-17T21:40:37.066671+09:00
Backorder Sync,,,failed,False,2026-08-17T20:33:40.236931+09:00
Backorder Tracker,,,failed,False,2026-08-17T20:34:33.124318+09:00
Backorder Trail,,,failed,False,2026-08-17T20:44:14.789024+09:00
Backorder Vault,,,failed,False,2026-08-17T21:36:43.981322+09:00
Backorder Watch,,,failed,False,2026-08-17T20:46:31.116711+09:00
Backorder Wave,,,failed,False,2026-08-17T20:42:04.175878+09:00
Backorder Zone,10.0,,success,False,2026-08-17T21:36:17.240271+09:00
Backup Anchor,,,failed,False,2026-08-17T21:39:28.354494+09:00
Backup Atlas,,,failed,False,2026-08-17T20:46:14.149623+09:00
Backup Base,30.0,8.0,success,False,2026-08-17T20:43:05.974432+09:00
Backup Beacon,,,failed,False,2026-08-17T20:32:44.310093+09:00
Backup Board,50.0,2.0,success,False,2026-08-17T20:40:41.186342+09:00
Backup Bridge,,,failed,False,2026-08-17T21:41:34.183941+09:00
Backup Center,170.0,2.0,success,False,2026-08-17T20:35:08.080059+09:00
Backup Chain,390.0,10.0,success,False,2026-08-17T21:33:19.243075+09:00
Backup Compass,,,failed,False,2026-08-17T20:33:47.539654+09:00
Backup Console,20.0,1.0,success,False,2026-08-17T20:32:08.584337+09:00
Backup Core,,,failed,False,2026-08-17T20:42:12.704128+09:00
Backup Deck,,,failed,False,2026-08-17T20:39:51.023967+09:00
Backup Desk,10.0,96.0,success,False,2026-08-17T20:37:34.472176+09:00
Backup Dock,,,failed,False,2026-08-17T21:36:26.445152+09:00
Backup Flow,40.0,4.0,success,False,2026-08-17T20:40:17.203996+09:00
Backup Forge,,,failed,False,2026-08-17T20:31:35.680631+09:00
Backup Frame,,,failed,False,2026-08-17T20:43:58.581518+09:00
Backup Gate,,,failed,False,2026-08-17T20:48:44.119140+09:00
Backup Grid,40.0,29.0,success,False,2026-08-17T21:33:45.075228+09:00
Backup Guard,90.0,2.0,success,False,2026-08-17T20:42:36.789908+09:00
Backup Hub,50.0,77.0,success,False,2026-08-17T20:39:21.363517+09:00
Backup Keeper,50.0,10.0,success,False,2026-08-17T20:44:22.162347+09:00
Backup Lab,50.0,6.0,success,False,2026-08-17T20:38:03.705761+09:00
Backup Ledger,140.0,33.0,success,False,2026-08-17T20:41:22.469867+09:00
Backup Lens,10.0,0.0,success,False,2026-08-17T20:44:46.784780+09:00
Backup Lock,20.0,1.0,success,False,2026-08-17T20:46:51.703605+09:00
Backup Loop,10.0,0.0,success,False,2026-08-17T21:34:50.586670+09:00
Backup Manager,720.0,11.0,success,False,2026-08-17T20:43:32.566232+09:00
Backup Map,50.0,0.0,success,False,2026-08-17T20:45:50.172264+09:00
Backup Meter,,,failed,False,2026-08-17T21:40:51.783967+09:00
Backup Nexus,70.0,11.0,success,False,2026-08-17T20:47:28.313560+09:00
Backup Node,10.0,6.0,success,False,2026-08-17T21:31:00.206645+09:00
Backup Ops,,,failed,False,2026-08-17T22:48:03.176041+09:00
Backup Path,20.0,0.0,success,False,2026-08-17T21:30:27.922058+09:00
Backup Pilot,10.0,1.0,success,False,2026-08-17T20:38:26.412397+09:00
Backup Point,50.0,3.0,success,False,2026-08-17T20:48:09.439521+09:00
Backup Portal,30.0,14.0,success,False,2026-08-17T20:33:18.087238+09:00
Backup Pulse,,,failed,False,2026-08-17T21:32:47.122898+09:00
Backup Radar,1000.0,25.0,success,False,2026-08-17T20:36:38.149505+09:00
Backup Rail,,,failed,False,2026-08-17T21:35:20.515813+09:00
Backup Relay,50.0,4.0,success,False,2026-08-17T20:35:40.356029+09:00
Backup Route,880.0,88.0,success,False,2026-08-17T21:37:30.311680+09:00
Backup Scale,,,failed,False,2026-08-17T21:38:37.304138+09:00
Backup Scope,10.0,9.0,success,False,2026-08-17T21:35:54.911296+09:00
Backup Sentry,,,failed,False,2026-08-17T20:45:24.269018+09:00
Backup Signal,12100.0,0.0,success,True,2026-08-17T21:38:05.775829+09:00
Backup Station,70.0,90.0,success,False,2026-08-17T20:37:05.313557+09:00
Backup Studio,880.0,9.0,success,False,2026-08-17T20:38:53.767345+09:00
Backup Sync,210.0,20.0,success,False,2026-08-17T20:41:01.819842+09:00
Backup Tracker,40.0,7.0,success,False,2026-08-17T20:41:53.253624+09:00
Backup Trail,,,failed,False,2026-08-17T21:34:20.474166+09:00
Backup Vault,480.0,13.0,success,False,2026-08-17T20:34:40.569545+09:00
Backup Watch,110.0,1.0,success,False,2026-08-17T21:36:54.710856+09:00
Backup Wave,10.0,0.0,success,False,2026-08-17T21:31:35.848823+09:00
Backup Zone,30.0,1.0,success,False,2026-08-17T20:34:17.127214+09:00
Badge Anchor,,,failed,False,2026-08-17T21:41:04.521769+09:00
Badge Atlas,,,failed,False,2026-08-17T20:46:53.844827+09:00
Badge Base,140.0,12.0,success,False,2026-08-17T20:43:34.295212+09:00
Badge Beacon,10.0,0.0,success,False,2026-08-17T20:33:21.754611+09:00
Badge Board,480.0,54.0,success,False,2026-08-17T20:41:03.029394+09:00
Badge Center,1000.0,0.0,success,True,2026-08-17T20:35:44.075031+09:00
Badge Chain,260.0,100.0,success,False,2026-08-17T21:33:48.082783+09:00
Badge Compass,90.0,13.0,success,False,2026-08-17T20:34:18.335664+09:00
Badge Console,,,failed,False,2026-08-17T20:32:47.475978+09:00
Badge Core,,,failed,False,2026-08-17T20:42:41.908187+09:00
Badge Deck,,,failed,False,2026-08-17T20:40:19.019495+09:00
Badge Desk,,,failed,False,2026-08-17T20:38:06.157627+09:00
Badge Dock,,,failed,False,2026-08-17T21:36:57.018160+09:00
Badge Flow,10.0,25.0,success,False,2026-08-17T20:40:42.163784+09:00
Badge Forge,,,failed,False,2026-08-17T20:32:10.469810+09:00
Badge Frame,480.0,40.0,success,False,2026-08-17T20:44:23.108645+09:00
Badge Gate,20.0,0.0,success,False,2026-08-17T21:30:30.781560+09:00
Badge Grid,,,failed,False,2026-08-17T21:34:24.214520+09:00
Badge Guard,30.0,0.0,success,False,2026-08-17T20:43:08.098438+09:00
Badge Hub,70.0,0.0,success,False,2026-08-17T20:39:52.233588+09:00
Badge Keeper,70.0,94.0,success,False,2026-08-17T20:44:51.445524+09:00
Badge Lab,70.0,6.0,success,False,2026-08-17T20:38:31.317013+09:00
Badge Ledger,,,failed,False,2026-08-17T20:41:54.470071+09:00
Badge Lens,,,failed,False,2026-08-17T20:45:26.162726+09:00
Badge Lock,170.0,22.0,success,False,2026-08-17T20:47:33.914967+09:00
Badge Loop,40.0,53.0,success,False,2026-08-17T21:35:22.295985+09:00
Badge Manager,90.0,9.0,success,False,2026-08-17T20:44:04.848400+09:00
Badge Map,30.0,10.0,success,False,2026-08-17T20:46:16.531586+09:00
Badge Meter,14800.0,36.0,success,False,2026-08-17T21:41:36.452024+09:00
Badge Nexus,,,failed,False,2026-08-17T20:48:13.207047+09:00
Badge Node,,,failed,False,2026-08-17T21:31:39.058447+09:00
Badge Panel,,,failed,False,2026-08-17T20:31:36.969919+09:00
Badge Path,,,failed,False,2026-08-17T21:31:02.177338+09:00
Badge Pilot,1900.0,51.0,success,False,2026-08-17T20:38:59.956902+09:00
Badge Point,90.0,37.0,success,False,2026-08-17T20:49:39.030080+09:00
Badge Portal,70.0,2.0,success,False,2026-08-17T20:33:51.962760+09:00
Badge Pulse,,,failed,False,2026-08-17T21:33:20.961288+09:00
Badge Radar,10.0,4.0,success,False,2026-08-17T20:37:08.027448+09:00
Badge Rail,590.0,27.0,success,False,2026-08-17T21:35:58.459168+09:00
Badge Relay,,,failed,False,2026-08-17T20:36:11.237181+09:00
Badge Route,10.0,31.0,success,False,2026-08-17T21:38:08.965654+09:00
Badge Scale,,,failed,False,2026-08-17T21:39:34.435552+09:00
Badge Scope,,,failed,False,2026-08-17T21:36:28.444275+09:00
Badge Sentry,,,failed,False,2026-08-17T20:45:51.407426+09:00
Badge Signal,10.0,0.0,success,False,2026-08-17T21:38:40.825363+09:00
Badge Station,210.0,0.0,success,False,2026-08-17T20:37:38.706086+09:00
Badge Studio,590.0,7.0,success,False,2026-08-17T20:39:23.919432+09:00
Badge Sync,,,failed,False,2026-08-17T20:41:24.809383+09:00
Badge Tracker,210.0,22.0,success,False,2026-08-17T20:42:13.997557+09:00
Badge Trail,,,failed,False,2026-08-17T21:34:55.256705+09:00
Badge Vault,,,failed,False,2026-08-17T20:35:12.658616+09:00
Badge Watch,110.0,82.0,success,False,2026-08-17T21:37:32.627735+09:00
Badge Wave,,,failed,False,2026-08-17T21:32:15.070878+09:00
Badge Zone,10.0,0.0,success,False,2026-08-17T20:34:43.926118+09:00
Ballot Anchor,,,failed,False,2026-08-17T20:32:32.905502+09:00
Ballot Atlas,,,failed,False,2026-08-17T21:31:56.784481+09:00
Ballot Base,,,failed,False,2026-08-17T20:46:31.116711+09:00
Ballot Beacon,,,failed,False,2026-08-17T20:36:22.753454+09:00
Ballot Board,,,failed,False,2026-08-17T20:43:51.758171+09:00
Ballot Bridge,,,failed,False,2026-08-17T20:33:40.236931+09:00
Ballot Cascade,,,failed,False,2026-08-17T20:34:33.124318+09:00
Ballot Center,,,failed,False,2026-08-17T20:38:43.149907+09:00
Ballot Chain,,,failed,False,2026-08-17T21:37:17.917122+09:00
Ballot Compass,,,failed,False,2026-08-17T20:37:24.505740+09:00
Ballot Console,,,failed,False,2026-08-17T20:35:59.491401+09:00
Ballot Core,,,failed,False,2026-08-17T20:45:40.214755+09:00
Ballot Deck,,,failed,False,2026-08-17T20:42:52.966707+09:00
Ballot Desk,,,failed,False,2026-08-17T20:40:52.069695+09:00
Ballot Dial,,,failed,False,2026-08-17T20:34:08.377719+09:00
Ballot Dock,,,failed,False,2026-08-17T21:41:53.145173+09:00
Ballot Flow,,,failed,False,2026-08-17T20:43:22.316757+09:00
Ballot Forge,,,failed,False,2026-08-17T20:35:28.436030+09:00
Ballot Frame,,,failed,False,2026-08-17T20:47:58.336807+09:00
Ballot Gate,,,failed,False,2026-08-17T21:34:09.721109+09:00
Ballot Grid,,,failed,False,2026-08-17T21:37:55.576177+09:00
Ballot Guard,,,failed,False,2026-08-17T20:46:03.469899+09:00
Ballot Hub,,,failed,False,2026-08-17T20:42:24.319818+09:00
Ballot Keeper,,,failed,False,2026-08-17T20:48:31.729678+09:00
Ballot Lab,,,failed,False,2026-08-17T20:41:15.125085+09:00
Ballot Ledger,,,failed,False,2026-08-17T20:44:36.649130+09:00
Ballot Lens,,,failed,False,2026-08-17T21:30:15.996537+09:00
Ballot Lock,,,failed,False,2026-08-17T21:32:33.876836+09:00
Ballot Loop,,,failed,False,2026-08-17T21:39:15.761980+09:00
Ballot Manager,,,failed,False,2026-08-17T20:47:13.736905+09:00
Ballot Map,,,failed,False,2026-08-17T21:31:23.168898+09:00
Ballot Meter,,,failed,False,2026-08-17T20:33:08.305690+09:00
Ballot Nexus,,,failed,False,2026-08-17T21:33:08.992358+09:00
Ballot Node,,,failed,False,2026-08-17T21:35:11.471835+09:00
Ballot Panel,,,failed,False,2026-08-17T20:34:58.202084+09:00
Ballot Path,,,failed,False,2026-08-17T21:34:37.066296+09:00
Ballot Pilot,,,failed,False,2026-08-17T20:41:42.376478+09:00
Ballot Point,,,failed,False,2026-08-17T21:33:36.085901+09:00
Ballot Portal,,,failed,False,2026-08-17T20:36:56.303275+09:00
Ballot Pulse,,,failed,False,2026-08-17T21:36:43.981322+09:00
Ballot Radar,,,failed,False,2026-08-17T20:40:06.808560+09:00
Ballot Rail,,,failed,False,2026-08-17T21:40:41.309160+09:00
Ballot Relay,,,failed,False,2026-08-17T20:39:13.606540+09:00
Ballot Scale,,,failed,False,2026-08-17T20:31:58.373055+09:00
Ballot Scope,,,failed,False,2026-08-17T21:41:22.072079+09:00
Ballot Sentry,,,failed,False,2026-08-17T21:30:47.592348+09:00
Ballot Station,,,failed,False,2026-08-17T20:40:31.600880+09:00
Ballot Studio,,,failed,False,2026-08-17T20:42:04.175878+09:00
Ballot Sync,,,failed,False,2026-08-17T20:44:15.738532+09:00
Ballot Tracker,,,failed,False,2026-08-17T20:45:15.345040+09:00
Ballot Trail,,,failed,False,2026-08-17T21:38:26.629916+09:00
Ballot Vault,,,failed,False,2026-08-17T20:38:16.946588+09:00
Ballot Wave,,,failed,False,2026-08-17T21:35:44.584576+09:00
Ballot Zone,,,failed,False,2026-08-17T20:37:57.626492+09:00
Bandwidth Anchor,,,failed,False,2026-08-17T21:36:54.710856+09:00
Bandwidth Atlas,,,failed,False,2026-08-17T20:44:22.162347+09:00
Bandwidth Base,,,failed,False,2026-08-17T20:41:22.469867+09:00
Bandwidth Board,,,failed,False,2026-08-17T20:38:53.767345+09:00
Bandwidth Bridge,,,failed,False,2026-08-17T21:38:05.775829+09:00
Bandwidth Cascade,,,failed,False,2026-08-17T21:39:28.354494+09:00
Bandwidth Center,,,failed,False,2026-08-17T20:33:18.087238+09:00
Bandwidth Chain,,,failed,False,2026-08-17T21:31:00.206645+09:00
Bandwidth Companion,,,failed,False,2026-08-17T22:48:03.176041+09:00
Bandwidth Compass,,,failed,False,2026-08-17T20:31:33.560642+09:00
Bandwidth Core,,,failed,False,2026-08-17T20:40:41.186342+09:00
Bandwidth Deck,,,failed,False,2026-08-17T20:38:03.705761+09:00
Bandwidth Desk,,,failed,False,2026-08-17T20:35:38.392873+09:00
Bandwidth Dial,,,failed,False,2026-08-17T21:38:37.304138+09:00
Bandwidth Dock,,,failed,False,2026-08-17T21:34:17.965302+09:00
Bandwidth Flow,,,failed,False,2026-08-17T20:38:26.412397+09:00
Bandwidth Forge,,,failed,False,2026-08-17T21:41:31.698252+09:00
Bandwidth Frame,,,failed,False,2026-08-17T20:42:12.704128+09:00
Bandwidth Gate,,,failed,False,2026-08-17T20:46:14.149623+09:00
Bandwidth Grid,,,failed,False,2026-08-17T21:31:35.848823+09:00
Bandwidth Guard,10.0,2.0,success,False,2026-08-17T20:41:01.819842+09:00
Bandwidth Hub,,,failed,False,2026-08-17T20:37:32.011303+09:00
Bandwidth Keeper,,,failed,False,2026-08-17T20:42:36.789908+09:00
Bandwidth Lab,,,failed,False,2026-08-17T20:36:08.746361+09:00
Bandwidth Ledger,,,failed,False,2026-08-17T20:39:51.023967+09:00
Bandwidth Lens,,,failed,False,2026-08-17T20:43:05.974432+09:00
Bandwidth Lock,,,failed,False,2026-08-17T20:44:46.784780+09:00
Bandwidth Loop,,,failed,False,2026-08-17T21:32:47.122898+09:00
Bandwidth Manager,320.0,20.0,success,False,2026-08-17T20:41:53.253624+09:00
Bandwidth Map,40.0,8.0,success,False,2026-08-17T20:43:58.581518+09:00
Bandwidth Meter,880.0,2.0,success,False,2026-08-17T21:37:30.311680+09:00
Bandwidth Nexus,,,failed,False,2026-08-17T20:45:24.269018+09:00
Bandwidth Node,,,failed,False,2026-08-17T20:47:25.656493+09:00
Bandwidth Panel,,,failed,False,2026-08-17T21:40:51.783967+09:00
Bandwidth Path,,,failed,False,2026-08-17T20:46:51.703605+09:00
Bandwidth Pilot,,,failed,False,2026-08-17T20:36:38.149505+09:00
Bandwidth Point,,,failed,False,2026-08-17T20:45:48.787557+09:00
Bandwidth Pulse,,,failed,False,2026-08-17T21:30:27.922058+09:00
Bandwidth Radar,20.0,9.0,success,False,2026-08-17T20:34:40.569545+09:00
Bandwidth Rail,,,failed,False,2026-08-17T21:33:19.243075+09:00
Bandwidth Relay,,,failed,False,2026-08-17T20:33:47.539654+09:00
Bandwidth Route,,,failed,False,2026-08-17T21:35:20.515813+09:00
Bandwidth Scale,10.0,0.0,success,False,2026-08-17T21:36:26.445152+09:00
Bandwidth Scope,,,failed,False,2026-08-17T21:33:45.075228+09:00
Bandwidth Sentry,,,failed,False,2026-08-17T20:43:32.566232+09:00
Bandwidth Signal,480.0,0.0,success,False,2026-08-17T21:35:54.911296+09:00
Bandwidth Station,,,failed,False,2026-08-17T20:35:08.080059+09:00
Bandwidth Studio,,,failed,False,2026-08-17T20:37:05.313557+09:00
Bandwidth Sync,,,failed,False,2026-08-17T20:39:21.363517+09:00
Bandwidth Tracker,50.0,40.0,success,False,2026-08-17T20:40:17.203996+09:00
Bandwidth Trail,,,failed,False,2026-08-17T21:32:11.115049+09:00
Bandwidth Vault,,,failed,False,2026-08-17T20:32:44.310093+09:00
Bandwidth Watch,720.0,51.0,success,False,2026-08-17T21:34:50.586670+09:00
Bandwidth Wave,50.0,0.0,success,False,2026-08-17T20:48:09.439521+09:00
Bandwidth Zone,,,failed,False,2026-08-17T20:32:07.300250+09:00
Banquet Anchor,,,failed,False,2026-08-17T20:34:01.116253+09:00
Banquet Atlas,,,failed,False,2026-08-17T21:33:26.536272+09:00
Banquet Base,,,failed,False,2026-08-17T20:48:23.905428+09:00
Banquet Beacon,,,failed,False,2026-08-17T20:37:47.401646+09:00
Banquet Board,20.0,0.0,success,False,2026-08-17T20:45:10.862003+09:00
Banquet Bridge,,,failed,False,2026-08-17T20:34:51.045190+09:00
Banquet Cascade,,,failed,False,2026-08-17T20:35:50.076535+09:00
Banquet Center,480.0,19.0,success,False,2026-08-17T20:40:01.743309+09:00
Banquet Chain,,,failed,False,2026-08-17T21:39:05.774100+09:00
Banquet Compass,,,failed,False,2026-08-17T20:38:36.286112+09:00
Banquet Console,,,failed,False,2026-08-17T20:37:16.947301+09:00
Banquet Core,,,failed,False,2026-08-17T20:47:04.642239+09:00
Banquet Deck,,,failed,False,2026-08-17T20:44:09.032273+09:00
Banquet Desk,10.0,84.0,success,False,2026-08-17T20:41:58.937145+09:00
Banquet Dial,,,failed,False,2026-08-17T20:35:19.683482+09:00
Banquet Flow,,,failed,False,2026-08-17T20:44:29.668652+09:00
Banquet Forge,,,failed,False,2026-08-17T20:36:48.387810+09:00
Banquet Frame,,,failed,False,2026-08-17T21:30:41.512165+09:00
Banquet Gate,20.0,3.0,success,False,2026-08-17T21:35:33.419897+09:00
Banquet Grid,,,failed,False,2026-08-17T21:39:57.727763+09:00
Banquet Guard,,,failed,False,2026-08-17T20:47:45.474295+09:00
Banquet Hub,,,failed,False,2026-08-17T20:43:44.073906+09:00
Banquet Keeper,,,failed,False,2026-08-17T21:31:15.457583+09:00
Banquet Lab,,,failed,False,2026-08-17T20:42:18.152107+09:00
Banquet Ledger,,,failed,False,2026-08-17T20:45:55.190861+09:00
Banquet Lens,,,failed,False,2026-08-17T21:31:49.761986+09:00
Banquet Lock,,,failed,False,2026-08-17T21:33:59.802696+09:00
Banquet Loop,,,failed,False,2026-08-17T21:41:44.845375+09:00
Banquet Manager,1900.0,3.0,success,False,2026-08-17T21:30:05.905035+09:00
Banquet Map,40.0,1.0,success,False,2026-08-17T21:33:02.340741+09:00
Banquet Meter,,,failed,False,2026-08-17T20:34:23.568448+09:00
Banquet Nexus,,,failed,False,2026-08-17T21:34:29.947705+09:00
Banquet Node,,,failed,False,2026-08-17T21:36:36.847955+09:00
Banquet Panel,,,failed,False,2026-08-17T20:36:17.521162+09:00
Banquet Path,,,failed,False,2026-08-17T21:36:07.544663+09:00
Banquet Pilot,,,failed,False,2026-08-17T20:42:47.401639+09:00
Banquet Point,,,failed,False,2026-08-17T21:35:02.943607+09:00
Banquet Portal,,,failed,False,2026-08-17T20:38:12.491374+09:00
Banquet Pulse,,,failed,False,2026-08-17T21:38:15.647846+09:00
Banquet Radar,,,failed,False,2026-08-17T20:41:09.985510+09:00
Banquet Relay,,,failed,False,2026-08-17T20:40:26.535789+09:00
Banquet Route,,,failed,False,2026-08-17T20:32:21.226449+09:00
Banquet Scale,,,failed,False,2026-08-17T20:33:30.325030+09:00
Banquet Sentry,,,failed,False,2026-08-17T21:32:25.465592+09:00
Banquet Signal,,,failed,False,2026-08-17T20:32:57.689274+09:00
Banquet Station,20.0,5.0,success,False,2026-08-17T20:41:35.724700+09:00
Banquet Studio,40.0,0.0,success,False,2026-08-17T20:43:15.863986+09:00
Banquet Sync,,,failed,False,2026-08-17T20:45:33.619281+09:00
Banquet Tracker,,,failed,False,2026-08-17T20:46:26.563596+09:00
Banquet Trail,,,failed,False,2026-08-17T21:41:14.862117+09:00
Banquet Vault,,,failed,False,2026-08-17T20:39:32.550443+09:00
Banquet Watch,30.0,21.0,success,False,2026-08-17T20:31:46.547401+09:00
Banquet Wave,,,failed,False,2026-08-17T21:37:05.127331+09:00
Banquet Zone,,,failed,False,2026-08-17T20:39:09.333217+09:00
Batch Anchor,,,failed,False,2026-08-17T20:38:11.520193+09:00
Batch Atlas,,,failed,False,2026-08-17T21:38:13.718334+09:00
Batch Base,10.0,2.0,success,False,2026-08-17T21:34:28.165323+09:00
Batch Beacon,,,failed,False,2026-08-17T20:41:33.336783+09:00
Batch Board,70.0,19.0,success,False,2026-08-17T21:31:11.680234+09:00
Batch Bridge,10.0,0.0,success,False,2026-08-17T20:39:06.787331+09:00
Batch Cascade,,,failed,False,2026-08-17T20:39:59.910293+09:00
Batch Center,30.0,10.0,success,False,2026-08-17T20:43:42.299051+09:00
Batch Chain,20.0,0.0,success,False,2026-08-17T20:32:55.422953+09:00
Batch Compass,,,failed,False,2026-08-17T20:42:18.152107+09:00
Batch Console,20.0,0.0,success,False,2026-08-17T20:41:08.316613+09:00
Batch Core,40.0,0.0,success,False,2026-08-17T21:33:26.536272+09:00
Batch Deck,10.0,0.0,success,False,2026-08-17T21:30:05.905035+09:00
Batch Desk,,,failed,False,2026-08-17T20:45:54.147634+09:00
Batch Dial,,,failed,False,2026-08-17T20:39:31.272188+09:00
Batch Dock,,,failed,False,2026-08-17T20:35:48.969093+09:00
Batch Flow,390.0,2.0,success,False,2026-08-17T21:30:38.829852+09:00
Batch Forge,,,failed,False,2026-08-17T20:40:46.604989+09:00
Batch Frame,30.0,0.0,success,False,2026-08-17T21:35:33.419897+09:00
Batch Gate,,,failed,False,2026-08-17T21:41:42.015478+09:00
Batch Grid,,,failed,False,2026-08-17T20:33:27.108642+09:00
Batch Guard,,,failed,False,2026-08-17T21:33:56.834131+09:00
Batch Hub,10.0,6.0,success,False,2026-08-17T20:48:21.583177+09:00
Batch Keeper,,,failed,False,2026-08-17T21:36:05.315924+09:00
Batch Lab,20.0,1.0,success,False,2026-08-17T20:46:23.888336+09:00
Batch Ledger,,,failed,False,2026-08-17T21:32:23.259221+09:00
Batch Lens,30.0,1.0,success,False,2026-08-17T21:36:34.713232+09:00
Batch Lock,40.0,1.0,success,False,2026-08-17T21:39:05.774100+09:00
Batch Loop,880.0,0.0,success,False,2026-08-17T20:34:22.385109+09:00
Batch Manager,210.0,11.0,success,False,2026-08-17T21:35:00.218033+09:00
Batch Map,70.0,24.0,success,False,2026-08-17T21:37:42.380657+09:00
Batch Meter,70.0,74.0,success,False,2026-08-17T20:38:35.163236+09:00
Batch Nexus,,,failed,False,2026-08-17T21:39:44.948189+09:00
Batch Panel,90500.0,100.0,success,False,2026-08-17T20:40:24.654920+09:00
Batch Pilot,40.0,13.0,success,False,2026-08-17T20:47:00.954455+09:00
Batch Point,40.0,0.0,success,False,2026-08-17T21:41:12.952922+09:00
Batch Portal,20.0,0.0,success,False,2026-08-17T20:41:58.937145+09:00
Batch Pulse,,,failed,False,2026-08-17T20:32:17.131006+09:00
Batch Radar,320.0,0.0,success,False,2026-08-17T20:45:09.617976+09:00
Batch Rail,,,failed,False,2026-08-17T20:34:48.922886+09:00
Batch Relay,,,failed,False,2026-08-17T20:44:07.827451+09:00
Batch Route,,,failed,False,2026-08-17T20:36:47.157974+09:00
Batch Scale,110.0,52.0,success,False,2026-08-17T20:37:45.876313+09:00
Batch Scope,10.0,10.0,success,False,2026-08-17T20:35:18.626237+09:00
Batch Sentry,,,failed,False,2026-08-17T21:37:02.739524+09:00
Batch Signal,,,failed,False,2026-08-17T20:37:15.920679+09:00
Batch Station,50.0,5.0,success,False,2026-08-17T20:45:32.525368+09:00
Batch Studio,140.0,1.0,success,False,2026-08-17T20:47:45.474295+09:00
Batch Sync,20.0,1.0,success,False,2026-08-17T21:31:46.266854+09:00
Batch Tracker,390.0,14.0,success,False,2026-08-17T21:33:00.443260+09:00
Batch Trail,,,failed,False,2026-08-17T20:33:59.012811+09:00
Batch Vault,,,failed,False,2026-08-17T20:43:14.638625+09:00
Batch Watch,90.0,13.0,success,False,2026-08-17T20:36:14.881787+09:00
Batch Zone,10.0,4.0,success,False,2026-08-17T20:42:46.441273+09:00
Beneficiary Anchor,,,failed,False,2026-08-17T20:42:43.172174+09:00
Beneficiary Atlas,,,failed,False,2026-08-17T20:33:24.231963+09:00
Beneficiary Base,,,failed,False,2026-08-17T21:41:39.306179+09:00
Beneficiary Beacon,,,failed,False,2026-08-17T20:46:22.420312+09:00
Beneficiary Board,,,failed,False,2026-08-17T21:37:02.739524+09:00
Beneficiary Bridge,,,failed,False,2026-08-17T20:43:38.857738+09:00
Beneficiary Cascade,,,failed,False,2026-08-17T20:44:25.446111+09:00
Beneficiary Center,,,failed,False,2026-08-17T21:30:37.005083+09:00
Beneficiary Chain,,,failed,False,2026-08-17T20:38:08.924079+09:00
Beneficiary Compass,,,failed,False,2026-08-17T20:47:39.394205+09:00
Beneficiary Console,,,failed,False,2026-08-17T20:45:54.147634+09:00
Beneficiary Core,,,failed,False,2026-08-17T21:39:40.995935+09:00
Beneficiary Deck,,,failed,False,2026-08-17T21:36:00.741055+09:00
Beneficiary Desk,,,failed,False,2026-08-17T21:33:24.629057+09:00
Beneficiary Dial,,,failed,False,2026-08-17T20:44:06.631034+09:00
Beneficiary Dock,,,failed,False,2026-08-17T20:40:45.689604+09:00
Beneficiary Flow,,,failed,False,2026-08-17T21:36:32.684484+09:00
Beneficiary Forge,,,failed,False,2026-08-17T20:45:30.439940+09:00
Beneficiary Gate,,,failed,False,2026-08-17T20:35:16.626138+09:00
Beneficiary Grid,,,failed,False,2026-08-17T20:38:33.752321+09:00
Beneficiary Guard,,,failed,False,2026-08-17T21:41:07.674308+09:00
Beneficiary Hub,,,failed,False,2026-08-17T21:35:30.145341+09:00
Beneficiary Lab,,,failed,False,2026-08-17T21:33:56.834131+09:00
Beneficiary Ledger,10.0,0.0,success,False,2026-08-17T21:38:10.743063+09:00
Beneficiary Lens,,,failed,False,2026-08-17T20:31:41.996994+09:00
Beneficiary Lock,,,failed,False,2026-08-17T20:33:56.397010+09:00
Beneficiary Loop,,,failed,False,2026-08-17T20:39:28.862436+09:00
Beneficiary Map,,,failed,False,2026-08-17T20:32:53.240136+09:00
Beneficiary Meter,,,failed,False,2026-08-17T20:43:12.470155+09:00
Beneficiary Nexus,,,failed,False,2026-08-17T20:34:20.444490+09:00
Beneficiary Node,,,failed,False,2026-08-17T20:36:13.174234+09:00
Beneficiary Panel,,,failed,False,2026-08-17T20:44:58.380838+09:00
Beneficiary Path,,,failed,False,2026-08-17T20:35:47.352548+09:00
Beneficiary Pilot,,,failed,False,2026-08-17T21:34:26.372304+09:00
Beneficiary Point,,,failed,False,2026-08-17T20:34:44.892914+09:00
Beneficiary Portal,40500.0,0.0,success,True,2026-08-17T20:46:59.199715+09:00
Beneficiary Pulse,,,failed,False,2026-08-17T20:37:44.009684+09:00
Beneficiary Radar,,,failed,False,2026-08-17T21:32:20.148818+09:00
Beneficiary Rail,,,failed,False,2026-08-17T20:39:57.613991+09:00
Beneficiary Relay,,,failed,False,2026-08-17T21:31:08.679950+09:00
Beneficiary Route,,,failed,False,2026-08-17T20:41:30.101842+09:00
Beneficiary Scale,,,failed,False,2026-08-17T20:42:16.988485+09:00
Beneficiary Scope,,,failed,False,2026-08-17T20:40:21.350341+09:00
Beneficiary Sentry,,,failed,False,2026-08-17T20:32:14.147491+09:00
Beneficiary Signal,,,failed,False,2026-08-17T20:41:57.166662+09:00
Beneficiary Station,,,failed,False,2026-08-17T21:32:57.336519+09:00
Beneficiary Studio,,,failed,False,2026-08-17T21:34:57.125142+09:00
Beneficiary Sync,,,failed,False,2026-08-17T21:37:39.097196+09:00
Beneficiary Tracker,,,failed,False,2026-08-17T21:39:02.253193+09:00
Beneficiary Trail,,,failed,False,2026-08-17T20:39:05.666395+09:00
Beneficiary Vault,,,failed,False,2026-08-17T21:30:02.792774+09:00
Beneficiary Watch,,,failed,False,2026-08-17T20:41:07.425187+09:00
Beneficiary Wave,,,failed,False,2026-08-17T20:36:43.272468+09:00
Beneficiary Zone,,,failed,False,2026-08-17T20:48:18.389398+09:00
Benefits Anchor,,,failed,False,2026-08-17T20:44:20.013961+09:00
Benefits Atlas,,,failed,False,2026-08-17T20:35:06.364440+09:00
Benefits Base,,,failed,False,2026-08-17T20:31:29.603433+09:00
Benefits Beacon,,,failed,False,2026-08-17T20:48:37.567206+09:00
Benefits Board,590.0,0.0,success,False,2026-08-17T21:39:25.145394+09:00
Benefits Bridge,390.0,5.0,success,False,2026-08-17T20:45:18.923986+09:00
Benefits Cascade,,,failed,False,2026-08-17T20:46:07.350212+09:00
Benefits Center,1900.0,2.0,success,False,2026-08-17T21:32:40.946824+09:00
Benefits Chain,,,failed,False,2026-08-17T20:39:46.897200+09:00
Benefits Compass,260.0,0.0,success,False,2026-08-17T21:30:53.341117+09:00
Benefits Console,,,failed,False,2026-08-17T20:48:02.919436+09:00
Benefits Deck,,,failed,False,2026-08-17T21:38:00.601683+09:00
Benefits Desk,,,failed,False,2026-08-17T21:35:16.200596+09:00
Benefits Dial,10.0,,success,False,2026-08-17T20:45:46.874737+09:00
Benefits Dock,,,failed,False,2026-08-17T20:42:10.144192+09:00
Benefits Flow,880.0,25.0,success,False,2026-08-17T21:38:32.905021+09:00
Benefits Forge,,,failed,False,2026-08-17T20:47:23.581270+09:00
Benefits Frame,,,failed,False,2026-08-17T20:32:39.820797+09:00
Benefits Gate,,,failed,False,2026-08-17T20:37:01.636634+09:00
Benefits Grid,90.0,0.0,success,False,2026-08-17T20:40:13.744558+09:00
Benefits Hub,27100.0,10.0,success,False,2026-08-17T21:37:26.190503+09:00
Benefits Keeper,10.0,12.0,success,False,2026-08-17T20:33:15.121215+09:00
Benefits Lab,140.0,4.0,success,False,2026-08-17T21:35:49.618076+09:00
Benefits Ledger,,,failed,False,2026-08-17T21:41:28.759770+09:00
Benefits Lens,,,failed,False,2026-08-17T20:33:46.243100+09:00
Benefits Lock,,,failed,False,2026-08-17T20:35:36.002153+09:00
Benefits Loop,,,failed,False,2026-08-17T20:40:55.263419+09:00
Benefits Manager,1000.0,7.0,success,False,2026-08-17T20:32:02.325008+09:00
Benefits Map,590.0,1.0,success,False,2026-08-17T20:34:36.732015+09:00
Benefits Meter,,,failed,False,2026-08-17T20:44:43.054193+09:00
Benefits Nexus,,,failed,False,2026-08-17T20:36:04.789698+09:00
Benefits Node,,,failed,False,2026-08-17T20:38:02.236902+09:00
Benefits Panel,,,failed,False,2026-08-17T20:46:49.856300+09:00
Benefits Path,20.0,6.0,success,False,2026-08-17T20:37:29.909330+09:00
Benefits Pilot,880.0,1.0,success,False,2026-08-17T21:36:24.237197+09:00
Benefits Point,1600.0,1.0,success,False,2026-08-17T20:36:31.502472+09:00
Benefits Portal,8100.0,2.0,success,False,2026-08-17T21:30:22.425092+09:00
Benefits Pulse,,,failed,False,2026-08-17T20:39:18.247368+09:00
Benefits Radar,,,failed,False,2026-08-17T21:34:15.444697+09:00
Benefits Rail,,,failed,False,2026-08-17T20:41:19.373388+09:00
Benefits Relay,,,failed,False,2026-08-17T21:33:13.463030+09:00
Benefits Route,,,failed,False,2026-08-17T20:42:59.992193+09:00
Benefits Scale,320.0,1.0,success,False,2026-08-17T20:43:57.612589+09:00
Benefits Scope,,,failed,False,2026-08-17T20:41:48.704350+09:00
Benefits Sentry,,,failed,False,2026-08-17T20:34:15.100698+09:00
Benefits Signal,,,failed,False,2026-08-17T20:43:29.254301+09:00
Benefits Station,880.0,0.0,success,False,2026-08-17T21:34:46.886716+09:00
Benefits Studio,110.0,20.0,success,False,2026-08-17T21:36:50.527973+09:00
Benefits Sync,,,failed,False,2026-08-17T21:40:49.556938+09:00
Benefits Trail,,,failed,False,2026-08-17T20:40:34.523017+09:00
Benefits Vault,,,failed,False,2026-08-17T21:32:03.436124+09:00
Benefits Watch,210.0,71.0,success,False,2026-08-17T20:42:34.302604+09:00
Benefits Wave,10.0,0.0,success,False,2026-08-17T20:38:23.394205+09:00
Benefits Zone,70.0,3.0,success,False,2026-08-17T21:31:30.369012+09:00
Berth Suite,,,failed,False,2026-08-17T22:48:03.176041+09:00
Bid Anchor,,,failed,False,2026-08-17T20:41:01.819842+09:00
Bid Base,140.0,11.0,success,False,2026-08-17T21:38:05.775829+09:00
Bid Beacon,590.0,1.0,success,False,2026-08-17T20:44:23.108645+09:00
Bid Board,2900.0,37.0,success,False,2026-08-17T21:34:53.019649+09:00
Bid Bridge,2900.0,3.0,success,False,2026-08-17T20:41:53.253624+09:00
Bid Cascade,,,failed,False,2026-08-17T20:42:40.071307+09:00
Bid Center,140.0,9.0,success,False,2026-08-17T20:46:53.844827+09:00
Bid Chain,40.0,26.0,success,False,2026-08-17T20:36:08.746361+09:00
Bid Compass,,,failed,False,2026-08-17T20:45:26.162726+09:00
Bid Console,,,failed,False,2026-08-17T20:44:01.266186+09:00
Bid Core,20.0,8.0,success,False,2026-08-17T21:36:54.710856+09:00
Bid Deck,40.0,14.0,success,False,2026-08-17T21:33:45.075228+09:00
Bid Desk,140.0,9.0,success,False,2026-08-17T21:31:00.206645+09:00
Bid Dial,,,failed,False,2026-08-17T20:42:12.704128+09:00
Bid Dock,,,failed,False,2026-08-17T20:38:58.199942+09:00
Bid Flow,30.0,9.0,success,False,2026-08-17T21:34:20.474166+09:00
Bid Forge,,,failed,False,2026-08-17T20:43:32.566232+09:00
Bid Frame,,,failed,False,2026-08-17T21:39:34.435552+09:00
Bid Gate,90.0,5.0,success,False,2026-08-17T20:33:18.087238+09:00
Bid Grid,70.0,3.0,success,False,2026-08-17T20:36:38.149505+09:00
Bid Guard,10.0,19.0,success,False,2026-08-17T21:37:32.627735+09:00
Bid Hub,110.0,17.0,success,False,2026-08-17T21:33:19.243075+09:00
Bid Keeper,,,failed,False,2026-08-17T21:40:59.899740+09:00
Bid Lab,1300.0,4.0,success,False,2026-08-17T21:31:35.848823+09:00
Bid Ledger,,,failed,False,2026-08-17T21:35:54.911296+09:00
Bid Lens,90.0,25.0,success,False,2026-08-17T21:41:34.183941+09:00
Bid Lock,40.0,2.0,success,False,2026-08-17T20:31:35.680631+09:00
Bid Loop,,,failed,False,2026-08-17T20:37:34.472176+09:00
Bid Manager,5400.0,4.0,success,False,2026-08-17T21:38:37.304138+09:00
Bid Meter,,,failed,False,2026-08-17T20:41:22.469867+09:00
Bid Nexus,,,failed,False,2026-08-17T20:32:08.584337+09:00
Bid Node,,,failed,False,2026-08-17T20:34:17.127214+09:00
Bid Panel,10.0,4.0,success,False,2026-08-17T20:43:08.098438+09:00
Bid Path,30.0,35.0,success,False,2026-08-17T20:33:48.971139+09:00
Bid Pilot,10.0,1.0,success,False,2026-08-17T21:32:11.115049+09:00
Bid Point,170.0,1.0,success,False,2026-08-17T20:32:46.505342+09:00
Bid Portal,590.0,6.0,success,False,2026-08-17T20:44:46.784780+09:00
Bid Pulse,,,failed,False,2026-08-17T20:35:40.356029+09:00
Bid Radar,20.0,22.0,success,False,2026-08-17T20:48:45.753465+09:00
Bid Rail,10.0,0.0,success,False,2026-08-17T20:38:04.703276+09:00
Bid Relay,,,failed,False,2026-08-17T20:47:28.313560+09:00
Bid Route,20.0,1.0,success,False,2026-08-17T20:39:51.023967+09:00
Bid Scale,20.0,11.0,success,False,2026-08-17T20:40:41.186342+09:00
Bid Scope,40.0,47.0,success,False,2026-08-17T20:38:26.412397+09:00
Bid Signal,,,failed,False,2026-08-17T20:40:17.203996+09:00
Bid Station,50.0,2.0,success,False,2026-08-17T21:30:27.922058+09:00
Bid Studio,210.0,3.0,success,False,2026-08-17T21:32:47.122898+09:00
Bid Sync,720.0,32.0,success,False,2026-08-17T21:35:22.295985+09:00
Bid Tracker,320.0,26.0,success,False,2026-08-17T21:36:28.444275+09:00
Bid Trail,10.0,0.0,success,False,2026-08-17T20:37:05.313557+09:00
Bid Vault,90.0,13.0,success,False,2026-08-17T20:46:14.149623+09:00
Bid Watch,480.0,53.0,success,False,2026-08-17T20:39:21.363517+09:00
Bid Wave,10.0,,success,False,2026-08-17T20:34:42.726088+09:00
Bid Zone,50.0,1.0,success,False,2026-08-17T20:45:50.172264+09:00
Billing Anchor,,,failed,False,2026-08-17T20:46:16.531586+09:00
Billing Atlas,,,failed,False,2026-08-17T20:37:08.027448+09:00
Billing Base,,,failed,False,2026-08-17T20:33:48.971139+09:00
Billing Beacon,,,failed,False,2026-08-17T21:32:15.070878+09:00
Billing Bridge,320.0,2.0,success,False,2026-08-17T20:47:28.313560+09:00
Billing Cascade,,,failed,False,2026-08-17T20:49:39.030080+09:00
Billing Chain,,,failed,False,2026-08-17T20:41:24.809383+09:00
Billing Compass,,,failed,False,2026-08-17T21:33:19.243075+09:00
Billing Console,170.0,6.0,success,False,2026-08-17T21:31:39.058447+09:00
Billing Core,,,failed,False,2026-08-17T20:32:46.505342+09:00
Billing Deck,,,failed,False,2026-08-17T20:35:44.075031+09:00
Billing Desk,27100.0,0.0,success,True,2026-08-17T20:33:21.754611+09:00
Billing Dial,,,failed,False,2026-08-17T20:48:13.207047+09:00
Billing Dock,,,failed,False,2026-08-17T20:44:01.266186+09:00
Billing Forge,390.0,0.0,success,False,2026-08-17T21:31:02.177338+09:00
Billing Frame,,,failed,False,2026-08-17T20:34:42.726088+09:00
Billing Gate,9900.0,2.0,success,False,2026-08-17T20:38:58.199942+09:00
Billing Grid,50.0,0.0,success,False,2026-08-17T20:41:53.253624+09:00
Billing Guard,20.0,0.0,success,False,2026-08-17T20:33:21.754611+09:00
Billing Hub,1600.0,2.0,success,False,2026-08-17T20:35:09.040915+09:00
Billing Keeper,,,failed,False,2026-08-17T20:35:09.040915+09:00
Billing Lab,590.0,8.0,success,False,2026-08-17T20:33:51.962760+09:00
Billing Ledger,390.0,70.0,success,False,2026-08-17T20:31:35.680631+09:00
Billing Lens,,,failed,False,2026-08-17T20:35:40.356029+09:00
Billing Lock,320.0,6.0,success,False,2026-08-17T20:37:34.472176+09:00
Billing Loop,,,failed,False,2026-08-17T20:42:40.071307+09:00
Billing Manager,2400.0,10.0,success,False,2026-08-17T20:34:18.335664+09:00
Billing Map,260.0,1.0,success,False,2026-08-17T20:36:39.507807+09:00
Billing Meter,390.0,4.0,success,False,2026-08-17T20:46:53.844827+09:00
Billing Nexus,,,failed,False,2026-08-17T20:38:04.703276+09:00
Billing Node,,,failed,False,2026-08-17T20:39:52.233588+09:00
Billing Panel,170.0,7.0,success,False,2026-08-17T21:30:30.781560+09:00
Billing Path,,,failed,False,2026-08-17T20:39:21.363517+09:00
Billing Pilot,,,failed,False,2026-08-17T20:34:18.335664+09:00
Billing Point,3600.0,1.0,success,False,2026-08-17T20:38:31.317013+09:00
Billing Portal,33100.0,0.0,success,True,2026-08-17T21:32:50.995270+09:00
Billing Pulse,,,failed,False,2026-08-17T20:41:03.029394+09:00
Billing Radar,,,failed,False,2026-08-17T20:32:10.469810+09:00
Billing Rail,,,failed,False,2026-08-17T20:43:08.098438+09:00
Billing Route,,,failed,False,2026-08-17T20:44:46.784780+09:00
Billing Scale,110.0,71.0,success,False,2026-08-17T20:45:50.172264+09:00
Billing Scope,30.0,7.0,success,False,2026-08-17T20:43:34.295212+09:00
Billing Sentry,,,failed,False,2026-08-17T20:36:11.237181+09:00
Billing Signal,,,failed,False,2026-08-17T20:45:26.162726+09:00
Billing Station,720.0,1.0,success,False,2026-08-17T20:32:47.475978+09:00
Billing Studio,,,failed,False,2026-08-17T20:34:42.726088+09:00
Billing Tracker,1900.0,32.0,success,False,2026-08-17T20:32:08.584337+09:00
Billing Trail,,,failed,False,2026-08-17T20:42:12.704128+09:00
Billing Watch,,,failed,False,2026-08-17T20:44:23.108645+09:00
Billing Wave,,,failed,False,2026-08-17T20:40:19.019495+09:00
Billing Zone,70.0,1.0,success,False,2026-08-17T21:33:45.075228+09:00
Binder Anchor,,,failed,False,2026-08-17T21:32:33.876836+09:00
Binder Atlas,50.0,12.0,success,False,2026-08-17T20:40:52.069695+09:00
Binder Base,30.0,12.0,success,False,2026-08-17T20:37:55.339961+09:00
Binder Beacon,,,failed,False,2026-08-17T21:36:43.981322+09:00
Binder Board,1000.0,77.0,success,False,2026-08-17T20:34:58.202084+09:00
Binder Bridge,,,failed,False,2026-08-17T21:33:32.175377+09:00
Binder Cascade,,,failed,False,2026-08-17T21:34:37.066296+09:00
Binder Center,,,failed,False,2026-08-17T21:40:37.066671+09:00
Binder Chain,8100.0,100.0,success,False,2026-08-17T20:45:15.345040+09:00
Binder Compass,,,failed,False,2026-08-17T21:37:55.576177+09:00
Binder Console,,,failed,False,2026-08-17T21:36:17.240271+09:00
Binder Core,70.0,71.0,success,False,2026-08-17T20:36:56.303275+09:00
Binder Deck,,,failed,False,2026-08-17T20:34:07.278551+09:00
Binder Dial,,,failed,False,2026-08-17T21:34:05.861065+09:00
Binder Dock,,,failed,False,2026-08-17T20:48:31.729678+09:00
Binder Flow,10.0,0.0,success,False,2026-08-17T20:34:33.124318+09:00
Binder Forge,2900.0,0.0,success,True,2026-08-17T21:35:41.309233+09:00
Binder Frame,20.0,7.0,success,False,2026-08-17T20:38:41.975413+09:00
Binder Gate,20.0,0.0,success,False,2026-08-17T20:42:22.378966+09:00
Binder Grid,50.0,28.0,success,False,2026-08-17T20:45:40.214755+09:00
Binder Guard,10.0,61.0,success,False,2026-08-17T20:37:21.758511+09:00
Binder Hub,20.0,2.0,success,False,2026-08-17T20:33:40.236931+09:00
Binder Keeper,110.0,100.0,success,False,2026-08-17T20:39:13.606540+09:00
Binder Lab,210.0,16.0,success,False,2026-08-17T20:31:58.373055+09:00
Binder Ledger,,,failed,False,2026-08-17T20:35:55.625501+09:00
Binder Lens,,,failed,False,2026-08-17T20:39:37.454360+09:00
Binder Lock,590.0,100.0,success,False,2026-08-17T20:41:15.125085+09:00
Binder Loop,90.0,95.0,success,False,2026-08-17T20:46:31.116711+09:00
Binder Manager,,,failed,False,2026-08-17T20:38:16.946588+09:00
Binder Map,1900.0,75.0,success,False,2026-08-17T20:40:31.600880+09:00
Binder Meter,,,failed,False,2026-08-17T21:33:05.832312+09:00
Binder Nexus,,,failed,False,2026-08-17T20:41:42.376478+09:00
Binder Node,,,failed,False,2026-08-17T20:43:22.316757+09:00
Binder Panel,,,failed,False,2026-08-17T21:35:11.471835+09:00
Binder Path,,,failed,False,2026-08-17T20:42:51.727520+09:00
Binder Pilot,,,failed,False,2026-08-17T20:32:32.905502+09:00
Binder Point,320.0,48.0,success,False,2026-08-17T20:42:04.175878+09:00
Binder Portal,20.0,0.0,success,False,2026-08-17T21:37:17.917122+09:00
Binder Pulse,,,failed,False,2026-08-17T20:44:36.649130+09:00
Binder Rail,,,failed,False,2026-08-17T20:47:13.736905+09:00
Binder Relay,10.0,75.0,success,False,2026-08-17T21:41:19.053416+09:00
Binder Route,,,failed,False,2026-08-17T21:30:47.592348+09:00
Binder Scale,,,failed,False,2026-08-17T21:31:56.784481+09:00
Binder Scope,,,failed,False,2026-08-17T20:47:53.457764+09:00
Binder Sentry,,,failed,False,2026-08-17T20:40:06.808560+09:00
Binder Signal,,,failed,False,2026-08-17T21:31:23.168898+09:00
Binder Studio,110.0,1.0,success,False,2026-08-17T20:33:05.160713+09:00
Binder Sync,10.0,0.0,success,False,2026-08-17T20:35:25.429619+09:00
Binder Tracker,10.0,8.0,success,False,2026-08-17T20:36:21.712002+09:00
Binder Trail,,,failed,False,2026-08-17T20:46:01.536512+09:00
Binder Vault,90.0,100.0,success,False,2026-08-17T21:39:15.761980+09:00
Binder Watch,10.0,0.0,success,False,2026-08-17T21:30:13.279777+09:00
Binder Wave,,,failed,False,2026-08-17T20:43:51.758171+09:00
Binder Zone,,,failed,False,2026-08-17T21:38:26.629916+09:00
Blast Trail,170.0,7.0,success,False,2026-08-17T22:50:34.703098+09:00
Blueprint Anchor,,,failed,False,2026-08-17T20:48:00.384731+09:00
Blueprint Atlas,390.0,0.0,success,False,2026-08-17T20:38:21.061174+09:00
Blueprint Base,480.0,5.0,success,False,2026-08-17T20:35:03.370957+09:00
Blueprint Beacon,10.0,0.0,success,False,2026-08-17T21:33:37.652467+09:00
Blueprint Board,170.0,6.0,success,False,2026-08-17T20:32:00.957216+09:00
Blueprint Bridge,110.0,1.0,success,False,2026-08-17T21:30:18.085086+09:00
Blueprint Cascade,,,failed,False,2026-08-17T21:31:28.023870+09:00
Blueprint Center,30.0,0.0,success,False,2026-08-17T21:36:22.095100+09:00
Blueprint Chain,,,failed,False,2026-08-17T20:42:29.560038+09:00
Blueprint Compass,110.0,0.0,success,False,2026-08-17T21:34:42.632014+09:00
Blueprint Console,,,failed,False,2026-08-17T21:33:10.630129+09:00
Blueprint Core,20.0,0.0,success,False,2026-08-17T20:34:11.615000+09:00
Blueprint Desk,260.0,100.0,success,False,2026-08-17T21:39:22.624237+09:00
Blueprint Dial,,,failed,False,2026-08-17T21:30:50.388708+09:00
Blueprint Dock,,,failed,False,2026-08-17T20:45:16.547101+09:00
Blueprint Forge,70.0,19.0,success,False,2026-08-17T21:32:36.544768+09:00
Blueprint Frame,210.0,83.0,success,False,2026-08-17T20:36:02.767132+09:00
Blueprint Gate,10.0,0.0,success,False,2026-08-17T20:40:10.157299+09:00
Blueprint Grid,880.0,3.0,success,False,2026-08-17T20:42:54.961047+09:00
Blueprint Guard,,,failed,False,2026-08-17T20:34:35.742752+09:00
Blueprint Keeper,,,failed,False,2026-08-17T20:36:28.708934+09:00
Blueprint Lab,1000.0,1.0,success,False,2026-08-17T21:40:47.686331+09:00
Blueprint Ledger,,,failed,False,2026-08-17T20:33:10.817795+09:00
Blueprint Lens,20.0,2.0,success,False,2026-08-17T20:37:00.325562+09:00
Blueprint Lock,90.0,0.0,success,False,2026-08-17T20:38:48.292759+09:00
Blueprint Loop,10.0,0.0,success,False,2026-08-17T20:43:56.267353+09:00
Blueprint Manager,50.0,0.0,success,False,2026-08-17T20:35:35.063549+09:00
Blueprint Map,1000.0,2.0,success,False,2026-08-17T20:37:58.727524+09:00
Blueprint Meter,,,failed,False,2026-08-17T20:48:34.410191+09:00
Blueprint Nexus,,,failed,False,2026-08-17T20:39:17.196343+09:00
Blueprint Node,70.0,1.0,success,False,2026-08-17T20:40:53.994191+09:00
Blueprint Panel,140.0,2.0,success,False,2026-08-17T21:31:59.895065+09:00
Blueprint Path,40.0,0.0,success,False,2026-08-17T20:40:33.502804+09:00
Blueprint Pilot,,,failed,False,2026-08-17T21:41:25.564008+09:00
Blueprint Point,,,failed,False,2026-08-17T20:39:43.687132+09:00
Blueprint Portal,4400.0,1.0,success,False,2026-08-17T21:34:12.134068+09:00
Blueprint Pulse,,,failed,False,2026-08-17T20:42:08.223187+09:00
Blueprint Radar,,,failed,False,2026-08-17T21:37:57.485180+09:00
Blueprint Rail,,,failed,False,2026-08-17T20:44:17.126543+09:00
Blueprint Relay,,,failed,False,2026-08-17T21:36:47.272145+09:00
Blueprint Route,20.0,0.0,success,False,2026-08-17T20:46:04.855118+09:00
Blueprint Scale,480.0,67.0,success,False,2026-08-17T20:47:19.659128+09:00
Blueprint Scope,,,failed,False,2026-08-17T20:44:38.858684+09:00
Blueprint Sentry,,,failed,False,2026-08-17T20:37:28.424048+09:00
Blueprint Signal,,,failed,False,2026-08-17T20:46:42.242736+09:00
Blueprint Station,40.0,0.0,success,False,2026-08-17T21:38:29.386806+09:00
Blueprint Sync,20.0,3.0,success,False,2026-08-17T20:32:38.453320+09:00
Blueprint Tracker,720.0,0.0,success,False,2026-08-17T20:33:42.611240+09:00
Blueprint Trail,10.0,0.0,success,False,2026-08-17T20:43:26.313536+09:00
Blueprint Vault,90.0,0.0,success,False,2026-08-17T21:35:46.466784+09:00
Blueprint Watch,320.0,5.0,success,False,2026-08-17T20:45:45.792269+09:00
Blueprint Wave,,,failed,False,2026-08-17T20:41:17.748242+09:00
Blueprint Zone,10.0,0.0,success,False,2026-08-17T21:35:14.152571+09:00
Booking Anchor,,,failed,False,2026-08-17T20:36:14.881787+09:00
Booking Atlas,320.0,57.0,success,False,2026-08-17T21:36:05.315924+09:00
Booking Base,260.0,7.0,success,False,2026-08-17T21:32:23.259221+09:00
Booking Beacon,,,failed,False,2026-08-17T20:39:59.910293+09:00
Booking Board,390.0,6.0,success,False,2026-08-17T20:47:39.394205+09:00
Booking Bridge,1600.0,2.0,success,False,2026-08-17T20:37:15.920679+09:00
Booking Cascade,10.0,41.0,success,False,2026-08-17T20:38:08.924079+09:00
Booking Center,9900.0,6.0,success,False,2026-08-17T20:41:57.166662+09:00
Booking Compass,3600.0,2.0,success,False,2026-08-17T20:40:46.604989+09:00
Booking Console,170.0,100.0,success,False,2026-08-17T20:39:31.272188+09:00
Booking Core,880.0,10.0,success,False,2026-08-17T21:31:11.680234+09:00
Booking Deck,,,failed,False,2026-08-17T20:46:23.888336+09:00
Booking Desk,1000.0,51.0,success,False,2026-08-17T20:44:07.827451+09:00
Booking Dial,,,failed,False,2026-08-17T20:37:45.876313+09:00
Booking Dock,,,failed,False,2026-08-17T20:33:59.012811+09:00
Booking Flow,210.0,30.0,success,False,2026-08-17T20:47:00.954455+09:00
Booking Forge,,,failed,False,2026-08-17T20:39:06.787331+09:00
Booking Frame,,,failed,False,2026-08-17T21:33:24.629057+09:00
Booking Gate,260.0,5.0,success,False,2026-08-17T21:38:13.718334+09:00
Booking Guard,,,failed,False,2026-08-17T21:31:46.266854+09:00
Booking Hub,9900.0,10.0,success,False,2026-08-17T20:45:54.147634+09:00
Booking Keeper,1900.0,6.0,success,False,2026-08-17T21:33:56.834131+09:00
Booking Lab,4400.0,4.0,success,False,2026-08-17T20:44:27.303320+09:00
Booking Ledger,30.0,5.0,success,False,2026-08-17T21:30:02.792774+09:00
Booking Lens,260.0,18.0,success,False,2026-08-17T21:34:28.165323+09:00
Booking Lock,1900.0,93.0,success,False,2026-08-17T21:36:34.713232+09:00
Booking Loop,1300.0,13.0,success,False,2026-08-17T20:32:17.131006+09:00
Booking Manager,5400.0,10.0,success,False,2026-08-17T21:33:00.443260+09:00
Booking Map,590.0,41.0,success,False,2026-08-17T21:35:33.419897+09:00
Booking Meter,90.0,0.0,success,False,2026-08-17T20:36:47.157974+09:00
Booking Nexus,880.0,39.0,success,False,2026-08-17T21:37:02.739524+09:00
Booking Node,,,failed,False,2026-08-17T21:39:44.948189+09:00
Booking Panel,590.0,41.0,success,False,2026-08-17T20:38:35.163236+09:00
Booking Path,1600.0,91.0,success,False,2026-08-17T21:39:02.253193+09:00
Booking Pilot,2400.0,70.0,success,False,2026-08-17T20:45:09.617976+09:00
Booking Point,8100.0,4.0,success,False,2026-08-17T21:37:42.380657+09:00
Booking Portal,1600.0,15.0,success,False,2026-08-17T20:40:24.654920+09:00
Booking Radar,170.0,16.0,success,False,2026-08-17T20:43:14.638625+09:00
Booking Rail,301000.0,52.0,success,False,2026-08-17T20:32:55.422953+09:00
Booking Relay,,,failed,False,2026-08-17T20:42:16.988485+09:00
Booking Route,,,failed,False,2026-08-17T20:34:46.285590+09:00
Booking Scale,,,failed,False,2026-08-17T20:35:48.969093+09:00
Booking Scope,,,failed,False,2026-08-17T20:33:27.108642+09:00
Booking Sentry,,,failed,False,2026-08-17T21:35:00.218033+09:00
Booking Signal,,,failed,False,2026-08-17T20:35:18.626237+09:00
Booking Station,12100.0,26.0,success,False,2026-08-17T20:43:42.299051+09:00
Booking Studio,1900.0,4.0,success,False,2026-08-17T20:45:32.525368+09:00
Booking Sync,140.0,14.0,success,False,2026-08-17T20:48:21.583177+09:00
Booking Tracker,210.0,7.0,success,False,2026-08-17T21:30:38.829852+09:00
Booking Trail,,,failed,False,2026-08-17T20:31:44.848533+09:00
Booking Vault,9900.0,23.0,success,False,2026-08-17T20:41:33.336783+09:00
Booking Watch,880.0,6.0,success,False,2026-08-17T20:34:22.385109+09:00
Booking Wave,390.0,36.0,success,False,2026-08-17T21:41:12.952922+09:00
Booking Zone,3600.0,75.0,success,False,2026-08-17T20:41:08.316613+09:00
Brand Anchor,170.0,2.0,success,False,2026-08-17T21:31:02.177338+09:00
Brand Atlas,590.0,3.0,success,False,2026-08-17T20:39:52.233588+09:00
Brand Base,720.0,39.0,success,False,2026-08-17T20:36:39.507807+09:00
Brand Beacon,70.0,2.0,success,False,2026-08-17T21:35:22.295985+09:00
Brand Board,12100.0,12.0,success,False,2026-08-17T20:33:48.971139+09:00
Brand Bridge,1000.0,2.0,success,False,2026-08-17T21:32:15.070878+09:00
Brand Cascade,20.0,12.0,success,False,2026-08-17T21:33:20.961288+09:00
Brand Center,14800.0,50.0,success,False,2026-08-17T21:38:08.965654+09:00
Brand Chain,260.0,92.0,success,False,2026-08-17T20:44:01.266186+09:00
Brand Compass,1300.0,50.0,success,False,2026-08-17T21:36:28.444275+09:00
Brand Console,,,failed,False,2026-08-17T21:34:53.019649+09:00
Brand Core,720.0,4.0,success,False,2026-08-17T20:35:44.075031+09:00
Brand Deck,6600.0,18.0,success,False,2026-08-17T20:32:46.505342+09:00
Brand Dial,,,failed,False,2026-08-17T21:32:50.995270+09:00
Brand Dock,70.0,13.0,success,False,2026-08-17T20:46:53.844827+09:00
Brand Flow,170.0,5.0,success,False,2026-08-17T20:33:21.754611+09:00
Brand Forge,170.0,3.0,success,False,2026-08-17T21:34:20.474166+09:00
Brand Frame,880.0,70.0,success,False,2026-08-17T20:37:38.706086+09:00
Brand Gate,1600.0,6.0,success,False,2026-08-17T20:41:24.809383+09:00
Brand Grid,140.0,1.0,success,False,2026-08-17T20:44:23.108645+09:00
Brand Guard,210.0,12.0,success,False,2026-08-17T20:36:11.237181+09:00
Brand Hub,22200.0,5.0,success,False,2026-08-17T20:32:10.469810+09:00
Brand Keeper,210.0,1.0,success,False,2026-08-17T20:38:04.703276+09:00
Brand Ledger,40.0,2.0,success,False,2026-08-17T20:34:42.726088+09:00
Brand Lens,2400.0,70.0,success,False,2026-08-17T20:38:31.317013+09:00
Brand Lock,590.0,45.0,success,False,2026-08-17T20:40:19.019495+09:00
Brand Loop,50.0,2.0,success,False,2026-08-17T20:45:26.162726+09:00
Brand Manager,22200.0,10.0,success,False,2026-08-17T20:37:08.027448+09:00
Brand Map,3600.0,4.0,success,False,2026-08-17T20:39:23.919432+09:00
Brand Meter,720.0,93.0,success,False,2026-08-17T21:31:39.058447+09:00
Brand Nexus,590.0,1.0,success,False,2026-08-17T20:40:42.163784+09:00
Brand Node,20.0,0.0,success,False,2026-08-17T20:42:12.704128+09:00
Brand Panel,320.0,53.0,success,False,2026-08-17T21:33:48.082783+09:00
Brand Path,1000.0,1.0,success,False,2026-08-17T20:41:54.470071+09:00
Brand Point,1600.0,5.0,success,False,2026-08-17T20:41:03.029394+09:00
Brand Portal,5400.0,21.0,success,False,2026-08-17T21:35:58.459168+09:00
Brand Pulse,1000.0,7.0,success,False,2026-08-17T20:43:34.295212+09:00
Brand Radar,880.0,26.0,success,False,2026-08-17T21:40:59.899740+09:00
Brand Rail,,,failed,False,2026-08-17T20:45:50.172264+09:00
Brand Relay,260.0,9.0,success,False,2026-08-17T21:38:40.825363+09:00
Brand Route,110.0,6.0,success,False,2026-08-17T20:48:13.207047+09:00
Brand Scale,2400.0,27.0,success,False,2026-08-17T21:30:30.781560+09:00
Brand Scope,3600.0,12.0,success,False,2026-08-17T20:46:16.531586+09:00
Brand Sentry,20.0,0.0,success,False,2026-08-17T20:38:58.199942+09:00
Brand Signal,90.0,3.0,success,False,2026-08-17T20:49:39.030080+09:00
Brand Station,2400.0,9.0,success,False,2026-08-17T21:41:34.183941+09:00
Brand Studio,8100.0,5.0,success,False,2026-08-17T20:31:36.969919+09:00
Brand Sync,110.0,4.0,success,False,2026-08-17T20:34:18.335664+09:00
Brand Tracker,3600.0,24.0,success,False,2026-08-17T20:35:09.040915+09:00
Brand Trail,50.0,9.0,success,False,2026-08-17T20:44:51.445524+09:00
Brand Vault,1900.0,8.0,success,False,2026-08-17T21:37:32.627735+09:00
Brand Watch,49500.0,66.0,success,False,2026-08-17T20:47:33.914967+09:00
Brand Wave,480.0,3.0,success,False,2026-08-17T20:42:40.071307+09:00
Brand Zone,3600.0,3.0,success,False,2026-08-17T21:36:57.018160+09:00
Breach Anchor,,,failed,False,2026-08-17T20:43:44.073906+09:00
Breach Atlas,110.0,0.0,success,False,2026-08-17T20:34:25.476328+09:00
Breach Beacon,,,failed,False,2026-08-17T20:47:47.373505+09:00
Breach Board,10.0,0.0,success,False,2026-08-17T21:38:18.723173+09:00
Breach Bridge,20.0,0.0,success,False,2026-08-17T20:44:29.668652+09:00
Breach Cascade,,,failed,False,2026-08-17T20:45:33.619281+09:00
Breach Center,,,failed,False,2026-08-17T21:31:49.761986+09:00
Breach Chain,,,failed,False,2026-08-17T20:39:09.333217+09:00
Breach Compass,,,failed,False,2026-08-17T21:30:08.257838+09:00
Breach Console,10.0,0.0,success,False,2026-08-17T20:47:04.642239+09:00
Breach Core,10.0,0.0,success,False,2026-08-17T21:41:44.845375+09:00
Breach Deck,,,failed,False,2026-08-17T21:37:08.932405+09:00
Breach Desk,,,failed,False,2026-08-17T21:34:31.783933+09:00
Breach Dial,,,failed,False,2026-08-17T20:45:10.862003+09:00
Breach Dock,,,failed,False,2026-08-17T20:41:35.724700+09:00
Breach Flow,,,failed,False,2026-08-17T21:37:44.992622+09:00
Breach Forge,,,failed,False,2026-08-17T20:46:26.563596+09:00
Breach Frame,,,failed,False,2026-08-17T20:31:49.556843+09:00
Breach Gate,,,failed,False,2026-08-17T20:36:18.497930+09:00
Breach Grid,,,failed,False,2026-08-17T20:39:32.550443+09:00
Breach Hub,40.0,9.0,success,False,2026-08-17T21:36:36.847955+09:00
Breach Keeper,,,failed,False,2026-08-17T20:32:23.142780+09:00
Breach Lab,70.0,1.0,success,False,2026-08-17T21:35:02.943607+09:00
Breach Ledger,,,failed,False,2026-08-17T21:39:57.727763+09:00
Breach Lens,,,failed,False,2026-08-17T20:32:57.689274+09:00
Breach Lock,140.0,23.0,success,False,2026-08-17T20:34:51.045190+09:00
Breach Loop,,,failed,False,2026-08-17T20:40:26.535789+09:00
Breach Map,90.0,0.0,success,False,2026-08-17T20:34:01.116253+09:00
Breach Meter,,,failed,False,2026-08-17T20:44:10.950266+09:00
Breach Nexus,,,failed,False,2026-08-17T20:35:19.683482+09:00
Breach Node,,,failed,False,2026-08-17T20:37:16.947301+09:00
Breach Panel,30.0,5.0,success,False,2026-08-17T20:45:56.929111+09:00
Breach Path,10.0,0.0,success,False,2026-08-17T20:36:51.044622+09:00
Breach Pilot,,,failed,False,2026-08-17T21:35:36.118436+09:00
Breach Point,390.0,4.0,success,False,2026-08-17T20:35:51.368204+09:00
Breach Portal,70.0,1.0,success,False,2026-08-17T20:48:23.905428+09:00
Breach Pulse,,,failed,False,2026-08-17T20:38:37.912313+09:00
Breach Radar,20.0,23.0,success,False,2026-08-17T21:33:28.260657+09:00
Breach Rail,,,failed,False,2026-08-17T20:40:48.754907+09:00
Breach Relay,,,failed,False,2026-08-17T21:32:25.465592+09:00
Breach Route,,,failed,False,2026-08-17T20:42:19.428112+09:00
Breach Scale,,,failed,False,2026-08-17T20:43:15.863986+09:00
Breach Scope,,,failed,False,2026-08-17T20:41:09.985510+09:00
Breach Sentry,,,failed,False,2026-08-17T20:33:31.328442+09:00
Breach Signal,50.0,0.0,success,False,2026-08-17T20:42:49.578916+09:00
Breach Station,,,failed,False,2026-08-17T21:34:01.777052+09:00
Breach Studio,10.0,0.0,success,False,2026-08-17T21:36:10.133574+09:00
Breach Sync,,,failed,False,2026-08-17T21:39:09.779186+09:00
Breach Tracker,50.0,34.0,success,False,2026-08-17T21:41:14.862117+09:00
Breach Trail,,,failed,False,2026-08-17T20:40:01.743309+09:00
Breach Vault,,,failed,False,2026-08-17T21:31:15.457583+09:00
Breach Watch,90.0,24.0,success,False,2026-08-17T20:42:00.146835+09:00
Breach Wave,10.0,0.0,success,False,2026-08-17T20:37:47.401646+09:00
Breach Zone,10.0,0.0,success,False,2026-08-17T21:30:41.512165+09:00
Breed Keeper,,,failed,False,2026-08-17T22:49:19.411310+09:00
Broadcast Anchor,70.0,0.0,success,False,2026-08-17T20:45:30.439940+09:00
Broadcast Atlas,,,failed,False,2026-08-17T20:36:13.174234+09:00
Broadcast Base,,,failed,False,2026-08-17T20:32:53.240136+09:00
Broadcast Beacon,40.0,0.0,success,False,2026-08-17T21:31:08.679950+09:00
Broadcast Board,70.0,39.0,success,False,2026-08-17T21:41:39.306179+09:00
Broadcast Bridge,110.0,2.0,success,False,2026-08-17T20:46:22.420312+09:00
Broadcast Cascade,,,failed,False,2026-08-17T20:47:39.394205+09:00
Broadcast Center,2900.0,13.0,success,False,2026-08-17T21:33:56.834131+09:00
Broadcast Chain,40.0,1.0,success,False,2026-08-17T20:40:45.689604+09:00
Broadcast Compass,,,failed,False,2026-08-17T21:32:20.148818+09:00
Broadcast Console,390.0,100.0,success,False,2026-08-17T21:30:37.005083+09:00
Broadcast Core,,,failed,False,2026-08-17T20:31:41.996994+09:00
Broadcast Deck,40.0,52.0,success,False,2026-08-17T21:39:40.995935+09:00
Broadcast Desk,590.0,93.0,success,False,2026-08-17T21:36:32.684484+09:00
Broadcast Dial,,,failed,False,2026-08-17T20:46:59.199715+09:00
Broadcast Dock,,,failed,False,2026-08-17T20:43:12.470155+09:00
Broadcast Flow,20.0,0.0,success,False,2026-08-17T21:41:07.674308+09:00
Broadcast Forge,,,failed,False,2026-08-17T21:30:02.792774+09:00
Broadcast Frame,170.0,0.0,success,False,2026-08-17T20:33:56.397010+09:00
Broadcast Gate,10.0,0.0,success,False,2026-08-17T20:38:08.924079+09:00
Broadcast Grid,,,failed,False,2026-08-17T20:41:07.425187+09:00
Broadcast Guard,,,failed,False,2026-08-17T20:32:14.147491+09:00
Broadcast Hub,880.0,3.0,success,False,2026-08-17T21:39:02.253193+09:00
Broadcast Keeper,,,failed,False,2026-08-17T20:34:20.444490+09:00
Broadcast Lab,20.0,0.0,success,False,2026-08-17T21:37:02.739524+09:00
Broadcast Lens,1000.0,100.0,success,False,2026-08-17T20:34:46.285590+09:00
Broadcast Lock,,,failed,False,2026-08-17T20:36:43.272468+09:00
Broadcast Loop,110.0,7.0,success,False,2026-08-17T20:41:57.166662+09:00
Broadcast Manager,140.0,1.0,success,False,2026-08-17T20:33:24.231963+09:00
Broadcast Map,390.0,0.0,success,False,2026-08-17T20:35:47.352548+09:00
Broadcast Meter,20.0,100.0,success,False,2026-08-17T20:45:54.147634+09:00
Broadcast Nexus,,,failed,False,2026-08-17T20:37:14.189830+09:00
Broadcast Node,10.0,0.0,success,False,2026-08-17T20:39:05.666395+09:00
Broadcast Panel,50.0,68.0,success,False,2026-08-17T20:48:18.389398+09:00
Broadcast Path,,,failed,False,2026-08-17T20:38:33.752321+09:00
Broadcast Pilot,,,failed,False,2026-08-17T21:37:39.097196+09:00
Broadcast Point,,,failed,False,2026-08-17T20:37:44.009684+09:00
Broadcast Portal,40.0,1.0,success,False,2026-08-17T21:31:44.399230+09:00
Broadcast Pulse,,,failed,False,2026-08-17T20:40:21.350341+09:00
Broadcast Radar,10.0,0.0,success,False,2026-08-17T21:35:30.145341+09:00
Broadcast Rail,,,failed,False,2026-08-17T20:42:16.988485+09:00
Broadcast Relay,30.0,0.0,success,False,2026-08-17T21:34:28.165323+09:00
Broadcast Route,,,failed,False,2026-08-17T20:44:07.827451+09:00
Broadcast Scale,,,failed,False,2026-08-17T20:44:58.380838+09:00
Broadcast Scope,20.0,1.0,success,False,2026-08-17T20:42:46.441273+09:00
Broadcast Sentry,,,failed,False,2026-08-17T20:35:16.626138+09:00
Broadcast Signal,390.0,0.0,success,False,2026-08-17T20:44:25.446111+09:00
Broadcast Station,1300.0,0.0,success,True,2026-08-17T21:36:05.315924+09:00
Broadcast Studio,1300.0,5.0,success,False,2026-08-17T21:38:13.718334+09:00
Broadcast Trail,,,failed,False,2026-08-17T20:41:30.101842+09:00
Broadcast Vault,,,failed,False,2026-08-17T21:33:24.629057+09:00
Broadcast Watch,30.0,1.0,success,False,2026-08-17T20:43:38.857738+09:00
Broadcast Wave,110.0,0.0,success,False,2026-08-17T20:39:28.862436+09:00
Broadcast Zone,20.0,0.0,success,False,2026-08-17T21:32:57.336519+09:00
Budget Anchor,,,failed,False,2026-08-17T20:35:40.356029+09:00
Budget Atlas,20.0,9.0,success,False,2026-08-17T21:35:20.515813+09:00
Budget Base,390.0,8.0,success,False,2026-08-17T21:31:35.848823+09:00
Budget Beacon,70.0,2.0,success,False,2026-08-17T20:39:21.363517+09:00
Budget Board,880.0,29.0,success,False,2026-08-17T20:46:53.844827+09:00
Budget Bridge,110.0,0.0,success,False,2026-08-17T20:36:38.149505+09:00
Budget Cascade,10.0,0.0,success,False,2026-08-17T20:37:34.472176+09:00
Budget Center,720.0,2.0,success,False,2026-08-17T20:41:22.469867+09:00
Budget Compass,40.0,57.0,success,False,2026-08-17T20:40:17.203996+09:00
Budget Console,320.0,70.0,success,False,2026-08-17T20:38:58.199942+09:00
Budget Core,,,failed,False,2026-08-17T21:30:27.922058+09:00
Budget Deck,170.0,66.0,success,False,2026-08-17T20:45:50.172264+09:00
Budget Desk,590.0,100.0,success,False,2026-08-17T20:43:32.566232+09:00
Budget Dial,10.0,0.0,success,False,2026-08-17T20:37:05.313557+09:00
Budget Dock,,,failed,False,2026-08-17T20:33:18.087238+09:00
Budget Flow,1600.0,3.0,success,False,2026-08-17T20:46:14.149623+09:00
Budget Forge,30.0,48.0,success,False,2026-08-17T20:38:26.412397+09:00
Budget Frame,390.0,44.0,success,False,2026-08-17T21:32:47.122898+09:00
Budget Gate,70.0,68.0,success,False,2026-08-17T21:37:32.627735+09:00
Budget Guard,40.0,0.0,success,False,2026-08-17T21:31:00.206645+09:00
Budget Hub,390.0,2.0,success,False,2026-08-17T20:45:24.269018+09:00
Budget Keeper,110.0,46.0,success,False,2026-08-17T21:33:19.243075+09:00
Budget Lab,390.0,0.0,success,False,2026-08-17T20:44:01.266186+09:00
Budget Ledger,260.0,100.0,success,False,2026-08-17T20:48:09.439521+09:00
Budget Lens,590.0,17.0,success,False,2026-08-17T21:33:45.075228+09:00
Budget Lock,880.0,100.0,success,False,2026-08-17T21:35:54.911296+09:00
Budget Loop,,,failed,False,2026-08-17T20:31:35.680631+09:00
Budget Manager,1000.0,32.0,success,False,2026-08-17T21:32:11.115049+09:00
Budget Map,260.0,60.0,success,False,2026-08-17T21:34:53.019649+09:00
Budget Meter,70.0,1.0,success,False,2026-08-17T20:36:08.746361+09:00
Budget Nexus,10.0,5.0,success,False,2026-08-17T21:36:28.444275+09:00
Budget Node,10.0,0.0,success,False,2026-08-17T21:38:37.304138+09:00
Budget Panel,90.0,77.0,success,False,2026-08-17T20:38:04.703276+09:00
Budget Path,20.0,0.0,success,False,2026-08-17T21:38:05.775829+09:00
Budget Pilot,20.0,5.0,success,False,2026-08-17T20:44:22.162347+09:00
Budget Point,390.0,3.0,success,False,2026-08-17T21:36:54.710856+09:00
Budget Portal,170.0,2.0,success,False,2026-08-17T20:39:51.023967+09:00
Budget Pulse,110.0,17.0,success,False,2026-08-17T21:41:34.183941+09:00
Budget Radar,10.0,6.0,success,False,2026-08-17T20:42:40.071307+09:00
Budget Rail,2400.0,0.0,success,True,2026-08-17T20:32:08.584337+09:00
Budget Relay,,,failed,False,2026-08-17T20:41:53.253624+09:00
Budget Route,30.0,1.0,success,False,2026-08-17T20:34:17.127214+09:00
Budget Scale,70.0,20.0,success,False,2026-08-17T20:35:09.040915+09:00
Budget Scope,210.0,14.0,success,False,2026-08-17T20:32:46.505342+09:00
Budget Sentry,,,failed,False,2026-08-17T21:34:20.474166+09:00
Budget Signal,,,failed,False,2026-08-17T20:34:40.569545+09:00
Budget Station,390.0,3.0,success,False,2026-08-17T20:43:05.974432+09:00
Budget Studio,720.0,8.0,success,False,2026-08-17T20:44:46.784780+09:00
Budget Sync,20.0,18.0,success,False,2026-08-17T20:47:28.313560+09:00
Budget Tracker,14800.0,96.0,success,False,2026-08-17T20:48:44.119140+09:00
Budget Vault,10.0,6.0,success,False,2026-08-17T20:41:01.819842+09:00
Budget Watch,720.0,98.0,success,False,2026-08-17T20:33:48.971139+09:00
Budget Wave,,,failed,False,2026-08-17T21:39:28.354494+09:00
Budget Zone,320.0,2.0,success,False,2026-08-17T20:40:41.186342+09:00
Bundle Anchor,,,failed,False,2026-08-17T21:35:44.584576+09:00
Bundle Atlas,,,failed,False,2026-08-17T20:43:22.316757+09:00
Bundle Base,50.0,3.0,success,False,2026-08-17T20:40:31.600880+09:00
Bundle Beacon,,,failed,False,2026-08-17T21:41:22.072079+09:00
Bundle Board,210.0,4.0,success,False,2026-08-17T20:37:55.339961+09:00
Bundle Bridge,30.0,0.0,success,False,2026-08-17T21:36:43.981322+09:00
Bundle Cascade,,,failed,False,2026-08-17T21:37:55.576177+09:00
Bundle Center,,,failed,False,2026-08-17T20:31:58.373055+09:00
Bundle Chain,110.0,87.0,success,False,2026-08-17T20:48:31.729678+09:00
Bundle Console,390.0,77.0,success,False,2026-08-17T21:40:37.066671+09:00
Bundle Core,1300.0,23.0,success,False,2026-08-17T20:39:37.454360+09:00
Bundle Deck,10.0,16.0,success,False,2026-08-17T20:36:56.303275+09:00
Bundle Desk,40.0,73.0,success,False,2026-08-17T20:34:33.124318+09:00
Bundle Dial,10.0,0.0,success,False,2026-08-17T21:37:17.917122+09:00
Bundle Dock,,,failed,False,2026-08-17T21:33:08.992358+09:00
Bundle Flow,0.0,,success,False,2026-08-17T20:37:24.505740+09:00
Bundle Forge,,,failed,False,2026-08-17T21:39:15.761980+09:00
Bundle Frame,390.0,95.0,success,False,2026-08-17T20:41:15.125085+09:00
Bundle Gate,90.0,6.0,success,False,2026-08-17T20:45:15.345040+09:00
Bundle Grid,,,failed,False,2026-08-17T21:30:15.996537+09:00
Bundle Guard,20.0,0.0,success,False,2026-08-17T20:40:06.808560+09:00
Bundle Hub,880.0,0.0,success,False,2026-08-17T20:36:22.753454+09:00
Bundle Keeper,,,failed,False,2026-08-17T20:41:42.376478+09:00
Bundle Lab,70.0,0.0,success,False,2026-08-17T20:34:58.202084+09:00
Bundle Ledger,,,failed,False,2026-08-17T20:38:43.149907+09:00
Bundle Lens,40.0,55.0,success,False,2026-08-17T20:42:04.175878+09:00
Bundle Lock,50.0,0.0,success,False,2026-08-17T20:43:51.758171+09:00
Bundle Loop,,,failed,False,2026-08-17T21:31:23.168898+09:00
Bundle Manager,90.0,0.0,success,False,2026-08-17T20:40:52.069695+09:00
Bundle Map,140.0,42.0,success,False,2026-08-17T20:42:51.727520+09:00
Bundle Meter,,,failed,False,2026-08-17T21:36:17.240271+09:00
Bundle Nexus,,,failed,False,2026-08-17T20:44:15.738532+09:00
Bundle Node,10.0,0.0,success,False,2026-08-17T20:46:01.536512+09:00
Bundle Panel,10.0,0.0,success,False,2026-08-17T21:38:26.629916+09:00
Bundle Path,50.0,0.0,success,False,2026-08-17T20:45:40.214755+09:00
Bundle Pilot,,,failed,False,2026-08-17T20:35:25.429619+09:00
Bundle Point,390.0,4.0,success,False,2026-08-17T20:44:36.649130+09:00
Bundle Portal,140.0,0.0,success,False,2026-08-17T21:41:53.145173+09:00
Bundle Pulse,10.0,,success,False,2026-08-17T20:47:58.336807+09:00
Bundle Radar,30.0,100.0,success,False,2026-08-17T20:33:40.236931+09:00
Bundle Rail,,,failed,False,2026-08-17T21:31:56.784481+09:00
Bundle Relay,,,failed,False,2026-08-17T20:32:32.905502+09:00
Bundle Route,,,failed,False,2026-08-17T21:34:05.861065+09:00
Bundle Scale,,,failed,False,2026-08-17T21:35:11.471835+09:00
Bundle Scope,,,failed,False,2026-08-17T21:32:33.876836+09:00
Bundle Sentry,,,failed,False,2026-08-17T20:42:24.319818+09:00
Bundle Signal,,,failed,False,2026-08-17T21:34:37.066296+09:00
Bundle Station,110.0,0.0,success,False,2026-08-17T20:34:08.377719+09:00
Bundle Studio,880.0,100.0,success,False,2026-08-17T20:35:59.491401+09:00
Bundle Sync,,,failed,False,2026-08-17T20:38:16.946588+09:00
Bundle Tracker,90.0,0.0,success,False,2026-08-17T20:39:13.606540+09:00
Bundle Trail,,,failed,False,2026-08-17T21:30:47.592348+09:00
Bundle Watch,110.0,63.0,success,False,2026-08-17T21:33:32.175377+09:00
Bundle Wave,720.0,100.0,success,False,2026-08-17T20:46:31.116711+09:00
Calibration Assistant,20.0,0.0,success,False,2026-08-17T22:50:34.703098+09:00
Calibration Atlas,,,failed,False,2026-08-17T21:30:13.279777+09:00
Calibration Base,30.0,9.0,success,False,2026-08-17T20:45:14.001779+09:00
Calibration Beacon,,,failed,False,2026-08-17T20:34:55.202462+09:00
Calibration Board,9900.0,2.0,success,False,2026-08-17T20:42:22.378966+09:00
Calibration Bridge,,,failed,False,2026-08-17T20:31:55.017364+09:00
Calibration Cascade,,,failed,False,2026-08-17T20:33:01.756540+09:00
Calibration Center,390.0,7.0,success,False,2026-08-17T20:37:19.032635+09:00
Calibration Chain,70.0,27.0,success,False,2026-08-17T21:35:41.309233+09:00
Calibration Compass,1300.0,2.0,success,False,2026-08-17T20:35:52.510868+09:00
Calibration Console,,,failed,False,2026-08-17T20:34:31.529799+09:00
Calibration Core,,,failed,False,2026-08-17T20:44:14.789024+09:00
Calibration Deck,,,failed,False,2026-08-17T20:41:41.231730+09:00
Calibration Desk,10.0,7.0,success,False,2026-08-17T20:39:36.069990+09:00
Calibration Dial,70.0,26.0,success,False,2026-08-17T20:32:30.733040+09:00
Calibration Dock,10.0,,success,False,2026-08-17T21:39:13.221117+09:00
Calibration Flow,720.0,13.0,success,False,2026-08-17T20:42:02.791525+09:00
Calibration Forge,,,failed,False,2026-08-17T20:34:03.344800+09:00
Calibration Frame,40.0,29.0,success,False,2026-08-17T20:46:01.536512+09:00
Calibration Gate,,,failed,False,2026-08-17T21:32:31.405261+09:00
Calibration Grid,210.0,8.0,success,False,2026-08-17T21:36:12.498401+09:00
Calibration Guard,10.0,0.0,success,False,2026-08-17T20:44:33.462366+09:00
Calibration Hub,30.0,7.0,success,False,2026-08-17T20:41:13.511022+09:00
Calibration Keeper,,,failed,False,2026-08-17T20:46:29.220439+09:00
Calibration Lab,2900.0,19.0,success,False,2026-08-17T20:40:05.754832+09:00
Calibration Ledger,,,failed,False,2026-08-17T20:43:18.551816+09:00
Calibration Lens,320.0,15.0,success,False,2026-08-17T20:47:09.255931+09:00
Calibration Lock,,,failed,False,2026-08-17T21:30:45.538595+09:00
Calibration Loop,320.0,9.0,success,False,2026-08-17T21:37:10.762781+09:00
Calibration Manager,110.0,3.0,success,False,2026-08-17T20:45:35.834234+09:00
Calibration Map,390.0,0.0,success,False,2026-08-17T20:48:29.594833+09:00
Calibration Nexus,,,failed,False,2026-08-17T21:31:19.415531+09:00
Calibration Node,,,failed,False,2026-08-17T21:33:30.231055+09:00
Calibration Panel,210.0,1.0,success,False,2026-08-17T20:33:36.115262+09:00
Calibration Path,,,failed,False,2026-08-17T21:33:05.832312+09:00
Calibration Pilot,,,failed,False,2026-08-17T20:40:29.235539+09:00
Calibration Point,170.0,2.0,success,False,2026-08-17T21:31:54.606698+09:00
Calibration Portal,,,failed,False,2026-08-17T20:35:22.813816+09:00
Calibration Pulse,,,failed,False,2026-08-17T21:35:08.893531+09:00
Calibration Radar,590.0,35.0,success,False,2026-08-17T20:38:40.859557+09:00
Calibration Rail,,,failed,False,2026-08-17T21:37:49.733247+09:00
Calibration Relay,110.0,12.0,success,False,2026-08-17T20:37:51.221015+09:00
Calibration Route,,,failed,False,2026-08-17T21:41:19.053416+09:00
Calibration Scope,140.0,4.0,success,False,2026-08-17T21:38:24.477715+09:00
Calibration Sentry,,,failed,False,2026-08-17T20:47:50.375793+09:00
Calibration Signal,30.0,0.0,success,False,2026-08-17T21:41:49.444267+09:00
Calibration Station,170.0,16.0,success,False,2026-08-17T20:39:12.627798+09:00
Calibration Studio,170.0,5.0,success,False,2026-08-17T20:40:51.053535+09:00
Calibration Sync,,,failed,False,2026-08-17T20:42:50.595044+09:00
Calibration Tracker,40.0,16.0,success,False,2026-08-17T20:43:48.259554+09:00
Calibration Trail,,,failed,False,2026-08-17T21:36:40.900045+09:00
Calibration Vault,,,failed,False,2026-08-17T20:36:55.192509+09:00
Calibration Watch,10.0,0.0,success,False,2026-08-17T21:40:37.066671+09:00
Calibration Wave,,,failed,False,2026-08-17T21:34:03.414909+09:00
Calibration Zone,,,failed,False,2026-08-17T20:36:20.228244+09:00
Callback Anchor,,,failed,False,2026-08-17T20:39:13.606540+09:00
Callback Atlas,,,failed,False,2026-08-17T21:40:41.309160+09:00
Callback Base,,,failed,False,2026-08-17T21:35:44.584576+09:00
Callback Beacon,,,failed,False,2026-08-17T20:42:24.319818+09:00
Callback Board,,,failed,False,2026-08-17T21:32:33.876836+09:00
Callback Bridge,,,failed,False,2026-08-17T20:40:08.225876+09:00
Callback Cascade,,,failed,False,2026-08-17T20:40:52.985789+09:00
Callback Center,,,failed,False,2026-08-17T20:44:37.629482+09:00
Callback Chain,,,failed,False,2026-08-17T20:34:08.377719+09:00
Callback Compass,,,failed,False,2026-08-17T20:43:25.230587+09:00
Callback Console,,,failed,False,2026-08-17T20:42:04.175878+09:00
Callback Core,,,failed,False,2026-08-17T21:34:39.149688+09:00
Callback Deck,,,failed,False,2026-08-17T21:31:23.168898+09:00
Callback Desk,,,failed,False,2026-08-17T20:47:16.621554+09:00
Callback Dial,,,failed,False,2026-08-17T20:40:32.567080+09:00
Callback Dock,,,failed,False,2026-08-17T20:36:56.303275+09:00
Callback Flow,40.0,0.0,success,False,2026-08-17T21:31:56.784481+09:00
Callback Forge,,,failed,False,2026-08-17T20:41:42.376478+09:00
Callback Frame,,,failed,False,2026-08-17T21:36:43.981322+09:00
Callback Grid,,,failed,False,2026-08-17T20:34:34.179062+09:00
Callback Guard,,,failed,False,2026-08-17T21:35:11.471835+09:00
Callback Hub,,,failed,False,2026-08-17T21:30:47.592348+09:00
Callback Keeper,,,failed,False,2026-08-17T21:37:21.496927+09:00
Callback Lab,,,failed,False,2026-08-17T20:47:58.336807+09:00
Callback Ledger,,,failed,False,2026-08-17T21:33:36.085901+09:00
Callback Lens,,,failed,False,2026-08-17T21:37:55.576177+09:00
Callback Lock,,,failed,False,2026-08-17T21:41:22.072079+09:00
Callback Loop,20.0,0.0,success,False,2026-08-17T20:35:28.436030+09:00
Callback Manager,20.0,0.0,success,False,2026-08-17T21:36:20.278504+09:00
Callback Map,,,failed,False,2026-08-17T21:39:19.495692+09:00
Callback Meter,,,failed,False,2026-08-17T20:39:41.640400+09:00
Callback Nexus,,,failed,False,2026-08-17T21:41:53.145173+09:00
Callback Node,320.0,0.0,success,False,2026-08-17T20:31:58.373055+09:00
Callback Panel,10.0,,success,False,2026-08-17T20:41:16.510977+09:00
Callback Pilot,,,failed,False,2026-08-17T20:48:31.729678+09:00
Callback Portal,,,failed,False,2026-08-17T20:42:52.966707+09:00
Callback Pulse,,,failed,False,2026-08-17T20:33:41.175079+09:00
Callback Radar,,,failed,False,2026-08-17T20:46:03.469899+09:00
Callback Rail,,,failed,False,2026-08-17T20:35:59.491401+09:00
Callback Relay,,,failed,False,2026-08-17T20:45:15.345040+09:00
Callback Route,,,failed,False,2026-08-17T20:37:57.626492+09:00
Callback Scale,,,failed,False,2026-08-17T20:38:43.149907+09:00
Callback Scope,,,failed,False,2026-08-17T20:36:22.753454+09:00
Callback Sentry,,,failed,False,2026-08-17T21:38:26.629916+09:00
Callback Signal,,,failed,False,2026-08-17T20:38:19.209708+09:00
Callback Station,,,failed,False,2026-08-17T20:46:31.116711+09:00
Callback Studio,1000.0,3.0,success,False,2026-08-17T21:30:15.996537+09:00
Callback Sync,,,failed,False,2026-08-17T21:33:08.992358+09:00
Callback Tracker,50.0,29.0,success,False,2026-08-17T21:34:09.721109+09:00
Callback Trail,,,failed,False,2026-08-17T20:35:00.475766+09:00
Callback Vault,,,failed,False,2026-08-17T20:44:15.738532+09:00
Callback Watch,,,failed,False,2026-08-17T20:37:24.505740+09:00
Callback Wave,,,failed,False,2026-08-17T20:32:32.905502+09:00
Callback Zone,,,failed,False,2026-08-17T20:43:51.758171+09:00
Campaign Atlas,,,failed,False,2026-08-17T20:40:17.203996+09:00
Campaign Base,30.0,1.0,success,False,2026-08-17T20:37:03.531282+09:00
Campaign Beacon,,,failed,False,2026-08-17T20:35:03.370957+09:00
Campaign Board,320.0,3.0,success,False,2026-08-17T20:34:17.127214+09:00
Campaign Bridge,10.0,0.0,success,False,2026-08-17T20:31:59.985806+09:00
Campaign Cascade,,,failed,False,2026-08-17T20:33:09.747000+09:00
Campaign Center,50.0,1.0,success,False,2026-08-17T20:37:26.547523+09:00
Campaign Chain,10.0,0.0,success,False,2026-08-17T20:44:22.162347+09:00
Campaign Compass,90.0,8.0,success,False,2026-08-17T20:36:00.761105+09:00
Campaign Console,40.0,80.0,success,False,2026-08-17T20:34:34.179062+09:00
Campaign Core,50.0,1.0,success,False,2026-08-17T20:36:06.570384+09:00
Campaign Deck,140.0,12.0,success,False,2026-08-17T20:33:18.087238+09:00
Campaign Dial,10.0,33.0,success,False,2026-08-17T20:32:36.001496+09:00
Campaign Dock,,,failed,False,2026-08-17T20:47:25.656493+09:00
Campaign Flow,720.0,1.0,success,False,2026-08-17T20:33:47.539654+09:00
Campaign Forge,40.0,3.0,success,False,2026-08-17T20:34:09.472739+09:00
Campaign Frame,140.0,0.0,success,False,2026-08-17T20:38:03.705761+09:00
Campaign Gate,,,failed,False,2026-08-17T20:41:50.983322+09:00
Campaign Grid,20.0,3.0,success,False,2026-08-17T20:44:45.631544+09:00
Campaign Guard,,,failed,False,2026-08-17T20:36:35.862750+09:00
Campaign Hub,210.0,6.0,success,False,2026-08-17T20:32:44.310093+09:00
Campaign Insight,140.0,6.0,success,False,2026-08-17T22:48:03.176041+09:00
Campaign Keeper,,,failed,False,2026-08-17T20:38:26.412397+09:00
Campaign Ledger,,,failed,False,2026-08-17T20:35:08.080059+09:00
Campaign Lens,,,failed,False,2026-08-17T20:38:53.767345+09:00
Campaign Lock,,,failed,False,2026-08-17T20:40:41.186342+09:00
Campaign Loop,,,failed,False,2026-08-17T20:45:48.787557+09:00
Campaign Manager,12100.0,14.0,success,False,2026-08-17T20:37:32.011303+09:00
Campaign Map,390.0,1.0,success,False,2026-08-17T20:39:51.023967+09:00
Campaign Nexus,10.0,9.0,success,False,2026-08-17T20:41:01.819842+09:00
Campaign Node,,,failed,False,2026-08-17T20:42:36.789908+09:00
Campaign Panel,20.0,1.0,success,False,2026-08-17T20:33:42.611240+09:00
Campaign Path,,,failed,False,2026-08-17T20:42:11.427186+09:00
Campaign Pilot,30.0,17.0,success,False,2026-08-17T20:31:33.560642+09:00
Campaign Point,,,failed,False,2026-08-17T20:41:20.787117+09:00
Campaign Portal,50.0,3.0,success,False,2026-08-17T20:35:32.317442+09:00
Campaign Pulse,10.0,3.0,success,False,2026-08-17T20:43:58.581518+09:00
Campaign Radar,,,failed,False,2026-08-17T20:38:46.053243+09:00
Campaign Rail,,,failed,False,2026-08-17T20:46:14.149623+09:00
Campaign Relay,,,failed,False,2026-08-17T20:37:58.727524+09:00
Campaign Route,10.0,0.0,success,False,2026-08-17T20:48:44.119140+09:00
Campaign Scope,20.0,0.0,success,False,2026-08-17T20:46:51.703605+09:00
Campaign Sentry,,,failed,False,2026-08-17T20:39:20.129592+09:00
Campaign Studio,170.0,18.0,success,False,2026-08-17T20:32:07.300250+09:00
Campaign Sync,20.0,17.0,success,False,2026-08-17T20:34:40.569545+09:00
Campaign Tracker,2400.0,5.0,success,False,2026-08-17T20:35:38.392873+09:00
Campaign Trail,9900.0,0.0,success,True,2026-08-17T20:45:24.269018+09:00
Campaign Vault,,,failed,False,2026-08-17T20:36:59.320935+09:00
Campaign Watch,40.0,51.0,success,False,2026-08-17T20:48:09.439521+09:00
Campaign Wave,,,failed,False,2026-08-17T20:43:05.974432+09:00
Campaign Zone,30.0,1.0,success,False,2026-08-17T20:36:26.800121+09:00
Candidate Anchor,,,failed,False,2026-08-17T20:37:58.727524+09:00
Candidate Atlas,,,failed,False,2026-08-17T20:43:48.259554+09:00
Candidate Base,10.0,46.0,success,False,2026-08-17T20:40:51.053535+09:00
Candidate Beacon,,,failed,False,2026-08-17T20:41:16.510977+09:00
Candidate Board,50.0,0.0,success,False,2026-08-17T20:38:14.865229+09:00
Candidate Bridge,,,failed,False,2026-08-17T20:38:46.053243+09:00
Candidate Cascade,,,failed,False,2026-08-17T20:39:41.640400+09:00
Candidate Center,90.0,2.0,success,False,2026-08-17T20:32:26.534581+09:00
Candidate Chain,,,failed,False,2026-08-17T20:32:38.453320+09:00
Candidate Console,,,failed,False,2026-08-17T20:40:53.994191+09:00
Candidate Core,,,failed,False,2026-08-17T20:40:05.754832+09:00
Candidate Deck,,,failed,False,2026-08-17T20:37:19.032635+09:00
Candidate Desk,,,failed,False,2026-08-17T20:34:55.202462+09:00
Candidate Dial,,,failed,False,2026-08-17T20:39:15.324728+09:00
Candidate Dock,,,failed,False,2026-08-17T20:35:32.317442+09:00
Candidate Flow,2400.0,51.0,success,False,2026-08-17T20:37:51.221015+09:00
Candidate Forge,,,failed,False,2026-08-17T20:40:33.502804+09:00
Candidate Frame,10.0,,success,False,2026-08-17T20:41:41.231730+09:00
Candidate Gate,,,failed,False,2026-08-17T20:45:35.834234+09:00
Candidate Grid,,,failed,False,2026-08-17T20:33:09.747000+09:00
Candidate Guard,,,failed,False,2026-08-17T20:40:29.235539+09:00
Candidate Hub,880.0,16.0,success,False,2026-08-17T20:36:52.122948+09:00
Candidate Keeper,,,failed,False,2026-08-17T20:42:02.791525+09:00
Candidate Lab,10.0,10.0,success,False,2026-08-17T20:35:22.813816+09:00
Candidate Ledger,,,failed,False,2026-08-17T20:39:12.627798+09:00
Candidate Lens,,,failed,False,2026-08-17T20:42:21.345142+09:00
Candidate Lock,,,failed,False,2026-08-17T20:44:11.907751+09:00
Candidate Loop,,,failed,False,2026-08-17T20:34:09.472739+09:00
Candidate Manager,480.0,14.0,success,False,2026-08-17T20:41:13.511022+09:00
Candidate Map,20.0,0.0,success,False,2026-08-17T20:43:18.551816+09:00
Candidate Meter,10.0,0.0,success,False,2026-08-17T20:38:21.061174+09:00
Candidate Nexus,,,failed,False,2026-08-17T20:44:33.462366+09:00
Candidate Panel,40.0,2.0,success,False,2026-08-17T20:40:10.157299+09:00
Candidate Pilot,,,failed,False,2026-08-17T20:35:52.510868+09:00
Candidate Point,70.0,0.0,success,False,2026-08-17T20:45:14.001779+09:00
Candidate Pulse,,,failed,False,2026-08-17T20:32:00.957216+09:00
Candidate Radar,,,failed,False,2026-08-17T20:34:03.344800+09:00
Candidate Rail,,,failed,False,2026-08-17T20:34:35.742752+09:00
Candidate Relay,,,failed,False,2026-08-17T20:33:01.756540+09:00
Candidate Route,,,failed,False,2026-08-17T20:36:26.800121+09:00
Candidate Scale,,,failed,False,2026-08-17T20:37:26.547523+09:00
Candidate Scope,10.0,0.0,success,False,2026-08-17T20:35:03.370957+09:00
Candidate Sentry,,,failed,False,2026-08-17T20:42:50.595044+09:00
Candidate Signal,,,failed,False,2026-08-17T20:36:59.320935+09:00
Candidate Station,,,failed,False,2026-08-17T20:34:31.529799+09:00
Candidate Studio,,,failed,False,2026-08-17T20:36:20.228244+09:00
Candidate Sync,,,failed,False,2026-08-17T20:38:40.859557+09:00
Candidate Tracker,390.0,22.0,success,False,2026-08-17T20:39:36.069990+09:00
Candidate Trail,10.0,0.0,success,False,2026-08-17T20:33:42.611240+09:00
Candidate Vault,,,failed,False,2026-08-17T20:31:52.293572+09:00
Candidate Watch,10.0,0.0,success,False,2026-08-17T20:36:00.761105+09:00
Capacity Anchor,,,failed,False,2026-08-17T20:44:29.668652+09:00
Capacity Assistant,,,failed,False,2026-08-17T22:49:21.662634+09:00
Capacity Atlas,,,failed,False,2026-08-17T20:35:19.683482+09:00
Capacity Base,,,failed,False,2026-08-17T20:31:49.556843+09:00
Capacity Beacon,,,failed,False,2026-08-17T21:30:08.257838+09:00
Capacity Board,40.0,0.0,success,False,2026-08-17T21:39:57.727763+09:00
Capacity Bridge,10.0,0.0,success,False,2026-08-17T20:45:33.619281+09:00
Capacity Cascade,,,failed,False,2026-08-17T20:46:26.563596+09:00
Capacity Center,30.0,0.0,success,False,2026-08-17T21:33:02.340741+09:00
Capacity Chain,,,failed,False,2026-08-17T20:40:01.743309+09:00
Capacity Compass,,,failed,False,2026-08-17T21:31:15.457583+09:00
Capacity Console,,,failed,False,2026-08-17T20:48:23.905428+09:00
Capacity Deck,,,failed,False,2026-08-17T21:38:18.723173+09:00
Capacity Desk,10.0,0.0,success,False,2026-08-17T21:35:36.118436+09:00
Capacity Dial,,,failed,False,2026-08-17T20:45:56.929111+09:00
Capacity Dock,,,failed,False,2026-08-17T20:42:19.428112+09:00
Capacity Flow,20.0,0.0,success,False,2026-08-17T21:39:09.779186+09:00
Capacity Forge,,,failed,False,2026-08-17T20:47:47.373505+09:00
Capacity Frame,,,failed,False,2026-08-17T20:32:57.689274+09:00
Capacity Gate,30.0,0.0,success,False,2026-08-17T20:37:18.091212+09:00
Capacity Grid,50.0,0.0,success,False,2026-08-17T20:40:26.535789+09:00
Capacity Hub,10.0,0.0,success,False,2026-08-17T21:37:44.992622+09:00
Capacity Keeper,,,failed,False,2026-08-17T20:33:31.328442+09:00
Capacity Lab,50.0,0.0,success,False,2026-08-17T21:36:10.133574+09:00
Capacity Ledger,,,failed,False,2026-08-17T21:41:44.845375+09:00
Capacity Lens,,,failed,False,2026-08-17T20:34:01.116253+09:00
Capacity Lock,,,failed,False,2026-08-17T20:35:51.368204+09:00
Capacity Loop,,,failed,False,2026-08-17T20:41:09.985510+09:00
Capacity Manager,2900.0,5.0,success,False,2026-08-17T20:32:23.142780+09:00
Capacity Map,110.0,0.0,success,False,2026-08-17T20:34:51.045190+09:00
Capacity Meter,140.0,69.0,success,False,2026-08-17T20:45:10.862003+09:00
Capacity Nexus,,,failed,False,2026-08-17T20:36:18.497930+09:00
Capacity Node,,,failed,False,2026-08-17T20:38:12.491374+09:00
Capacity Panel,,,failed,False,2026-08-17T20:47:04.642239+09:00
Capacity Path,110.0,0.0,success,False,2026-08-17T20:37:47.401646+09:00
Capacity Pilot,,,failed,False,2026-08-17T21:36:36.847955+09:00
Capacity Point,,,failed,False,2026-08-17T20:36:51.044622+09:00
Capacity Portal,10.0,1.0,success,False,2026-08-17T21:30:41.512165+09:00
Capacity Pulse,,,failed,False,2026-08-17T20:39:32.550443+09:00
Capacity Radar,,,failed,False,2026-08-17T21:34:31.783933+09:00
Capacity Rail,,,failed,False,2026-08-17T20:41:35.724700+09:00
Capacity Relay,,,failed,False,2026-08-17T21:33:28.260657+09:00
Capacity Route,,,failed,False,2026-08-17T20:43:15.863986+09:00
Capacity Scale,260.0,21.0,success,False,2026-08-17T20:44:10.950266+09:00
Capacity Scope,,,failed,False,2026-08-17T20:42:00.146835+09:00
Capacity Sentry,,,failed,False,2026-08-17T20:34:25.476328+09:00
Capacity Signal,,,failed,False,2026-08-17T20:43:44.073906+09:00
Capacity Station,,,failed,False,2026-08-17T21:35:02.943607+09:00
Capacity Studio,90.0,1.0,success,False,2026-08-17T21:37:08.932405+09:00
Capacity Sync,,,failed,False,2026-08-17T21:41:14.862117+09:00
Capacity Trail,,,failed,False,2026-08-17T20:40:48.754907+09:00
Capacity Vault,20.0,0.0,success,False,2026-08-17T21:32:25.465592+09:00
Capacity Watch,10.0,0.0,success,False,2026-08-17T20:42:49.578916+09:00
Capacity Wave,,,failed,False,2026-08-17T20:38:37.912313+09:00
Capacity Zone,,,failed,False,2026-08-17T21:31:49.761986+09:00
Cargo Anchor,140.0,100.0,success,False,2026-08-17T20:40:03.112671+09:00
Cargo Atlas,2900.0,6.0,success,False,2026-08-17T21:41:47.180143+09:00
Cargo Base,480.0,10.0,success,False,2026-08-17T21:36:38.708092+09:00
Cargo Beacon,20.0,0.0,success,False,2026-08-17T20:43:16.751377+09:00
Cargo Board,1000.0,50.0,success,False,2026-08-17T21:33:30.231055+09:00
Cargo Bridge,1900.0,1.0,success,False,2026-08-17T20:40:49.686418+09:00
Cargo Cascade,10.0,1.0,success,False,2026-08-17T20:41:38.152103+09:00
Cargo Center,2400.0,6.0,success,False,2026-08-17T20:45:34.633599+09:00
Cargo Chain,320.0,100.0,success,False,2026-08-17T20:34:53.035348+09:00
Cargo Compass,2400.0,3.0,success,False,2026-08-17T20:44:11.907751+09:00
Cargo Console,20.0,1.0,success,False,2026-08-17T20:42:50.595044+09:00
Cargo Core,40.0,12.0,success,False,2026-08-17T21:35:38.144027+09:00
Cargo Deck,590.0,7.0,success,False,2026-08-17T21:32:28.090728+09:00
Cargo Desk,40.0,56.0,success,False,2026-08-17T20:48:26.612997+09:00
Cargo Dial,90.0,4.0,success,False,2026-08-17T20:41:11.362619+09:00
Cargo Dock,590.0,1.0,success,False,2026-08-17T20:37:49.257868+09:00
Cargo Flow,1300.0,3.0,success,False,2026-08-17T21:33:04.357190+09:00
Cargo Forge,20.0,14.0,success,False,2026-08-17T20:42:21.345142+09:00
Cargo Frame,90.0,36.0,success,False,2026-08-17T21:37:46.877382+09:00
Cargo Gate,1000.0,3.0,success,False,2026-08-17T20:31:52.293572+09:00
Cargo Grid,50.0,10.0,success,False,2026-08-17T20:35:20.751202+09:00
Cargo Guard,90.0,18.0,success,False,2026-08-17T21:36:12.498401+09:00
Cargo Hub,1000.0,7.0,success,False,2026-08-17T21:31:52.108049+09:00
Cargo Keeper,260.0,100.0,success,False,2026-08-17T21:38:18.723173+09:00
Cargo Lab,90.0,4.0,success,False,2026-08-17T21:30:10.122952+09:00
Cargo Ledger,30.0,0.0,success,False,2026-08-17T21:34:34.023181+09:00
Cargo Lens,,,failed,False,2026-08-17T21:39:13.221117+09:00
Cargo Loop,480.0,10.0,success,False,2026-08-17T20:36:20.228244+09:00
Cargo Manager,720.0,12.0,success,False,2026-08-17T21:37:10.762781+09:00
Cargo Map,260.0,3.0,success,False,2026-08-17T21:41:16.664514+09:00
Cargo Meter,0.0,,success,False,2026-08-17T20:40:27.760312+09:00
Cargo Node,20.0,1.0,success,False,2026-08-17T20:32:58.642411+09:00
Cargo Panel,140.0,22.0,success,False,2026-08-17T20:42:01.579820+09:00
Cargo Path,70.0,0.0,success,False,2026-08-17T20:32:26.534581+09:00
Cargo Pilot,1600.0,4.0,success,False,2026-08-17T21:30:43.453478+09:00
Cargo Portal,480.0,5.0,success,False,2026-08-17T20:43:46.830313+09:00
Cargo Pulse,40.0,2.0,success,False,2026-08-17T20:34:29.454165+09:00
Cargo Radar,140.0,10.0,success,False,2026-08-17T20:47:07.356899+09:00
Cargo Rail,1600.0,86.0,success,False,2026-08-17T20:36:52.122948+09:00
Cargo Relay,30.0,74.0,success,False,2026-08-17T20:45:58.318950+09:00
Cargo Route,210.0,9.0,success,False,2026-08-17T20:38:40.859557+09:00
Cargo Scale,110.0,100.0,success,False,2026-08-17T20:39:33.830984+09:00
Cargo Scope,10.0,4.0,success,False,2026-08-17T20:37:19.032635+09:00
Cargo Sentry,,,failed,False,2026-08-17T21:40:01.418165+09:00
Cargo Signal,260.0,4.0,success,False,2026-08-17T20:39:11.470645+09:00
Cargo Station,260.0,5.0,success,False,2026-08-17T20:47:50.375793+09:00
Cargo Studio,90.0,2.0,success,False,2026-08-17T21:31:17.550614+09:00
Cargo Sync,40.0,0.0,success,False,2026-08-17T21:34:03.414909+09:00
Cargo Terminal,18100.0,3.0,success,False,2026-08-17T20:46:27.690682+09:00
Cargo Tracker,90500.0,4.0,success,False,2026-08-17T21:35:06.399475+09:00
Cargo Trail,50.0,80.0,success,False,2026-08-17T20:35:52.510868+09:00
Cargo Vault,40.0,7.0,success,False,2026-08-17T20:45:12.889782+09:00
Cargo Watch,1600.0,15.0,success,False,2026-08-17T20:38:13.537846+09:00
Cargo Wave,260.0,3.0,success,False,2026-08-17T20:33:33.696511+09:00
Cargo Zone,1900.0,4.0,success,False,2026-08-17T20:44:32.138425+09:00
Casket Hub,,,failed,False,2026-08-17T22:46:53.613180+09:00
Catalog Anchor,170.0,0.0,success,False,2026-08-17T20:37:39.748297+09:00
Catalog Atlas,,,failed,False,2026-08-17T21:37:39.097196+09:00
Catalog Base,,,failed,False,2026-08-17T21:33:53.413747+09:00
Catalog Beacon,,,failed,False,2026-08-17T20:41:07.425187+09:00
Catalog Board,20.0,5.0,success,False,2026-08-17T21:30:37.005083+09:00
Catalog Bridge,20.0,0.0,success,False,2026-08-17T20:38:33.752321+09:00
Catalog Cascade,,,failed,False,2026-08-17T20:39:25.387216+09:00
Catalog Center,20.0,2.0,success,False,2026-08-17T20:43:12.470155+09:00
Catalog Chain,320.0,6.0,success,False,2026-08-17T20:32:14.147491+09:00
Catalog Compass,,,failed,False,2026-08-17T20:41:55.751231+09:00
Catalog Console,,,failed,False,2026-08-17T20:40:45.689604+09:00
Catalog Core,,,failed,False,2026-08-17T21:32:57.336519+09:00
Catalog Deck,,,failed,False,2026-08-17T20:48:18.389398+09:00
Catalog Desk,20.0,100.0,success,False,2026-08-17T20:45:30.439940+09:00
Catalog Dial,,,failed,False,2026-08-17T20:39:04.557611+09:00
Catalog Dock,,,failed,False,2026-08-17T20:35:15.216607+09:00
Catalog Flow,10.0,3.0,success,False,2026-08-17T21:30:00.229933+09:00
Catalog Forge,,,failed,False,2026-08-17T20:40:21.350341+09:00
Catalog Frame,70.0,23.0,success,False,2026-08-17T21:34:57.125142+09:00
Catalog Gate,4400.0,1.0,success,False,2026-08-17T21:41:07.674308+09:00
Catalog Grid,20.0,1.0,success,False,2026-08-17T20:32:49.512310+09:00
Catalog Guard,,,failed,False,2026-08-17T21:33:22.663564+09:00
Catalog Hub,30.0,3.0,success,False,2026-08-17T20:47:35.936558+09:00
Catalog Keeper,,,failed,False,2026-08-17T21:35:30.145341+09:00
Catalog Lab,140.0,0.0,success,False,2026-08-17T20:45:52.903104+09:00
Catalog Ledger,,,failed,False,2026-08-17T21:31:44.399230+09:00
Catalog Lens,10.0,0.0,success,False,2026-08-17T21:36:00.741055+09:00
Catalog Lock,,,failed,False,2026-08-17T21:38:10.743063+09:00
Catalog Loop,,,failed,False,2026-08-17T20:33:54.236742+09:00
Catalog Manager,480.0,6.0,success,False,2026-08-17T21:34:26.372304+09:00
Catalog Map,50.0,0.0,success,False,2026-08-17T21:36:59.022364+09:00
Catalog Meter,,,failed,False,2026-08-17T20:38:07.696860+09:00
Catalog Nexus,,,failed,False,2026-08-17T21:38:46.123803+09:00
Catalog Panel,40.0,2.0,success,False,2026-08-17T20:39:57.613991+09:00
Catalog Path,,,failed,False,2026-08-17T21:41:39.306179+09:00
Catalog Pilot,90.0,1.0,success,False,2026-08-17T20:46:22.420312+09:00
Catalog Point,,,failed,False,2026-08-17T21:39:40.995935+09:00
Catalog Portal,30.0,1.0,success,False,2026-08-17T20:41:27.066117+09:00
Catalog Pulse,,,failed,False,2026-08-17T20:31:41.996994+09:00
Catalog Radar,,,failed,False,2026-08-17T20:44:25.446111+09:00
Catalog Rail,,,failed,False,2026-08-17T20:34:20.444490+09:00
Catalog Relay,10.0,29.0,success,False,2026-08-17T20:43:38.857738+09:00
Catalog Route,,,failed,False,2026-08-17T20:36:13.174234+09:00
Catalog Scale,,,failed,False,2026-08-17T20:37:14.189830+09:00
Catalog Scope,,,failed,False,2026-08-17T20:34:44.892914+09:00
Catalog Sentry,,,failed,False,2026-08-17T21:36:32.684484+09:00
Catalog Signal,,,failed,False,2026-08-17T20:36:43.272468+09:00
Catalog Station,,,failed,False,2026-08-17T20:44:54.516764+09:00
Catalog Studio,12100.0,97.0,success,False,2026-08-17T20:46:59.199715+09:00
Catalog Sync,50.0,11.0,success,False,2026-08-17T21:31:08.679950+09:00
Catalog Tracker,10.0,1.0,success,False,2026-08-17T21:32:20.148818+09:00
Catalog Trail,,,failed,False,2026-08-17T20:33:24.231963+09:00
Catalog Vault,,,failed,False,2026-08-17T20:42:43.172174+09:00
Catalog Watch,1000.0,27.0,success,False,2026-08-17T20:35:47.352548+09:00
Catalog Zone,40.0,0.0,success,False,2026-08-17T20:42:15.711128+09:00
Catering Anchor,,,failed,False,2026-08-17T20:45:12.889782+09:00
Catering Atlas,260.0,7.0,success,False,2026-08-17T20:35:52.510868+09:00
Catering Base,70.0,30.0,success,False,2026-08-17T20:32:26.534581+09:00
Catering Beacon,,,failed,False,2026-08-17T21:30:43.453478+09:00
Catering Board,320.0,84.0,success,False,2026-08-17T20:34:02.071546+09:00
Catering Bridge,,,failed,False,2026-08-17T20:45:58.318950+09:00
Catering Cascade,,,failed,False,2026-08-17T20:47:09.255931+09:00
Catering Center,260.0,24.0,success,False,2026-08-17T21:33:30.231055+09:00
Catering Chain,90.0,26.0,success,False,2026-08-17T20:40:27.760312+09:00
Catering Compass,2900.0,6.0,success,False,2026-08-17T21:31:52.108049+09:00
Catering Console,,,failed,False,2026-08-17T21:30:10.122952+09:00
Catering Deck,,,failed,False,2026-08-17T20:32:58.642411+09:00
Catering Dial,,,failed,False,2026-08-17T20:46:27.690682+09:00
Catering Dock,,,failed,False,2026-08-17T20:42:50.595044+09:00
Catering Flow,20.0,8.0,success,False,2026-08-17T20:33:31.328442+09:00
Catering Forge,,,failed,False,2026-08-17T20:48:26.612997+09:00
Catering Frame,20.0,30.0,success,False,2026-08-17T20:33:33.696511+09:00
Catering Gate,90.0,8.0,success,False,2026-08-17T20:37:51.221015+09:00
Catering Grid,,,failed,False,2026-08-17T20:40:51.053535+09:00
Catering Guard,,,failed,False,2026-08-17T20:31:52.293572+09:00
Catering Hub,480.0,16.0,success,False,2026-08-17T20:32:23.142780+09:00
Catering Insight,720.0,1.0,success,False,2026-08-17T22:50:34.703098+09:00
Catering Keeper,,,failed,False,2026-08-17T20:34:03.344800+09:00
Catering Lens,,,failed,False,2026-08-17T20:34:29.454165+09:00
Catering Lock,,,failed,False,2026-08-17T20:36:20.228244+09:00
Catering Loop,,,failed,False,2026-08-17T20:41:38.152103+09:00
Catering Manager,2400.0,5.0,success,False,2026-08-17T20:33:01.756540+09:00
Catering Map,50.0,7.0,success,False,2026-08-17T20:35:22.813816+09:00
Catering Meter,,,failed,False,2026-08-17T20:45:35.834234+09:00
Catering Nexus,,,failed,False,2026-08-17T20:36:52.122948+09:00
Catering Node,,,failed,False,2026-08-17T20:38:40.859557+09:00
Catering Panel,,,failed,False,2026-08-17T20:47:50.375793+09:00
Catering Path,,,failed,False,2026-08-17T20:38:13.537846+09:00
Catering Point,880.0,2.0,success,False,2026-08-17T20:37:19.032635+09:00
Catering Portal,140.0,8.0,success,False,2026-08-17T21:31:17.550614+09:00
Catering Pulse,,,failed,False,2026-08-17T20:40:03.112671+09:00
Catering Radar,,,failed,False,2026-08-17T21:35:08.893531+09:00
Catering Rail,,,failed,False,2026-08-17T20:42:01.579820+09:00
Catering Relay,,,failed,False,2026-08-17T21:34:03.414909+09:00
Catering Route,,,failed,False,2026-08-17T20:43:46.830313+09:00
Catering Scale,70.0,100.0,success,False,2026-08-17T20:44:33.462366+09:00
Catering Scope,,,failed,False,2026-08-17T20:42:21.345142+09:00
Catering Sentry,,,failed,False,2026-08-17T20:34:53.035348+09:00
Catering Signal,,,failed,False,2026-08-17T20:44:11.907751+09:00
Catering Station,1900.0,98.0,success,False,2026-08-17T21:35:38.144027+09:00
Catering Studio,70.0,11.0,success,False,2026-08-17T20:31:49.556843+09:00
Catering Sync,,,failed,False,2026-08-17T20:34:25.476328+09:00
Catering Trail,1900.0,100.0,success,False,2026-08-17T20:41:11.362619+09:00
Catering Vault,,,failed,False,2026-08-17T21:33:04.357190+09:00
Catering Watch,,,failed,False,2026-08-17T20:43:18.551816+09:00
Catering Wave,,,failed,False,2026-08-17T20:39:11.470645+09:00
Catering Zone,260.0,18.0,success,False,2026-08-17T21:32:28.090728+09:00
Cemetery Point,210.0,1.0,success,False,2026-08-17T22:49:19.411310+09:00
Certification Signal,,,failed,False,2026-08-17T22:51:27.768654+09:00
Change Anchor,20.0,0.0,success,False,2026-08-17T20:38:59.956902+09:00
Change Atlas,,,failed,False,2026-08-17T21:39:37.908878+09:00
Change Base,480.0,0.0,success,False,2026-08-17T21:35:24.685319+09:00
Change Beacon,,,failed,False,2026-08-17T20:42:13.997557+09:00
Change Board,880.0,45.0,success,False,2026-08-17T21:32:17.170130+09:00
Change Bridge,170.0,1.0,success,False,2026-08-17T20:39:54.147287+09:00
Change Cascade,,,failed,False,2026-08-17T20:40:44.017242+09:00
Change Center,2400.0,2.0,success,False,2026-08-17T20:44:24.451216+09:00
Change Chain,590.0,7.0,success,False,2026-08-17T20:33:51.962760+09:00
Change Compass,110.0,11.0,success,False,2026-08-17T20:43:09.097865+09:00
Change Console,70.0,0.0,success,False,2026-08-17T20:41:54.470071+09:00
Change Core,90.0,0.0,success,False,2026-08-17T21:34:24.214520+09:00
Change Dashboard,110.0,0.0,success,False,2026-08-17T22:48:05.376281+09:00
Change Deck,170.0,3.0,success,False,2026-08-17T21:31:05.600589+09:00
Change Desk,260.0,37.0,success,False,2026-08-17T20:46:56.962156+09:00
Change Dial,20.0,1.0,success,False,2026-08-17T20:40:20.065990+09:00
Change Dock,30.0,0.0,success,False,2026-08-17T20:36:40.845127+09:00
Change Flow,260.0,3.0,success,False,2026-08-17T21:31:41.054400+09:00
Change Forge,,,failed,False,2026-08-17T20:41:24.809383+09:00
Change Frame,210.0,49.0,success,False,2026-08-17T21:36:30.682605+09:00
Change Grid,90.0,0.0,success,False,2026-08-17T20:34:19.305897+09:00
Change Guard,27100.0,6.0,success,False,2026-08-17T21:34:55.256705+09:00
Change Hub,1600.0,1.0,success,False,2026-08-17T21:30:30.781560+09:00
Change Keeper,9900.0,0.0,success,True,2026-08-17T21:36:57.018160+09:00
Change Lab,1300.0,1.0,success,False,2026-08-17T20:47:33.914967+09:00
Change Ledger,,,failed,False,2026-08-17T21:33:20.961288+09:00
Change Lens,320.0,30.0,success,False,2026-08-17T21:37:36.095439+09:00
Change Lock,8100.0,39.0,success,False,2026-08-17T21:41:04.521769+09:00
Change Loop,50.0,1.0,success,False,2026-08-17T20:35:12.658616+09:00
Change Manager,3600.0,18.0,success,False,2026-08-17T21:35:58.459168+09:00
Change Map,880.0,2.0,success,False,2026-08-17T21:38:40.825363+09:00
Change Meter,140.0,2.0,success,False,2026-08-17T20:39:23.919432+09:00
Change Nexus,10.0,0.0,success,False,2026-08-17T21:41:36.452024+09:00
Change Node,50.0,0.0,success,False,2026-08-17T20:31:36.969919+09:00
Change Panel,480.0,59.0,success,False,2026-08-17T20:41:06.345123+09:00
Change Pilot,70.0,0.0,success,False,2026-08-17T20:48:15.314618+09:00
Change Portal,260.0,0.0,success,False,2026-08-17T20:42:41.908187+09:00
Change Pulse,,,failed,False,2026-08-17T20:33:23.313632+09:00
Change Radar,50.0,0.0,success,False,2026-08-17T20:45:51.407426+09:00
Change Rail,20.0,0.0,success,False,2026-08-17T20:35:44.075031+09:00
Change Relay,30.0,13.0,success,False,2026-08-17T20:44:51.445524+09:00
Change Route,320.0,0.0,success,False,2026-08-17T20:37:38.706086+09:00
Change Scale,260.0,1.0,success,False,2026-08-17T20:38:32.473394+09:00
Change Scope,90.0,1.0,success,False,2026-08-17T20:36:11.237181+09:00
Change Sentry,,,failed,False,2026-08-17T21:38:08.965654+09:00
Change Signal,70.0,0.0,success,False,2026-08-17T20:38:06.157627+09:00
Change Station,4400.0,99.0,success,False,2026-08-17T20:46:20.020027+09:00
Change Studio,1300.0,4.0,success,False,2026-08-17T20:49:41.074252+09:00
Change Sync,50.0,1.0,success,False,2026-08-17T21:32:53.372558+09:00
Change Tracker,1300.0,1.0,success,False,2026-08-17T21:33:48.082783+09:00
Change Trail,10.0,0.0,success,False,2026-08-17T20:34:43.926118+09:00
Change Vault,20.0,4.0,success,False,2026-08-17T20:44:04.848400+09:00
Change Watch,320.0,24.0,success,False,2026-08-17T20:37:11.919122+09:00
Change Wave,390.0,3.0,success,False,2026-08-17T20:32:10.469810+09:00
Change Zone,390.0,1.0,success,False,2026-08-17T20:43:34.295212+09:00
Chargeback Anchor,,,failed,False,2026-08-17T21:30:43.453478+09:00
Chargeback Atlas,,,failed,False,2026-08-17T20:39:36.069990+09:00
Chargeback Base,,,failed,False,2026-08-17T20:36:20.228244+09:00
Chargeback Beacon,,,failed,False,2026-08-17T21:35:08.893531+09:00
Chargeback Board,,,failed,False,2026-08-17T20:33:36.115262+09:00
Chargeback Bridge,,,failed,False,2026-08-17T21:31:54.606698+09:00
Chargeback Cascade,,,failed,False,2026-08-17T21:33:04.357190+09:00
Chargeback Center,10.0,0.0,success,False,2026-08-17T21:37:49.733247+09:00
Chargeback Chain,,,failed,False,2026-08-17T20:43:48.259554+09:00
Chargeback Compass,,,failed,False,2026-08-17T21:36:12.498401+09:00
Chargeback Console,,,failed,False,2026-08-17T21:34:34.023181+09:00
Chargeback Core,,,failed,False,2026-08-17T20:35:22.813816+09:00
Chargeback Deck,,,failed,False,2026-08-17T20:32:26.534581+09:00
Chargeback Desk,,,failed,False,2026-08-17T21:41:49.444267+09:00
Chargeback Dial,,,failed,False,2026-08-17T21:32:31.405261+09:00
Chargeback Dock,,,failed,False,2026-08-17T20:46:29.220439+09:00
Chargeback Flow,70.0,24.0,success,False,2026-08-17T20:33:01.756540+09:00
Chargeback Forge,,,failed,False,2026-08-17T21:34:03.414909+09:00
Chargeback Frame,,,failed,False,2026-08-17T20:37:19.032635+09:00
Chargeback Gate,,,failed,False,2026-08-17T20:41:13.511022+09:00
Chargeback Grid,,,failed,False,2026-08-17T20:44:11.907751+09:00
Chargeback Guard,10.0,71.0,success,False,2026-08-17T20:35:52.510868+09:00
Chargeback Hub,,,failed,False,2026-08-17T20:31:52.293572+09:00
Chargeback Keeper,,,failed,False,2026-08-17T20:37:51.221015+09:00
Chargeback Ledger,,,failed,False,2026-08-17T20:34:29.454165+09:00
Chargeback Lens,,,failed,False,2026-08-17T20:38:13.537846+09:00
Chargeback Lock,,,failed,False,2026-08-17T20:40:05.754832+09:00
Chargeback Loop,,,failed,False,2026-08-17T20:45:12.889782+09:00
Chargeback Manager,20.0,24.0,success,False,2026-08-17T20:36:52.122948+09:00
Chargeback Map,,,failed,False,2026-08-17T20:39:11.470645+09:00
Chargeback Meter,,,failed,False,2026-08-17T21:31:19.415531+09:00
Chargeback Nexus,,,failed,False,2026-08-17T20:40:29.235539+09:00
Chargeback Node,,,failed,False,2026-08-17T20:42:01.579820+09:00
Chargeback Panel,,,failed,False,2026-08-17T21:33:30.231055+09:00
Chargeback Path,,,failed,False,2026-08-17T20:41:41.231730+09:00
Chargeback Point,,,failed,False,2026-08-17T20:40:51.053535+09:00
Chargeback Portal,,,failed,False,2026-08-17T21:35:38.144027+09:00
Chargeback Pulse,,,failed,False,2026-08-17T20:43:18.551816+09:00
Chargeback Radar,,,failed,False,2026-08-17T21:40:01.418165+09:00
Chargeback Rail,,,failed,False,2026-08-17T20:45:35.834234+09:00
Chargeback Relay,,,failed,False,2026-08-17T21:38:24.477715+09:00
Chargeback Ring,,,failed,False,2026-08-17T22:50:34.703098+09:00
Chargeback Route,,,failed,False,2026-08-17T20:47:50.375793+09:00
Chargeback Scale,,,failed,False,2026-08-17T21:30:10.122952+09:00
Chargeback Scope,,,failed,False,2026-08-17T20:45:58.318950+09:00
Chargeback Sentry,,,failed,False,2026-08-17T20:38:40.859557+09:00
Chargeback Signal,,,failed,False,2026-08-17T20:48:26.612997+09:00
Chargeback Station,,,failed,False,2026-08-17T21:41:16.664514+09:00
Chargeback Sync,,,failed,False,2026-08-17T20:34:03.344800+09:00
Chargeback Tracker,10.0,34.0,success,False,2026-08-17T20:34:55.202462+09:00
Chargeback Trail,,,failed,False,2026-08-17T20:44:33.462366+09:00
Chargeback Vault,,,failed,False,2026-08-17T21:37:10.762781+09:00
Chargeback Watch,,,failed,False,2026-08-17T20:47:09.255931+09:00
Chargeback Wave,,,failed,False,2026-08-17T20:42:21.345142+09:00
Chargeback Zone,10.0,,success,False,2026-08-17T21:36:40.900045+09:00
Chart Manager,30.0,1.0,success,False,2026-08-17T22:49:19.411310+09:00
Charter Lens,,,failed,False,2026-08-17T22:49:19.411310+09:00
Charter Navigator,140.0,21.0,success,False,2026-08-17T22:49:21.662634+09:00
Chat Anchor,10.0,0.0,success,False,2026-08-17T20:41:15.125085+09:00
Chat Base,14800.0,13.0,success,False,2026-08-17T21:38:26.629916+09:00
Chat Beacon,70.0,8.0,success,False,2026-08-17T20:44:36.649130+09:00
Chat Board,3600.0,45.0,success,False,2026-08-17T21:35:08.893531+09:00
Chat Bridge,260.0,8.0,success,False,2026-08-17T20:42:02.791525+09:00
Chat Cascade,10.0,0.0,success,False,2026-08-17T20:42:51.727520+09:00
Chat Center,8100.0,38.0,success,False,2026-08-17T20:47:13.736905+09:00
Chat Chain,170.0,29.0,success,False,2026-08-17T20:36:21.712002+09:00
Chat Compass,170.0,7.0,success,False,2026-08-17T20:45:40.214755+09:00
Chat Console,170.0,5.0,success,False,2026-08-17T20:44:14.789024+09:00
Chat Core,70.0,7.0,success,False,2026-08-17T21:37:17.917122+09:00
Chat Deck,20.0,0.0,success,False,2026-08-17T21:34:05.861065+09:00
Chat Desk,1600.0,18.0,success,False,2026-08-17T21:31:19.415531+09:00
Chat Dial,880.0,1.0,success,False,2026-08-17T20:42:22.378966+09:00
Chat Dock,50.0,0.0,success,False,2026-08-17T20:39:12.627798+09:00
Chat Flow,2400.0,21.0,success,False,2026-08-17T21:34:37.066296+09:00
Chat Forge,70.0,0.0,success,False,2026-08-17T20:43:48.259554+09:00
Chat Frame,590.0,0.0,success,False,2026-08-17T21:40:37.066671+09:00
Chat Gate,320.0,16.0,success,False,2026-08-17T20:33:36.115262+09:00
Chat Grid,50.0,3.0,success,False,2026-08-17T20:36:55.192509+09:00
Chat Guard,210.0,5.0,success,False,2026-08-17T21:37:49.733247+09:00
Chat Hub,246000.0,6.0,success,False,2026-08-17T21:33:32.175377+09:00
Chat Keeper,40.0,0.0,success,False,2026-08-17T21:41:19.053416+09:00
Chat Lab,880.0,8.0,success,False,2026-08-17T21:31:54.606698+09:00
Chat Ledger,,,failed,False,2026-08-17T21:36:17.240271+09:00
Chat Lens,110.0,2.0,success,False,2026-08-17T21:41:49.444267+09:00
Chat Lock,4400.0,11.0,success,False,2026-08-17T20:31:55.017364+09:00
Chat Loop,90.0,3.0,success,False,2026-08-17T20:37:55.339961+09:00
Chat Manager,1900.0,3.0,success,False,2026-08-17T21:39:15.761980+09:00
Chat Meter,2900.0,20.0,success,False,2026-08-17T20:41:41.231730+09:00
Chat Nexus,170.0,2.0,success,False,2026-08-17T20:32:30.733040+09:00
Chat Node,390.0,4.0,success,False,2026-08-17T20:34:31.529799+09:00
Chat Panel,390.0,4.0,success,False,2026-08-17T20:43:22.316757+09:00
Chat Path,320.0,2.0,success,False,2026-08-17T20:34:07.278551+09:00
Chat Pilot,1900.0,24.0,success,False,2026-08-17T21:32:31.405261+09:00
Chat Point,2400.0,2.0,success,False,2026-08-17T20:33:05.160713+09:00
Chat Portal,1900.0,4.0,success,False,2026-08-17T20:45:14.001779+09:00
Chat Pulse,1000.0,9.0,success,False,2026-08-17T20:35:55.625501+09:00
Chat Radar,390.0,2.0,success,False,2026-08-17T21:30:13.279777+09:00
Chat Rail,260.0,4.0,success,False,2026-08-17T20:38:14.865229+09:00
Chat Register,110.0,5.0,success,False,2026-08-17T22:50:36.545244+09:00
Chat Relay,1300.0,0.0,success,True,2026-08-17T20:47:53.457764+09:00
Chat Route,110.0,1.0,success,False,2026-08-17T20:40:06.808560+09:00
Chat Scale,70.0,0.0,success,False,2026-08-17T20:40:52.069695+09:00
Chat Scope,20.0,1.0,success,False,2026-08-17T20:38:41.975413+09:00
Chat Signal,590.0,2.0,success,False,2026-08-17T20:40:31.600880+09:00
Chat Station,320.0,1.0,success,False,2026-08-17T21:30:45.538595+09:00
Chat Studio,1300.0,5.0,success,False,2026-08-17T21:33:05.832312+09:00
Chat Sync,110.0,3.0,success,False,2026-08-17T21:35:41.309233+09:00
Chat Tracker,3600.0,17.0,success,False,2026-08-17T21:36:40.900045+09:00
Chat Trail,110.0,2.0,success,False,2026-08-17T20:37:21.758511+09:00
Chat Vault,110.0,1.0,success,False,2026-08-17T20:46:29.220439+09:00
Chat Watch,14800.0,6.0,success,False,2026-08-17T20:39:37.454360+09:00
Chat Wave,590.0,2.0,success,False,2026-08-17T20:34:58.202084+09:00
Chat Zone,90500.0,3.0,success,False,2026-08-17T20:46:01.536512+09:00
Checkin Anchor,,,failed,False,2026-08-17T20:44:45.631544+09:00
Checkin Assistant,90.0,1.0,success,False,2026-08-17T22:46:57.477508+09:00
Checkin Atlas,,,failed,False,2026-08-17T20:35:38.392873+09:00
Checkin Base,20.0,6.0,success,False,2026-08-17T20:32:07.300250+09:00
Checkin Beacon,,,failed,False,2026-08-17T21:30:24.502544+09:00
Checkin Board,,,failed,False,2026-08-17T21:40:51.783967+09:00
Checkin Bridge,,,failed,False,2026-08-17T20:45:48.787557+09:00
Checkin Cascade,,,failed,False,2026-08-17T20:46:51.703605+09:00
Checkin Center,720.0,1.0,success,False,2026-08-17T21:33:17.550972+09:00
Checkin Chain,,,failed,False,2026-08-17T20:40:15.034726+09:00
Checkin Compass,,,failed,False,2026-08-17T21:31:35.848823+09:00
Checkin Console,,,failed,False,2026-08-17T20:48:44.119140+09:00
Checkin Dashboard,,,failed,False,2026-08-17T22:50:34.703098+09:00
Checkin Deck,,,failed,False,2026-08-17T21:38:37.304138+09:00
Checkin Desk,3600.0,30.0,success,False,2026-08-17T21:35:52.306880+09:00
Checkin Dial,,,failed,False,2026-08-17T20:46:12.433556+09:00
Checkin Dock,,,failed,False,2026-08-17T20:42:36.789908+09:00
Checkin Flow,,,failed,False,2026-08-17T21:39:28.354494+09:00
Checkin Forge,,,failed,False,2026-08-17T20:48:06.680156+09:00
Checkin Frame,,,failed,False,2026-08-17T20:33:16.020559+09:00
Checkin Gate,,,failed,False,2026-08-17T20:37:32.011303+09:00
Checkin Grid,,,failed,False,2026-08-17T20:40:36.395454+09:00
Checkin Guard,,,failed,False,2026-08-17T20:31:33.560642+09:00
Checkin Hub,10.0,0.0,success,False,2026-08-17T21:38:03.717082+09:00
Checkin Keeper,,,failed,False,2026-08-17T20:33:47.539654+09:00
Checkin Lab,,,failed,False,2026-08-17T21:36:26.445152+09:00
Checkin Lens,,,failed,False,2026-08-17T20:34:16.019094+09:00
Checkin Lock,,,failed,False,2026-08-17T20:36:06.570384+09:00
Checkin Loop,,,failed,False,2026-08-17T20:41:20.787117+09:00
Checkin Manager,,,failed,False,2026-08-17T20:32:44.310093+09:00
Checkin Map,50.0,1.0,success,False,2026-08-17T20:35:08.080059+09:00
Checkin Meter,,,failed,False,2026-08-17T20:45:24.269018+09:00
Checkin Nexus,,,failed,False,2026-08-17T20:36:35.862750+09:00
Checkin Node,,,failed,False,2026-08-17T20:38:24.877008+09:00
Checkin Panel,,,failed,False,2026-08-17T20:47:25.656493+09:00
Checkin Path,,,failed,False,2026-08-17T20:38:03.705761+09:00
Checkin Pilot,,,failed,False,2026-08-17T21:36:52.396982+09:00
Checkin Point,2900.0,3.0,success,False,2026-08-17T20:37:03.531282+09:00
Checkin Portal,,,failed,False,2026-08-17T21:30:57.458125+09:00
Checkin Pulse,,,failed,False,2026-08-17T20:39:49.091027+09:00
Checkin Radar,,,failed,False,2026-08-17T21:34:50.586670+09:00
Checkin Rail,,,failed,False,2026-08-17T20:41:50.983322+09:00
Checkin Relay,,,failed,False,2026-08-17T21:33:42.291802+09:00
Checkin Route,,,failed,False,2026-08-17T20:43:30.530213+09:00
Checkin Scale,,,failed,False,2026-08-17T20:44:22.162347+09:00
Checkin Scope,,,failed,False,2026-08-17T20:42:11.427186+09:00
Checkin Sentry,,,failed,False,2026-08-17T20:34:40.569545+09:00
Checkin Signal,,,failed,False,2026-08-17T20:43:58.581518+09:00
Checkin Station,590.0,5.0,success,False,2026-08-17T21:35:20.515813+09:00
Checkin Studio,260.0,2.0,success,False,2026-08-17T21:37:30.311680+09:00
Checkin Sync,,,failed,False,2026-08-17T21:41:31.698252+09:00
Checkin Trail,,,failed,False,2026-08-17T20:41:00.568700+09:00
Checkin Vault,,,failed,False,2026-08-17T21:32:47.122898+09:00
Checkin Watch,,,failed,False,2026-08-17T20:43:05.974432+09:00
Checkin Wave,,,failed,False,2026-08-17T20:38:53.767345+09:00
Checkin Zone,70.0,3.0,success,False,2026-08-17T21:32:11.115049+09:00
Checkout Anchor,,,failed,False,2026-08-17T20:46:07.350212+09:00
Checkout Atlas,,,failed,False,2026-08-17T20:37:01.636634+09:00
Checkout Base,,,failed,False,2026-08-17T20:33:46.243100+09:00
Checkout Beacon,,,failed,False,2026-08-17T21:32:03.436124+09:00
Checkout Bridge,,,failed,False,2026-08-17T20:47:23.581270+09:00
Checkout Cascade,,,failed,False,2026-08-17T20:48:40.258747+09:00
Checkout Center,30.0,0.0,success,False,2026-08-17T21:34:46.886716+09:00
Checkout Chain,,,failed,False,2026-08-17T20:41:19.373388+09:00
Checkout Compass,,,failed,False,2026-08-17T21:33:13.463030+09:00
Checkout Console,,,failed,False,2026-08-17T21:31:30.369012+09:00
Checkout Core,,,failed,False,2026-08-17T20:32:39.820797+09:00
Checkout Deck,,,failed,False,2026-08-17T21:41:28.759770+09:00
Checkout Desk,480.0,100.0,success,False,2026-08-17T21:37:26.190503+09:00
Checkout Dial,,,failed,False,2026-08-17T20:48:02.919436+09:00
Checkout Dock,,,failed,False,2026-08-17T20:43:57.612589+09:00
Checkout Forge,,,failed,False,2026-08-17T21:30:53.341117+09:00
Checkout Frame,,,failed,False,2026-08-17T20:34:36.732015+09:00
Checkout Gate,40.0,9.0,success,False,2026-08-17T20:38:51.261946+09:00
Checkout Grid,,,failed,False,2026-08-17T20:41:48.704350+09:00
Checkout Guard,10.0,10.0,success,False,2026-08-17T20:33:15.121215+09:00
Checkout Hub,30.0,14.0,success,False,2026-08-17T21:40:49.556938+09:00
Checkout Keeper,,,failed,False,2026-08-17T20:35:06.364440+09:00
Checkout Lab,,,failed,False,2026-08-17T21:38:00.601683+09:00
Checkout Ledger,,,failed,False,2026-08-17T20:31:29.603433+09:00
Checkout Lens,,,failed,False,2026-08-17T20:35:36.002153+09:00
Checkout Lock,,,failed,False,2026-08-17T20:37:29.909330+09:00
Checkout Loop,,,failed,False,2026-08-17T20:42:34.302604+09:00
Checkout Manager,70.0,5.0,success,False,2026-08-17T20:34:15.100698+09:00
Checkout Map,,,failed,False,2026-08-17T20:36:31.502472+09:00
Checkout Meter,,,failed,False,2026-08-17T20:46:49.856300+09:00
Checkout Nexus,10.0,0.0,success,False,2026-08-17T20:38:02.236902+09:00
Checkout Node,,,failed,False,2026-08-17T20:39:46.897200+09:00
Checkout Panel,,,failed,False,2026-08-17T21:30:22.425092+09:00
Checkout Path,10.0,0.0,success,False,2026-08-17T20:39:18.247368+09:00
Checkout Pilot,,,failed,False,2026-08-17T21:38:32.905021+09:00
Checkout Point,140.0,3.0,success,False,2026-08-17T20:38:23.394205+09:00
Checkout Portal,30.0,18.0,success,False,2026-08-17T21:32:40.946824+09:00
Checkout Pulse,10.0,9.0,success,False,2026-08-17T20:40:55.263419+09:00
Checkout Radar,,,failed,False,2026-08-17T21:36:24.237197+09:00
Checkout Rail,,,failed,False,2026-08-17T20:42:59.992193+09:00
Checkout Relay,,,failed,False,2026-08-17T21:35:18.423759+09:00
Checkout Route,,,failed,False,2026-08-17T20:44:43.054193+09:00
Checkout Scale,50.0,27.0,success,False,2026-08-17T20:45:46.874737+09:00
Checkout Scope,,,failed,False,2026-08-17T20:43:29.254301+09:00
Checkout Sentry,,,failed,False,2026-08-17T20:36:04.789698+09:00
Checkout Signal,,,failed,False,2026-08-17T20:45:18.923986+09:00
Checkout Station,140.0,83.0,success,False,2026-08-17T21:36:50.527973+09:00
Checkout Studio,20.0,2.0,success,False,2026-08-17T21:39:25.145394+09:00
Checkout Tracker,,,failed,False,2026-08-17T20:32:03.329355+09:00
Checkout Trail,,,failed,False,2026-08-17T20:42:10.144192+09:00
Checkout Vault,20.0,27.0,success,False,2026-08-17T21:34:15.444697+09:00
Checkout Watch,,,failed,False,2026-08-17T20:44:20.013961+09:00
Checkout Wave,,,failed,False,2026-08-17T20:40:13.744558+09:00
Checkout Zone,,,failed,False,2026-08-17T21:33:40.096792+09:00
Chemical Grid,40.0,0.0,success,False,2026-08-17T22:49:19.411310+09:00
Churn Anchor,,,failed,False,2026-08-17T20:40:49.686418+09:00
Churn Base,10.0,8.0,success,False,2026-08-17T21:37:46.877382+09:00
Churn Beacon,,,failed,False,2026-08-17T20:44:11.907751+09:00
Churn Board,,,failed,False,2026-08-17T21:34:34.023181+09:00
Churn Bridge,10.0,0.0,success,False,2026-08-17T20:41:38.152103+09:00
Churn Cascade,,,failed,False,2026-08-17T20:42:21.345142+09:00
Churn Center,,,failed,False,2026-08-17T20:46:27.690682+09:00
Churn Chain,,,failed,False,2026-08-17T20:35:52.510868+09:00
Churn Compass,,,failed,False,2026-08-17T20:45:12.889782+09:00
Churn Console,,,failed,False,2026-08-17T20:43:46.830313+09:00
Churn Core,,,failed,False,2026-08-17T21:36:38.708092+09:00
Churn Deck,,,failed,False,2026-08-17T21:33:30.231055+09:00
Churn Desk,,,failed,False,2026-08-17T21:30:43.453478+09:00
Churn Dial,,,failed,False,2026-08-17T20:42:01.579820+09:00
Churn Dock,,,failed,False,2026-08-17T20:38:40.859557+09:00
Churn Flow,140.0,0.0,success,False,2026-08-17T21:34:03.414909+09:00
Churn Forge,,,failed,False,2026-08-17T20:43:16.751377+09:00
Churn Frame,,,failed,False,2026-08-17T21:39:13.221117+09:00
Churn Gate,,,failed,False,2026-08-17T20:32:58.642411+09:00
Churn Grid,,,failed,False,2026-08-17T20:36:20.228244+09:00
Churn Guard,10.0,5.0,success,False,2026-08-17T21:37:10.762781+09:00
Churn Hub,,,failed,False,2026-08-17T21:33:04.357190+09:00
Churn Keeper,,,failed,False,2026-08-17T21:40:01.418165+09:00
Churn Lab,,,failed,False,2026-08-17T21:31:17.550614+09:00
Churn Ledger,,,failed,False,2026-08-17T21:35:38.144027+09:00
Churn Lens,,,failed,False,2026-08-17T21:41:16.664514+09:00
Churn Loop,,,failed,False,2026-08-17T20:37:19.032635+09:00
Churn Manager,590.0,6.0,success,False,2026-08-17T21:38:18.723173+09:00
Churn Meter,,,failed,False,2026-08-17T20:41:11.362619+09:00
Churn Nexus,,,failed,False,2026-08-17T20:31:52.293572+09:00
Churn Node,,,failed,False,2026-08-17T20:34:02.071546+09:00
Churn Panel,,,failed,False,2026-08-17T20:42:50.595044+09:00
Churn Path,,,failed,False,2026-08-17T20:33:33.696511+09:00
Churn Pilot,10.0,57.0,success,False,2026-08-17T21:31:52.108049+09:00
Churn Point,30.0,2.0,success,False,2026-08-17T20:32:26.534581+09:00
Churn Portal,,,failed,False,2026-08-17T20:44:32.138425+09:00
Churn Pulse,,,failed,False,2026-08-17T20:35:20.751202+09:00
Churn Radar,10.0,7.0,success,False,2026-08-17T20:48:26.612997+09:00
Churn Rail,,,failed,False,2026-08-17T20:37:49.257868+09:00
Churn Relay,,,failed,False,2026-08-17T20:47:07.356899+09:00
Churn Route,,,failed,False,2026-08-17T20:39:33.830984+09:00
Churn Scale,,,failed,False,2026-08-17T20:40:27.760312+09:00
Churn Scope,,,failed,False,2026-08-17T20:38:13.537846+09:00
Churn Sentry,,,failed,False,2026-08-17T21:41:47.180143+09:00
Churn Signal,10.0,8.0,success,False,2026-08-17T20:40:03.112671+09:00
Churn Station,18100.0,1.0,success,False,2026-08-17T21:30:10.122952+09:00
Churn Studio,,,failed,False,2026-08-17T21:32:28.090728+09:00
Churn Sync,,,failed,False,2026-08-17T21:35:06.399475+09:00
Churn Tracker,50.0,14.0,success,False,2026-08-17T21:36:12.498401+09:00
Churn Trail,,,failed,False,2026-08-17T20:36:52.122948+09:00
Churn Vault,,,failed,False,2026-08-17T20:45:58.318950+09:00
Churn Watch,,,failed,False,2026-08-17T20:39:11.470645+09:00
Churn Wave,,,failed,False,2026-08-17T20:34:29.454165+09:00
Churn Zone,10.0,2.0,success,False,2026-08-17T20:45:34.633599+09:00
Circulation Anchor,,,failed,False,2026-08-17T20:36:55.192509+09:00
Circulation Atlas,,,failed,False,2026-08-17T21:36:40.900045+09:00
Circulation Base,,,failed,False,2026-08-17T21:33:05.832312+09:00
Circulation Beacon,,,failed,False,2026-08-17T20:40:29.235539+09:00
Circulation Board,170.0,100.0,success,False,2026-08-17T20:48:29.594833+09:00
Circulation Bridge,,,failed,False,2026-08-17T20:37:51.221015+09:00
Circulation Cascade,,,failed,False,2026-08-17T20:38:41.975413+09:00
Circulation Center,90.0,1.0,success,False,2026-08-17T20:42:22.378966+09:00
Circulation Compass,,,failed,False,2026-08-17T20:41:13.511022+09:00
Circulation Console,,,failed,False,2026-08-17T20:40:05.754832+09:00
Circulation Core,70.0,0.0,success,False,2026-08-17T21:31:54.606698+09:00
Circulation Deck,,,failed,False,2026-08-17T20:47:09.255931+09:00
Circulation Desk,1600.0,60.0,success,False,2026-08-17T20:44:33.462366+09:00
Circulation Dial,,,failed,False,2026-08-17T20:38:14.865229+09:00
Circulation Dock,,,failed,False,2026-08-17T20:34:31.529799+09:00
Circulation Flow,320.0,6.0,success,False,2026-08-17T20:47:53.457764+09:00
Circulation Forge,,,failed,False,2026-08-17T20:39:36.069990+09:00
Circulation Frame,,,failed,False,2026-08-17T21:34:05.861065+09:00
Circulation Gate,,,failed,False,2026-08-17T21:39:13.221117+09:00
Circulation Grid,,,failed,False,2026-08-17T20:31:55.017364+09:00
Circulation Guard,,,failed,False,2026-08-17T21:32:31.405261+09:00
Circulation Hub,,,failed,False,2026-08-17T20:46:29.220439+09:00
Circulation Keeper,,,failed,False,2026-08-17T21:34:34.023181+09:00
Circulation Lab,480.0,0.0,success,False,2026-08-17T20:45:14.001779+09:00
Circulation Ledger,,,failed,False,2026-08-17T21:30:45.538595+09:00
Circulation Lens,20.0,0.0,success,False,2026-08-17T21:35:08.893531+09:00
Circulation Lock,,,failed,False,2026-08-17T21:37:17.917122+09:00
Circulation Loop,140.0,2.0,success,False,2026-08-17T20:33:05.160713+09:00
Circulation Manager,170.0,0.0,success,False,2026-08-17T21:33:32.175377+09:00
Circulation Map,590.0,2.0,success,False,2026-08-17T21:36:12.498401+09:00
Circulation Meter,,,failed,False,2026-08-17T20:37:21.758511+09:00
Circulation Metrics,,,failed,False,2026-08-17T22:50:36.545244+09:00
Circulation Nexus,,,failed,False,2026-08-17T21:37:49.733247+09:00
Circulation Node,,,failed,False,2026-08-17T21:41:19.053416+09:00
Circulation Panel,,,failed,False,2026-08-17T20:39:12.627798+09:00
Circulation Path,720.0,0.0,success,False,2026-08-17T21:40:37.066671+09:00
Circulation Pilot,,,failed,False,2026-08-17T20:45:35.834234+09:00
Circulation Point,20.0,0.0,success,False,2026-08-17T21:38:24.477715+09:00
Circulation Portal,14800.0,0.0,success,True,2026-08-17T20:40:51.053535+09:00
Circulation Radar,10.0,1.0,success,False,2026-08-17T20:43:48.259554+09:00
Circulation Rail,,,failed,False,2026-08-17T20:33:36.115262+09:00
Circulation Relay,,,failed,False,2026-08-17T20:42:51.727520+09:00
Circulation Route,210.0,0.0,success,False,2026-08-17T20:35:22.813816+09:00
Circulation Scale,,,failed,False,2026-08-17T20:36:21.712002+09:00
Circulation Scope,,,failed,False,2026-08-17T20:34:07.278551+09:00
Circulation Sentry,,,failed,False,2026-08-17T21:35:41.309233+09:00
Circulation Signal,,,failed,False,2026-08-17T20:35:55.625501+09:00
Circulation Station,50.0,4.0,success,False,2026-08-17T20:44:14.789024+09:00
Circulation Studio,,,failed,False,2026-08-17T20:46:01.536512+09:00
Circulation Sync,,,failed,False,2026-08-17T21:30:13.279777+09:00
Circulation Tracker,,,failed,False,2026-08-17T21:31:19.415531+09:00
Circulation Trail,,,failed,False,2026-08-17T20:32:30.733040+09:00
Circulation Vault,,,failed,False,2026-08-17T20:42:02.791525+09:00
Circulation Watch,,,failed,False,2026-08-17T20:34:55.202462+09:00
Circulation Wave,10.0,12.0,success,False,2026-08-17T21:41:49.444267+09:00
Circulation Zone,30.0,0.0,success,False,2026-08-17T20:41:41.231730+09:00
Citation Anchor,,,failed,False,2026-08-17T21:37:57.485180+09:00
Citation Atlas,12100.0,10.0,success,False,2026-08-17T20:45:18.923986+09:00
Citation Base,,,failed,False,2026-08-17T20:42:08.223187+09:00
Citation Board,50.0,12.0,success,False,2026-08-17T20:39:43.687132+09:00
Citation Bridge,10.0,0.0,success,False,2026-08-17T21:39:22.624237+09:00
Citation Cascade,70.0,0.0,success,False,2026-08-17T21:41:25.564008+09:00
Citation Center,480.0,1.0,success,False,2026-08-17T20:34:11.615000+09:00
Citation Chain,390.0,1.0,success,False,2026-08-17T21:32:03.436124+09:00
Citation Compass,30.0,0.0,success,False,2026-08-17T20:32:38.453320+09:00
Citation Core,,,failed,False,2026-08-17T20:41:17.748242+09:00
Citation Deck,,,failed,False,2026-08-17T20:38:48.292759+09:00
Citation Desk,,,failed,False,2026-08-17T20:36:28.708934+09:00
Citation Dial,,,failed,False,2026-08-17T21:40:47.686331+09:00
Citation Dock,,,failed,False,2026-08-17T21:35:16.200596+09:00
Citation Flow,320.0,8.0,success,False,2026-08-17T20:39:17.196343+09:00
Citation Frame,260.0,50.0,success,False,2026-08-17T20:42:59.992193+09:00
Citation Gate,10.0,0.0,success,False,2026-08-17T20:47:19.659128+09:00
Citation Grid,,,failed,False,2026-08-17T21:32:40.946824+09:00
Citation Guard,,,failed,False,2026-08-17T20:41:47.517366+09:00
Citation Hub,390.0,6.0,success,False,2026-08-17T20:38:21.061174+09:00
Citation Keeper,20.0,2.0,success,False,2026-08-17T20:43:26.313536+09:00
Citation Lab,260.0,6.0,success,False,2026-08-17T20:37:00.325562+09:00
Citation Ledger,,,failed,False,2026-08-17T20:40:33.502804+09:00
Citation Lens,,,failed,False,2026-08-17T20:43:56.267353+09:00
Citation Lock,,,failed,False,2026-08-17T20:45:45.792269+09:00
Citation Loop,70.0,2.0,success,False,2026-08-17T21:33:37.652467+09:00
Citation Manager,2900.0,18.0,success,False,2026-08-17T20:42:32.290659+09:00
Citation Map,1000.0,1.0,success,False,2026-08-17T20:44:38.858684+09:00
Citation Meter,,,failed,False,2026-08-17T21:38:32.905021+09:00
Citation Nexus,,,failed,False,2026-08-17T20:46:07.350212+09:00
Citation Node,,,failed,False,2026-08-17T20:48:37.567206+09:00
Citation Path,,,failed,False,2026-08-17T20:48:02.919436+09:00
Citation Pilot,40.0,2.0,success,False,2026-08-17T20:37:28.424048+09:00
Citation Point,50.0,1.0,success,False,2026-08-17T20:46:46.837602+09:00
Citation Portal,1300.0,0.0,success,True,2026-08-17T20:32:02.325008+09:00
Citation Pulse,,,failed,False,2026-08-17T21:31:30.369012+09:00
Citation Radar,10.0,0.0,success,False,2026-08-17T20:35:35.063549+09:00
Citation Rail,,,failed,False,2026-08-17T21:34:12.134068+09:00
Citation Relay,,,failed,False,2026-08-17T20:34:35.742752+09:00
Citation Route,170.0,0.0,success,False,2026-08-17T21:36:22.095100+09:00
Citation Scale,,,failed,False,2026-08-17T21:37:24.355362+09:00
Citation Scope,,,failed,False,2026-08-17T21:34:42.632014+09:00
Citation Sentry,,,failed,False,2026-08-17T20:44:20.013961+09:00
Citation Signal,1600.0,0.0,success,True,2026-08-17T21:36:50.527973+09:00
Citation Station,210.0,9.0,success,False,2026-08-17T20:36:02.767132+09:00
Citation Studio,,,failed,False,2026-08-17T20:37:59.877456+09:00
Citation Sync,,,failed,False,2026-08-17T20:40:10.157299+09:00
Citation Tracker,720.0,7.0,success,False,2026-08-17T20:40:53.994191+09:00
Citation Trail,110.0,1.0,success,False,2026-08-17T21:33:10.630129+09:00
Citation Vault,40.0,14.0,success,False,2026-08-17T20:33:43.675774+09:00
Citation Watch,110.0,29.0,success,False,2026-08-17T21:35:46.466784+09:00
Citation Wave,,,failed,False,2026-08-17T21:30:18.085086+09:00
Citation Zone,,,failed,False,2026-08-17T20:33:10.817795+09:00
Claim Anchor,,,failed,False,2026-08-17T20:37:03.531282+09:00
Claim Atlas,20.0,1.0,success,False,2026-08-17T20:31:33.560642+09:00
Claim Base,70.0,1.0,success,False,2026-08-17T21:33:17.550972+09:00
Claim Beacon,30.0,2.0,success,False,2026-08-17T20:40:36.395454+09:00
Claim Board,70.0,1.0,success,False,2026-08-17T20:48:40.258747+09:00
Claim Bridge,140.0,7.0,success,False,2026-08-17T20:38:02.236902+09:00
Claim Cascade,,,failed,False,2026-08-17T20:38:53.767345+09:00
Claim Center,1900.0,3.0,success,False,2026-08-17T20:42:34.302604+09:00
Claim Chain,20.0,0.0,success,False,2026-08-17T20:31:33.560642+09:00
Claim Compass,170.0,40.0,success,False,2026-08-17T20:41:20.787117+09:00
Claim Console,,,failed,False,2026-08-17T20:40:15.034726+09:00
Claim Core,70.0,2.0,success,False,2026-08-17T21:32:05.797514+09:00
Claim Deck,90.0,14.0,success,False,2026-08-17T20:47:25.656493+09:00
Claim Desk,40.0,0.0,success,False,2026-08-17T20:44:45.631544+09:00
Claim Dial,,,failed,False,2026-08-17T20:38:24.877008+09:00
Claim Dock,,,failed,False,2026-08-17T20:34:38.143389+09:00
Claim Flow,110.0,12.0,success,False,2026-08-17T20:48:06.680156+09:00
Claim Forge,20.0,0.0,success,False,2026-08-17T20:39:49.091027+09:00
Claim Frame,70.0,1.0,success,False,2026-08-17T21:34:17.965302+09:00
Claim Gate,210.0,14.0,success,False,2026-08-17T20:33:47.539654+09:00
Claim Grid,,,failed,False,2026-08-17T20:32:07.300250+09:00
Claim Guard,70.0,5.0,success,False,2026-08-17T21:32:45.123730+09:00
Claim Hub,320.0,5.0,success,False,2026-08-17T20:46:49.856300+09:00
Claim Keeper,,,failed,False,2026-08-17T21:34:50.586670+09:00
Claim Lab,110.0,1.0,success,False,2026-08-17T20:45:22.370262+09:00
Claim Ledger,20.0,3.0,success,False,2026-08-17T21:30:57.458125+09:00
Claim Lock,20.0,4.0,success,False,2026-08-17T20:32:07.300250+09:00
Claim Loop,,,failed,False,2026-08-17T20:33:16.020559+09:00
Claim Manager,1900.0,4.0,success,False,2026-08-17T21:33:42.291802+09:00
Claim Meter,60500.0,100.0,success,False,2026-08-17T20:37:32.011303+09:00
Claim Nexus,10.0,0.0,success,False,2026-08-17T20:32:44.310093+09:00
Claim Node,10.0,0.0,success,False,2026-08-17T20:34:38.143389+09:00
Claim Panel,20.0,1.0,success,False,2026-08-17T20:39:20.129592+09:00
Claim Path,70.0,1.0,success,False,2026-08-17T20:34:16.019094+09:00
Claim Pilot,260.0,3.0,success,False,2026-08-17T20:45:48.787557+09:00
Claim Point,1000.0,0.0,success,True,2026-08-17T20:33:16.020559+09:00
Claim Portal,6600.0,2.0,success,False,2026-08-17T20:41:00.568700+09:00
Claim Radar,70.0,0.0,success,False,2026-08-17T20:43:58.581518+09:00
Claim Rail,,,failed,False,2026-08-17T20:33:46.243100+09:00
Claim Relay,,,failed,False,2026-08-17T20:43:01.991108+09:00
Claim Route,110.0,2.0,success,False,2026-08-17T20:35:38.392873+09:00
Claim Scale,10.0,1.0,success,False,2026-08-17T20:36:35.862750+09:00
Claim Scope,20.0,0.0,success,False,2026-08-17T20:34:16.019094+09:00
Claim Signal,10.0,14.0,success,False,2026-08-17T20:36:06.570384+09:00
Claim Station,10.0,0.0,success,False,2026-08-17T20:44:21.106446+09:00
Claim Studio,30.0,0.0,success,False,2026-08-17T20:46:12.433556+09:00
Claim Sync,,,failed,False,2026-08-17T21:30:24.502544+09:00
Claim Tracker,720.0,3.0,success,False,2026-08-17T21:31:33.014186+09:00
Claim Trail,10.0,0.0,success,False,2026-08-17T20:32:41.344957+09:00
Claim Vault,1900.0,0.0,success,True,2026-08-17T20:42:11.427186+09:00
Claim Watch,140.0,0.0,success,False,2026-08-17T20:35:06.364440+09:00
Claim Zone,50.0,0.0,success,False,2026-08-17T20:41:50.983322+09:00
Class Companion,201000.0,7.0,success,False,2026-08-17T22:46:53.613180+09:00
Classroom Anchor,,,failed,False,2026-08-17T21:41:49.444267+09:00
Classroom Atlas,140.0,46.0,success,False,2026-08-17T20:47:50.375793+09:00
Classroom Base,260.0,0.0,success,False,2026-08-17T20:44:11.907751+09:00
Classroom Beacon,,,failed,False,2026-08-17T20:34:03.344800+09:00
Classroom Board,6600.0,59.0,success,False,2026-08-17T20:41:41.231730+09:00
Classroom Cascade,,,failed,False,2026-08-17T20:31:55.017364+09:00
Classroom Center,1500000.0,1.0,success,False,2026-08-17T20:36:20.228244+09:00
Classroom Chain,,,failed,False,2026-08-17T21:34:34.023181+09:00
Classroom Compass,2900.0,7.0,success,False,2026-08-17T20:34:55.202462+09:00
Classroom Console,,,failed,False,2026-08-17T20:33:36.115262+09:00
Classroom Core,50.0,0.0,success,False,2026-08-17T20:43:18.551816+09:00
Classroom Deck,30.0,0.0,success,False,2026-08-17T20:40:51.053535+09:00
Classroom Desk,6600.0,100.0,success,False,2026-08-17T20:38:40.859557+09:00
Classroom Dock,,,failed,False,2026-08-17T21:37:49.733247+09:00
Classroom Engine,,,failed,False,2026-08-17T22:50:34.703098+09:00
Classroom Flow,3600.0,0.0,success,True,2026-08-17T20:41:13.511022+09:00
Classroom Forge,,,failed,False,2026-08-17T20:33:01.756540+09:00
Classroom Frame,90.0,45.0,success,False,2026-08-17T20:45:14.001779+09:00
Classroom Gate,50.0,34.0,success,False,2026-08-17T21:31:19.415531+09:00
Classroom Grid,40.0,0.0,success,False,2026-08-17T21:35:08.893531+09:00
Classroom Guard,,,failed,False,2026-08-17T20:43:48.259554+09:00
Classroom Hub,260.0,0.0,success,False,2026-08-17T20:40:29.235539+09:00
Classroom Keeper,30.0,100.0,success,False,2026-08-17T20:45:35.834234+09:00
Classroom Lab,480.0,0.0,success,False,2026-08-17T20:39:12.627798+09:00
Classroom Ledger,,,failed,False,2026-08-17T20:42:22.378966+09:00
Classroom Lens,,,failed,False,2026-08-17T20:45:58.318950+09:00
Classroom Lock,1000.0,100.0,success,False,2026-08-17T20:48:29.594833+09:00
Classroom Loop,50.0,1.0,success,False,2026-08-17T21:36:12.498401+09:00
Classroom Manager,1000.0,8.0,success,False,2026-08-17T20:44:33.462366+09:00
Classroom Map,2400.0,48.0,success,False,2026-08-17T20:47:09.255931+09:00
Classroom Nexus,,,failed,False,2026-08-17T21:30:10.122952+09:00
Classroom Node,,,failed,False,2026-08-17T21:32:31.405261+09:00
Classroom Panel,110.0,65.0,success,False,2026-08-17T20:32:30.733040+09:00
Classroom Path,,,failed,False,2026-08-17T21:31:54.606698+09:00
Classroom Pilot,50.0,2.0,success,False,2026-08-17T20:39:36.069990+09:00
Classroom Point,260.0,6.0,success,False,2026-08-17T21:30:45.538595+09:00
Classroom Portal,390.0,1.0,success,False,2026-08-17T20:34:31.529799+09:00
Classroom Pulse,260.0,3.0,success,False,2026-08-17T21:34:03.414909+09:00
Classroom Radar,,,failed,False,2026-08-17T20:37:51.221015+09:00
Classroom Rail,,,failed,False,2026-08-17T21:36:40.900045+09:00
Classroom Relay,8100.0,4.0,success,False,2026-08-17T20:36:52.122948+09:00
Classroom Route,,,failed,False,2026-08-17T21:39:13.221117+09:00
Classroom Scale,90.0,92.0,success,False,2026-08-17T21:41:19.053416+09:00
Classroom Scope,,,failed,False,2026-08-17T21:37:10.762781+09:00
Classroom Sentry,,,failed,False,2026-08-17T20:46:29.220439+09:00
Classroom Signal,20.0,0.0,success,False,2026-08-17T21:40:01.418165+09:00
Classroom Station,480.0,3.0,success,False,2026-08-17T20:38:14.865229+09:00
Classroom Studio,5400.0,1.0,success,False,2026-08-17T20:40:05.754832+09:00
Classroom Sync,,,failed,False,2026-08-17T20:42:02.791525+09:00
Classroom Tracker,90.0,13.0,success,False,2026-08-17T20:42:50.595044+09:00
Classroom Trail,,,failed,False,2026-08-17T21:35:41.309233+09:00
Classroom Vault,20.0,1.0,success,False,2026-08-17T20:35:52.510868+09:00
Classroom Watch,90.0,13.0,success,False,2026-08-17T21:38:24.477715+09:00
Classroom Wave,,,failed,False,2026-08-17T21:33:05.832312+09:00
Classroom Zone,140.0,0.0,success,False,2026-08-17T20:35:22.813816+09:00
Clause Anchor,,,failed,False,2026-08-17T20:38:53.767345+09:00
Clause Atlas,,,failed,False,2026-08-17T21:39:25.145394+09:00
Clause Base,70.0,43.0,success,False,2026-08-17T21:35:18.423759+09:00
Clause Beacon,,,failed,False,2026-08-17T20:42:11.427186+09:00
Clause Board,,,failed,False,2026-08-17T21:32:05.797514+09:00
Clause Bridge,,,failed,False,2026-08-17T20:39:49.091027+09:00
Clause Cascade,,,failed,False,2026-08-17T20:40:36.395454+09:00
Clause Center,,,failed,False,2026-08-17T20:44:21.106446+09:00
Clause Chain,,,failed,False,2026-08-17T20:33:47.539654+09:00
Clause Compass,,,failed,False,2026-08-17T20:43:01.991108+09:00
Clause Console,20.0,4.0,success,False,2026-08-17T20:41:50.983322+09:00
Clause Core,,,failed,False,2026-08-17T21:34:17.965302+09:00
Clause Deck,,,failed,False,2026-08-17T21:30:57.458125+09:00
Clause Desk,,,failed,False,2026-08-17T20:46:49.856300+09:00
Clause Dial,,,failed,False,2026-08-17T20:40:15.034726+09:00
Clause Dock,,,failed,False,2026-08-17T20:36:35.862750+09:00
Clause Flow,10.0,0.0,success,False,2026-08-17T21:31:33.014186+09:00
Clause Forge,,,failed,False,2026-08-17T20:41:20.787117+09:00
Clause Frame,,,failed,False,2026-08-17T21:36:26.445152+09:00
Clause Grid,,,failed,False,2026-08-17T20:34:16.019094+09:00
Clause Guard,40.0,1.0,success,False,2026-08-17T21:34:50.586670+09:00
Clause Hub,,,failed,False,2026-08-17T21:30:24.502544+09:00
Clause Keeper,,,failed,False,2026-08-17T21:36:52.396982+09:00
Clause Lab,,,failed,False,2026-08-17T20:47:25.656493+09:00
Clause Ledger,,,failed,False,2026-08-17T21:33:17.550972+09:00
Clause Lens,10.0,0.0,success,False,2026-08-17T21:37:30.311680+09:00
Clause Lock,,,failed,False,2026-08-17T21:40:51.783967+09:00
Clause Loop,10.0,2.0,success,False,2026-08-17T20:35:08.080059+09:00
Clause Manager,,,failed,False,2026-08-17T21:35:52.306880+09:00
Clause Map,,,failed,False,2026-08-17T21:38:35.218560+09:00
Clause Meter,,,failed,False,2026-08-17T20:39:20.129592+09:00
Clause Nexus,,,failed,False,2026-08-17T21:41:31.698252+09:00
Clause Node,,,failed,False,2026-08-17T20:31:33.560642+09:00
Clause Panel,,,failed,False,2026-08-17T20:41:00.568700+09:00
Clause Pilot,50.0,19.0,success,False,2026-08-17T20:48:06.680156+09:00
Clause Portal,10.0,0.0,success,False,2026-08-17T20:42:36.789908+09:00
Clause Pulse,,,failed,False,2026-08-17T20:33:16.020559+09:00
Clause Radar,,,failed,False,2026-08-17T20:45:48.787557+09:00
Clause Rail,,,failed,False,2026-08-17T20:35:38.392873+09:00
Clause Relay,,,failed,False,2026-08-17T20:44:45.631544+09:00
Clause Route,,,failed,False,2026-08-17T20:37:32.011303+09:00
Clause Scale,,,failed,False,2026-08-17T20:38:24.877008+09:00
Clause Scope,,,failed,False,2026-08-17T20:36:06.570384+09:00
Clause Sentry,,,failed,False,2026-08-17T21:38:03.717082+09:00
Clause Signal,,,failed,False,2026-08-17T20:38:03.705761+09:00
Clause Station,,,failed,False,2026-08-17T20:46:12.433556+09:00
Clause Studio,10.0,0.0,success,False,2026-08-17T20:48:40.258747+09:00
Clause Sync,,,failed,False,2026-08-17T21:32:45.123730+09:00
Clause Tracker,10.0,0.0,success,False,2026-08-17T21:33:42.291802+09:00
Clause Trail,,,failed,False,2026-08-17T20:34:38.143389+09:00
Clause Vault,,,failed,False,2026-08-17T20:43:58.581518+09:00
Clause Watch,9900.0,100.0,success,False,2026-08-17T20:37:03.531282+09:00
Clause Wave,,,failed,False,2026-08-17T20:32:07.300250+09:00
Clause Zone,,,failed,False,2026-08-17T20:43:30.530213+09:00
Client Board,590.0,0.0,success,False,2026-08-17T22:49:21.662634+09:00
Cohort Anchor,,,failed,False,2026-08-17T20:39:28.862436+09:00
Cohort Atlas,,,failed,False,2026-08-17T21:41:07.674308+09:00
Cohort Base,,,failed,False,2026-08-17T21:36:00.741055+09:00
Cohort Beacon,,,failed,False,2026-08-17T20:42:43.172174+09:00
Cohort Board,,,failed,False,2026-08-17T21:32:57.336519+09:00
Cohort Bridge,10.0,0.0,success,False,2026-08-17T20:40:21.350341+09:00
Cohort Cascade,,,failed,False,2026-08-17T20:41:07.425187+09:00
Cohort Center,,,failed,False,2026-08-17T20:44:58.380838+09:00
Cohort Chain,,,failed,False,2026-08-17T20:34:20.444490+09:00
Cohort Compass,,,failed,False,2026-08-17T20:43:38.857738+09:00
Cohort Console,,,failed,False,2026-08-17T20:42:15.711128+09:00
Cohort Core,,,failed,False,2026-08-17T21:34:57.125142+09:00
Cohort Deck,20.0,42.0,success,False,2026-08-17T21:31:44.399230+09:00
Cohort Desk,,,failed,False,2026-08-17T20:47:35.936558+09:00
Cohort Dial,,,failed,False,2026-08-17T20:40:45.689604+09:00
Cohort Dock,,,failed,False,2026-08-17T20:37:14.189830+09:00
Cohort Flow,20.0,0.0,success,False,2026-08-17T21:32:20.148818+09:00
Cohort Forge,,,failed,False,2026-08-17T20:41:55.751231+09:00
Cohort Frame,,,failed,False,2026-08-17T21:36:59.022364+09:00
Cohort Grid,,,failed,False,2026-08-17T20:34:44.892914+09:00
Cohort Guard,,,failed,False,2026-08-17T21:35:30.145341+09:00
Cohort Hub,,,failed,False,2026-08-17T21:31:08.679950+09:00
Cohort Keeper,,,failed,False,2026-08-17T21:37:39.097196+09:00
Cohort Lab,10.0,0.0,success,False,2026-08-17T20:48:18.389398+09:00
Cohort Ledger,,,failed,False,2026-08-17T21:33:53.413747+09:00
Cohort Lens,,,failed,False,2026-08-17T21:38:10.743063+09:00
Cohort Lock,,,failed,False,2026-08-17T21:41:39.306179+09:00
Cohort Loop,,,failed,False,2026-08-17T20:35:47.352548+09:00
Cohort Manager,20.0,4.0,success,False,2026-08-17T21:36:32.684484+09:00
Cohort Map,40.0,2.0,success,False,2026-08-17T21:39:40.995935+09:00
Cohort Meter,,,failed,False,2026-08-17T20:39:57.613991+09:00
Cohort Node,,,failed,False,2026-08-17T20:32:14.147491+09:00
Cohort Panel,10.0,0.0,success,False,2026-08-17T20:41:30.101842+09:00
Cohort Path,,,failed,False,2026-08-17T20:31:41.996994+09:00
Cohort Pilot,,,failed,False,2026-08-17T21:30:00.229933+09:00
Cohort Portal,30.0,0.0,success,False,2026-08-17T20:43:12.470155+09:00
Cohort Pulse,,,failed,False,2026-08-17T20:33:54.236742+09:00
Cohort Radar,,,failed,False,2026-08-17T20:46:22.420312+09:00
Cohort Rail,,,failed,False,2026-08-17T20:36:13.174234+09:00
Cohort Relay,,,failed,False,2026-08-17T20:45:30.439940+09:00
Cohort Route,,,failed,False,2026-08-17T20:38:07.696860+09:00
Cohort Scale,,,failed,False,2026-08-17T20:39:04.557611+09:00
Cohort Scope,,,failed,False,2026-08-17T20:36:43.272468+09:00
Cohort Sentry,,,failed,False,2026-08-17T21:38:46.123803+09:00
Cohort Signal,,,failed,False,2026-08-17T20:38:33.752321+09:00
Cohort Station,,,failed,False,2026-08-17T20:46:59.199715+09:00
Cohort Studio,90.0,3.0,success,False,2026-08-17T21:30:37.005083+09:00
Cohort Sync,20.0,4.0,success,False,2026-08-17T21:33:22.663564+09:00
Cohort Tracker,110.0,1.0,success,False,2026-08-17T21:34:26.372304+09:00
Cohort Trail,,,failed,False,2026-08-17T20:35:15.216607+09:00
Cohort Vault,,,failed,False,2026-08-17T20:44:25.446111+09:00
Cohort Watch,,,failed,False,2026-08-17T20:37:44.009684+09:00
Cohort Wave,,,failed,False,2026-08-17T20:32:49.512310+09:00
Cohort Zone,,,failed,False,2026-08-17T20:44:06.631034+09:00
Commission Lock,,,failed,False,2026-08-17T22:49:19.411310+09:00
Compliance Anchor,40.0,8.0,success,False,2026-08-17T20:35:20.751202+09:00
Compliance Atlas,,,failed,False,2026-08-17T20:37:14.189830+09:00
Compliance Base,,,failed,False,2026-08-17T20:33:56.397010+09:00
Compliance Beacon,,,failed,False,2026-08-17T20:32:23.142780+09:00
Compliance Bridge,110.0,13.0,success,False,2026-08-17T20:36:18.497930+09:00
Compliance Center,590.0,12.0,success,False,2026-08-17T20:34:53.035348+09:00
Compliance Compass,110.0,15.0,success,False,2026-08-17T20:33:31.328442+09:00
Compliance Console,,,failed,False,2026-08-17T20:31:49.556843+09:00
Compliance Core,30.0,7.0,success,False,2026-08-17T20:32:53.240136+09:00
Compliance Deck,,,failed,False,2026-08-17T20:31:41.996994+09:00
Compliance Desk,70.0,17.0,success,False,2026-08-17T20:37:18.091212+09:00
Compliance Dock,,,failed,False,2026-08-17T20:32:58.642411+09:00
Compliance Frame,,,failed,False,2026-08-17T20:34:46.285590+09:00
Compliance Guard,110.0,32.0,success,False,2026-08-17T20:33:24.231963+09:00
Compliance Keeper,,,failed,False,2026-08-17T20:35:16.626138+09:00
Compliance Lab,320.0,12.0,success,False,2026-08-17T20:37:49.257868+09:00
Compliance Ledger,,,failed,False,2026-08-17T20:31:41.996994+09:00
Compliance Lens,30.0,42.0,success,False,2026-08-17T20:35:47.352548+09:00
Compliance Lock,40.0,0.0,success,False,2026-08-17T20:37:44.009684+09:00
Compliance Manager,8100.0,9.0,success,False,2026-08-17T20:34:20.444490+09:00
Compliance Map,210.0,27.0,success,False,2026-08-17T20:36:43.272468+09:00
Compliance Meter,20.0,1.0,success,False,2026-08-17T20:35:51.368204+09:00
Compliance Node,,,failed,False,2026-08-17T20:32:21.226449+09:00
Compliance Path,140.0,6.0,success,False,2026-08-17T20:31:46.547401+09:00
Compliance Portal,1600.0,10.0,success,False,2026-08-17T20:32:58.642411+09:00
Compliance Radar,110.0,39.0,success,False,2026-08-17T20:36:18.497930+09:00
Compliance Rail,10.0,0.0,success,False,2026-08-17T20:31:52.293572+09:00
Compliance Relay,,,failed,False,2026-08-17T20:35:20.751202+09:00
Compliance Route,40.0,0.0,success,False,2026-08-17T20:34:02.071546+09:00
Compliance Scale,30.0,0.0,success,False,2026-08-17T20:34:53.035348+09:00
Compliance Scope,50.0,4.0,success,False,2026-08-17T20:32:23.142780+09:00
Compliance Sentry,,,failed,False,2026-08-17T20:36:13.174234+09:00
Compliance Signal,,,failed,False,2026-08-17T20:34:29.454165+09:00
Compliance Station,70.0,26.0,success,False,2026-08-17T20:36:51.044622+09:00
Compliance Tracker,1000.0,40.0,success,False,2026-08-17T20:32:14.147491+09:00
Compliance Vault,40.0,40.0,success,False,2026-08-17T20:34:25.476328+09:00
Compliance Watch,70.0,8.0,success,False,2026-08-17T20:33:33.696511+09:00
Compliance Wave,30.0,4.0,success,False,2026-08-17T20:32:57.689274+09:00
Compliance Zone,10.0,2.0,success,False,2026-08-17T20:34:02.071546+09:00
Concierge Anchor,,,failed,False,2026-08-17T20:40:44.017242+09:00
Concierge Base,10.0,0.0,success,False,2026-08-17T21:37:36.095439+09:00
Concierge Beacon,,,failed,False,2026-08-17T20:44:04.848400+09:00
Concierge Board,10.0,0.0,success,False,2026-08-17T21:34:24.214520+09:00
Concierge Bridge,10.0,0.0,success,False,2026-08-17T20:41:27.066117+09:00
Concierge Cascade,,,failed,False,2026-08-17T20:42:13.997557+09:00
Concierge Center,50.0,4.0,success,False,2026-08-17T20:46:20.020027+09:00
Concierge Chain,,,failed,False,2026-08-17T20:35:45.912195+09:00
Concierge Companion,30.0,23.0,success,False,2026-08-17T22:48:05.376281+09:00
Concierge Compass,20.0,2.0,success,False,2026-08-17T20:44:51.445524+09:00
Concierge Console,,,failed,False,2026-08-17T20:43:36.337910+09:00
Concierge Core,,,failed,False,2026-08-17T21:36:30.682605+09:00
Concierge Deck,,,failed,False,2026-08-17T21:33:20.961288+09:00
Concierge Desk,2400.0,51.0,success,False,2026-08-17T21:30:33.048254+09:00
Concierge Dial,,,failed,False,2026-08-17T20:41:54.470071+09:00
Concierge Dock,,,failed,False,2026-08-17T20:38:32.473394+09:00
Concierge Flow,,,failed,False,2026-08-17T21:33:48.082783+09:00
Concierge Forge,,,failed,False,2026-08-17T20:43:09.097865+09:00
Concierge Frame,,,failed,False,2026-08-17T21:38:46.123803+09:00
Concierge Gate,,,failed,False,2026-08-17T20:32:47.475978+09:00
Concierge Grid,,,failed,False,2026-08-17T20:36:12.301778+09:00
Concierge Guard,30.0,2.0,success,False,2026-08-17T21:36:57.018160+09:00
Concierge Hub,20.0,0.0,success,False,2026-08-17T21:32:53.372558+09:00
Concierge Keeper,,,failed,False,2026-08-17T21:39:37.908878+09:00
Concierge Lab,30.0,1.0,success,False,2026-08-17T21:31:05.600589+09:00
Concierge Ledger,,,failed,False,2026-08-17T21:35:24.685319+09:00
Concierge Lens,,,failed,False,2026-08-17T21:41:04.521769+09:00
Concierge Loop,,,failed,False,2026-08-17T20:37:11.919122+09:00
Concierge Manager,320.0,1.0,success,False,2026-08-17T21:38:08.965654+09:00
Concierge Meter,,,failed,False,2026-08-17T20:41:06.345123+09:00
Concierge Nexus,,,failed,False,2026-08-17T20:31:36.969919+09:00
Concierge Node,,,failed,False,2026-08-17T20:33:51.962760+09:00
Concierge Panel,,,failed,False,2026-08-17T20:42:41.908187+09:00
Concierge Path,,,failed,False,2026-08-17T20:33:23.313632+09:00
Concierge Pilot,10.0,0.0,success,False,2026-08-17T21:31:41.054400+09:00
Concierge Point,,,failed,False,2026-08-17T20:32:10.469810+09:00
Concierge Portal,40.0,0.0,success,False,2026-08-17T20:44:24.451216+09:00
Concierge Pulse,10.0,,success,False,2026-08-17T20:35:12.658616+09:00
Concierge Radar,,,failed,False,2026-08-17T20:48:15.314618+09:00
Concierge Rail,,,failed,False,2026-08-17T20:37:38.706086+09:00
Concierge Relay,,,failed,False,2026-08-17T20:46:56.962156+09:00
Concierge Route,,,failed,False,2026-08-17T20:39:23.919432+09:00
Concierge Scale,,,failed,False,2026-08-17T20:40:20.065990+09:00
Concierge Scope,,,failed,False,2026-08-17T20:38:06.157627+09:00
Concierge Sentry,,,failed,False,2026-08-17T21:41:36.452024+09:00
Concierge Signal,,,failed,False,2026-08-17T20:39:54.147287+09:00
Concierge Station,70.0,1.0,success,False,2026-08-17T20:49:41.074252+09:00
Concierge Studio,,,failed,False,2026-08-17T21:32:17.170130+09:00
Concierge Sync,,,failed,False,2026-08-17T21:34:55.256705+09:00
Concierge Tracker,,,failed,False,2026-08-17T21:35:58.459168+09:00
Concierge Trail,,,failed,False,2026-08-17T20:36:40.845127+09:00
Concierge Vault,,,failed,False,2026-08-17T20:45:51.407426+09:00
Concierge Watch,20.0,39.0,success,False,2026-08-17T20:38:59.956902+09:00
Concierge Wave,,,failed,False,2026-08-17T20:34:19.305897+09:00
Concierge Zone,,,failed,False,2026-08-17T20:45:28.437462+09:00
Configuration Anchor,,,failed,False,2026-08-17T20:40:31.600880+09:00
Configuration Base,20.0,0.0,success,False,2026-08-17T21:37:17.917122+09:00
Configuration Beacon,,,failed,False,2026-08-17T20:43:48.259554+09:00
Configuration Board,170.0,2.0,success,False,2026-08-17T21:34:05.861065+09:00
Configuration Bridge,110.0,1.0,success,False,2026-08-17T20:41:13.511022+09:00
Configuration Cascade,,,failed,False,2026-08-17T20:42:02.791525+09:00
Configuration Center,140.0,3.0,success,False,2026-08-17T20:46:01.536512+09:00
Configuration Chain,,,failed,False,2026-08-17T20:35:25.429619+09:00
Configuration Companion,,,failed,False,2026-08-17T22:50:36.545244+09:00
Configuration Compass,10.0,0.0,success,False,2026-08-17T20:44:36.649130+09:00
Configuration Console,20.0,4.0,success,False,2026-08-17T20:43:22.316757+09:00
Configuration Core,,,failed,False,2026-08-17T21:36:17.240271+09:00
Configuration Deck,,,failed,False,2026-08-17T21:33:05.832312+09:00
Configuration Desk,70.0,92.0,success,False,2026-08-17T21:30:13.279777+09:00
Configuration Dial,,,failed,False,2026-08-17T20:41:41.231730+09:00
Configuration Dock,,,failed,False,2026-08-17T20:38:14.865229+09:00
Configuration Flow,,,failed,False,2026-08-17T21:33:32.175377+09:00
Configuration Forge,10.0,0.0,success,False,2026-08-17T20:42:51.727520+09:00
Configuration Frame,,,failed,False,2026-08-17T21:38:26.629916+09:00
Configuration Gate,70.0,100.0,success,False,2026-08-17T20:32:30.733040+09:00
Configuration Grid,10.0,0.0,success,False,2026-08-17T20:35:55.625501+09:00
Configuration Guard,,,failed,False,2026-08-17T21:36:40.900045+09:00
Configuration Hub,320.0,2.0,success,False,2026-08-17T21:32:31.405261+09:00
Configuration Keeper,,,failed,False,2026-08-17T21:39:15.761980+09:00
Configuration Lab,,,failed,False,2026-08-17T21:30:45.538595+09:00
Configuration Ledger,,,failed,False,2026-08-17T21:35:08.893531+09:00
Configuration Lens,,,failed,False,2026-08-17T21:40:37.066671+09:00
Configuration Loop,,,failed,False,2026-08-17T20:36:55.192509+09:00
Configuration Manager,6600.0,4.0,success,False,2026-08-17T21:37:49.733247+09:00
Configuration Map,480.0,0.0,success,False,2026-08-17T21:41:49.444267+09:00
Configuration Meter,,,failed,False,2026-08-17T20:40:52.069695+09:00
Configuration Node,90.0,1.0,success,False,2026-08-17T20:33:36.115262+09:00
Configuration Panel,170.0,1.0,success,False,2026-08-17T20:42:22.378966+09:00
Configuration Path,30.0,0.0,success,False,2026-08-17T20:33:05.160713+09:00
Configuration Pilot,,,failed,False,2026-08-17T21:31:19.415531+09:00
Configuration Point,10.0,0.0,success,False,2026-08-17T20:31:55.017364+09:00
Configuration Portal,50.0,0.0,success,False,2026-08-17T20:44:14.789024+09:00
Configuration Pulse,,,failed,False,2026-08-17T20:34:55.202462+09:00
Configuration Radar,,,failed,False,2026-08-17T20:47:53.457764+09:00
Configuration Rail,,,failed,False,2026-08-17T20:37:21.758511+09:00
Configuration Relay,,,failed,False,2026-08-17T20:46:29.220439+09:00
Configuration Route,,,failed,False,2026-08-17T20:39:12.627798+09:00
Configuration Scale,,,failed,False,2026-08-17T20:40:06.808560+09:00
Configuration Scope,10.0,0.0,success,False,2026-08-17T20:37:55.339961+09:00
Configuration Sentry,,,failed,False,2026-08-17T21:41:19.053416+09:00
Configuration Signal,10.0,0.0,success,False,2026-08-17T20:39:36.069990+09:00
Configuration Station,10.0,0.0,success,False,2026-08-17T20:48:29.594833+09:00
Configuration Studio,210.0,5.0,success,False,2026-08-17T21:31:54.606698+09:00
Configuration Sync,20.0,0.0,success,False,2026-08-17T21:34:37.066296+09:00
Configuration Tracker,20.0,18.0,success,False,2026-08-17T21:35:41.309233+09:00
Configuration Trail,,,failed,False,2026-08-17T20:36:21.712002+09:00
Configuration Vault,,,failed,False,2026-08-17T20:45:40.214755+09:00
Configuration Watch,,,failed,False,2026-08-17T20:38:41.975413+09:00
Configuration Wave,,,failed,False,2026-08-17T20:34:07.278551+09:00
Configuration Zone,,,failed,False,2026-08-17T20:45:14.001779+09:00
Consent Anchor,,,failed,False,2026-08-17T20:45:40.214755+09:00
Consent Atlas,,,failed,False,2026-08-17T20:36:21.712002+09:00
Consent Base,,,failed,False,2026-08-17T20:33:05.160713+09:00
Consent Beacon,,,failed,False,2026-08-17T21:31:23.168898+09:00
Consent Board,30.0,2.0,success,False,2026-08-17T21:41:49.444267+09:00
Consent Bridge,,,failed,False,2026-08-17T20:46:31.116711+09:00
Consent Cascade,,,failed,False,2026-08-17T20:47:53.457764+09:00
Consent Center,20.0,3.0,success,False,2026-08-17T21:34:05.861065+09:00
Consent Chain,,,failed,False,2026-08-17T20:40:52.069695+09:00
Consent Compass,,,failed,False,2026-08-17T21:32:31.405261+09:00
Consent Console,,,failed,False,2026-08-17T21:30:45.538595+09:00
Consent Core,,,failed,False,2026-08-17T20:31:58.373055+09:00
Consent Deck,,,failed,False,2026-08-17T21:40:37.066671+09:00
Consent Desk,,,failed,False,2026-08-17T21:36:40.900045+09:00
Consent Dial,,,failed,False,2026-08-17T20:47:13.736905+09:00
Consent Dock,,,failed,False,2026-08-17T20:43:22.316757+09:00
Consent Flow,110.0,8.0,success,False,2026-08-17T21:41:19.053416+09:00
Consent Forge,,,failed,False,2026-08-17T21:30:13.279777+09:00
Consent Frame,,,failed,False,2026-08-17T20:34:07.278551+09:00
Consent Gate,10.0,12.0,success,False,2026-08-17T20:38:16.946588+09:00
Consent Grid,,,failed,False,2026-08-17T20:41:15.125085+09:00
Consent Guard,10.0,33.0,success,False,2026-08-17T20:32:30.733040+09:00
Consent Hub,70.0,13.0,success,False,2026-08-17T21:39:15.761980+09:00
Consent Keeper,,,failed,False,2026-08-17T20:34:31.529799+09:00
Consent Lab,90.0,0.0,success,False,2026-08-17T21:37:17.917122+09:00
Consent Lens,,,failed,False,2026-08-17T20:34:58.202084+09:00
Consent Lock,,,failed,False,2026-08-17T20:36:55.192509+09:00
Consent Loop,,,failed,False,2026-08-17T20:42:04.175878+09:00
Consent Manager,3600.0,36.0,success,False,2026-08-17T20:33:40.236931+09:00
Consent Map,110.0,0.0,success,False,2026-08-17T20:35:55.625501+09:00
Consent Meter,,,failed,False,2026-08-17T20:46:01.536512+09:00
Consent Nexus,,,failed,False,2026-08-17T20:37:21.758511+09:00
Consent Node,,,failed,False,2026-08-17T20:39:13.606540+09:00
Consent Panel,,,failed,False,2026-08-17T20:48:29.594833+09:00
Consent Path,,,failed,False,2026-08-17T20:38:41.975413+09:00
Consent Pilot,,,failed,False,2026-08-17T21:37:49.733247+09:00
Consent Point,,,failed,False,2026-08-17T20:37:55.339961+09:00
Consent Portal,40.0,3.0,success,False,2026-08-17T21:31:56.784481+09:00
Consent Pulse,,,failed,False,2026-08-17T20:40:31.600880+09:00
Consent Radar,,,failed,False,2026-08-17T21:35:41.309233+09:00
Consent Rail,,,failed,False,2026-08-17T20:42:22.378966+09:00
Consent Relay,,,failed,False,2026-08-17T21:34:37.066296+09:00
Consent Route,,,failed,False,2026-08-17T20:44:14.789024+09:00
Consent Scale,,,failed,False,2026-08-17T20:45:14.001779+09:00
Consent Scope,,,failed,False,2026-08-17T20:42:51.727520+09:00
Consent Sentry,,,failed,False,2026-08-17T20:35:25.429619+09:00
Consent Signal,,,failed,False,2026-08-17T20:44:36.649130+09:00
Consent Station,,,failed,False,2026-08-17T21:36:17.240271+09:00
Consent Studio,390.0,14.0,success,False,2026-08-17T21:38:26.629916+09:00
Consent Trail,,,failed,False,2026-08-17T20:41:42.376478+09:00
Consent Vault,20.0,23.0,success,False,2026-08-17T21:33:32.175377+09:00
Consent Watch,,,failed,False,2026-08-17T20:43:51.758171+09:00
Consent Wave,,,failed,False,2026-08-17T20:39:37.454360+09:00
Consent Zone,,,failed,False,2026-08-17T21:33:05.832312+09:00
Constituent Anchor,,,failed,False,2026-08-17T20:49:39.030080+09:00
Constituent Atlas,,,failed,False,2026-08-17T20:38:58.199942+09:00
Constituent Base,10.0,0.0,success,False,2026-08-17T20:35:44.075031+09:00
Constituent Beacon,,,failed,False,2026-08-17T21:34:20.474166+09:00
Constituent Board,10.0,0.0,success,False,2026-08-17T20:32:46.505342+09:00
Constituent Bridge,,,failed,False,2026-08-17T21:31:02.177338+09:00
Constituent Cascade,,,failed,False,2026-08-17T21:32:15.070878+09:00
Constituent Center,,,failed,False,2026-08-17T21:36:57.018160+09:00
Constituent Chain,,,failed,False,2026-08-17T20:43:08.098438+09:00
Constituent Compass,,,failed,False,2026-08-17T21:35:22.295985+09:00
Constituent Console,,,failed,False,2026-08-17T21:33:45.075228+09:00
Constituent Core,,,failed,False,2026-08-17T20:34:42.726088+09:00
Constituent Deck,,,failed,False,2026-08-17T20:31:36.969919+09:00
Constituent Desk,,,failed,False,2026-08-17T21:40:59.899740+09:00
Constituent Dial,,,failed,False,2026-08-17T21:31:39.058447+09:00
Constituent Dock,,,failed,False,2026-08-17T20:45:50.172264+09:00
Constituent Flow,,,failed,False,2026-08-17T20:32:08.584337+09:00
Constituent Forge,,,failed,False,2026-08-17T21:33:20.961288+09:00
Constituent Frame,,,failed,False,2026-08-17T20:36:39.507807+09:00
Constituent Gate,,,failed,False,2026-08-17T20:40:42.163784+09:00
Constituent Grid,,,failed,False,2026-08-17T20:43:34.295212+09:00
Constituent Guard,,,failed,False,2026-08-17T20:35:09.040915+09:00
Constituent Keeper,,,failed,False,2026-08-17T20:37:08.027448+09:00
Constituent Lab,,,failed,False,2026-08-17T21:41:34.183941+09:00
Constituent Ledger,10.0,,success,False,2026-08-17T20:33:48.971139+09:00
Constituent Lens,,,failed,False,2026-08-17T20:37:38.706086+09:00
Constituent Lock,,,failed,False,2026-08-17T20:39:23.919432+09:00
Constituent Loop,,,failed,False,2026-08-17T20:44:23.108645+09:00
Constituent Manager,,,failed,False,2026-08-17T20:36:11.237181+09:00
Constituent Map,720.0,1.0,success,False,2026-08-17T20:38:31.317013+09:00
Constituent Meter,,,failed,False,2026-08-17T21:30:30.781560+09:00
Constituent Nexus,,,failed,False,2026-08-17T20:39:52.233588+09:00
Constituent Node,,,failed,False,2026-08-17T20:41:24.809383+09:00
Constituent Panel,,,failed,False,2026-08-17T21:32:50.995270+09:00
Constituent Path,,,failed,False,2026-08-17T20:41:03.029394+09:00
Constituent Point,,,failed,False,2026-08-17T20:40:19.019495+09:00
Constituent Portal,,,failed,False,2026-08-17T21:34:53.019649+09:00
Constituent Pulse,,,failed,False,2026-08-17T20:42:40.071307+09:00
Constituent Radar,,,failed,False,2026-08-17T21:38:40.825363+09:00
Constituent Rail,,,failed,False,2026-08-17T20:44:51.445524+09:00
Constituent Relay,,,failed,False,2026-08-17T21:37:32.627735+09:00
Constituent Route,,,failed,False,2026-08-17T20:46:53.844827+09:00
Constituent Scale,,,failed,False,2026-08-17T20:48:13.207047+09:00
Constituent Scope,,,failed,False,2026-08-17T20:45:26.162726+09:00
Constituent Sentry,,,failed,False,2026-08-17T20:38:04.703276+09:00
Constituent Signal,,,failed,False,2026-08-17T20:47:28.313560+09:00
Constituent Station,,,failed,False,2026-08-17T21:39:34.435552+09:00
Constituent Sync,,,failed,False,2026-08-17T20:33:21.754611+09:00
Constituent Tracker,,,failed,False,2026-08-17T20:34:18.335664+09:00
Constituent Trail,,,failed,False,2026-08-17T20:44:01.266186+09:00
Constituent Vault,,,failed,False,2026-08-17T21:36:28.444275+09:00
Constituent Watch,,,failed,False,2026-08-17T20:46:16.531586+09:00
Constituent Wave,,,failed,False,2026-08-17T20:41:54.470071+09:00
Constituent Zone,,,failed,False,2026-08-17T21:35:54.911296+09:00
Consultation Bridge,,,failed,False,2026-08-17T22:51:27.768654+09:00
Consumption Anchor,,,failed,False,2026-08-17T21:30:27.922058+09:00
Consumption Atlas,,,failed,False,2026-08-17T20:39:20.129592+09:00
Consumption Base,10.0,0.0,success,False,2026-08-17T20:36:06.570384+09:00
Consumption Beacon,,,failed,False,2026-08-17T21:34:50.586670+09:00
Consumption Board,,,failed,False,2026-08-17T20:33:18.087238+09:00
Consumption Bridge,,,failed,False,2026-08-17T21:31:35.848823+09:00
Consumption Cascade,,,failed,False,2026-08-17T21:32:47.122898+09:00
Consumption Center,10.0,0.0,success,False,2026-08-17T21:37:30.311680+09:00
Consumption Chain,50.0,0.0,success,False,2026-08-17T20:43:30.530213+09:00
Consumption Compass,,,failed,False,2026-08-17T21:35:52.306880+09:00
Consumption Console,,,failed,False,2026-08-17T21:34:17.965302+09:00
Consumption Core,50.0,0.0,success,False,2026-08-17T20:35:08.080059+09:00
Consumption Deck,,,failed,False,2026-08-17T20:32:07.300250+09:00
Consumption Desk,,,failed,False,2026-08-17T21:41:31.698252+09:00
Consumption Dial,,,failed,False,2026-08-17T21:32:11.115049+09:00
Consumption Dock,,,failed,False,2026-08-17T20:46:14.149623+09:00
Consumption Flow,10.0,0.0,success,False,2026-08-17T20:32:44.310093+09:00
Consumption Forge,,,failed,False,2026-08-17T21:33:42.291802+09:00
Consumption Frame,,,failed,False,2026-08-17T20:37:03.531282+09:00
Consumption Gate,,,failed,False,2026-08-17T20:41:01.819842+09:00
Consumption Grid,10.0,,success,False,2026-08-17T20:43:58.581518+09:00
Consumption Guard,,,failed,False,2026-08-17T20:35:38.392873+09:00
Consumption Hub,,,failed,False,2026-08-17T20:31:33.560642+09:00
Consumption Keeper,,,failed,False,2026-08-17T20:37:32.011303+09:00
Consumption Ledger,,,failed,False,2026-08-17T20:34:16.019094+09:00
Consumption Lens,,,failed,False,2026-08-17T20:38:03.705761+09:00
Consumption Lock,,,failed,False,2026-08-17T20:39:49.091027+09:00
Consumption Loop,,,failed,False,2026-08-17T20:44:45.631544+09:00
Consumption Manager,,,failed,False,2026-08-17T20:36:35.862750+09:00
Consumption Map,30.0,0.0,success,False,2026-08-17T20:38:53.767345+09:00
Consumption Meter,260.0,91.0,success,False,2026-08-17T21:31:00.206645+09:00
Consumption Monitor,70.0,55.0,success,False,2026-08-17T22:48:03.176041+09:00
Consumption Nexus,,,failed,False,2026-08-17T20:40:15.034726+09:00
Consumption Node,,,failed,False,2026-08-17T20:41:50.983322+09:00
Consumption Panel,,,failed,False,2026-08-17T21:33:17.550972+09:00
Consumption Path,10.0,0.0,success,False,2026-08-17T20:41:20.787117+09:00
Consumption Point,110.0,0.0,success,False,2026-08-17T20:40:41.186342+09:00
Consumption Portal,,,failed,False,2026-08-17T21:35:20.515813+09:00
Consumption Pulse,,,failed,False,2026-08-17T20:43:05.974432+09:00
Consumption Radar,,,failed,False,2026-08-17T21:39:28.354494+09:00
Consumption Rail,,,failed,False,2026-08-17T20:45:24.269018+09:00
Consumption Relay,,,failed,False,2026-08-17T21:38:03.717082+09:00
Consumption Route,,,failed,False,2026-08-17T20:47:25.656493+09:00
Consumption Scale,10.0,0.0,success,False,2026-08-17T20:48:44.119140+09:00
Consumption Scope,,,failed,False,2026-08-17T20:45:48.787557+09:00
Consumption Sentry,,,failed,False,2026-08-17T20:38:26.412397+09:00
Consumption Signal,,,failed,False,2026-08-17T20:48:09.439521+09:00
Consumption Station,,,failed,False,2026-08-17T21:40:51.783967+09:00
Consumption Sync,,,failed,False,2026-08-17T20:33:47.539654+09:00
Consumption Tracker,50.0,2.0,success,False,2026-08-17T20:34:40.569545+09:00
Consumption Trail,,,failed,False,2026-08-17T20:44:22.162347+09:00
Consumption Vault,,,failed,False,2026-08-17T21:36:52.396982+09:00
Consumption Watch,,,failed,False,2026-08-17T20:46:51.703605+09:00
Consumption Wave,,,failed,False,2026-08-17T20:42:11.427186+09:00
Consumption Zone,,,failed,False,2026-08-17T21:36:26.445152+09:00
Container Anchor,140.0,100.0,success,False,2026-08-17T20:32:49.512310+09:00
Container Atlas,110.0,100.0,success,False,2026-08-17T21:32:17.170130+09:00
Container Base,480.0,29.0,success,False,2026-08-17T20:46:59.199715+09:00
Container Beacon,30.0,2.0,success,False,2026-08-17T20:36:43.272468+09:00
Container Board,1600.0,5.0,success,False,2026-08-17T20:44:06.631034+09:00
Container Bridge,140.0,9.0,success,False,2026-08-17T20:33:54.236742+09:00
Container Cascade,20.0,33.0,success,False,2026-08-17T20:34:44.892914+09:00
Container Center,210.0,2.0,success,False,2026-08-17T20:39:04.557611+09:00
Container Chain,4400.0,8.0,success,False,2026-08-17T21:37:39.097196+09:00
Container Compass,30.0,15.0,success,False,2026-08-17T20:37:39.748297+09:00
Container Console,20.0,18.0,success,False,2026-08-17T20:36:12.301778+09:00
Container Core,20.0,23.0,success,False,2026-08-17T20:45:52.903104+09:00
Container Deck,90.0,39.0,success,False,2026-08-17T20:43:12.470155+09:00
Container Desk,320.0,100.0,success,False,2026-08-17T20:41:07.425187+09:00
Container Dial,,,failed,False,2026-08-17T20:34:20.444490+09:00
Container Flow,40.0,0.0,success,False,2026-08-17T20:43:36.337910+09:00
Container Forge,,,failed,False,2026-08-17T20:35:45.912195+09:00
Container Frame,880.0,100.0,success,False,2026-08-17T20:48:15.314618+09:00
Container Gate,90.0,4.0,success,False,2026-08-17T21:34:26.372304+09:00
Container Grid,880.0,23.0,success,False,2026-08-17T21:38:10.743063+09:00
Container Guard,20.0,54.0,success,False,2026-08-17T20:46:20.020027+09:00
Container Hub,390.0,34.0,success,False,2026-08-17T20:42:43.172174+09:00
Container Keeper,110.0,87.0,success,False,2026-08-17T21:30:00.229933+09:00
Container Lab,1300.0,3.0,success,False,2026-08-17T20:41:27.066117+09:00
Container Ledger,20.0,0.0,success,False,2026-08-17T20:44:54.516764+09:00
Container Lens,590.0,95.0,success,False,2026-08-17T21:30:33.048254+09:00
Container Lock,4400.0,100.0,success,False,2026-08-17T21:32:53.372558+09:00
Container Loop,20.0,0.0,success,False,2026-08-17T21:39:37.908878+09:00
Container Manager,1000.0,6.0,success,False,2026-08-17T20:47:35.936558+09:00
Container Map,480.0,11.0,success,False,2026-08-17T21:31:41.054400+09:00
Container Meter,10.0,21.0,success,False,2026-08-17T20:33:24.231963+09:00
Container Nexus,10.0,0.0,success,False,2026-08-17T21:33:22.663564+09:00
Container Node,50.0,2.0,success,False,2026-08-17T21:35:24.685319+09:00
Container Panel,210.0,45.0,success,False,2026-08-17T20:35:15.216607+09:00
Container Path,40.0,0.0,success,False,2026-08-17T21:34:57.125142+09:00
Container Pilot,20.0,0.0,success,False,2026-08-17T20:41:55.751231+09:00
Container Point,30.0,4.0,success,False,2026-08-17T21:33:53.413747+09:00
Container Portal,70.0,4.0,success,False,2026-08-17T20:37:11.919122+09:00
Container Pulse,,,failed,False,2026-08-17T21:36:59.022364+09:00
Container Radar,210.0,1.0,success,False,2026-08-17T20:40:20.065990+09:00
Container Rail,1300.0,1.0,success,False,2026-08-17T21:41:07.674308+09:00
Container Relay,,,failed,False,2026-08-17T20:39:25.387216+09:00
Container Scale,90.0,56.0,success,False,2026-08-17T20:32:12.868338+09:00
Container Scope,20.0,55.0,success,False,2026-08-17T21:41:39.306179+09:00
Container Sentry,,,failed,False,2026-08-17T21:31:05.600589+09:00
Container Signal,,,failed,False,2026-08-17T20:31:38.107939+09:00
Container Station,390.0,2.0,success,False,2026-08-17T20:40:45.689604+09:00
Container Studio,1900.0,70.0,success,False,2026-08-17T20:42:15.711128+09:00
Container Sync,,,failed,False,2026-08-17T20:44:25.446111+09:00
Container Tracker,301000.0,6.0,success,False,2026-08-17T20:45:30.439940+09:00
Container Trail,,,failed,False,2026-08-17T21:38:46.123803+09:00
Container Vault,210.0,71.0,success,False,2026-08-17T20:38:33.752321+09:00
Container Wave,,,failed,False,2026-08-17T21:36:00.741055+09:00
Container Zone,170.0,22.0,success,False,2026-08-17T20:38:07.696860+09:00
Content Anchor,70.0,2.0,success,False,2026-08-17T20:35:55.625501+09:00
Content Atlas,40.0,5.0,success,False,2026-08-17T21:35:41.309233+09:00
Content Base,1000.0,2.0,success,False,2026-08-17T21:31:54.606698+09:00
Content Beacon,20.0,0.0,success,False,2026-08-17T20:39:36.069990+09:00
Content Board,320.0,17.0,success,False,2026-08-17T20:47:09.255931+09:00
Content Bridge,320.0,1.0,success,False,2026-08-17T20:36:55.192509+09:00
Content Cascade,10.0,7.0,success,False,2026-08-17T20:37:51.221015+09:00
Content Center,880.0,0.0,success,False,2026-08-17T20:41:41.231730+09:00
Content Compass,70.0,11.0,success,False,2026-08-17T20:40:29.235539+09:00
Content Console,20.0,1.0,success,False,2026-08-17T20:39:12.627798+09:00
Content Core,1900.0,7.0,success,False,2026-08-17T21:30:45.538595+09:00
Content Deck,90.0,11.0,success,False,2026-08-17T20:46:01.536512+09:00
Content Desk,50.0,85.0,success,False,2026-08-17T20:43:48.259554+09:00
Content Dial,,,failed,False,2026-08-17T20:37:21.758511+09:00
Content Dock,10.0,3.0,success,False,2026-08-17T20:33:36.115262+09:00
Content Flow,880.0,7.0,success,False,2026-08-17T20:46:29.220439+09:00
Content Forge,170.0,2.0,success,False,2026-08-17T20:38:41.975413+09:00
Content Frame,170.0,1.0,success,False,2026-08-17T21:33:05.832312+09:00
Content Gate,110.0,3.0,success,False,2026-08-17T21:37:49.733247+09:00
Content Guard,90.0,0.0,success,False,2026-08-17T21:31:19.415531+09:00
Content Hub,8100.0,11.0,success,False,2026-08-17T20:45:35.834234+09:00
Content Insight,320.0,8.0,success,False,2026-08-17T22:50:36.545244+09:00
Content Keeper,2400.0,3.0,success,False,2026-08-17T21:33:32.175377+09:00
Content Lab,2900.0,6.0,success,False,2026-08-17T20:44:14.789024+09:00
Content Ledger,,,failed,False,2026-08-17T20:48:29.594833+09:00
Content Lens,368000.0,100.0,success,False,2026-08-17T21:34:05.861065+09:00
Content Lock,590.0,3.0,success,False,2026-08-17T21:36:12.498401+09:00
Content Loop,90.0,4.0,success,False,2026-08-17T20:31:55.017364+09:00
Content Manager,110000.0,1.0,success,False,2026-08-17T21:32:31.405261+09:00
Content Map,2900.0,6.0,success,False,2026-08-17T21:35:08.893531+09:00
Content Meter,20.0,2.0,success,False,2026-08-17T20:36:21.712002+09:00
Content Nexus,20.0,0.0,success,False,2026-08-17T21:36:40.900045+09:00
Content Node,20.0,0.0,success,False,2026-08-17T21:39:13.221117+09:00
Content Panel,140.0,1.0,success,False,2026-08-17T20:38:14.865229+09:00
Content Path,140.0,3.0,success,False,2026-08-17T21:38:24.477715+09:00
Content Pilot,260.0,12.0,success,False,2026-08-17T20:44:33.462366+09:00
Content Point,110.0,0.0,success,False,2026-08-17T21:37:10.762781+09:00
Content Portal,480.0,4.0,success,False,2026-08-17T20:40:05.754832+09:00
Content Pulse,50.0,11.0,success,False,2026-08-17T21:41:49.444267+09:00
Content Radar,70.0,7.0,success,False,2026-08-17T20:42:51.727520+09:00
Content Rail,,,failed,False,2026-08-17T20:32:30.733040+09:00
Content Relay,10.0,1.0,success,False,2026-08-17T20:42:02.791525+09:00
Content Route,,,failed,False,2026-08-17T20:34:31.529799+09:00
Content Scale,880.0,4.0,success,False,2026-08-17T20:35:22.813816+09:00
Content Scope,140.0,0.0,success,False,2026-08-17T20:33:05.160713+09:00
Content Sentry,,,failed,False,2026-08-17T21:34:34.023181+09:00
Content Signal,140.0,3.0,success,False,2026-08-17T20:34:55.202462+09:00
Content Station,110.0,0.0,success,False,2026-08-17T20:43:18.551816+09:00
Content Studio,12100.0,22.0,success,False,2026-08-17T20:45:14.001779+09:00
Content Sync,110.0,6.0,success,False,2026-08-17T20:47:53.457764+09:00
Content Tracker,1300.0,5.0,success,False,2026-08-17T21:30:13.279777+09:00
Content Vault,210.0,4.0,success,False,2026-08-17T20:41:13.511022+09:00
Content Watch,1600.0,3.0,success,False,2026-08-17T20:34:07.278551+09:00
Content Wave,70.0,11.0,success,False,2026-08-17T21:40:37.066671+09:00
Content Zone,90.0,3.0,success,False,2026-08-17T20:40:51.053535+09:00
Contract Anchor,,,failed,False,2026-08-17T20:45:15.345040+09:00
Contract Atlas,,,failed,False,2026-08-17T20:35:59.491401+09:00
Contract Base,1600.0,0.0,success,True,2026-08-17T20:32:36.001496+09:00
Contract Beacon,,,failed,False,2026-08-17T21:30:47.592348+09:00
Contract Board,140.0,8.0,success,False,2026-08-17T21:41:22.072079+09:00
Contract Bridge,49500.0,2.0,success,False,2026-08-17T20:46:03.469899+09:00
Contract Cascade,,,failed,False,2026-08-17T20:47:16.621554+09:00
Contract Center,110.0,7.0,success,False,2026-08-17T21:33:36.085901+09:00
Contract Chain,50.0,1.0,success,False,2026-08-17T20:40:32.567080+09:00
Contract Compass,90.0,1.0,success,False,2026-08-17T21:31:56.784481+09:00
Contract Console,,,failed,False,2026-08-17T21:30:15.996537+09:00
Contract Deck,,,failed,False,2026-08-17T21:39:19.495692+09:00
Contract Desk,50.0,90.0,success,False,2026-08-17T21:36:20.278504+09:00
Contract Dial,,,failed,False,2026-08-17T20:46:42.242736+09:00
Contract Dock,,,failed,False,2026-08-17T20:42:52.966707+09:00
Contract Flow,260.0,24.0,success,False,2026-08-17T21:40:41.309160+09:00
Contract Forge,,,failed,False,2026-08-17T20:48:31.729678+09:00
Contract Frame,590.0,1.0,success,False,2026-08-17T20:33:41.175079+09:00
Contract Gate,,,failed,False,2026-08-17T20:37:57.626492+09:00
Contract Grid,,,failed,False,2026-08-17T20:40:52.985789+09:00
Contract Guard,30.0,5.0,success,False,2026-08-17T20:31:59.985806+09:00
Contract Hub,260.0,28.0,success,False,2026-08-17T21:38:29.386806+09:00
Contract Keeper,10.0,28.0,success,False,2026-08-17T20:34:08.377719+09:00
Contract Lab,590.0,9.0,success,False,2026-08-17T21:36:43.981322+09:00
Contract Lens,368000.0,100.0,success,False,2026-08-17T20:34:34.179062+09:00
Contract Lock,40.0,1.0,success,False,2026-08-17T20:36:26.800121+09:00
Contract Loop,,,failed,False,2026-08-17T20:41:46.079279+09:00
Contract Manager,8100.0,10.0,success,False,2026-08-17T20:33:08.305690+09:00
Contract Map,880.0,5.0,success,False,2026-08-17T20:35:28.436030+09:00
Contract Meter,,,failed,False,2026-08-17T20:45:42.370254+09:00
Contract Nexus,480.0,1.0,success,False,2026-08-17T20:36:59.320935+09:00
Contract Node,,,failed,False,2026-08-17T20:38:43.149907+09:00
Contract Panel,,,failed,False,2026-08-17T20:47:58.336807+09:00
Contract Path,10.0,0.0,success,False,2026-08-17T20:38:19.209708+09:00
Contract Pilot,390.0,17.0,success,False,2026-08-17T21:37:21.496927+09:00
Contract Planner,20.0,13.0,success,False,2026-08-17T22:51:27.768654+09:00
Contract Point,140.0,1.0,success,False,2026-08-17T20:37:24.505740+09:00
Contract Portal,260.0,8.0,success,False,2026-08-17T21:31:23.168898+09:00
Contract Pulse,,,failed,False,2026-08-17T20:40:08.225876+09:00
Contract Radar,10.0,18.0,success,False,2026-08-17T21:35:14.152571+09:00
Contract Rail,,,failed,False,2026-08-17T20:42:06.946542+09:00
Contract Relay,20.0,83.0,success,False,2026-08-17T21:34:09.721109+09:00
Contract Route,10.0,0.0,success,False,2026-08-17T20:43:55.064759+09:00
Contract Scale,10.0,0.0,success,False,2026-08-17T20:44:37.629482+09:00
Contract Scope,320.0,1.0,success,False,2026-08-17T20:42:24.319818+09:00
Contract Sentry,,,failed,False,2026-08-17T20:35:00.475766+09:00
Contract Signal,,,failed,False,2026-08-17T20:44:15.738532+09:00
Contract Station,10.0,0.0,success,False,2026-08-17T21:35:44.584576+09:00
Contract Studio,140.0,3.0,success,False,2026-08-17T21:37:55.576177+09:00
Contract Trail,,,failed,False,2026-08-17T20:41:16.510977+09:00
Contract Vault,70.0,29.0,success,False,2026-08-17T21:33:08.992358+09:00
Contract Watch,720.0,33.0,success,False,2026-08-17T20:43:25.230587+09:00
Contract Wave,,,failed,False,2026-08-17T20:39:15.324728+09:00
Contract Zone,40.0,8.0,success,False,2026-08-17T21:32:33.876836+09:00
Conversion Anchor,10.0,100.0,success,False,2026-08-17T20:40:26.535789+09:00
Conversion Base,8100.0,0.0,success,True,2026-08-17T21:37:08.932405+09:00
Conversion Beacon,,,failed,False,2026-08-17T20:43:44.073906+09:00
Conversion Board,110.0,2.0,success,False,2026-08-17T21:34:01.777052+09:00
Conversion Bridge,110.0,9.0,success,False,2026-08-17T20:41:09.985510+09:00
Conversion Cascade,,,failed,False,2026-08-17T20:42:00.146835+09:00
Conversion Center,210.0,1.0,success,False,2026-08-17T20:45:56.929111+09:00
Conversion Chain,70.0,0.0,success,False,2026-08-17T20:35:19.683482+09:00
Conversion Compass,,,failed,False,2026-08-17T20:44:29.668652+09:00
Conversion Console,,,failed,False,2026-08-17T20:43:15.863986+09:00
Conversion Core,110.0,4.0,success,False,2026-08-17T21:36:07.544663+09:00
Conversion Deck,,,failed,False,2026-08-17T21:33:02.340741+09:00
Conversion Desk,1000.0,100.0,success,False,2026-08-17T21:30:08.257838+09:00
Conversion Dial,,,failed,False,2026-08-17T20:41:35.724700+09:00
Conversion Dock,,,failed,False,2026-08-17T20:38:12.491374+09:00
Conversion Flow,1300.0,4.0,success,False,2026-08-17T21:33:28.260657+09:00
Conversion Forge,10.0,0.0,success,False,2026-08-17T20:42:47.401639+09:00
Conversion Frame,30.0,8.0,success,False,2026-08-17T21:38:15.647846+09:00
Conversion Gate,70.0,2.0,success,False,2026-08-17T20:32:21.226449+09:00
Conversion Grid,590.0,0.0,success,False,2026-08-17T20:35:50.076535+09:00
Conversion Guard,10.0,0.0,success,False,2026-08-17T21:36:36.847955+09:00
Conversion Hub,110.0,15.0,success,False,2026-08-17T21:32:25.465592+09:00
Conversion Keeper,,,failed,False,2026-08-17T21:39:09.779186+09:00
Conversion Lab,390.0,8.0,success,False,2026-08-17T21:30:41.512165+09:00
Conversion Ledger,,,failed,False,2026-08-17T21:35:02.943607+09:00
Conversion Lens,880.0,26.0,success,False,2026-08-17T21:39:57.727763+09:00
Conversion Loop,,,failed,False,2026-08-17T20:36:48.387810+09:00
Conversion Manager,110.0,3.0,success,False,2026-08-17T21:37:44.992622+09:00
Conversion Map,260.0,1.0,success,False,2026-08-17T21:41:44.845375+09:00
Conversion Meter,14800.0,3.0,success,False,2026-08-17T20:40:48.754907+09:00
Conversion Node,,,failed,False,2026-08-17T20:33:31.328442+09:00
Conversion Panel,20.0,0.0,success,False,2026-08-17T20:42:19.428112+09:00
Conversion Path,390.0,3.0,success,False,2026-08-17T20:32:57.689274+09:00
Conversion Pilot,,,failed,False,2026-08-17T21:31:15.457583+09:00
Conversion Point,320.0,100.0,success,False,2026-08-17T20:31:46.547401+09:00
Conversion Portal,40.0,2.0,success,False,2026-08-17T20:44:10.950266+09:00
Conversion Pulse,,,failed,False,2026-08-17T20:34:51.045190+09:00
Conversion Radar,,,failed,False,2026-08-17T20:47:47.373505+09:00
Conversion Rail,110.0,32.0,success,False,2026-08-17T20:37:16.947301+09:00
Conversion Relay,,,failed,False,2026-08-17T20:46:26.563596+09:00
Conversion Route,,,failed,False,2026-08-17T20:39:09.333217+09:00
Conversion Scale,1000.0,1.0,success,False,2026-08-17T20:40:01.743309+09:00
Conversion Scope,,,failed,False,2026-08-17T20:37:47.401646+09:00
Conversion Sentry,,,failed,False,2026-08-17T21:41:14.862117+09:00
Conversion Signal,,,failed,False,2026-08-17T20:39:32.550443+09:00
Conversion Station,30.0,6.0,success,False,2026-08-17T20:48:23.905428+09:00
Conversion Studio,590.0,5.0,success,False,2026-08-17T21:31:49.761986+09:00
Conversion Sync,,,failed,False,2026-08-17T21:34:29.947705+09:00
Conversion Tracker,1900.0,17.0,success,False,2026-08-17T21:35:36.118436+09:00
Conversion Trail,,,failed,False,2026-08-17T20:36:17.521162+09:00
Conversion Vault,10.0,2.0,success,False,2026-08-17T20:45:33.619281+09:00
Conversion Watch,30.0,67.0,success,False,2026-08-17T20:38:36.286112+09:00
Conversion Wave,90.0,3.0,success,False,2026-08-17T20:34:01.116253+09:00
Conversion Zone,90.0,0.0,success,False,2026-08-17T20:45:10.862003+09:00
Copay Hub,,,failed,False,2026-08-17T22:50:34.703098+09:00
Coverage Anchor,,,failed,False,2026-08-17T20:37:08.027448+09:00
Coverage Atlas,,,failed,False,2026-08-17T20:35:48.969093+09:00
Coverage Base,1600.0,66.0,success,False,2026-08-17T20:32:17.131006+09:00
Coverage Beacon,,,failed,False,2026-08-17T20:40:42.163784+09:00
Coverage Board,,,failed,False,2026-08-17T20:49:41.074252+09:00
Coverage Bridge,33100.0,2.0,success,False,2026-08-17T20:38:06.157627+09:00
Coverage Cascade,,,failed,False,2026-08-17T20:38:59.956902+09:00
Coverage Center,10.0,9.0,success,False,2026-08-17T20:42:41.908187+09:00
Coverage Chain,,,failed,False,2026-08-17T20:31:36.969919+09:00
Coverage Compass,210.0,45.0,success,False,2026-08-17T20:41:24.809383+09:00
Coverage Console,,,failed,False,2026-08-17T20:40:19.019495+09:00
Coverage Deck,,,failed,False,2026-08-17T20:47:33.914967+09:00
Coverage Desk,,,failed,False,2026-08-17T20:44:51.445524+09:00
Coverage Dial,,,failed,False,2026-08-17T20:38:32.473394+09:00
Coverage Dock,50.0,4.0,success,False,2026-08-17T20:34:43.926118+09:00
Coverage Flow,,,failed,False,2026-08-17T20:48:13.207047+09:00
Coverage Forge,,,failed,False,2026-08-17T20:39:52.233588+09:00
Coverage Frame,,,failed,False,2026-08-17T20:33:30.325030+09:00
Coverage Gate,10.0,7.0,success,False,2026-08-17T20:37:45.876313+09:00
Coverage Grid,880.0,100.0,success,False,2026-08-17T20:32:10.469810+09:00
Coverage Guard,,,failed,False,2026-08-17T20:31:44.848533+09:00
Coverage Hub,30.0,6.0,success,False,2026-08-17T20:46:56.962156+09:00
Coverage Keeper,,,failed,False,2026-08-17T20:33:59.012811+09:00
Coverage Lab,,,failed,False,2026-08-17T20:45:28.437462+09:00
Coverage Lens,,,failed,False,2026-08-17T20:34:22.385109+09:00
Coverage Lock,,,failed,False,2026-08-17T20:36:14.881787+09:00
Coverage Loop,,,failed,False,2026-08-17T20:33:23.313632+09:00
Coverage Manager,30.0,0.0,success,False,2026-08-17T20:32:55.422953+09:00
Coverage Map,18100.0,7.0,success,False,2026-08-17T20:35:18.626237+09:00
Coverage Meter,10.0,0.0,success,False,2026-08-17T20:37:38.706086+09:00
Coverage Metrics,90.0,2.0,success,False,2026-08-17T22:48:05.376281+09:00
Coverage Nexus,,,failed,False,2026-08-17T20:36:47.157974+09:00
Coverage Node,10.0,0.0,success,False,2026-08-17T20:38:35.163236+09:00
Coverage Panel,,,failed,False,2026-08-17T20:39:23.919432+09:00
Coverage Path,40.0,1.0,success,False,2026-08-17T20:38:11.520193+09:00
Coverage Pilot,140.0,34.0,success,False,2026-08-17T20:45:51.407426+09:00
Coverage Point,1900.0,2.0,success,False,2026-08-17T20:37:15.920679+09:00
Coverage Portal,,,failed,False,2026-08-17T20:41:06.345123+09:00
Coverage Radar,,,failed,False,2026-08-17T20:44:04.848400+09:00
Coverage Rail,,,failed,False,2026-08-17T20:33:51.962760+09:00
Coverage Relay,,,failed,False,2026-08-17T20:43:09.097865+09:00
Coverage Route,,,failed,False,2026-08-17T20:35:44.075031+09:00
Coverage Scale,210.0,20.0,success,False,2026-08-17T20:36:39.507807+09:00
Coverage Scope,210.0,20.0,success,False,2026-08-17T20:34:19.305897+09:00
Coverage Sentry,,,failed,False,2026-08-17T20:34:48.922886+09:00
Coverage Signal,30.0,8.0,success,False,2026-08-17T20:36:11.237181+09:00
Coverage Station,,,failed,False,2026-08-17T20:44:24.451216+09:00
Coverage Studio,1000.0,5.0,success,False,2026-08-17T20:46:20.020027+09:00
Coverage Sync,,,failed,False,2026-08-17T21:30:30.781560+09:00
Coverage Trail,,,failed,False,2026-08-17T20:32:47.475978+09:00
Coverage Vault,,,failed,False,2026-08-17T20:42:13.997557+09:00
Coverage Watch,,,failed,False,2026-08-17T20:35:12.658616+09:00
Coverage Zone,20.0,0.0,success,False,2026-08-17T20:41:54.470071+09:00
Creative Anchor,30.0,43.0,success,False,2026-08-17T20:46:56.962156+09:00
Creative Atlas,20.0,1.0,success,False,2026-08-17T20:37:39.748297+09:00
Creative Base,110.0,1.0,success,False,2026-08-17T20:34:19.305897+09:00
Creative Beacon,20.0,0.0,success,False,2026-08-17T21:32:53.372558+09:00
Creative Bridge,260.0,1.0,success,False,2026-08-17T20:48:15.314618+09:00
Creative Cascade,70.0,14.0,success,False,2026-08-17T21:30:33.048254+09:00
Creative Center,6600.0,2.0,success,False,2026-08-17T21:35:24.685319+09:00
Creative Chain,170.0,52.0,success,False,2026-08-17T20:41:55.751231+09:00
Creative Compass,480.0,7.0,success,False,2026-08-17T21:33:53.413747+09:00
Creative Console,2400.0,53.0,success,False,2026-08-17T21:32:17.170130+09:00
Creative Core,22200.0,0.0,success,True,2026-08-17T20:33:23.313632+09:00
Creative Desk,590.0,98.0,success,False,2026-08-17T21:38:10.743063+09:00
Creative Dial,20.0,21.0,success,False,2026-08-17T21:30:00.229933+09:00
Creative Dock,1600.0,1.0,success,False,2026-08-17T20:44:24.451216+09:00
Creative Forge,880.0,6.0,success,False,2026-08-17T21:31:41.054400+09:00
Creative Frame,720.0,61.0,success,False,2026-08-17T20:35:15.216607+09:00
Creative Gate,260.0,4.0,success,False,2026-08-17T20:39:25.387216+09:00
Creative Grid,2400.0,99.0,success,False,2026-08-17T20:42:15.711128+09:00
Creative Guard,,,failed,False,2026-08-17T20:33:54.236742+09:00
Creative Hub,12100.0,4.0,success,False,2026-08-17T21:41:36.452024+09:00
Creative Keeper,,,failed,False,2026-08-17T20:35:45.912195+09:00
Creative Lab,22200.0,22.0,success,False,2026-08-17T21:38:46.123803+09:00
Creative Ledger,,,failed,False,2026-08-17T20:32:12.868338+09:00
Creative Lens,320.0,27.0,success,False,2026-08-17T20:36:12.301778+09:00
Creative Lock,50.0,6.0,success,False,2026-08-17T20:38:07.696860+09:00
Creative Loop,110.0,4.0,success,False,2026-08-17T20:43:09.097865+09:00
Creative Manager,1300.0,3.0,success,False,2026-08-17T20:34:43.926118+09:00
Creative Map,1600.0,1.0,success,False,2026-08-17T20:37:11.919122+09:00
Creative Meter,20.0,0.0,success,False,2026-08-17T20:47:35.936558+09:00
Creative Nexus,390.0,3.0,success,False,2026-08-17T20:38:32.473394+09:00
Creative Node,20.0,6.0,success,False,2026-08-17T20:40:20.065990+09:00
Creative Panel,90.0,11.0,success,False,2026-08-17T21:31:05.600589+09:00
Creative Path,1300.0,1.0,success,False,2026-08-17T20:39:54.147287+09:00
Creative Pilot,70.0,56.0,success,False,2026-08-17T21:39:37.908878+09:00
Creative Point,2400.0,4.0,success,False,2026-08-17T20:39:04.557611+09:00
Creative Portal,720.0,0.0,success,False,2026-08-17T21:33:22.663564+09:00
Creative Pulse,720.0,1.0,success,False,2026-08-17T20:41:27.066117+09:00
Creative Radar,10.0,0.0,success,False,2026-08-17T21:36:59.022364+09:00
Creative Rail,50.0,41.0,success,False,2026-08-17T20:43:36.337910+09:00
Creative Relay,10.0,0.0,success,False,2026-08-17T21:36:00.741055+09:00
Creative Route,110.0,4.0,success,False,2026-08-17T20:45:28.437462+09:00
Creative Scale,590.0,3.0,success,False,2026-08-17T20:46:20.020027+09:00
Creative Scope,170.0,6.0,success,False,2026-08-17T20:44:04.848400+09:00
Creative Sentry,,,failed,False,2026-08-17T20:36:40.845127+09:00
Creative Signal,,,failed,False,2026-08-17T20:45:52.903104+09:00
Creative Station,6600.0,4.0,success,False,2026-08-17T21:37:36.095439+09:00
Creative Studio,33100.0,8.0,success,False,2026-08-17T21:41:04.521769+09:00
Creative Sync,260.0,4.0,success,False,2026-08-17T20:31:38.107939+09:00
Creative Tracker,590.0,3.0,success,False,2026-08-17T20:32:49.512310+09:00
Creative Trail,30.0,0.0,success,False,2026-08-17T20:42:41.908187+09:00
Creative Vault,90.0,0.0,success,False,2026-08-17T21:34:55.256705+09:00
Creative Watch,1300.0,100.0,success,False,2026-08-17T20:44:54.516764+09:00
Creative Wave,1000.0,2.0,success,False,2026-08-17T20:40:44.017242+09:00
Creative Zone,6600.0,13.0,success,False,2026-08-17T21:34:24.214520+09:00
Credential Anchor,,,failed,False,2026-08-17T21:38:05.775829+09:00
Credential Atlas,,,failed,False,2026-08-17T20:45:24.269018+09:00
Credential Base,,,failed,False,2026-08-17T20:42:12.704128+09:00
Credential Beacon,,,failed,False,2026-08-17T20:31:33.560642+09:00
Credential Board,90.0,1.0,success,False,2026-08-17T20:39:51.023967+09:00
Credential Bridge,,,failed,False,2026-08-17T21:39:28.354494+09:00
Credential Cascade,,,failed,False,2026-08-17T21:41:34.183941+09:00
Credential Center,110.0,2.0,success,False,2026-08-17T20:34:17.127214+09:00
Credential Chain,10.0,12.0,success,False,2026-08-17T21:32:11.115049+09:00
Credential Compass,,,failed,False,2026-08-17T20:32:44.310093+09:00
Credential Core,,,failed,False,2026-08-17T20:41:22.469867+09:00
Credential Deck,2400.0,0.0,success,True,2026-08-17T20:38:53.767345+09:00
Credential Desk,,,failed,False,2026-08-17T20:36:38.149505+09:00
Credential Dial,,,failed,False,2026-08-17T21:40:51.783967+09:00
Credential Dock,,,failed,False,2026-08-17T21:35:20.515813+09:00
Credential Flow,40.0,4.0,success,False,2026-08-17T20:39:21.363517+09:00
Credential Frame,,,failed,False,2026-08-17T20:43:05.974432+09:00
Credential Gate,,,failed,False,2026-08-17T20:47:28.313560+09:00
Credential Grid,,,failed,False,2026-08-17T21:32:47.122898+09:00
Credential Guard,4400.0,2.0,success,False,2026-08-17T20:41:53.253624+09:00
Credential Hub,,,failed,False,2026-08-17T20:38:26.412397+09:00
Credential Keeper,10.0,34.0,success,False,2026-08-17T20:43:32.566232+09:00
Credential Lab,10.0,0.0,success,False,2026-08-17T20:37:05.313557+09:00
Credential Ledger,,,failed,False,2026-08-17T20:40:41.186342+09:00
Credential Lens,,,failed,False,2026-08-17T20:43:58.581518+09:00
Credential Lock,10.0,0.0,success,False,2026-08-17T20:45:48.787557+09:00
Credential Loop,,,failed,False,2026-08-17T21:33:45.075228+09:00
Credential Manager,9900.0,7.0,success,False,2026-08-17T20:42:36.789908+09:00
Credential Map,90.0,2.0,success,False,2026-08-17T20:44:46.784780+09:00
Credential Meter,,,failed,False,2026-08-17T21:38:37.304138+09:00
Credential Nexus,,,failed,False,2026-08-17T20:46:14.149623+09:00
Credential Node,,,failed,False,2026-08-17T20:48:44.119140+09:00
Credential Path,,,failed,False,2026-08-17T20:48:09.439521+09:00
Credential Pilot,,,failed,False,2026-08-17T20:37:32.011303+09:00
Credential Point,,,failed,False,2026-08-17T20:46:51.703605+09:00
Credential Portal,40.0,0.0,success,False,2026-08-17T20:32:07.300250+09:00
Credential Pulse,,,failed,False,2026-08-17T21:31:35.848823+09:00
Credential Radar,,,failed,False,2026-08-17T20:35:40.356029+09:00
Credential Rail,,,failed,False,2026-08-17T21:34:20.474166+09:00
Credential Register,,,failed,False,2026-08-17T22:48:03.176041+09:00
Credential Relay,,,failed,False,2026-08-17T20:34:40.569545+09:00
Credential Route,,,failed,False,2026-08-17T21:36:26.445152+09:00
Credential Scale,,,failed,False,2026-08-17T21:37:30.311680+09:00
Credential Scope,,,failed,False,2026-08-17T21:34:50.586670+09:00
Credential Sentry,10.0,,success,False,2026-08-17T20:44:22.162347+09:00
Credential Signal,,,failed,False,2026-08-17T21:36:54.710856+09:00
Credential Station,,,failed,False,2026-08-17T20:36:08.746361+09:00
Credential Studio,,,failed,False,2026-08-17T20:38:03.705761+09:00
Credential Sync,,,failed,False,2026-08-17T20:40:17.203996+09:00
Credential Tracker,50.0,25.0,success,False,2026-08-17T20:41:01.819842+09:00
Credential Trail,,,failed,False,2026-08-17T21:33:19.243075+09:00
Credential Vault,320.0,22.0,success,False,2026-08-17T20:33:47.539654+09:00
Credential Watch,10.0,0.0,success,False,2026-08-17T21:35:54.911296+09:00
Credential Wave,,,failed,False,2026-08-17T21:30:27.922058+09:00
Credential Zone,,,failed,False,2026-08-17T20:33:18.087238+09:00
Crew Anchor,880.0,98.0,success,False,2026-08-17T20:31:46.547401+09:00
Crew Atlas,10.0,0.0,success,False,2026-08-17T21:31:15.457583+09:00
Crew Base,320.0,1.0,success,False,2026-08-17T20:45:55.190861+09:00
Crew Beacon,,,failed,False,2026-08-17T20:35:50.076535+09:00
Crew Board,170.0,1.0,success,False,2026-08-17T20:43:15.863986+09:00
Crew Bridge,10.0,0.0,success,False,2026-08-17T20:32:57.689274+09:00
Crew Cascade,,,failed,False,2026-08-17T20:34:01.116253+09:00
Crew Center,1300.0,0.0,success,True,2026-08-17T20:38:11.520193+09:00
Crew Chain,320.0,9.0,success,False,2026-08-17T21:36:36.847955+09:00
Crew Compass,260.0,1.0,success,False,2026-08-17T20:36:48.387810+09:00
Crew Console,210.0,42.0,success,False,2026-08-17T20:35:19.683482+09:00
Crew Core,110.0,9.0,success,False,2026-08-17T20:45:09.617976+09:00
Crew Dashboard,30.0,14.0,success,False,2026-08-17T22:49:19.411310+09:00
Crew Deck,170.0,2.0,success,False,2026-08-17T20:42:18.152107+09:00
Crew Desk,40.0,4.0,success,False,2026-08-17T20:40:26.535789+09:00
Crew Dial,,,failed,False,2026-08-17T20:33:30.325030+09:00
Crew Dock,720.0,17.0,success,False,2026-08-17T21:41:14.862117+09:00
Crew Flow,50.0,3.0,success,False,2026-08-17T20:42:47.401639+09:00
Crew Forge,,,failed,False,2026-08-17T20:34:48.922886+09:00
Crew Frame,260.0,25.0,success,False,2026-08-17T20:47:04.642239+09:00
Crew Gate,30.0,0.0,success,False,2026-08-17T21:33:26.536272+09:00
Crew Grid,10.0,0.0,success,False,2026-08-17T21:37:05.127331+09:00
Crew Guard,90.0,97.0,success,False,2026-08-17T20:45:33.619281+09:00
Crew Hub,590.0,0.0,success,False,2026-08-17T20:41:58.937145+09:00
Crew Keeper,10.0,0.0,success,False,2026-08-17T20:47:45.474295+09:00
Crew Lab,320.0,1.0,success,False,2026-08-17T20:40:48.754907+09:00
Crew Ledger,,,failed,False,2026-08-17T20:44:09.032273+09:00
Crew Lens,,,failed,False,2026-08-17T20:48:23.905428+09:00
Crew Lock,30.0,0.0,success,False,2026-08-17T21:31:49.761986+09:00
Crew Loop,10.0,0.0,success,False,2026-08-17T21:38:15.647846+09:00
Crew Manager,1000.0,2.0,success,False,2026-08-17T20:46:26.563596+09:00
Crew Map,320.0,0.0,success,False,2026-08-17T21:30:38.829852+09:00
Crew Meter,,,failed,False,2026-08-17T20:32:21.226449+09:00
Crew Nexus,,,failed,False,2026-08-17T21:32:25.465592+09:00
Crew Node,,,failed,False,2026-08-17T21:34:29.947705+09:00
Crew Panel,40.0,0.0,success,False,2026-08-17T20:34:23.568448+09:00
Crew Path,,,failed,False,2026-08-17T21:33:59.802696+09:00
Crew Pilot,1300.0,1.0,success,False,2026-08-17T20:41:09.985510+09:00
Crew Point,880.0,0.0,success,False,2026-08-17T21:33:00.443260+09:00
Crew Portal,49500.0,0.0,success,True,2026-08-17T20:36:17.521162+09:00
Crew Pulse,390.0,1.0,success,False,2026-08-17T21:36:07.544663+09:00
Crew Radar,,,failed,False,2026-08-17T20:39:32.550443+09:00
Crew Rail,,,failed,False,2026-08-17T21:39:05.774100+09:00
Crew Relay,,,failed,False,2026-08-17T20:38:36.286112+09:00
Crew Scope,,,failed,False,2026-08-17T21:39:44.948189+09:00
Crew Sentry,,,failed,False,2026-08-17T21:30:05.905035+09:00
Crew Station,8100.0,3.0,success,False,2026-08-17T20:40:01.743309+09:00
Crew Studio,1000.0,2.0,success,False,2026-08-17T20:41:35.724700+09:00
Crew Sync,20.0,8.0,success,False,2026-08-17T20:43:42.299051+09:00
Crew Tracker,1300.0,35.0,success,False,2026-08-17T20:44:29.668652+09:00
Crew Trail,20.0,0.0,success,False,2026-08-17T21:37:44.992622+09:00
Crew Vault,10.0,0.0,success,False,2026-08-17T20:37:47.401646+09:00
Crew Watch,140.0,42.0,success,False,2026-08-17T21:41:44.845375+09:00
Crew Wave,140.0,1.0,success,False,2026-08-17T21:35:02.943607+09:00
Crew Zone,1900.0,1.0,success,False,2026-08-17T20:37:16.947301+09:00
Crop Anchor,,,failed,False,2026-08-17T20:45:26.162726+09:00
Crop Atlas,,,failed,False,2026-08-17T20:36:08.746361+09:00
Crop Base,70.0,56.0,success,False,2026-08-17T20:32:46.505342+09:00
Crop Beacon,,,failed,False,2026-08-17T21:31:02.177338+09:00
Crop Board,40.0,8.0,success,False,2026-08-17T21:41:34.183941+09:00
Crop Bridge,10.0,0.0,success,False,2026-08-17T20:46:16.531586+09:00
Crop Cascade,,,failed,False,2026-08-17T20:47:28.313560+09:00
Crop Center,90.0,1.0,success,False,2026-08-17T21:33:45.075228+09:00
Crop Chain,110.0,11.0,success,False,2026-08-17T20:40:42.163784+09:00
Crop Compass,30.0,2.0,success,False,2026-08-17T21:32:15.070878+09:00
Crop Console,,,failed,False,2026-08-17T21:30:30.781560+09:00
Crop Core,30.0,0.0,success,False,2026-08-17T20:31:35.680631+09:00
Crop Deck,260.0,0.0,success,False,2026-08-17T21:39:34.435552+09:00
Crop Desk,,,failed,False,2026-08-17T21:36:28.444275+09:00
Crop Dial,,,failed,False,2026-08-17T20:46:53.844827+09:00
Crop Dock,10.0,0.0,success,False,2026-08-17T20:43:08.098438+09:00
Crop Flow,30.0,3.0,success,False,2026-08-17T21:40:59.899740+09:00
Crop Forge,,,failed,False,2026-08-17T20:49:39.030080+09:00
Crop Frame,720.0,10.0,success,False,2026-08-17T20:33:48.971139+09:00
Crop Gate,,,failed,False,2026-08-17T20:38:04.703276+09:00
Crop Grid,320.0,2.0,success,False,2026-08-17T20:41:03.029394+09:00
Crop Guard,480.0,9.0,success,False,2026-08-17T20:32:08.584337+09:00
Crop Hub,90.0,0.0,success,False,2026-08-17T21:38:40.825363+09:00
Crop Keeper,30.0,3.0,success,False,2026-08-17T20:34:18.335664+09:00
Crop Lab,2900.0,6.0,success,False,2026-08-17T21:36:54.710856+09:00
Crop Lens,140.0,58.0,success,False,2026-08-17T20:34:42.726088+09:00
Crop Lock,70.0,5.0,success,False,2026-08-17T20:36:39.507807+09:00
Crop Loop,,,failed,False,2026-08-17T20:41:53.253624+09:00
Crop Manager,1300.0,11.0,success,False,2026-08-17T20:33:21.754611+09:00
Crop Map,880.0,1.0,success,False,2026-08-17T20:35:40.356029+09:00
Crop Meter,20.0,1.0,success,False,2026-08-17T20:45:50.172264+09:00
Crop Nexus,20.0,3.0,success,False,2026-08-17T20:37:08.027448+09:00
Crop Node,,,failed,False,2026-08-17T20:38:58.199942+09:00
Crop Panel,,,failed,False,2026-08-17T20:48:13.207047+09:00
Crop Path,,,failed,False,2026-08-17T20:38:31.317013+09:00
Crop Pilot,50.0,0.0,success,False,2026-08-17T21:37:32.627735+09:00
Crop Point,30.0,1.0,success,False,2026-08-17T20:37:34.472176+09:00
Crop Portal,210.0,0.0,success,False,2026-08-17T21:31:39.058447+09:00
Crop Pulse,40.0,0.0,success,False,2026-08-17T20:40:19.019495+09:00
Crop Radar,10.0,9.0,success,False,2026-08-17T21:35:22.295985+09:00
Crop Rail,,,failed,False,2026-08-17T20:42:12.704128+09:00
Crop Relay,10.0,0.0,success,False,2026-08-17T21:34:20.474166+09:00
Crop Route,,,failed,False,2026-08-17T20:44:01.266186+09:00
Crop Scale,40.0,3.0,success,False,2026-08-17T20:44:46.784780+09:00
Crop Scope,20.0,6.0,success,False,2026-08-17T20:42:40.071307+09:00
Crop Sentry,,,failed,False,2026-08-17T20:35:09.040915+09:00
Crop Signal,10.0,0.0,success,False,2026-08-17T20:44:23.108645+09:00
Crop Station,20.0,0.0,success,False,2026-08-17T21:35:54.911296+09:00
Crop Studio,590.0,1.0,success,False,2026-08-17T21:38:05.775829+09:00
Crop Trail,,,failed,False,2026-08-17T20:41:22.469867+09:00
Crop Vault,,,failed,False,2026-08-17T21:33:19.243075+09:00
Crop Watch,210.0,2.0,success,False,2026-08-17T20:43:34.295212+09:00
Crop Wave,40.0,0.0,success,False,2026-08-17T20:39:21.363517+09:00
Crop Zone,480.0,1.0,success,False,2026-08-17T21:32:50.995270+09:00
Curriculum Anchor,,,failed,False,2026-08-17T21:32:36.544768+09:00
Curriculum Atlas,480.0,1.0,success,False,2026-08-17T20:40:53.994191+09:00
Curriculum Base,320.0,17.0,success,False,2026-08-17T20:37:59.877456+09:00
Curriculum Beacon,,,failed,False,2026-08-17T21:36:47.272145+09:00
Curriculum Board,590.0,0.0,success,False,2026-08-17T20:35:04.556306+09:00
Curriculum Bridge,70.0,3.0,success,False,2026-08-17T21:33:37.652467+09:00
Curriculum Cascade,,,failed,False,2026-08-17T21:34:42.632014+09:00
Curriculum Center,140.0,0.0,success,False,2026-08-17T21:40:47.686331+09:00
Curriculum Chain,,,failed,False,2026-08-17T20:45:16.547101+09:00
Curriculum Compass,720.0,7.0,success,False,2026-08-17T21:37:57.485180+09:00
Curriculum Console,,,failed,False,2026-08-17T21:36:22.095100+09:00
Curriculum Core,5400.0,2.0,success,False,2026-08-17T20:37:00.325562+09:00
Curriculum Deck,,,failed,False,2026-08-17T20:34:11.615000+09:00
Curriculum Dial,,,failed,False,2026-08-17T21:34:12.134068+09:00
Curriculum Dock,,,failed,False,2026-08-17T20:48:37.567206+09:00
Curriculum Flow,30.0,11.0,success,False,2026-08-17T20:34:35.742752+09:00
Curriculum Forge,10.0,86.0,success,False,2026-08-17T21:35:46.466784+09:00
Curriculum Frame,10.0,0.0,success,False,2026-08-17T20:38:48.292759+09:00
Curriculum Gate,,,failed,False,2026-08-17T20:42:32.290659+09:00
Curriculum Grid,70.0,0.0,success,False,2026-08-17T20:45:45.792269+09:00
Curriculum Guard,,,failed,False,2026-08-17T20:37:28.424048+09:00
Curriculum Hub,1600.0,0.0,success,True,2026-08-17T20:33:42.611240+09:00
Curriculum Keeper,,,failed,False,2026-08-17T20:39:17.196343+09:00
Curriculum Lab,110.0,2.0,success,False,2026-08-17T20:32:00.957216+09:00
Curriculum Ledger,,,failed,False,2026-08-17T20:36:02.767132+09:00
Curriculum Lens,,,failed,False,2026-08-17T20:39:43.687132+09:00
Curriculum Lock,,,failed,False,2026-08-17T20:41:17.748242+09:00
Curriculum Loop,,,failed,False,2026-08-17T20:46:46.837602+09:00
Curriculum Manager,390.0,8.0,success,False,2026-08-17T20:38:21.061174+09:00
Curriculum Map,6600.0,1.0,success,False,2026-08-17T20:40:33.502804+09:00
Curriculum Meter,,,failed,False,2026-08-17T21:33:10.630129+09:00
Curriculum Nexus,,,failed,False,2026-08-17T20:41:47.517366+09:00
Curriculum Node,,,failed,False,2026-08-17T20:43:26.313536+09:00
Curriculum Panel,,,failed,False,2026-08-17T21:35:16.200596+09:00
Curriculum Path,50.0,0.0,success,False,2026-08-17T20:42:54.961047+09:00
Curriculum Pilot,30.0,0.0,success,False,2026-08-17T20:32:38.453320+09:00
Curriculum Point,,,failed,False,2026-08-17T20:42:08.223187+09:00
Curriculum Portal,50.0,4.0,success,False,2026-08-17T21:37:24.355362+09:00
Curriculum Pulse,,,failed,False,2026-08-17T20:44:38.858684+09:00
Curriculum Rail,,,failed,False,2026-08-17T20:47:19.659128+09:00
Curriculum Relay,,,failed,False,2026-08-17T21:41:25.564008+09:00
Curriculum Route,,,failed,False,2026-08-17T21:30:50.388708+09:00
Curriculum Scale,,,failed,False,2026-08-17T21:31:59.895065+09:00
Curriculum Scope,590.0,0.0,success,False,2026-08-17T20:48:00.384731+09:00
Curriculum Sentry,,,failed,False,2026-08-17T20:40:10.157299+09:00
Curriculum Signal,,,failed,False,2026-08-17T21:31:28.023870+09:00
Curriculum Studio,40.0,4.0,success,False,2026-08-17T20:33:10.817795+09:00
Curriculum Sync,,,failed,False,2026-08-17T20:35:35.063549+09:00
Curriculum Tracker,110.0,33.0,success,False,2026-08-17T20:36:28.708934+09:00
Curriculum Trail,,,failed,False,2026-08-17T20:46:04.855118+09:00
Curriculum Vault,,,failed,False,2026-08-17T21:39:22.624237+09:00
Curriculum Watch,,,failed,False,2026-08-17T21:30:18.085086+09:00
Curriculum Wave,,,failed,False,2026-08-17T20:43:56.267353+09:00
Curriculum Zone,,,failed,False,2026-08-17T21:38:32.905021+09:00
Customs Anchor,,,failed,False,2026-08-17T20:39:49.091027+09:00
Customs Atlas,,,failed,False,2026-08-17T21:41:31.698252+09:00
Customs Base,,,failed,False,2026-08-17T21:36:26.445152+09:00
Customs Beacon,,,failed,False,2026-08-17T20:43:01.991108+09:00
Customs Board,1900.0,91.0,success,False,2026-08-17T21:33:17.550972+09:00
Customs Bridge,320.0,5.0,success,False,2026-08-17T20:40:36.395454+09:00
Customs Cascade,,,failed,False,2026-08-17T20:41:20.787117+09:00
Customs Center,20.0,1.0,success,False,2026-08-17T20:45:22.370262+09:00
Customs Chain,12100.0,100.0,success,False,2026-08-17T20:34:38.143389+09:00
Customs Compass,,,failed,False,2026-08-17T20:43:58.581518+09:00
Customs Console,,,failed,False,2026-08-17T20:42:36.789908+09:00
Customs Core,,,failed,False,2026-08-17T21:35:18.423759+09:00
Customs Deck,,,failed,False,2026-08-17T21:32:05.797514+09:00
Customs Desk,4400.0,100.0,success,False,2026-08-17T20:48:06.680156+09:00
Customs Dial,,,failed,False,2026-08-17T20:41:00.568700+09:00
Customs Dock,590.0,14.0,success,False,2026-08-17T20:37:32.011303+09:00
Customs Flow,,,failed,False,2026-08-17T21:32:45.123730+09:00
Customs Forge,8100.0,1.0,success,False,2026-08-17T20:42:11.427186+09:00
Customs Frame,33100.0,98.0,success,False,2026-08-17T21:37:30.311680+09:00
Customs Gate,2900.0,96.0,success,False,2026-08-17T20:31:33.560642+09:00
Customs Grid,,,failed,False,2026-08-17T20:35:08.080059+09:00
Customs Guard,320.0,8.0,success,False,2026-08-17T21:35:52.306880+09:00
Customs Hub,2400.0,6.0,success,False,2026-08-17T21:31:33.014186+09:00
Customs Keeper,,,failed,False,2026-08-17T21:38:03.717082+09:00
Customs Lab,2400.0,15.0,success,False,2026-08-17T20:48:44.119140+09:00
Customs Ledger,,,failed,False,2026-08-17T21:34:17.965302+09:00
Customs Lens,,,failed,False,2026-08-17T21:38:35.218560+09:00
Customs Loop,,,failed,False,2026-08-17T20:36:06.570384+09:00
Customs Manager,260.0,3.0,success,False,2026-08-17T21:36:52.396982+09:00
Customs Map,49500.0,11.0,success,False,2026-08-17T21:40:51.783967+09:00
Customs Meter,,,failed,False,2026-08-17T20:40:15.034726+09:00
Customs Node,,,failed,False,2026-08-17T20:32:41.344957+09:00
Customs Panel,,,failed,False,2026-08-17T20:41:50.983322+09:00
Customs Path,,,failed,False,2026-08-17T20:32:07.300250+09:00
Customs Pilot,1600.0,100.0,success,False,2026-08-17T21:30:24.502544+09:00
Customs Portal,74000.0,0.0,success,True,2026-08-17T20:43:30.530213+09:00
Customs Pulse,,,failed,False,2026-08-17T20:34:16.019094+09:00
Customs Radar,,,failed,False,2026-08-17T20:46:51.703605+09:00
Customs Rail,,,failed,False,2026-08-17T20:36:35.862750+09:00
Customs Relay,,,failed,False,2026-08-17T20:45:48.787557+09:00
Customs Route,10.0,0.0,success,False,2026-08-17T20:38:24.877008+09:00
Customs Scale,,,failed,False,2026-08-17T20:39:20.129592+09:00
Customs Scope,,,failed,False,2026-08-17T20:37:03.531282+09:00
Customs Sentry,,,failed,False,2026-08-17T21:39:28.354494+09:00
Customs Signal,,,failed,False,2026-08-17T20:38:53.767345+09:00
Customs Station,1300.0,13.0,success,False,2026-08-17T20:47:25.656493+09:00
Customs Studio,,,failed,False,2026-08-17T21:30:57.458125+09:00
Customs Sync,,,failed,False,2026-08-17T21:33:42.291802+09:00
Customs Tracker,2400.0,4.0,success,False,2026-08-17T21:34:50.586670+09:00
Customs Trail,,,failed,False,2026-08-17T20:35:38.392873+09:00
Customs Vault,,,failed,False,2026-08-17T20:44:45.631544+09:00
Customs Watch,70.0,23.0,success,False,2026-08-17T20:38:03.705761+09:00
Customs Wave,,,failed,False,2026-08-17T20:33:16.020559+09:00
Customs Zone,720.0,6.0,success,False,2026-08-17T20:44:21.106446+09:00
Dealer Anchor,,,failed,False,2026-08-17T21:30:08.257838+09:00
Dealer Atlas,260.0,86.0,success,False,2026-08-17T20:39:09.333217+09:00
Dealer Base,70.0,5.0,success,False,2026-08-17T20:35:51.368204+09:00
Dealer Beacon,,,failed,False,2026-08-17T21:34:31.783933+09:00
Dealer Board,1000.0,1.0,success,False,2026-08-17T20:32:58.642411+09:00
Dealer Bridge,50.0,1.0,success,False,2026-08-17T21:31:15.457583+09:00
Dealer Cascade,,,failed,False,2026-08-17T21:32:25.465592+09:00
Dealer Center,49500.0,4.0,success,False,2026-08-17T21:37:08.932405+09:00
Dealer Chain,30.0,3.0,success,False,2026-08-17T20:43:16.751377+09:00
Dealer Compass,880.0,3.0,success,False,2026-08-17T21:35:36.118436+09:00
Dealer Console,70.0,0.0,success,False,2026-08-17T21:34:01.777052+09:00
Dealer Core,10.0,10.0,success,False,2026-08-17T20:34:51.045190+09:00
Dealer Deck,,,failed,False,2026-08-17T20:31:49.556843+09:00
Dealer Desk,260.0,39.0,success,False,2026-08-17T21:41:14.862117+09:00
Dealer Dial,,,failed,False,2026-08-17T21:31:49.761986+09:00
Dealer Dock,,,failed,False,2026-08-17T20:45:56.929111+09:00
Dealer Flow,260.0,91.0,success,False,2026-08-17T20:32:23.142780+09:00
Dealer Forge,,,failed,False,2026-08-17T21:33:28.260657+09:00
Dealer Frame,20.0,32.0,success,False,2026-08-17T20:36:51.044622+09:00
Dealer Gate,,,failed,False,2026-08-17T20:40:49.686418+09:00
Dealer Grid,10.0,6.0,success,False,2026-08-17T20:43:44.073906+09:00
Dealer Guard,70.0,2.0,success,False,2026-08-17T20:35:19.683482+09:00
Dealer Keeper,,,failed,False,2026-08-17T20:37:18.091212+09:00
Dealer Lab,70.0,0.0,success,False,2026-08-17T21:41:47.180143+09:00
Dealer Ledger,20.0,4.0,success,False,2026-08-17T20:34:02.071546+09:00
Dealer Lens,,,failed,False,2026-08-17T20:37:49.257868+09:00
Dealer Lock,70.0,8.0,success,False,2026-08-17T20:39:32.550443+09:00
Dealer Loop,10.0,6.0,success,False,2026-08-17T20:44:32.138425+09:00
Dealer Manager,480.0,4.0,success,False,2026-08-17T20:36:18.497930+09:00
Dealer Map,260.0,3.0,success,False,2026-08-17T20:38:37.912313+09:00
Dealer Meter,,,failed,False,2026-08-17T21:30:41.512165+09:00
Dealer Monitor,,,failed,False,2026-08-17T22:50:34.703098+09:00
Dealer Nexus,,,failed,False,2026-08-17T20:40:01.743309+09:00
Dealer Node,,,failed,False,2026-08-17T20:41:35.724700+09:00
Dealer Panel,720.0,0.0,success,False,2026-08-17T21:33:02.340741+09:00
Dealer Path,1900.0,0.0,success,True,2026-08-17T20:41:09.985510+09:00
Dealer Point,390.0,1.0,success,False,2026-08-17T20:40:26.535789+09:00
Dealer Portal,110000.0,3.0,success,False,2026-08-17T21:35:06.399475+09:00
Dealer Pulse,70.0,9.0,success,False,2026-08-17T20:42:49.578916+09:00
Dealer Radar,30.0,8.0,success,False,2026-08-17T21:39:09.779186+09:00
Dealer Rail,,,failed,False,2026-08-17T20:45:10.862003+09:00
Dealer Relay,20.0,35.0,success,False,2026-08-17T21:37:44.992622+09:00
Dealer Route,10.0,11.0,success,False,2026-08-17T20:47:07.356899+09:00
Dealer Scale,20.0,100.0,success,False,2026-08-17T20:48:23.905428+09:00
Dealer Scope,10.0,8.0,success,False,2026-08-17T20:45:34.633599+09:00
Dealer Sentry,,,failed,False,2026-08-17T20:38:12.491374+09:00
Dealer Signal,,,failed,False,2026-08-17T20:47:47.373505+09:00
Dealer Station,210.0,1.0,success,False,2026-08-17T21:39:57.727763+09:00
Dealer Sync,210.0,13.0,success,False,2026-08-17T20:33:31.328442+09:00
Dealer Tracker,260.0,24.0,success,False,2026-08-17T20:34:25.476328+09:00
Dealer Trail,10.0,5.0,success,False,2026-08-17T20:44:10.950266+09:00
Dealer Vault,720.0,3.0,success,False,2026-08-17T21:36:36.847955+09:00
Dealer Watch,70.0,80.0,success,False,2026-08-17T20:46:26.563596+09:00
Dealer Wave,40.0,22.0,success,False,2026-08-17T20:42:00.146835+09:00
Dealer Zone,880.0,1.0,success,False,2026-08-17T21:36:10.133574+09:00
Deductible Anchor,,,failed,False,2026-08-17T20:34:44.892914+09:00
Deductible Atlas,,,failed,False,2026-08-17T21:34:26.372304+09:00
Deductible Base,,,failed,False,2026-08-17T21:30:33.048254+09:00
Deductible Beacon,,,failed,False,2026-08-17T20:38:33.752321+09:00
Deductible Board,,,failed,False,2026-08-17T20:45:52.903104+09:00
Deductible Bridge,,,failed,False,2026-08-17T20:35:45.912195+09:00
Deductible Cascade,,,failed,False,2026-08-17T20:36:43.272468+09:00
Deductible Center,,,failed,False,2026-08-17T20:40:45.689604+09:00
Deductible Chain,,,failed,False,2026-08-17T21:41:07.674308+09:00
Deductible Compass,,,failed,False,2026-08-17T20:39:25.387216+09:00
Deductible Console,,,failed,False,2026-08-17T20:38:07.696860+09:00
Deductible Core,,,failed,False,2026-08-17T20:48:18.389398+09:00
Deductible Deck,,,failed,False,2026-08-17T20:44:54.516764+09:00
Deductible Desk,,,failed,False,2026-08-17T20:42:43.172174+09:00
Deductible Dial,,,failed,False,2026-08-17T20:36:13.174234+09:00
Deductible Dock,,,failed,False,2026-08-17T20:32:12.868338+09:00
Deductible Flow,,,failed,False,2026-08-17T20:45:30.439940+09:00
Deductible Forge,,,failed,False,2026-08-17T20:37:39.748297+09:00
Deductible Frame,,,failed,False,2026-08-17T21:31:44.399230+09:00
Deductible Gate,,,failed,False,2026-08-17T21:36:32.684484+09:00
Deductible Grid,,,failed,False,2026-08-17T21:41:39.306179+09:00
Deductible Guard,,,failed,False,2026-08-17T21:30:00.229933+09:00
Deductible Hub,,,failed,False,2026-08-17T20:44:25.446111+09:00
Deductible Keeper,,,failed,False,2026-08-17T21:32:17.170130+09:00
Deductible Lab,,,failed,False,2026-08-17T20:43:12.470155+09:00
Deductible Ledger,,,failed,False,2026-08-17T20:46:59.199715+09:00
Deductible Lens,,,failed,False,2026-08-17T21:32:53.372558+09:00
Deductible Lock,,,failed,False,2026-08-17T21:34:57.125142+09:00
Deductible Manager,,,failed,False,2026-08-17T21:31:05.600589+09:00
Deductible Map,,,failed,False,2026-08-17T21:33:53.413747+09:00
Deductible Meter,,,failed,False,2026-08-17T20:35:15.216607+09:00
Deductible Nexus,,,failed,False,2026-08-17T21:35:24.685319+09:00
Deductible Node,,,failed,False,2026-08-17T21:37:39.097196+09:00
Deductible Panel,,,failed,False,2026-08-17T20:37:14.189830+09:00
Deductible Path,,,failed,False,2026-08-17T21:36:59.022364+09:00
Deductible Pilot,,,failed,False,2026-08-17T20:43:36.337910+09:00
Deductible Point,,,failed,False,2026-08-17T21:36:00.741055+09:00
Deductible Portal,,,failed,False,2026-08-17T20:39:04.557611+09:00
Deductible Pulse,,,failed,False,2026-08-17T21:39:40.995935+09:00
Deductible Radar,,,failed,False,2026-08-17T20:41:55.751231+09:00
Deductible Relay,,,failed,False,2026-08-17T20:41:07.425187+09:00
Deductible Route,,,failed,False,2026-08-17T20:33:24.231963+09:00
Deductible Scale,,,failed,False,2026-08-17T20:34:20.444490+09:00
Deductible Scope,,,failed,False,2026-08-17T20:31:38.107939+09:00
Deductible Sentry,,,failed,False,2026-08-17T21:33:22.663564+09:00
Deductible Signal,,,failed,False,2026-08-17T20:33:54.236742+09:00
Deductible Station,,,failed,False,2026-08-17T20:42:15.711128+09:00
Deductible Studio,,,failed,False,2026-08-17T20:44:06.631034+09:00
Deductible Sync,,,failed,False,2026-08-17T20:46:22.420312+09:00
Deductible Tracker,10.0,4.0,success,False,2026-08-17T20:47:35.936558+09:00
Deductible Vault,,,failed,False,2026-08-17T20:40:20.065990+09:00
Deductible Watch,,,failed,False,2026-08-17T20:32:49.512310+09:00
Deductible Wave,,,failed,False,2026-08-17T21:38:10.743063+09:00
Deductible Zone,,,failed,False,2026-08-17T20:39:54.147287+09:00
Defect Anchor,,,failed,False,2026-08-17T20:46:51.703605+09:00
Defect Atlas,,,failed,False,2026-08-17T20:37:32.011303+09:00
Defect Base,,,failed,False,2026-08-17T20:34:16.019094+09:00
Defect Beacon,,,failed,False,2026-08-17T21:32:47.122898+09:00
Defect Bridge,,,failed,False,2026-08-17T20:48:09.439521+09:00
Defect Cascade,170.0,0.0,success,False,2026-08-17T21:30:24.502544+09:00
Defect Center,,,failed,False,2026-08-17T21:35:20.515813+09:00
Defect Chain,,,failed,False,2026-08-17T20:41:50.983322+09:00
Defect Compass,,,failed,False,2026-08-17T21:33:42.291802+09:00
Defect Console,,,failed,False,2026-08-17T21:32:11.115049+09:00
Defect Core,,,failed,False,2026-08-17T20:33:16.020559+09:00
Defect Desk,,,failed,False,2026-08-17T21:38:03.717082+09:00
Defect Dial,,,failed,False,2026-08-17T20:48:44.119140+09:00
Defect Dock,,,failed,False,2026-08-17T20:44:22.162347+09:00
Defect Forge,,,failed,False,2026-08-17T21:31:35.848823+09:00
Defect Frame,,,failed,False,2026-08-17T20:35:08.080059+09:00
Defect Gate,,,failed,False,2026-08-17T20:39:20.129592+09:00
Defect Grid,,,failed,False,2026-08-17T20:42:11.427186+09:00
Defect Guard,,,failed,False,2026-08-17T20:33:47.539654+09:00
Defect Hub,,,failed,False,2026-08-17T21:41:31.698252+09:00
Defect Keeper,,,failed,False,2026-08-17T20:35:38.392873+09:00
Defect Lab,,,failed,False,2026-08-17T21:38:37.304138+09:00
Defect Ledger,,,failed,False,2026-08-17T20:32:07.300250+09:00
Defect Lens,210.0,0.0,success,False,2026-08-17T20:36:06.570384+09:00
Defect Lock,,,failed,False,2026-08-17T20:38:03.705761+09:00
Defect Loop,,,failed,False,2026-08-17T20:43:05.974432+09:00
Defect Manager,210.0,1.0,success,False,2026-08-17T20:34:40.569545+09:00
Defect Map,210.0,0.0,success,False,2026-08-17T20:37:03.531282+09:00
Defect Meter,,,failed,False,2026-08-17T20:47:25.656493+09:00
Defect Nexus,,,failed,False,2026-08-17T20:38:24.877008+09:00
Defect Node,,,failed,False,2026-08-17T20:40:15.034726+09:00
Defect Panel,,,failed,False,2026-08-17T21:31:00.206645+09:00
Defect Path,,,failed,False,2026-08-17T20:39:49.091027+09:00
Defect Pilot,,,failed,False,2026-08-17T21:39:28.354494+09:00
Defect Point,1900.0,0.0,success,True,2026-08-17T20:38:53.767345+09:00
Defect Portal,10.0,0.0,success,False,2026-08-17T21:33:17.550972+09:00
Defect Pulse,,,failed,False,2026-08-17T20:41:20.787117+09:00
Defect Radar,10.0,21.0,success,False,2026-08-17T21:36:52.396982+09:00
Defect Rail,,,failed,False,2026-08-17T20:43:30.530213+09:00
Defect Relay,,,failed,False,2026-08-17T21:35:52.306880+09:00
Defect Route,,,failed,False,2026-08-17T20:45:24.269018+09:00
Defect Scale,,,failed,False,2026-08-17T20:46:14.149623+09:00
Defect Scheduler,,,failed,False,2026-08-17T22:46:57.477508+09:00
Defect Scope,,,failed,False,2026-08-17T20:43:58.581518+09:00
Defect Sentry,,,failed,False,2026-08-17T20:36:35.862750+09:00
Defect Signal,,,failed,False,2026-08-17T20:45:48.787557+09:00
Defect Station,30.0,1.0,success,False,2026-08-17T21:37:30.311680+09:00
Defect Studio,30.0,0.0,success,False,2026-08-17T21:40:51.783967+09:00
Defect Sync,,,failed,False,2026-08-17T20:31:33.560642+09:00
Defect Tracker,720.0,12.0,success,False,2026-08-17T20:32:44.310093+09:00
Defect Trail,,,failed,False,2026-08-17T20:42:36.789908+09:00
Defect Vault,,,failed,False,2026-08-17T21:34:50.586670+09:00
Defect Watch,,,failed,False,2026-08-17T20:44:45.631544+09:00
Defect Wave,,,failed,False,2026-08-17T20:40:36.395454+09:00
Defect Zone,10.0,0.0,success,False,2026-08-17T21:34:17.965302+09:00
Delivery Atlas,,,failed,False,2026-08-17T21:30:30.781560+09:00
Delivery Base,90.0,1.0,success,False,2026-08-17T20:45:26.162726+09:00
Delivery Beacon,,,failed,False,2026-08-17T20:35:12.658616+09:00
Delivery Board,170.0,11.0,success,False,2026-08-17T20:42:41.908187+09:00
Delivery Bridge,210.0,1.0,success,False,2026-08-17T20:32:10.469810+09:00
Delivery Cascade,,,failed,False,2026-08-17T20:33:21.754611+09:00
Delivery Center,1000.0,2.0,success,False,2026-08-17T20:37:38.706086+09:00
Delivery Chain,140.0,2.0,success,False,2026-08-17T21:35:58.459168+09:00
Delivery Compass,,,failed,False,2026-08-17T20:36:11.237181+09:00
Delivery Console,,,failed,False,2026-08-17T20:34:43.926118+09:00
Delivery Core,30.0,0.0,success,False,2026-08-17T20:44:23.108645+09:00
Delivery Deck,50.0,0.0,success,False,2026-08-17T20:41:54.470071+09:00
Delivery Desk,210.0,100.0,success,False,2026-08-17T20:39:52.233588+09:00
Delivery Dial,9900.0,17.0,success,False,2026-08-17T20:32:47.475978+09:00
Delivery Dock,720.0,2.0,success,False,2026-08-17T21:39:34.435552+09:00
Delivery Flow,90.0,8.0,success,False,2026-08-17T20:42:13.997557+09:00
Delivery Forge,,,failed,False,2026-08-17T20:34:18.335664+09:00
Delivery Frame,110.0,62.0,success,False,2026-08-17T20:46:16.531586+09:00
Delivery Gate,90.0,1.0,success,False,2026-08-17T21:32:50.995270+09:00
Delivery Grid,10.0,0.0,success,False,2026-08-17T21:36:30.682605+09:00
Delivery Guard,30.0,0.0,success,False,2026-08-17T20:44:51.445524+09:00
Delivery Hub,9900.0,4.0,success,False,2026-08-17T20:41:24.809383+09:00
Delivery Keeper,,,failed,False,2026-08-17T20:46:56.962156+09:00
Delivery Lab,720.0,5.0,success,False,2026-08-17T20:40:19.019495+09:00
Delivery Ledger,20.0,0.0,success,False,2026-08-17T20:43:34.295212+09:00
Delivery Lens,10.0,29.0,success,False,2026-08-17T20:47:33.914967+09:00
Delivery Lock,50.0,66.0,success,False,2026-08-17T21:31:02.177338+09:00
Delivery Loop,390.0,12.0,success,False,2026-08-17T21:37:36.095439+09:00
Delivery Manager,6600.0,3.0,success,False,2026-08-17T20:45:51.407426+09:00
Delivery Map,880.0,4.0,success,False,2026-08-17T20:49:39.030080+09:00
Delivery Meter,,,failed,False,2026-08-17T20:31:36.969919+09:00
Delivery Nexus,1300.0,3.0,success,False,2026-08-17T21:31:39.058447+09:00
Delivery Node,10.0,0.0,success,False,2026-08-17T21:33:48.082783+09:00
Delivery Panel,260.0,6.0,success,False,2026-08-17T20:33:51.962760+09:00
Delivery Path,50.0,8.0,success,False,2026-08-17T21:33:20.961288+09:00
Delivery Pilot,720.0,4.0,success,False,2026-08-17T20:40:42.163784+09:00
Delivery Point,4400.0,2.0,success,False,2026-08-17T21:32:15.070878+09:00
Delivery Portal,720.0,11.0,success,False,2026-08-17T20:35:44.075031+09:00
Delivery Pulse,20.0,0.0,success,False,2026-08-17T21:35:22.295985+09:00
Delivery Radar,,,failed,False,2026-08-17T20:38:59.956902+09:00
Delivery Rail,,,failed,False,2026-08-17T21:38:08.965654+09:00
Delivery Relay,27100.0,6.0,success,False,2026-08-17T20:38:06.157627+09:00
Delivery Route,590.0,17.0,success,False,2026-08-17T21:41:36.452024+09:00
Delivery Scope,320.0,0.0,success,False,2026-08-17T21:38:40.825363+09:00
Delivery Sentry,,,failed,False,2026-08-17T20:48:13.207047+09:00
Delivery Station,1600.0,1.0,success,False,2026-08-17T20:39:23.919432+09:00
Delivery Studio,140.0,3.0,success,False,2026-08-17T20:41:03.029394+09:00
Delivery Sync,30.0,6.0,success,False,2026-08-17T20:43:08.098438+09:00
Delivery Tracker,673000.0,2.0,success,False,2026-08-17T20:44:04.848400+09:00
Delivery Trail,,,failed,False,2026-08-17T21:36:57.018160+09:00
Delivery Vault,10.0,79.0,success,False,2026-08-17T20:37:08.027448+09:00
Delivery Watch,210.0,78.0,success,False,2026-08-17T21:41:04.521769+09:00
Delivery Wave,,,failed,False,2026-08-17T21:34:24.214520+09:00
Delivery Zone,2400.0,4.0,success,False,2026-08-17T20:36:39.507807+09:00
Demand Anchor,,,failed,False,2026-08-17T20:39:59.910293+09:00
Demand Atlas,10.0,0.0,success,False,2026-08-17T21:41:42.015478+09:00
Demand Base,14800.0,35.0,success,False,2026-08-17T21:36:34.713232+09:00
Demand Beacon,,,failed,False,2026-08-17T20:43:14.638625+09:00
Demand Board,40.0,7.0,success,False,2026-08-17T21:33:26.536272+09:00
Demand Bridge,260.0,7.0,success,False,2026-08-17T20:40:46.604989+09:00
Demand Cascade,,,failed,False,2026-08-17T20:41:33.336783+09:00
Demand Center,70.0,3.0,success,False,2026-08-17T20:45:32.525368+09:00
Demand Chain,480.0,3.0,success,False,2026-08-17T20:34:48.922886+09:00
Demand Compass,,,failed,False,2026-08-17T20:44:07.827451+09:00
Demand Console,,,failed,False,2026-08-17T20:42:46.441273+09:00
Demand Core,10.0,2.0,success,False,2026-08-17T21:35:33.419897+09:00
Demand Deck,,,failed,False,2026-08-17T21:32:23.259221+09:00
Demand Desk,10.0,38.0,success,False,2026-08-17T20:48:21.583177+09:00
Demand Dial,70.0,0.0,success,False,2026-08-17T20:41:08.316613+09:00
Demand Dock,,,failed,False,2026-08-17T20:37:45.876313+09:00
Demand Flow,320.0,16.0,success,False,2026-08-17T21:33:00.443260+09:00
Demand Forge,,,failed,False,2026-08-17T20:42:18.152107+09:00
Demand Frame,,,failed,False,2026-08-17T21:37:42.380657+09:00
Demand Gate,10.0,0.0,success,False,2026-08-17T20:31:44.848533+09:00
Demand Grid,10.0,0.0,success,False,2026-08-17T20:35:18.626237+09:00
Demand Guard,,,failed,False,2026-08-17T21:36:05.315924+09:00
Demand Hub,320.0,7.0,success,False,2026-08-17T21:31:46.266854+09:00
Demand Keeper,,,failed,False,2026-08-17T21:38:13.718334+09:00
Demand Lab,210.0,3.0,success,False,2026-08-17T21:30:05.905035+09:00
Demand Ledger,,,failed,False,2026-08-17T21:34:28.165323+09:00
Demand Lens,,,failed,False,2026-08-17T21:39:05.774100+09:00
Demand Loop,,,failed,False,2026-08-17T20:36:14.881787+09:00
Demand Manager,1600.0,1.0,success,False,2026-08-17T21:37:05.127331+09:00
Demand Map,110.0,1.0,success,False,2026-08-17T21:41:12.952922+09:00
Demand Meter,210.0,34.0,success,False,2026-08-17T20:40:24.654920+09:00
Demand Node,,,failed,False,2026-08-17T20:32:55.422953+09:00
Demand Panel,,,failed,False,2026-08-17T20:41:58.937145+09:00
Demand Path,10.0,1.0,success,False,2026-08-17T20:32:17.131006+09:00
Demand Pilot,,,failed,False,2026-08-17T21:30:38.829852+09:00
Demand Portal,50.0,0.0,success,False,2026-08-17T20:43:42.299051+09:00
Demand Pulse,30.0,3.0,success,False,2026-08-17T20:34:22.385109+09:00
Demand Radar,20.0,12.0,success,False,2026-08-17T20:47:00.954455+09:00
Demand Rail,,,failed,False,2026-08-17T20:36:47.157974+09:00
Demand Relay,,,failed,False,2026-08-17T20:45:55.190861+09:00
Demand Route,,,failed,False,2026-08-17T20:38:35.163236+09:00
Demand Scale,30.0,4.0,success,False,2026-08-17T20:39:31.272188+09:00
Demand Scope,,,failed,False,2026-08-17T20:37:15.920679+09:00
Demand Sentry,,,failed,False,2026-08-17T21:39:44.948189+09:00
Demand Signal,390.0,2.0,success,False,2026-08-17T20:39:06.787331+09:00
Demand Station,,,failed,False,2026-08-17T20:47:45.474295+09:00
Demand Studio,70.0,4.0,success,False,2026-08-17T21:31:11.680234+09:00
Demand Sync,,,failed,False,2026-08-17T21:33:56.834131+09:00
Demand Tracker,110.0,4.0,success,False,2026-08-17T21:35:00.218033+09:00
Demand Trail,,,failed,False,2026-08-17T20:35:48.969093+09:00
Demand Vault,,,failed,False,2026-08-17T20:45:09.617976+09:00
Demand Watch,480.0,17.0,success,False,2026-08-17T20:38:11.520193+09:00
Demand Wave,10.0,0.0,success,False,2026-08-17T20:33:27.108642+09:00
Demand Zone,1900.0,2.0,success,False,2026-08-17T20:44:27.303320+09:00
Deployment Anchor,,,failed,False,2026-08-17T20:36:00.761105+09:00
Deployment Atlas,,,failed,False,2026-08-17T21:35:46.466784+09:00
Deployment Base,,,failed,False,2026-08-17T21:31:59.895065+09:00
Deployment Beacon,,,failed,False,2026-08-17T20:39:41.640400+09:00
Deployment Board,320.0,0.0,success,False,2026-08-17T20:47:16.621554+09:00
Deployment Bridge,,,failed,False,2026-08-17T20:36:59.320935+09:00
Deployment Cascade,,,failed,False,2026-08-17T20:37:58.727524+09:00
Deployment Center,390.0,3.0,success,False,2026-08-17T20:41:46.079279+09:00
Deployment Compass,,,failed,False,2026-08-17T20:40:32.567080+09:00
Deployment Console,10.0,1.0,success,False,2026-08-17T20:39:15.324728+09:00
Deployment Core,,,failed,False,2026-08-17T21:30:50.388708+09:00
Deployment Deck,,,failed,False,2026-08-17T20:46:04.855118+09:00
Deployment Desk,,,failed,False,2026-08-17T20:43:55.064759+09:00
Deployment Dial,,,failed,False,2026-08-17T20:37:26.547523+09:00
Deployment Dock,,,failed,False,2026-08-17T20:33:42.611240+09:00
Deployment Flow,260.0,5.0,success,False,2026-08-17T20:46:42.242736+09:00
Deployment Forge,,,failed,False,2026-08-17T20:38:46.053243+09:00
Deployment Frame,,,failed,False,2026-08-17T21:33:10.630129+09:00
Deployment Gate,,,failed,False,2026-08-17T21:37:57.485180+09:00
Deployment Guard,,,failed,False,2026-08-17T21:31:28.023870+09:00
Deployment Hub,50.0,7.0,success,False,2026-08-17T20:45:42.370254+09:00
Deployment Keeper,,,failed,False,2026-08-17T21:33:37.652467+09:00
Deployment Lab,,,failed,False,2026-08-17T20:44:17.126543+09:00
Deployment Ledger,,,failed,False,2026-08-17T20:48:34.410191+09:00
Deployment Lens,,,failed,False,2026-08-17T21:34:09.721109+09:00
Deployment Lock,,,failed,False,2026-08-17T21:36:20.278504+09:00
Deployment Loop,10.0,0.0,success,False,2026-08-17T20:32:00.957216+09:00
Deployment Manager,720.0,6.0,success,False,2026-08-17T21:32:36.544768+09:00
Deployment Map,110.0,2.0,success,False,2026-08-17T21:35:14.152571+09:00
Deployment Meter,,,failed,False,2026-08-17T20:36:26.800121+09:00
Deployment Nexus,,,failed,False,2026-08-17T21:36:47.272145+09:00
Deployment Node,480.0,35.0,success,False,2026-08-17T21:39:19.495692+09:00
Deployment Panel,,,failed,False,2026-08-17T20:38:19.209708+09:00
Deployment Path,20.0,1.0,success,False,2026-08-17T21:38:29.386806+09:00
Deployment Pilot,,,failed,False,2026-08-17T20:44:37.629482+09:00
Deployment Point,,,failed,False,2026-08-17T21:37:21.496927+09:00
Deployment Portal,90.0,2.0,success,False,2026-08-17T20:40:08.225876+09:00
Deployment Radar,,,failed,False,2026-08-17T20:42:54.961047+09:00
Deployment Rail,,,failed,False,2026-08-17T20:32:38.453320+09:00
Deployment Relay,,,failed,False,2026-08-17T20:42:06.946542+09:00
Deployment Route,,,failed,False,2026-08-17T20:34:35.742752+09:00
Deployment Scale,20.0,0.0,success,False,2026-08-17T20:35:32.317442+09:00
Deployment Scope,10.0,0.0,success,False,2026-08-17T20:33:09.747000+09:00
Deployment Sentry,,,failed,False,2026-08-17T21:34:39.149688+09:00
Deployment Signal,,,failed,False,2026-08-17T20:35:03.370957+09:00
Deployment Station,,,failed,False,2026-08-17T20:43:26.313536+09:00
Deployment Studio,90.0,3.0,success,False,2026-08-17T20:45:16.547101+09:00
Deployment Sync,,,failed,False,2026-08-17T20:48:00.384731+09:00
Deployment Tracker,210.0,2.0,success,False,2026-08-17T21:30:18.085086+09:00
Deployment Vault,,,failed,False,2026-08-17T20:41:16.510977+09:00
Deployment Watch,50.0,98.0,success,False,2026-08-17T20:34:09.472739+09:00
Deployment Wave,,,failed,False,2026-08-17T21:40:47.686331+09:00
Deployment Zone,50.0,21.0,success,False,2026-08-17T20:40:53.994191+09:00
Deposit Atlas,,,failed,False,2026-08-17T21:30:37.005083+09:00
Deposit Base,40.0,0.0,success,False,2026-08-17T20:45:32.525368+09:00
Deposit Beacon,,,failed,False,2026-08-17T20:35:16.626138+09:00
Deposit Board,,,failed,False,2026-08-17T20:42:46.441273+09:00
Deposit Bridge,90.0,5.0,success,False,2026-08-17T20:32:17.131006+09:00
Deposit Cascade,,,failed,False,2026-08-17T20:33:27.108642+09:00
Deposit Center,40.0,0.0,success,False,2026-08-17T20:37:44.009684+09:00
Deposit Chain,10.0,0.0,success,False,2026-08-17T21:36:05.315924+09:00
Deposit Compass,10.0,0.0,success,False,2026-08-17T20:36:14.881787+09:00
Deposit Console,,,failed,False,2026-08-17T20:34:46.285590+09:00
Deposit Core,10.0,0.0,success,False,2026-08-17T20:44:27.303320+09:00
Deposit Deck,,,failed,False,2026-08-17T20:41:57.166662+09:00
Deposit Desk,,,failed,False,2026-08-17T20:39:59.910293+09:00
Deposit Dial,,,failed,False,2026-08-17T20:32:53.240136+09:00
Deposit Dock,,,failed,False,2026-08-17T21:39:40.995935+09:00
Deposit Flow,20.0,0.0,success,False,2026-08-17T20:42:16.988485+09:00
Deposit Forge,,,failed,False,2026-08-17T20:34:22.385109+09:00
Deposit Frame,,,failed,False,2026-08-17T20:46:23.888336+09:00
Deposit Gate,,,failed,False,2026-08-17T21:32:57.336519+09:00
Deposit Grid,,,failed,False,2026-08-17T21:36:34.713232+09:00
Deposit Guard,40.0,7.0,success,False,2026-08-17T20:44:58.380838+09:00
Deposit Hub,10.0,0.0,success,False,2026-08-17T20:41:30.101842+09:00
Deposit Keeper,,,failed,False,2026-08-17T20:47:00.954455+09:00
Deposit Lab,,,failed,False,2026-08-17T20:40:24.654920+09:00
Deposit Ledger,140.0,15.0,success,False,2026-08-17T20:43:38.857738+09:00
Deposit Lens,,,failed,False,2026-08-17T20:47:39.394205+09:00
Deposit Lock,20.0,65.0,success,False,2026-08-17T21:31:08.679950+09:00
Deposit Loop,,,failed,False,2026-08-17T21:37:42.380657+09:00
Deposit Manager,50.0,2.0,success,False,2026-08-17T20:45:54.147634+09:00
Deposit Map,10.0,3.0,success,False,2026-08-17T21:30:02.792774+09:00
Deposit Meter,,,failed,False,2026-08-17T20:31:44.848533+09:00
Deposit Nexus,,,failed,False,2026-08-17T21:31:44.399230+09:00
Deposit Node,,,failed,False,2026-08-17T21:33:56.834131+09:00
Deposit Panel,,,failed,False,2026-08-17T20:33:56.397010+09:00
Deposit Path,,,failed,False,2026-08-17T21:33:24.629057+09:00
Deposit Pilot,,,failed,False,2026-08-17T20:40:46.604989+09:00
Deposit Point,90.0,2.0,success,False,2026-08-17T21:32:20.148818+09:00
Deposit Portal,30.0,2.0,success,False,2026-08-17T20:35:48.969093+09:00
Deposit Pulse,,,failed,False,2026-08-17T21:35:30.145341+09:00
Deposit Radar,,,failed,False,2026-08-17T20:39:05.666395+09:00
Deposit Rail,,,failed,False,2026-08-17T21:38:13.718334+09:00
Deposit Relay,,,failed,False,2026-08-17T20:38:08.924079+09:00
Deposit Route,,,failed,False,2026-08-17T21:41:42.015478+09:00
Deposit Scope,,,failed,False,2026-08-17T21:39:02.253193+09:00
Deposit Sentry,,,failed,False,2026-08-17T20:48:18.389398+09:00
Deposit Station,10.0,0.0,success,False,2026-08-17T20:39:28.862436+09:00
Deposit Studio,,,failed,False,2026-08-17T20:41:08.316613+09:00
Deposit Sync,,,failed,False,2026-08-17T20:43:14.638625+09:00
Deposit Tracker,210.0,0.0,success,False,2026-08-17T20:44:07.827451+09:00
Deposit Trail,,,failed,False,2026-08-17T21:37:02.739524+09:00
Deposit Vault,170.0,25.0,success,False,2026-08-17T20:37:15.920679+09:00
Deposit Watch,,,failed,False,2026-08-17T21:41:12.952922+09:00
Deposit Wave,,,failed,False,2026-08-17T21:34:28.165323+09:00
Deposit Zone,,,failed,False,2026-08-17T20:36:47.157974+09:00
Deposition Anchor,,,failed,False,2026-08-17T21:41:12.952922+09:00
Deposition Atlas,,,failed,False,2026-08-17T20:47:00.954455+09:00
Deposition Base,,,failed,False,2026-08-17T20:43:38.857738+09:00
Deposition Beacon,,,failed,False,2026-08-17T20:33:27.108642+09:00
Deposition Board,,,failed,False,2026-08-17T20:41:07.425187+09:00
Deposition Center,10.0,14.0,success,False,2026-08-17T20:35:48.969093+09:00
Deposition Chain,,,failed,False,2026-08-17T21:33:56.834131+09:00
Deposition Compass,,,failed,False,2026-08-17T20:34:22.385109+09:00
Deposition Console,,,failed,False,2026-08-17T20:32:53.240136+09:00
Deposition Core,,,failed,False,2026-08-17T20:42:46.441273+09:00
Deposition Deck,,,failed,False,2026-08-17T20:40:21.350341+09:00
Deposition Desk,,,failed,False,2026-08-17T20:38:08.924079+09:00
Deposition Dock,,,failed,False,2026-08-17T21:37:02.739524+09:00
Deposition Flow,,,failed,False,2026-08-17T20:40:46.604989+09:00
Deposition Forge,,,failed,False,2026-08-17T20:32:17.131006+09:00
Deposition Frame,,,failed,False,2026-08-17T20:44:27.303320+09:00
Deposition Gate,,,failed,False,2026-08-17T21:30:37.005083+09:00
Deposition Grid,,,failed,False,2026-08-17T21:34:28.165323+09:00
Deposition Guard,,,failed,False,2026-08-17T20:43:14.638625+09:00
Deposition Hub,,,failed,False,2026-08-17T20:39:57.613991+09:00
Deposition Keeper,,,failed,False,2026-08-17T20:44:58.380838+09:00
Deposition Lab,10.0,0.0,success,False,2026-08-17T20:38:35.163236+09:00
Deposition Ledger,,,failed,False,2026-08-17T20:41:57.166662+09:00
Deposition Lens,,,failed,False,2026-08-17T20:45:32.525368+09:00
Deposition Lock,,,failed,False,2026-08-17T20:47:39.394205+09:00
Deposition Loop,,,failed,False,2026-08-17T21:35:30.145341+09:00
Deposition Manager,,,failed,False,2026-08-17T20:44:07.827451+09:00
Deposition Map,,,failed,False,2026-08-17T20:46:22.420312+09:00
Deposition Meter,,,failed,False,2026-08-17T21:41:42.015478+09:00
Deposition Nexus,,,failed,False,2026-08-17T20:48:18.389398+09:00
Deposition Node,,,failed,False,2026-08-17T21:31:44.399230+09:00
Deposition Panel,,,failed,False,2026-08-17T20:31:44.848533+09:00
Deposition Path,,,failed,False,2026-08-17T21:31:08.679950+09:00
Deposition Pilot,,,failed,False,2026-08-17T20:39:05.666395+09:00
Deposition Point,50.0,0.0,success,False,2026-08-17T21:30:02.792774+09:00
Deposition Portal,,,failed,False,2026-08-17T20:33:56.397010+09:00
Deposition Pulse,,,failed,False,2026-08-17T21:33:24.629057+09:00
Deposition Radar,,,failed,False,2026-08-17T20:37:15.920679+09:00
Deposition Rail,,,failed,False,2026-08-17T21:36:05.315924+09:00
Deposition Relay,,,failed,False,2026-08-17T20:36:14.881787+09:00
Deposition Route,,,failed,False,2026-08-17T21:38:13.718334+09:00
Deposition Scale,,,failed,False,2026-08-17T21:39:40.995935+09:00
Deposition Scope,,,failed,False,2026-08-17T21:36:34.713232+09:00
Deposition Sentry,,,failed,False,2026-08-17T20:45:54.147634+09:00
Deposition Signal,,,failed,False,2026-08-17T21:39:02.253193+09:00
Deposition Station,,,failed,False,2026-08-17T20:37:44.009684+09:00
Deposition Studio,,,failed,False,2026-08-17T20:39:28.862436+09:00
Deposition Sync,,,failed,False,2026-08-17T20:41:30.101842+09:00
Deposition Tracker,,,failed,False,2026-08-17T20:42:16.988485+09:00
Deposition Trail,,,failed,False,2026-08-17T21:35:00.218033+09:00
Deposition Vault,,,failed,False,2026-08-17T20:35:16.626138+09:00
Deposition Watch,,,failed,False,2026-08-17T21:37:42.380657+09:00
Deposition Wave,,,failed,False,2026-08-17T21:32:20.148818+09:00
Deposition Zone,90.0,0.0,success,False,2026-08-17T20:34:46.285590+09:00
Diagnosis Anchor,,,failed,False,2026-08-17T21:35:00.218033+09:00
Diagnosis Atlas,,,failed,False,2026-08-17T20:42:47.401639+09:00
Diagnosis Base,,,failed,False,2026-08-17T20:39:59.910293+09:00
Diagnosis Beacon,,,failed,False,2026-08-17T21:39:44.948189+09:00
Diagnosis Board,,,failed,False,2026-08-17T20:37:16.947301+09:00
Diagnosis Bridge,,,failed,False,2026-08-17T21:36:07.544663+09:00
Diagnosis Cascade,,,failed,False,2026-08-17T21:37:05.127331+09:00
Diagnosis Chain,,,failed,False,2026-08-17T20:47:45.474295+09:00
Diagnosis Compass,,,failed,False,2026-08-17T21:41:44.845375+09:00
Diagnosis Console,,,failed,False,2026-08-17T21:39:05.774100+09:00
Diagnosis Core,,,failed,False,2026-08-17T20:39:06.787331+09:00
Diagnosis Deck,,,failed,False,2026-08-17T20:36:17.521162+09:00
Diagnosis Desk,,,failed,False,2026-08-17T20:33:59.012811+09:00
Diagnosis Dial,,,failed,False,2026-08-17T21:36:34.713232+09:00
Diagnosis Dock,,,failed,False,2026-08-17T21:32:23.259221+09:00
Diagnosis Flow,,,failed,False,2026-08-17T20:36:48.387810+09:00
Diagnosis Forge,,,failed,False,2026-08-17T21:38:15.647846+09:00
Diagnosis Frame,,,failed,False,2026-08-17T20:40:48.754907+09:00
Diagnosis Gate,,,failed,False,2026-08-17T20:44:27.303320+09:00
Diagnosis Grid,,,failed,False,2026-08-17T20:48:21.583177+09:00
Diagnosis Guard,,,failed,False,2026-08-17T20:39:31.272188+09:00
Diagnosis Hub,590.0,7.0,success,False,2026-08-17T20:35:50.076535+09:00
Diagnosis Keeper,,,failed,False,2026-08-17T20:41:08.316613+09:00
Diagnosis Lab,18100.0,7.0,success,False,2026-08-17T20:34:23.568448+09:00
Diagnosis Ledger,,,failed,False,2026-08-17T20:38:11.520193+09:00
Diagnosis Lens,,,failed,False,2026-08-17T20:41:33.336783+09:00
Diagnosis Lock,,,failed,False,2026-08-17T20:43:15.863986+09:00
Diagnosis Loop,,,failed,False,2026-08-17T21:30:38.829852+09:00
Diagnosis Manager,,,failed,False,2026-08-17T20:40:24.654920+09:00
Diagnosis Map,90.0,1.0,success,False,2026-08-17T20:42:18.152107+09:00
Diagnosis Meter,,,failed,False,2026-08-17T21:35:33.419897+09:00
Diagnosis Nexus,,,failed,False,2026-08-17T20:43:42.299051+09:00
Diagnosis Node,,,failed,False,2026-08-17T20:45:32.525368+09:00
Diagnosis Panel,,,failed,False,2026-08-17T21:37:42.380657+09:00
Diagnosis Path,,,failed,False,2026-08-17T20:45:09.617976+09:00
Diagnosis Pilot,,,failed,False,2026-08-17T20:34:48.922886+09:00
Diagnosis Point,,,failed,False,2026-08-17T20:44:09.032273+09:00
Diagnosis Portal,50.0,4.0,success,False,2026-08-17T21:41:12.952922+09:00
Diagnosis Pulse,,,failed,False,2026-08-17T20:47:04.642239+09:00
Diagnosis Radar,,,failed,False,2026-08-17T20:32:55.422953+09:00
Diagnosis Rail,,,failed,False,2026-08-17T21:31:11.680234+09:00
Diagnosis Relay,,,failed,False,2026-08-17T20:31:46.547401+09:00
Diagnosis Route,,,failed,False,2026-08-17T21:33:26.536272+09:00
Diagnosis Scale,,,failed,False,2026-08-17T21:34:29.947705+09:00
Diagnosis Scope,,,failed,False,2026-08-17T21:31:46.266854+09:00
Diagnosis Sentry,,,failed,False,2026-08-17T20:41:58.937145+09:00
Diagnosis Signal,,,failed,False,2026-08-17T21:33:59.802696+09:00
Diagnosis Station,,,failed,False,2026-08-17T20:33:30.325030+09:00
Diagnosis Studio,,,failed,False,2026-08-17T20:35:18.626237+09:00
Diagnosis Sync,,,failed,False,2026-08-17T20:37:45.876313+09:00
Diagnosis Tracker,320.0,2.0,success,False,2026-08-17T20:38:36.286112+09:00
Diagnosis Trail,,,failed,False,2026-08-17T21:30:05.905035+09:00
Diagnosis Watch,,,failed,False,2026-08-17T21:33:00.443260+09:00
Diagnosis Wave,,,failed,False,2026-08-17T20:45:55.190861+09:00
Discharge Anchor,,,failed,False,2026-08-17T21:32:25.465592+09:00
Discharge Atlas,,,failed,False,2026-08-17T20:40:49.686418+09:00
Discharge Base,20.0,12.0,success,False,2026-08-17T20:37:49.257868+09:00
Discharge Beacon,,,failed,False,2026-08-17T21:36:36.847955+09:00
Discharge Board,50.0,1.0,success,False,2026-08-17T20:34:51.045190+09:00
Discharge Bridge,,,failed,False,2026-08-17T21:33:28.260657+09:00
Discharge Cascade,,,failed,False,2026-08-17T21:34:31.783933+09:00
Discharge Center,,,failed,False,2026-08-17T21:39:57.727763+09:00
Discharge Chain,,,failed,False,2026-08-17T20:45:10.862003+09:00
Discharge Companion,,,failed,False,2026-08-17T22:50:34.703098+09:00
Discharge Compass,,,failed,False,2026-08-17T21:37:46.877382+09:00
Discharge Console,,,failed,False,2026-08-17T21:36:10.133574+09:00
Discharge Core,,,failed,False,2026-08-17T20:36:51.044622+09:00
Discharge Deck,,,failed,False,2026-08-17T20:34:02.071546+09:00
Discharge Dial,,,failed,False,2026-08-17T21:34:01.777052+09:00
Discharge Dock,,,failed,False,2026-08-17T20:48:23.905428+09:00
Discharge Flow,210.0,0.0,success,False,2026-08-17T20:34:25.476328+09:00
Discharge Forge,,,failed,False,2026-08-17T21:35:36.118436+09:00
Discharge Frame,,,failed,False,2026-08-17T20:38:37.912313+09:00
Discharge Gate,70.0,0.0,success,False,2026-08-17T20:42:19.428112+09:00
Discharge Grid,,,failed,False,2026-08-17T20:45:34.633599+09:00
Discharge Guard,20.0,92.0,success,False,2026-08-17T20:37:18.091212+09:00
Discharge Hub,40.0,0.0,success,False,2026-08-17T20:33:31.328442+09:00
Discharge Keeper,20.0,4.0,success,False,2026-08-17T20:39:09.333217+09:00
Discharge Lab,,,failed,False,2026-08-17T20:31:49.556843+09:00
Discharge Ledger,,,failed,False,2026-08-17T20:35:51.368204+09:00
Discharge Lens,,,failed,False,2026-08-17T20:39:32.550443+09:00
Discharge Lock,,,failed,False,2026-08-17T20:41:11.362619+09:00
Discharge Loop,50.0,0.0,success,False,2026-08-17T20:46:26.563596+09:00
Discharge Manager,30.0,0.0,success,False,2026-08-17T20:38:12.491374+09:00
Discharge Map,40.0,0.0,success,False,2026-08-17T20:40:27.760312+09:00
Discharge Meter,40.0,65.0,success,False,2026-08-17T21:33:02.340741+09:00
Discharge Nexus,,,failed,False,2026-08-17T20:41:35.724700+09:00
Discharge Node,,,failed,False,2026-08-17T20:43:16.751377+09:00
Discharge Panel,,,failed,False,2026-08-17T21:35:06.399475+09:00
Discharge Path,20.0,0.0,success,False,2026-08-17T20:42:49.578916+09:00
Discharge Pilot,,,failed,False,2026-08-17T20:32:23.142780+09:00
Discharge Point,210.0,0.0,success,False,2026-08-17T20:42:00.146835+09:00
Discharge Portal,,,failed,False,2026-08-17T21:37:08.932405+09:00
Discharge Pulse,,,failed,False,2026-08-17T20:44:32.138425+09:00
Discharge Rail,,,failed,False,2026-08-17T20:47:07.356899+09:00
Discharge Relay,20.0,1.0,success,False,2026-08-17T21:41:14.862117+09:00
Discharge Route,,,failed,False,2026-08-17T21:30:41.512165+09:00
Discharge Scale,40.0,0.0,success,False,2026-08-17T21:31:49.761986+09:00
Discharge Scope,,,failed,False,2026-08-17T20:47:47.373505+09:00
Discharge Sentry,,,failed,False,2026-08-17T20:40:01.743309+09:00
Discharge Signal,,,failed,False,2026-08-17T21:31:15.457583+09:00
Discharge Studio,,,failed,False,2026-08-17T20:32:58.642411+09:00
Discharge Sync,,,failed,False,2026-08-17T20:35:20.751202+09:00
Discharge Tracker,210.0,7.0,success,False,2026-08-17T20:36:18.497930+09:00
Discharge Trail,,,failed,False,2026-08-17T20:45:56.929111+09:00
Discharge Vault,,,failed,False,2026-08-17T21:39:09.779186+09:00
Discharge Watch,,,failed,False,2026-08-17T21:30:08.257838+09:00
Discharge Wave,,,failed,False,2026-08-17T20:43:44.073906+09:00
Discharge Zone,110.0,0.0,success,False,2026-08-17T21:38:18.723173+09:00
Discovery Anchor,10.0,0.0,success,False,2026-08-17T21:31:54.606698+09:00
Discovery Atlas,590.0,1.0,success,False,2026-08-17T20:40:29.235539+09:00
Discovery Base,50.0,12.0,success,False,2026-08-17T20:37:19.032635+09:00
Discovery Beacon,,,failed,False,2026-08-17T21:36:12.498401+09:00
Discovery Board,320.0,29.0,success,False,2026-08-17T20:34:29.454165+09:00
Discovery Bridge,590.0,3.0,success,False,2026-08-17T21:33:04.357190+09:00
Discovery Cascade,10.0,0.0,success,False,2026-08-17T21:34:03.414909+09:00
Discovery Center,49500.0,8.0,success,False,2026-08-17T21:39:13.221117+09:00
Discovery Chain,50.0,1.0,success,False,2026-08-17T20:44:33.462366+09:00
Discovery Compass,320.0,4.0,success,False,2026-08-17T21:37:10.762781+09:00
Discovery Console,10.0,11.0,success,False,2026-08-17T21:35:38.144027+09:00
Discovery Core,210.0,3.0,success,False,2026-08-17T20:36:20.228244+09:00
Discovery Deck,110.0,2.0,success,False,2026-08-17T20:33:36.115262+09:00
Discovery Dial,10.0,0.0,success,False,2026-08-17T21:33:30.231055+09:00
Discovery Dock,320.0,15.0,success,False,2026-08-17T20:47:50.375793+09:00
Discovery Flow,4400.0,13.0,success,False,2026-08-17T20:34:03.344800+09:00
Discovery Forge,,,failed,False,2026-08-17T21:35:08.893531+09:00
Discovery Frame,50.0,26.0,success,False,2026-08-17T20:38:14.865229+09:00
Discovery Gate,70.0,0.0,success,False,2026-08-17T20:42:01.579820+09:00
Discovery Grid,20.0,0.0,success,False,2026-08-17T20:45:12.889782+09:00
Discovery Guard,10.0,2.0,success,False,2026-08-17T20:36:52.122948+09:00
Discovery Hub,1900.0,0.0,success,True,2026-08-17T20:33:01.756540+09:00
Discovery Keeper,,,failed,False,2026-08-17T20:38:40.859557+09:00
Discovery Ledger,,,failed,False,2026-08-17T20:35:22.813816+09:00
Discovery Lens,70.0,0.0,success,False,2026-08-17T20:39:12.627798+09:00
Discovery Lock,30.0,27.0,success,False,2026-08-17T20:40:51.053535+09:00
Discovery Loop,140.0,11.0,success,False,2026-08-17T20:45:58.318950+09:00
Discovery Manager,50.0,0.0,success,False,2026-08-17T20:37:51.221015+09:00
Discovery Map,1000.0,2.0,success,False,2026-08-17T20:40:05.754832+09:00
Discovery Meter,,,failed,False,2026-08-17T21:32:31.405261+09:00
Discovery Nexus,,,failed,False,2026-08-17T20:41:13.511022+09:00
Discovery Node,,,failed,False,2026-08-17T20:42:50.595044+09:00
Discovery Panel,320.0,3.0,success,False,2026-08-17T21:34:34.023181+09:00
Discovery Path,50.0,1.0,success,False,2026-08-17T20:42:21.345142+09:00
Discovery Pilot,20.0,21.0,success,False,2026-08-17T20:31:52.293572+09:00
Discovery Point,4400.0,21.0,success,False,2026-08-17T20:41:41.231730+09:00
Discovery Portal,590.0,6.0,success,False,2026-08-17T21:36:40.900045+09:00
Discovery Pulse,10.0,3.0,success,False,2026-08-17T20:44:11.907751+09:00
Discovery Radar,10.0,0.0,success,False,2026-08-17T21:41:49.444267+09:00
Discovery Rail,20.0,14.0,success,False,2026-08-17T20:46:29.220439+09:00
Discovery Relay,,,failed,False,2026-08-17T21:40:01.418165+09:00
Discovery Route,90.0,4.0,success,False,2026-08-17T21:30:10.122952+09:00
Discovery Scale,10.0,0.0,success,False,2026-08-17T21:31:19.415531+09:00
Discovery Scope,2400.0,8.0,success,False,2026-08-17T20:47:09.255931+09:00
Discovery Sentry,,,failed,False,2026-08-17T20:39:36.069990+09:00
Discovery Signal,30.0,0.0,success,False,2026-08-17T21:30:43.453478+09:00
Discovery Studio,4400.0,11.0,success,False,2026-08-17T20:32:26.534581+09:00
Discovery Sync,,,failed,False,2026-08-17T20:34:55.202462+09:00
Discovery Tracker,260.0,21.0,success,False,2026-08-17T20:35:52.510868+09:00
Discovery Trail,8100.0,2.0,success,False,2026-08-17T20:45:35.834234+09:00
Discovery Vault,40.0,7.0,success,False,2026-08-17T21:38:24.477715+09:00
Discovery Watch,1300.0,32.0,success,False,2026-08-17T20:48:29.594833+09:00
Discovery Wave,70.0,6.0,success,False,2026-08-17T20:43:18.551816+09:00
Discovery Zone,14800.0,3.0,success,False,2026-08-17T21:37:49.733247+09:00
Dispatch Anchor,,,failed,False,2026-08-17T21:33:20.961288+09:00
Dispatch Atlas,,,failed,False,2026-08-17T20:41:24.809383+09:00
Dispatch Base,30.0,0.0,success,False,2026-08-17T20:38:31.317013+09:00
Dispatch Beacon,,,failed,False,2026-08-17T21:37:32.627735+09:00
Dispatch Board,390.0,24.0,success,False,2026-08-17T20:35:44.075031+09:00
Dispatch Bridge,,,failed,False,2026-08-17T21:34:20.474166+09:00
Dispatch Cascade,,,failed,False,2026-08-17T21:35:22.295985+09:00
Dispatch Center,1300.0,0.0,success,True,2026-08-17T20:31:49.556843+09:00
Dispatch Chain,,,failed,False,2026-08-17T20:45:51.407426+09:00
Dispatch Console,1000.0,17.0,success,False,2026-08-17T21:36:57.018160+09:00
Dispatch Core,50.0,11.0,success,False,2026-08-17T20:37:38.706086+09:00
Dispatch Deck,20.0,1.0,success,False,2026-08-17T20:34:42.726088+09:00
Dispatch Desk,260.0,98.0,success,False,2026-08-17T20:32:10.469810+09:00
Dispatch Dial,,,failed,False,2026-08-17T21:34:53.019649+09:00
Dispatch Dock,140.0,1.0,success,False,2026-08-17T21:30:30.781560+09:00
Dispatch Flow,10.0,13.0,success,False,2026-08-17T20:35:09.040915+09:00
Dispatch Forge,,,failed,False,2026-08-17T21:36:28.444275+09:00
Dispatch Frame,20.0,0.0,success,False,2026-08-17T20:39:23.919432+09:00
Dispatch Gate,50.0,0.0,success,False,2026-08-17T20:43:08.098438+09:00
Dispatch Grid,30.0,3.0,success,False,2026-08-17T20:46:16.531586+09:00
Dispatch Guard,10.0,0.0,success,False,2026-08-17T20:38:04.703276+09:00
Dispatch Hub,210.0,12.0,success,False,2026-08-17T20:34:18.335664+09:00
Dispatch Keeper,,,failed,False,2026-08-17T20:39:52.233588+09:00
Dispatch Lab,70.0,3.0,success,False,2026-08-17T20:32:46.505342+09:00
Dispatch Ledger,5400.0,0.0,success,True,2026-08-17T20:36:39.507807+09:00
Dispatch Lens,10.0,0.0,success,False,2026-08-17T20:40:19.019495+09:00
Dispatch Lock,10.0,0.0,success,False,2026-08-17T20:41:54.470071+09:00
Dispatch Loop,10.0,1.0,success,False,2026-08-17T20:47:33.914967+09:00
Dispatch Manager,1300.0,4.0,success,False,2026-08-17T20:38:59.956902+09:00
Dispatch Map,590.0,0.0,success,False,2026-08-17T20:41:03.029394+09:00
Dispatch Meter,,,failed,False,2026-08-17T21:33:48.082783+09:00
Dispatch Nexus,320.0,1.0,success,False,2026-08-17T20:42:13.997557+09:00
Dispatch Node,,,failed,False,2026-08-17T20:44:01.266186+09:00
Dispatch Panel,50.0,2.0,success,False,2026-08-17T21:35:58.459168+09:00
Dispatch Path,10.0,0.0,success,False,2026-08-17T20:43:34.295212+09:00
Dispatch Pilot,20.0,0.0,success,False,2026-08-17T20:33:21.754611+09:00
Dispatch Point,110.0,0.0,success,False,2026-08-17T20:42:40.071307+09:00
Dispatch Portal,110.0,7.0,success,False,2026-08-17T21:38:08.965654+09:00
Dispatch Pulse,90.0,0.0,success,False,2026-08-17T20:45:26.162726+09:00
Dispatch Rail,,,failed,False,2026-08-17T20:48:13.207047+09:00
Dispatch Route,390.0,12.0,success,False,2026-08-17T21:31:39.058447+09:00
Dispatch Scale,,,failed,False,2026-08-17T21:32:50.995270+09:00
Dispatch Scope,,,failed,False,2026-08-17T20:49:39.030080+09:00
Dispatch Sentry,,,failed,False,2026-08-17T20:40:42.163784+09:00
Dispatch Signal,20.0,0.0,success,False,2026-08-17T21:32:15.070878+09:00
Dispatch Station,70.0,0.0,success,False,2026-08-17T20:31:36.969919+09:00
Dispatch Studio,590.0,0.0,success,False,2026-08-17T20:33:51.962760+09:00
Dispatch Sync,20.0,0.0,success,False,2026-08-17T20:36:11.237181+09:00
Dispatch Tracker,8100.0,24.0,success,False,2026-08-17T20:37:08.027448+09:00
Dispatch Trail,,,failed,False,2026-08-17T20:46:53.844827+09:00
Dispatch Watch,170.0,0.0,success,False,2026-08-17T21:31:02.177338+09:00
Dispatch Wave,,,failed,False,2026-08-17T20:44:23.108645+09:00
Dispensing Map,,,failed,False,2026-08-17T22:49:19.411310+09:00
Distribution Anchor,,,failed,False,2026-08-17T20:41:09.985510+09:00
Distribution Base,110.0,2.0,success,False,2026-08-17T21:38:15.647846+09:00
Distribution Beacon,,,failed,False,2026-08-17T20:44:29.668652+09:00
Distribution Board,27100.0,89.0,success,False,2026-08-17T21:35:02.943607+09:00
Distribution Bridge,,,failed,False,2026-08-17T20:42:00.146835+09:00
Distribution Cascade,,,failed,False,2026-08-17T20:42:47.401639+09:00
Distribution Center,33100.0,9.0,success,False,2026-08-17T20:47:04.642239+09:00
Distribution Chain,1300.0,2.0,success,False,2026-08-17T20:36:17.521162+09:00
Distribution Compass,,,failed,False,2026-08-17T20:45:33.619281+09:00
Distribution Console,,,failed,False,2026-08-17T20:44:10.950266+09:00
Distribution Core,720.0,1.0,success,False,2026-08-17T21:37:08.932405+09:00
Distribution Deck,20.0,17.0,success,False,2026-08-17T21:34:01.777052+09:00
Distribution Desk,20.0,7.0,success,False,2026-08-17T21:31:15.457583+09:00
Distribution Dial,,,failed,False,2026-08-17T20:42:19.428112+09:00
Distribution Dock,,,failed,False,2026-08-17T20:39:09.333217+09:00
Distribution Flow,210.0,2.0,success,False,2026-08-17T21:34:29.947705+09:00
Distribution Forge,,,failed,False,2026-08-17T20:43:44.073906+09:00
Distribution Frame,260.0,11.0,success,False,2026-08-17T21:39:57.727763+09:00
Distribution Gate,260.0,44.0,success,False,2026-08-17T20:33:31.328442+09:00
Distribution Grid,390.0,2.0,success,False,2026-08-17T20:36:51.044622+09:00
Distribution Guard,,,failed,False,2026-08-17T21:37:44.992622+09:00
Distribution Hub,480.0,5.0,success,False,2026-08-17T21:33:28.260657+09:00
Distribution Keeper,,,failed,False,2026-08-17T21:41:14.862117+09:00
Distribution Lab,210.0,1.0,success,False,2026-08-17T21:31:49.761986+09:00
Distribution Ledger,1600.0,0.0,success,True,2026-08-17T21:36:10.133574+09:00
Distribution Lens,,,failed,False,2026-08-17T21:41:44.845375+09:00
Distribution Lock,50.0,0.0,success,False,2026-08-17T20:31:49.556843+09:00
Distribution Loop,30.0,0.0,success,False,2026-08-17T20:37:47.401646+09:00
Distribution Manager,1300.0,2.0,success,False,2026-08-17T21:39:09.779186+09:00
Distribution Meter,40.0,60.0,success,False,2026-08-17T20:41:35.724700+09:00
Distribution Nexus,,,failed,False,2026-08-17T20:32:21.226449+09:00
Distribution Node,70.0,0.0,success,False,2026-08-17T20:34:25.476328+09:00
Distribution Panel,5400.0,54.0,success,False,2026-08-17T20:43:15.863986+09:00
Distribution Path,20.0,0.0,success,False,2026-08-17T20:34:01.116253+09:00
Distribution Pilot,,,failed,False,2026-08-17T21:32:25.465592+09:00
Distribution Point,880.0,0.0,success,False,2026-08-17T20:32:57.689274+09:00
Distribution Portal,1300.0,2.0,success,False,2026-08-17T20:45:10.862003+09:00
Distribution Pulse,10.0,0.0,success,False,2026-08-17T20:35:50.076535+09:00
Distribution Radar,,,failed,False,2026-08-17T21:30:08.257838+09:00
Distribution Rail,70.0,31.0,success,False,2026-08-17T20:38:12.491374+09:00
Distribution Relay,40.0,20.0,success,False,2026-08-17T20:47:47.373505+09:00
Distribution Route,70.0,11.0,success,False,2026-08-17T20:40:01.743309+09:00
Distribution Scale,210.0,1.0,success,False,2026-08-17T20:40:48.754907+09:00
Distribution Scope,,,failed,False,2026-08-17T20:38:36.286112+09:00
Distribution Signal,140.0,0.0,success,False,2026-08-17T20:40:26.535789+09:00
Distribution Station,170.0,0.0,success,False,2026-08-17T21:30:41.512165+09:00
Distribution Studio,10.0,3.0,success,False,2026-08-17T21:33:02.340741+09:00
Distribution Sync,,,failed,False,2026-08-17T21:35:36.118436+09:00
Distribution Tracker,260.0,6.0,success,False,2026-08-17T21:36:36.847955+09:00
Distribution Trail,,,failed,False,2026-08-17T20:37:16.947301+09:00
Distribution Vault,,,failed,False,2026-08-17T20:46:26.563596+09:00
Distribution Watch,165000.0,0.0,success,True,2026-08-17T20:39:32.550443+09:00
Distribution Wave,,,failed,False,2026-08-17T20:34:51.045190+09:00
Distribution Zone,320.0,62.0,success,False,2026-08-17T20:45:56.929111+09:00
Docket Anchor,,,failed,False,2026-08-17T20:42:54.961047+09:00
Docket Atlas,,,failed,False,2026-08-17T20:33:42.611240+09:00
Docket Beacon,,,failed,False,2026-08-17T20:46:42.242736+09:00
Docket Board,,,failed,False,2026-08-17T21:37:21.496927+09:00
Docket Bridge,,,failed,False,2026-08-17T20:43:55.064759+09:00
Docket Cascade,,,failed,False,2026-08-17T20:44:38.858684+09:00
Docket Center,,,failed,False,2026-08-17T21:30:50.388708+09:00
Docket Chain,,,failed,False,2026-08-17T20:38:21.061174+09:00
Docket Compass,,,failed,False,2026-08-17T20:48:00.384731+09:00
Docket Console,,,failed,False,2026-08-17T20:46:04.855118+09:00
Docket Core,,,failed,False,2026-08-17T21:40:47.686331+09:00
Docket Deck,,,failed,False,2026-08-17T21:36:20.278504+09:00
Docket Desk,,,failed,False,2026-08-17T21:33:37.652467+09:00
Docket Dial,,,failed,False,2026-08-17T20:44:17.126543+09:00
Docket Dock,10.0,0.0,success,False,2026-08-17T20:40:53.994191+09:00
Docket Flow,,,failed,False,2026-08-17T21:36:47.272145+09:00
Docket Forge,,,failed,False,2026-08-17T20:45:42.370254+09:00
Docket Gate,,,failed,False,2026-08-17T20:35:32.317442+09:00
Docket Grid,,,failed,False,2026-08-17T20:38:46.053243+09:00
Docket Guard,,,failed,False,2026-08-17T21:41:25.564008+09:00
Docket Hub,550000.0,3.0,success,False,2026-08-17T21:35:46.466784+09:00
Docket Lab,,,failed,False,2026-08-17T21:34:12.134068+09:00
Docket Ledger,,,failed,False,2026-08-17T21:38:29.386806+09:00
Docket Lens,,,failed,False,2026-08-17T20:32:00.957216+09:00
Docket Lock,,,failed,False,2026-08-17T20:34:11.615000+09:00
Docket Loop,,,failed,False,2026-08-17T20:39:43.687132+09:00
Docket Map,,,failed,False,2026-08-17T20:33:10.817795+09:00
Docket Meter,,,failed,False,2026-08-17T20:43:26.313536+09:00
Docket Nexus,,,failed,False,2026-08-17T20:34:35.742752+09:00
Docket Node,,,failed,False,2026-08-17T20:36:28.708934+09:00
Docket Panel,,,failed,False,2026-08-17T20:45:16.547101+09:00
Docket Path,,,failed,False,2026-08-17T20:36:02.767132+09:00
Docket Pilot,,,failed,False,2026-08-17T21:34:39.149688+09:00
Docket Point,,,failed,False,2026-08-17T20:35:03.370957+09:00
Docket Portal,70.0,1.0,success,False,2026-08-17T20:47:19.659128+09:00
Docket Pulse,,,failed,False,2026-08-17T20:37:58.727524+09:00
Docket Radar,,,failed,False,2026-08-17T21:32:36.544768+09:00
Docket Rail,260.0,100.0,success,False,2026-08-17T20:40:10.157299+09:00
Docket Relay,,,failed,False,2026-08-17T21:31:28.023870+09:00
Docket Route,,,failed,False,2026-08-17T20:41:47.517366+09:00
Docket Scale,,,failed,False,2026-08-17T20:42:29.560038+09:00
Docket Scope,,,failed,False,2026-08-17T20:40:33.502804+09:00
Docket Sentry,,,failed,False,2026-08-17T20:32:38.453320+09:00
Docket Signal,,,failed,False,2026-08-17T20:42:06.946542+09:00
Docket Station,1900.0,94.0,success,False,2026-08-17T21:33:10.630129+09:00
Docket Studio,,,failed,False,2026-08-17T21:35:14.152571+09:00
Docket Sync,,,failed,False,2026-08-17T21:37:57.485180+09:00
Docket Tracker,70.0,1.0,success,False,2026-08-17T21:39:19.495692+09:00
Docket Trail,,,failed,False,2026-08-17T20:39:17.196343+09:00
Docket Vault,,,failed,False,2026-08-17T21:30:18.085086+09:00
Docket Watch,20.0,3.0,success,False,2026-08-17T20:41:17.748242+09:00
Docket Wave,,,failed,False,2026-08-17T20:37:00.325562+09:00
Docket Zone,,,failed,False,2026-08-17T20:48:34.410191+09:00
Donor Anchor,,,failed,False,2026-08-17T21:40:41.309160+09:00
Donor Atlas,590.0,3.0,success,False,2026-08-17T20:46:42.242736+09:00
Donor Base,90.0,15.0,success,False,2026-08-17T20:43:26.313536+09:00
Donor Beacon,,,failed,False,2026-08-17T20:33:09.747000+09:00
Donor Board,320.0,3.0,success,False,2026-08-17T20:40:52.985789+09:00
Donor Center,480.0,25.0,success,False,2026-08-17T20:35:32.317442+09:00
Donor Chain,50.0,2.0,success,False,2026-08-17T21:33:36.085901+09:00
Donor Compass,20.0,7.0,success,False,2026-08-17T20:34:09.472739+09:00
Donor Console,,,failed,False,2026-08-17T20:32:36.001496+09:00
Donor Core,,,failed,False,2026-08-17T20:42:29.560038+09:00
Donor Deck,20.0,2.0,success,False,2026-08-17T20:40:08.225876+09:00
Donor Desk,,,failed,False,2026-08-17T20:37:58.727524+09:00
Donor Dock,480.0,59.0,success,False,2026-08-17T21:36:47.272145+09:00
Donor Flow,,,failed,False,2026-08-17T20:40:32.567080+09:00
Donor Forge,,,failed,False,2026-08-17T20:31:59.985806+09:00
Donor Frame,10.0,0.0,success,False,2026-08-17T20:44:17.126543+09:00
Donor Gate,10.0,0.0,success,False,2026-08-17T21:30:18.085086+09:00
Donor Grid,,,failed,False,2026-08-17T21:34:09.721109+09:00
Donor Guard,,,failed,False,2026-08-17T20:42:54.961047+09:00
Donor Hub,18100.0,13.0,success,False,2026-08-17T20:39:41.640400+09:00
Donor Keeper,,,failed,False,2026-08-17T20:44:37.629482+09:00
Donor Lab,70.0,5.0,success,False,2026-08-17T20:38:19.209708+09:00
Donor Ledger,,,failed,False,2026-08-17T20:41:46.079279+09:00
Donor Lens,40.0,0.0,success,False,2026-08-17T20:45:16.547101+09:00
Donor Lock,,,failed,False,2026-08-17T20:47:16.621554+09:00
Donor Loop,10.0,7.0,success,False,2026-08-17T21:35:14.152571+09:00
Donor Manager,260.0,24.0,success,False,2026-08-17T20:43:55.064759+09:00
Donor Map,20.0,0.0,success,False,2026-08-17T20:46:04.855118+09:00
Donor Meter,,,failed,False,2026-08-17T21:41:25.564008+09:00
Donor Nexus,1000.0,47.0,success,False,2026-08-17T20:48:00.384731+09:00
Donor Node,,,failed,False,2026-08-17T21:31:28.023870+09:00
Donor Path,20.0,0.0,success,False,2026-08-17T21:30:50.388708+09:00
Donor Pilot,,,failed,False,2026-08-17T20:38:46.053243+09:00
Donor Point,90.0,4.0,success,False,2026-08-17T20:48:34.410191+09:00
Donor Portal,1900.0,4.0,success,False,2026-08-17T20:33:42.611240+09:00
Donor Pulse,,,failed,False,2026-08-17T21:33:10.630129+09:00
Donor Radar,,,failed,False,2026-08-17T20:36:59.320935+09:00
Donor Rail,,,failed,False,2026-08-17T21:35:46.466784+09:00
Donor Relay,,,failed,False,2026-08-17T20:36:00.761105+09:00
Donor Route,,,failed,False,2026-08-17T21:37:57.485180+09:00
Donor Scale,,,failed,False,2026-08-17T21:39:19.495692+09:00
Donor Scope,20.0,24.0,success,False,2026-08-17T21:36:20.278504+09:00
Donor Sentry,,,failed,False,2026-08-17T20:45:42.370254+09:00
Donor Signal,,,failed,False,2026-08-17T21:38:29.386806+09:00
Donor Station,2900.0,4.0,success,False,2026-08-17T20:37:26.547523+09:00
Donor Studio,10.0,2.0,success,False,2026-08-17T20:39:15.324728+09:00
Donor Sync,,,failed,False,2026-08-17T20:41:16.510977+09:00
Donor Tracker,260.0,6.0,success,False,2026-08-17T20:42:06.946542+09:00
Donor Trail,10.0,0.0,success,False,2026-08-17T21:34:39.149688+09:00
Donor Vault,10.0,0.0,success,False,2026-08-17T20:35:03.370957+09:00
Donor Watch,50.0,5.0,success,False,2026-08-17T21:37:21.496927+09:00
Donor Wave,,,failed,False,2026-08-17T21:31:59.895065+09:00
Donor Zone,90.0,1.0,success,False,2026-08-17T20:34:34.179062+09:00
Downtime Anchor,,,failed,False,2026-08-17T20:44:23.108645+09:00
Downtime Atlas,,,failed,False,2026-08-17T20:35:09.040915+09:00
Downtime Base,,,failed,False,2026-08-17T20:31:35.680631+09:00
Downtime Beacon,,,failed,False,2026-08-17T20:49:39.030080+09:00
Downtime Board,10.0,0.0,success,False,2026-08-17T21:39:34.435552+09:00
Downtime Bridge,,,failed,False,2026-08-17T20:45:26.162726+09:00
Downtime Cascade,,,failed,False,2026-08-17T20:46:16.531586+09:00
Downtime Center,,,failed,False,2026-08-17T21:32:50.995270+09:00
Downtime Chain,,,failed,False,2026-08-17T20:39:52.233588+09:00
Downtime Compass,,,failed,False,2026-08-17T21:31:02.177338+09:00
Downtime Console,,,failed,False,2026-08-17T20:48:13.207047+09:00
Downtime Deck,,,failed,False,2026-08-17T21:38:05.775829+09:00
Downtime Desk,,,failed,False,2026-08-17T21:35:22.295985+09:00
Downtime Dial,,,failed,False,2026-08-17T20:45:50.172264+09:00
Downtime Dock,,,failed,False,2026-08-17T20:42:12.704128+09:00
Downtime Flow,,,failed,False,2026-08-17T21:38:40.825363+09:00
Downtime Forge,,,failed,False,2026-08-17T20:47:28.313560+09:00
Downtime Frame,,,failed,False,2026-08-17T20:32:46.505342+09:00
Downtime Gate,,,failed,False,2026-08-17T20:37:05.313557+09:00
Downtime Grid,,,failed,False,2026-08-17T20:40:19.019495+09:00
Downtime Hub,,,failed,False,2026-08-17T21:37:32.627735+09:00
Downtime Keeper,,,failed,False,2026-08-17T20:33:21.754611+09:00
Downtime Lab,,,failed,False,2026-08-17T21:35:54.911296+09:00
Downtime Ledger,,,failed,False,2026-08-17T21:41:34.183941+09:00
Downtime Lens,,,failed,False,2026-08-17T20:33:48.971139+09:00
Downtime Lock,,,failed,False,2026-08-17T20:35:40.356029+09:00
Downtime Loop,,,failed,False,2026-08-17T20:41:03.029394+09:00
Downtime Manager,10.0,17.0,success,False,2026-08-17T20:32:08.584337+09:00
Downtime Map,,,failed,False,2026-08-17T20:34:42.726088+09:00
Downtime Meter,10.0,4.0,success,False,2026-08-17T20:44:46.784780+09:00
Downtime Nexus,,,failed,False,2026-08-17T20:36:08.746361+09:00
Downtime Node,,,failed,False,2026-08-17T20:38:04.703276+09:00
Downtime Panel,,,failed,False,2026-08-17T20:46:53.844827+09:00
Downtime Path,,,failed,False,2026-08-17T20:37:34.472176+09:00
Downtime Pilot,,,failed,False,2026-08-17T21:36:28.444275+09:00
Downtime Point,,,failed,False,2026-08-17T20:36:39.507807+09:00
Downtime Portal,,,failed,False,2026-08-17T21:30:27.922058+09:00
Downtime Pulse,,,failed,False,2026-08-17T20:39:21.363517+09:00
Downtime Radar,10.0,0.0,success,False,2026-08-17T21:34:20.474166+09:00
Downtime Rail,,,failed,False,2026-08-17T20:41:22.469867+09:00
Downtime Relay,,,failed,False,2026-08-17T21:33:19.243075+09:00
Downtime Route,,,failed,False,2026-08-17T20:43:08.098438+09:00
Downtime Scale,,,failed,False,2026-08-17T20:44:01.266186+09:00
Downtime Scope,,,failed,False,2026-08-17T20:41:53.253624+09:00
Downtime Sentry,,,failed,False,2026-08-17T20:34:18.335664+09:00
Downtime Signal,30.0,0.0,success,False,2026-08-17T20:43:32.566232+09:00
Downtime Station,,,failed,False,2026-08-17T21:34:53.019649+09:00
Downtime Studio,,,failed,False,2026-08-17T21:36:54.710856+09:00
Downtime Sync,,,failed,False,2026-08-17T21:40:59.899740+09:00
Downtime Trail,,,failed,False,2026-08-17T20:40:42.163784+09:00
Downtime Vault,,,failed,False,2026-08-17T21:32:15.070878+09:00
Downtime Watch,10.0,0.0,success,False,2026-08-17T20:42:40.071307+09:00
Downtime Wave,,,failed,False,2026-08-17T20:38:31.317013+09:00
Downtime Zone,,,failed,False,2026-08-17T21:31:39.058447+09:00
Driver Anchor,,,failed,False,2026-08-17T21:30:33.048254+09:00
Driver Atlas,20.0,78.0,success,False,2026-08-17T20:39:25.387216+09:00
Driver Base,170.0,1.0,success,False,2026-08-17T20:36:12.301778+09:00
Driver Beacon,,,failed,False,2026-08-17T21:34:55.256705+09:00
Driver Board,2900.0,10.0,success,False,2026-08-17T20:33:23.313632+09:00
Driver Bridge,320.0,14.0,success,False,2026-08-17T21:31:41.054400+09:00
Driver Cascade,,,failed,False,2026-08-17T21:32:53.372558+09:00
Driver Center,2900.0,14.0,success,False,2026-08-17T21:37:36.095439+09:00
Driver Chain,40.0,25.0,success,False,2026-08-17T20:43:36.337910+09:00
Driver Compass,50.0,13.0,success,False,2026-08-17T21:36:00.741055+09:00
Driver Console,260.0,1.0,success,False,2026-08-17T21:34:26.372304+09:00
Driver Core,110.0,0.0,success,False,2026-08-17T20:35:15.216607+09:00
Driver Deck,40.0,0.0,success,False,2026-08-17T20:32:12.868338+09:00
Driver Desk,140.0,1.0,success,False,2026-08-17T21:41:36.452024+09:00
Driver Dial,,,failed,False,2026-08-17T21:32:17.170130+09:00
Driver Dock,720.0,44.0,success,False,2026-08-17T20:46:20.020027+09:00
Driver Flow,40.0,0.0,success,False,2026-08-17T20:32:49.512310+09:00
Driver Forge,10.0,0.0,success,False,2026-08-17T21:33:53.413747+09:00
Driver Frame,10.0,10.0,success,False,2026-08-17T20:37:11.919122+09:00
Driver Gate,4400.0,29.0,success,False,2026-08-17T20:41:06.345123+09:00
Driver Grid,70.0,0.0,success,False,2026-08-17T20:44:06.631034+09:00
Driver Guard,260.0,0.0,success,False,2026-08-17T20:35:45.912195+09:00
Driver Hub,33100.0,1.0,success,False,2026-08-17T20:31:38.107939+09:00
Driver Keeper,10.0,0.0,success,False,2026-08-17T20:37:39.748297+09:00
Driver Ledger,,,failed,False,2026-08-17T20:34:19.305897+09:00
Driver Lens,3600.0,39.0,success,False,2026-08-17T20:38:07.696860+09:00
Driver Lock,3600.0,20.0,success,False,2026-08-17T20:39:54.147287+09:00
Driver Loop,140.0,5.0,success,False,2026-08-17T20:44:54.516764+09:00
Driver Manager,2900.0,2.0,success,False,2026-08-17T20:36:40.845127+09:00
Driver Map,8100.0,4.0,success,False,2026-08-17T20:39:04.557611+09:00
Driver Meter,20.0,0.0,success,False,2026-08-17T21:31:05.600589+09:00
Driver Nexus,170.0,0.0,success,False,2026-08-17T20:40:20.065990+09:00
Driver Node,20.0,0.0,success,False,2026-08-17T20:41:55.751231+09:00
Driver Panel,260.0,8.0,success,False,2026-08-17T21:33:22.663564+09:00
Driver Path,110.0,0.0,success,False,2026-08-17T20:41:27.066117+09:00
Driver Point,3600.0,2.0,success,False,2026-08-17T20:40:44.017242+09:00
Driver Portal,2900.0,2.0,success,False,2026-08-17T21:35:24.685319+09:00
Driver Pulse,12100.0,3.0,success,False,2026-08-17T20:43:09.097865+09:00
Driver Radar,70.0,5.0,success,False,2026-08-17T21:39:37.908878+09:00
Driver Rail,1300.0,1.0,success,False,2026-08-17T20:45:28.437462+09:00
Driver Relay,1300.0,24.0,success,False,2026-08-17T21:38:10.743063+09:00
Driver Route,90.0,9.0,success,False,2026-08-17T20:47:35.936558+09:00
Driver Scale,90.0,0.0,success,False,2026-08-17T21:30:00.229933+09:00
Driver Scope,110.0,0.0,success,False,2026-08-17T20:45:52.903104+09:00
Driver Sentry,20.0,0.0,success,False,2026-08-17T20:38:32.473394+09:00
Driver Signal,260.0,1.0,success,False,2026-08-17T20:48:15.314618+09:00
Driver Station,9900.0,0.0,success,True,2026-08-17T21:41:04.521769+09:00
Driver Sync,2900.0,3.0,success,False,2026-08-17T20:33:54.236742+09:00
Driver Terminal,390.0,100.0,success,False,2026-08-17T21:38:46.123803+09:00
Driver Tracker,1300.0,6.0,success,False,2026-08-17T20:34:43.926118+09:00
Driver Trail,390.0,3.0,success,False,2026-08-17T20:44:24.451216+09:00
Driver Vault,20.0,0.0,success,False,2026-08-17T21:36:59.022364+09:00
Driver Watch,4400.0,87.0,success,False,2026-08-17T20:46:56.962156+09:00
Driver Wave,320.0,0.0,success,False,2026-08-17T20:42:15.711128+09:00
Driver Zone,40500.0,2.0,success,False,2026-08-17T21:36:30.682605+09:00
Editorial Anchor,,,failed,False,2026-08-17T20:32:00.957216+09:00
Editorial Atlas,720.0,3.0,success,False,2026-08-17T21:31:28.023870+09:00
Editorial Base,590.0,11.0,success,False,2026-08-17T20:46:04.855118+09:00
Editorial Beacon,,,failed,False,2026-08-17T20:36:00.761105+09:00
Editorial Board,4400.0,0.0,success,True,2026-08-17T20:43:26.313536+09:00
Editorial Bridge,70.0,1.0,success,False,2026-08-17T20:33:09.747000+09:00
Editorial Cascade,,,failed,False,2026-08-17T20:34:09.472739+09:00
Editorial Center,10.0,4.0,success,False,2026-08-17T20:38:19.209708+09:00
Editorial Chain,,,failed,False,2026-08-17T21:36:47.272145+09:00
Editorial Compass,170.0,15.0,success,False,2026-08-17T20:36:59.320935+09:00
Editorial Console,,,failed,False,2026-08-17T20:35:32.317442+09:00
Editorial Core,,,failed,False,2026-08-17T20:45:16.547101+09:00
Editorial Deck,10.0,2.0,success,False,2026-08-17T20:42:29.560038+09:00
Editorial Desk,320.0,25.0,success,False,2026-08-17T20:40:32.567080+09:00
Editorial Dial,,,failed,False,2026-08-17T20:33:42.611240+09:00
Editorial Dock,,,failed,False,2026-08-17T21:41:25.564008+09:00
Editorial Flow,1300.0,9.0,success,False,2026-08-17T20:42:54.961047+09:00
Editorial Forge,,,failed,False,2026-08-17T20:35:03.370957+09:00
Editorial Frame,20.0,32.0,success,False,2026-08-17T20:47:16.621554+09:00
Editorial Gate,,,failed,False,2026-08-17T21:33:37.652467+09:00
Editorial Grid,260.0,1.0,success,False,2026-08-17T21:37:21.496927+09:00
Editorial Guard,,,failed,False,2026-08-17T20:45:42.370254+09:00
Editorial Hub,170.0,2.0,success,False,2026-08-17T20:42:06.946542+09:00
Editorial Keeper,,,failed,False,2026-08-17T20:48:00.384731+09:00
Editorial Lab,,,failed,False,2026-08-17T20:40:52.985789+09:00
Editorial Ledger,,,failed,False,2026-08-17T20:44:17.126543+09:00
Editorial Lens,,,failed,False,2026-08-17T20:48:34.410191+09:00
Editorial Lock,,,failed,False,2026-08-17T21:31:59.895065+09:00
Editorial Loop,,,failed,False,2026-08-17T21:38:29.386806+09:00
Editorial Manager,5400.0,3.0,success,False,2026-08-17T20:46:42.242736+09:00
Editorial Map,70.0,17.0,success,False,2026-08-17T21:30:50.388708+09:00
Editorial Meter,,,failed,False,2026-08-17T20:32:36.001496+09:00
Editorial Nexus,20.0,0.0,success,False,2026-08-17T21:32:36.544768+09:00
Editorial Node,,,failed,False,2026-08-17T21:34:39.149688+09:00
Editorial Panel,20.0,0.0,success,False,2026-08-17T20:34:34.179062+09:00
Editorial Path,,,failed,False,2026-08-17T21:34:09.721109+09:00
Editorial Pilot,10.0,0.0,success,False,2026-08-17T20:41:16.510977+09:00
Editorial Point,,,failed,False,2026-08-17T21:33:10.630129+09:00
Editorial Portal,20.0,3.0,success,False,2026-08-17T20:36:26.800121+09:00
Editorial Pulse,,,failed,False,2026-08-17T21:36:20.278504+09:00
Editorial Radar,10.0,0.0,success,False,2026-08-17T20:39:41.640400+09:00
Editorial Rail,,,failed,False,2026-08-17T21:39:19.495692+09:00
Editorial Relay,,,failed,False,2026-08-17T20:38:46.053243+09:00
Editorial Scope,,,failed,False,2026-08-17T21:40:41.309160+09:00
Editorial Sentry,,,failed,False,2026-08-17T21:30:18.085086+09:00
Editorial Station,,,failed,False,2026-08-17T20:40:08.225876+09:00
Editorial Studio,110.0,10.0,success,False,2026-08-17T20:41:46.079279+09:00
Editorial Sync,,,failed,False,2026-08-17T20:43:55.064759+09:00
Editorial Tracker,20.0,6.0,success,False,2026-08-17T20:44:37.629482+09:00
Editorial Trail,,,failed,False,2026-08-17T21:37:57.485180+09:00
Editorial Vault,,,failed,False,2026-08-17T20:37:58.727524+09:00
Editorial Wave,,,failed,False,2026-08-17T21:35:14.152571+09:00
Editorial Zone,,,failed,False,2026-08-17T20:37:26.547523+09:00
Efficiency Anchor,,,failed,False,2026-08-17T20:37:47.401646+09:00
Efficiency Atlas,,,failed,False,2026-08-17T21:37:44.992622+09:00
Efficiency Base,,,failed,False,2026-08-17T21:33:59.802696+09:00
Efficiency Beacon,,,failed,False,2026-08-17T20:41:09.985510+09:00
Efficiency Board,10.0,2.0,success,False,2026-08-17T21:30:41.512165+09:00
Efficiency Bridge,,,failed,False,2026-08-17T20:38:36.286112+09:00
Efficiency Cascade,,,failed,False,2026-08-17T20:39:32.550443+09:00
Efficiency Center,480.0,6.0,success,False,2026-08-17T20:43:15.863986+09:00
Efficiency Chain,,,failed,False,2026-08-17T20:32:21.226449+09:00
Efficiency Compass,,,failed,False,2026-08-17T20:42:00.146835+09:00
Efficiency Console,,,failed,False,2026-08-17T20:40:48.754907+09:00
Efficiency Core,880.0,1.0,success,False,2026-08-17T21:33:02.340741+09:00
Efficiency Deck,,,failed,False,2026-08-17T20:48:23.905428+09:00
Efficiency Desk,20.0,90.0,success,False,2026-08-17T20:45:33.619281+09:00
Efficiency Dial,,,failed,False,2026-08-17T20:39:09.333217+09:00
Efficiency Dock,,,failed,False,2026-08-17T20:35:19.683482+09:00
Efficiency Flow,,,failed,False,2026-08-17T21:30:08.257838+09:00
Efficiency Forge,,,failed,False,2026-08-17T20:40:26.535789+09:00
Efficiency Frame,,,failed,False,2026-08-17T21:35:02.943607+09:00
Efficiency Gate,,,failed,False,2026-08-17T21:41:14.862117+09:00
Efficiency Grid,,,failed,False,2026-08-17T20:32:57.689274+09:00
Efficiency Guard,,,failed,False,2026-08-17T21:33:28.260657+09:00
Efficiency Hub,30.0,4.0,success,False,2026-08-17T20:47:45.474295+09:00
Efficiency Keeper,,,failed,False,2026-08-17T21:35:36.118436+09:00
Efficiency Lab,110.0,2.0,success,False,2026-08-17T20:45:56.929111+09:00
Efficiency Ledger,,,failed,False,2026-08-17T21:31:49.761986+09:00
Efficiency Lens,,,failed,False,2026-08-17T21:36:07.544663+09:00
Efficiency Lock,,,failed,False,2026-08-17T21:38:15.647846+09:00
Efficiency Loop,,,failed,False,2026-08-17T20:34:01.116253+09:00
Efficiency Manager,170.0,1.0,success,False,2026-08-17T21:34:29.947705+09:00
Efficiency Map,90.0,1.0,success,False,2026-08-17T21:37:05.127331+09:00
Efficiency Meter,40.0,21.0,success,False,2026-08-17T20:38:12.491374+09:00
Efficiency Nexus,,,failed,False,2026-08-17T21:39:05.774100+09:00
Efficiency Panel,,,failed,False,2026-08-17T20:40:01.743309+09:00
Efficiency Path,,,failed,False,2026-08-17T21:41:44.845375+09:00
Efficiency Pilot,,,failed,False,2026-08-17T20:46:26.563596+09:00
Efficiency Point,50.0,0.0,success,False,2026-08-17T21:39:57.727763+09:00
Efficiency Portal,,,failed,False,2026-08-17T20:41:35.724700+09:00
Efficiency Pulse,,,failed,False,2026-08-17T20:31:46.547401+09:00
Efficiency Radar,,,failed,False,2026-08-17T20:44:29.668652+09:00
Efficiency Rail,,,failed,False,2026-08-17T20:34:23.568448+09:00
Efficiency Relay,,,failed,False,2026-08-17T20:43:44.073906+09:00
Efficiency Route,,,failed,False,2026-08-17T20:36:17.521162+09:00
Efficiency Scale,590.0,0.0,success,False,2026-08-17T20:37:16.947301+09:00
Efficiency Scope,,,failed,False,2026-08-17T20:34:51.045190+09:00
Efficiency Sentry,,,failed,False,2026-08-17T21:36:36.847955+09:00
Efficiency Signal,,,failed,False,2026-08-17T20:36:48.387810+09:00
Efficiency Station,,,failed,False,2026-08-17T20:45:10.862003+09:00
Efficiency Studio,260.0,12.0,success,False,2026-08-17T20:47:04.642239+09:00
Efficiency Sync,,,failed,False,2026-08-17T21:31:15.457583+09:00
Efficiency Tracker,170.0,9.0,success,False,2026-08-17T21:32:25.465592+09:00
Efficiency Trail,,,failed,False,2026-08-17T20:33:31.328442+09:00
Efficiency Vault,,,failed,False,2026-08-17T20:42:47.401639+09:00
Efficiency Watch,,,failed,False,2026-08-17T20:35:50.076535+09:00
Efficiency Zone,10.0,0.0,success,False,2026-08-17T20:42:19.428112+09:00
Endpoint Anchor,,,failed,False,2026-08-17T20:45:55.190861+09:00
Endpoint Atlas,,,failed,False,2026-08-17T20:36:47.157974+09:00
Endpoint Base,,,failed,False,2026-08-17T20:33:30.325030+09:00
Endpoint Beacon,,,failed,False,2026-08-17T21:31:46.266854+09:00
Endpoint Bridge,,,failed,False,2026-08-17T20:47:00.954455+09:00
Endpoint Cascade,,,failed,False,2026-08-17T20:48:21.583177+09:00
Endpoint Center,6600.0,31.0,success,False,2026-08-17T21:34:29.947705+09:00
Endpoint Chain,,,failed,False,2026-08-17T20:41:08.316613+09:00
Endpoint Compass,,,failed,False,2026-08-17T21:33:00.443260+09:00
Endpoint Console,10.0,32.0,success,False,2026-08-17T21:31:11.680234+09:00
Endpoint Core,,,failed,False,2026-08-17T20:32:17.131006+09:00
Endpoint Deck,,,failed,False,2026-08-17T21:41:12.952922+09:00
Endpoint Desk,,,failed,False,2026-08-17T21:37:05.127331+09:00
Endpoint Dial,,,failed,False,2026-08-17T20:47:45.474295+09:00
Endpoint Dock,,,failed,False,2026-08-17T20:43:42.299051+09:00
Endpoint Flow,,,failed,False,2026-08-17T21:41:42.015478+09:00
Endpoint Forge,,,failed,False,2026-08-17T21:30:38.829852+09:00
Endpoint Frame,,,failed,False,2026-08-17T20:34:22.385109+09:00
Endpoint Gate,,,failed,False,2026-08-17T20:38:35.163236+09:00
Endpoint Grid,,,failed,False,2026-08-17T20:41:33.336783+09:00
Endpoint Guard,,,failed,False,2026-08-17T20:32:55.422953+09:00
Endpoint Hub,,,failed,False,2026-08-17T21:39:44.948189+09:00
Endpoint Keeper,,,failed,False,2026-08-17T20:34:48.922886+09:00
Endpoint Lab,,,failed,False,2026-08-17T21:37:42.380657+09:00
Endpoint Lens,,,failed,False,2026-08-17T20:35:18.626237+09:00
Endpoint Lock,30.0,66.0,success,False,2026-08-17T20:37:15.920679+09:00
Endpoint Loop,,,failed,False,2026-08-17T20:42:18.152107+09:00
Endpoint Manager,1300.0,36.0,success,False,2026-08-17T20:33:59.012811+09:00
Endpoint Map,,,failed,False,2026-08-17T20:36:14.881787+09:00
Endpoint Meter,,,failed,False,2026-08-17T20:46:23.888336+09:00
Endpoint Nexus,,,failed,False,2026-08-17T20:37:45.876313+09:00
Endpoint Node,70.0,6.0,success,False,2026-08-17T20:39:31.272188+09:00
Endpoint Panel,,,failed,False,2026-08-17T21:30:05.905035+09:00
Endpoint Path,50.0,0.0,success,False,2026-08-17T20:39:06.787331+09:00
Endpoint Pilot,,,failed,False,2026-08-17T21:38:15.647846+09:00
Endpoint Point,10.0,10.0,success,False,2026-08-17T20:38:11.520193+09:00
Endpoint Portal,40.0,29.0,success,False,2026-08-17T21:32:23.259221+09:00
Endpoint Pulse,10.0,29.0,success,False,2026-08-17T20:40:46.604989+09:00
Endpoint Radar,,,failed,False,2026-08-17T21:36:07.544663+09:00
Endpoint Rail,,,failed,False,2026-08-17T20:42:47.401639+09:00
Endpoint Relay,,,failed,False,2026-08-17T21:35:00.218033+09:00
Endpoint Route,10.0,0.0,success,False,2026-08-17T20:44:27.303320+09:00
Endpoint Scale,,,failed,False,2026-08-17T20:45:32.525368+09:00
Endpoint Scope,,,failed,False,2026-08-17T20:43:14.638625+09:00
Endpoint Sentry,,,failed,False,2026-08-17T20:35:48.969093+09:00
Endpoint Signal,,,failed,False,2026-08-17T20:45:09.617976+09:00
Endpoint Station,,,failed,False,2026-08-17T21:36:34.713232+09:00
Endpoint Studio,20.0,0.0,success,False,2026-08-17T21:39:05.774100+09:00
Endpoint Tracker,30.0,20.0,success,False,2026-08-17T20:31:44.848533+09:00
Endpoint Trail,,,failed,False,2026-08-17T20:41:58.937145+09:00
Endpoint Vault,,,failed,False,2026-08-17T21:33:59.802696+09:00
Endpoint Watch,,,failed,False,2026-08-17T20:44:09.032273+09:00
Endpoint Wave,,,failed,False,2026-08-17T20:39:59.910293+09:00
Endpoint Zone,10.0,,success,False,2026-08-17T21:33:26.536272+09:00
Engagement Anchor,,,failed,False,2026-08-17T20:44:25.446111+09:00
Engagement Atlas,,,failed,False,2026-08-17T20:35:16.626138+09:00
Engagement Base,,,failed,False,2026-08-17T20:31:41.996994+09:00
Engagement Beacon,,,failed,False,2026-08-17T21:30:02.792774+09:00
Engagement Board,1300.0,100.0,success,False,2026-08-17T21:39:40.995935+09:00
Engagement Bridge,30.0,8.0,success,False,2026-08-17T20:45:30.439940+09:00
Engagement Cascade,,,failed,False,2026-08-17T20:46:22.420312+09:00
Engagement Center,880.0,1.0,success,False,2026-08-17T21:32:57.336519+09:00
Engagement Chain,70.0,100.0,success,False,2026-08-17T20:39:57.613991+09:00
Engagement Compass,,,failed,False,2026-08-17T21:31:08.679950+09:00
Engagement Console,10.0,0.0,success,False,2026-08-17T20:48:18.389398+09:00
Engagement Deck,10.0,0.0,success,False,2026-08-17T21:38:13.718334+09:00
Engagement Desk,,,failed,False,2026-08-17T21:35:30.145341+09:00
Engagement Dial,,,failed,False,2026-08-17T20:45:54.147634+09:00
Engagement Dock,20.0,3.0,success,False,2026-08-17T20:42:16.988485+09:00
Engagement Flow,40.0,1.0,success,False,2026-08-17T21:39:02.253193+09:00
Engagement Forge,,,failed,False,2026-08-17T20:47:39.394205+09:00
Engagement Frame,1600.0,100.0,success,False,2026-08-17T20:32:53.240136+09:00
Engagement Gate,20.0,1.0,success,False,2026-08-17T20:37:14.189830+09:00
Engagement Grid,480.0,1.0,success,False,2026-08-17T20:40:21.350341+09:00
Engagement Hub,590.0,6.0,success,False,2026-08-17T21:37:39.097196+09:00
Engagement Keeper,,,failed,False,2026-08-17T20:33:24.231963+09:00
Engagement Lab,50.0,8.0,success,False,2026-08-17T21:36:05.315924+09:00
Engagement Ledger,,,failed,False,2026-08-17T21:41:39.306179+09:00
Engagement Lens,,,failed,False,2026-08-17T20:33:56.397010+09:00
Engagement Lock,40.0,26.0,success,False,2026-08-17T20:35:47.352548+09:00
Engagement Loop,140.0,3.0,success,False,2026-08-17T20:41:07.425187+09:00
Engagement Manager,6600.0,1.0,success,False,2026-08-17T20:32:14.147491+09:00
Engagement Map,260.0,100.0,success,False,2026-08-17T20:34:46.285590+09:00
Engagement Meter,40.0,16.0,success,False,2026-08-17T20:44:58.380838+09:00
Engagement Nexus,,,failed,False,2026-08-17T20:36:13.174234+09:00
Engagement Node,,,failed,False,2026-08-17T20:38:08.924079+09:00
Engagement Panel,30.0,6.0,success,False,2026-08-17T20:46:59.199715+09:00
Engagement Path,,,failed,False,2026-08-17T20:37:44.009684+09:00
Engagement Pilot,,,failed,False,2026-08-17T21:36:32.684484+09:00
Engagement Point,110.0,1.0,success,False,2026-08-17T20:36:43.272468+09:00
Engagement Portal,880.0,4.0,success,False,2026-08-17T21:30:37.005083+09:00
Engagement Pulse,110.0,20.0,success,False,2026-08-17T20:39:28.862436+09:00
Engagement Radar,20.0,1.0,success,False,2026-08-17T21:34:26.372304+09:00
Engagement Rail,,,failed,False,2026-08-17T20:41:30.101842+09:00
Engagement Relay,,,failed,False,2026-08-17T21:33:24.629057+09:00
Engagement Route,,,failed,False,2026-08-17T20:43:12.470155+09:00
Engagement Scale,140.0,0.0,success,False,2026-08-17T20:44:07.827451+09:00
Engagement Scope,90.0,1.0,success,False,2026-08-17T20:41:57.166662+09:00
Engagement Sentry,,,failed,False,2026-08-17T20:34:20.444490+09:00
Engagement Signal,70.0,3.0,success,False,2026-08-17T20:43:38.857738+09:00
Engagement Station,50.0,0.0,success,False,2026-08-17T21:34:57.125142+09:00
Engagement Studio,210.0,16.0,success,False,2026-08-17T21:37:02.739524+09:00
Engagement Sync,,,failed,False,2026-08-17T21:41:07.674308+09:00
Engagement Trail,,,failed,False,2026-08-17T20:40:45.689604+09:00
Engagement Vault,,,failed,False,2026-08-17T21:32:20.148818+09:00
Engagement Watch,880.0,100.0,success,False,2026-08-17T20:42:43.172174+09:00
Engagement Wave,,,failed,False,2026-08-17T20:38:33.752321+09:00
Engagement Zone,110.0,0.0,success,False,2026-08-17T21:31:44.399230+09:00
Enrollment Anchor,,,failed,False,2026-08-17T21:35:14.152571+09:00
Enrollment Atlas,,,failed,False,2026-08-17T20:42:52.966707+09:00
Enrollment Base,,,failed,False,2026-08-17T20:40:08.225876+09:00
Enrollment Beacon,,,failed,False,2026-08-17T21:40:41.309160+09:00
Enrollment Board,10.0,0.0,success,False,2026-08-17T20:37:26.547523+09:00
Enrollment Bridge,,,failed,False,2026-08-17T21:36:20.278504+09:00
Enrollment Cascade,,,failed,False,2026-08-17T21:37:21.496927+09:00
Enrollment Chain,,,failed,False,2026-08-17T20:47:58.336807+09:00
Enrollment Console,,,failed,False,2026-08-17T21:39:19.495692+09:00
Enrollment Core,,,failed,False,2026-08-17T20:39:15.324728+09:00
Enrollment Deck,,,failed,False,2026-08-17T20:36:26.800121+09:00
Enrollment Desk,40.0,2.0,success,False,2026-08-17T20:34:09.472739+09:00
Enrollment Dial,,,failed,False,2026-08-17T21:36:47.272145+09:00
Enrollment Dock,,,failed,False,2026-08-17T21:32:36.544768+09:00
Enrollment Flow,30.0,0.0,success,False,2026-08-17T20:36:59.320935+09:00
Enrollment Forge,,,failed,False,2026-08-17T21:38:29.386806+09:00
Enrollment Frame,,,failed,False,2026-08-17T20:40:52.985789+09:00
Enrollment Gate,,,failed,False,2026-08-17T20:44:37.629482+09:00
Enrollment Grid,,,failed,False,2026-08-17T20:48:34.410191+09:00
Enrollment Guard,,,failed,False,2026-08-17T20:39:41.640400+09:00
Enrollment Hub,110.0,0.0,success,False,2026-08-17T20:36:00.761105+09:00
Enrollment Keeper,,,failed,False,2026-08-17T20:41:16.510977+09:00
Enrollment Lab,,,failed,False,2026-08-17T20:34:34.179062+09:00
Enrollment Ledger,,,failed,False,2026-08-17T20:38:19.209708+09:00
Enrollment Lens,,,failed,False,2026-08-17T20:41:46.079279+09:00
Enrollment Lock,,,failed,False,2026-08-17T20:43:25.230587+09:00
Enrollment Loop,,,failed,False,2026-08-17T21:30:50.388708+09:00
Enrollment Manager,2400.0,5.0,success,False,2026-08-17T20:40:32.567080+09:00
Enrollment Map,,,failed,False,2026-08-17T20:42:29.560038+09:00
Enrollment Meter,,,failed,False,2026-08-17T21:35:44.584576+09:00
Enrollment Navigator,210.0,7.0,success,False,2026-08-17T22:51:32.586910+09:00
Enrollment Nexus,,,failed,False,2026-08-17T20:43:55.064759+09:00
Enrollment Node,,,failed,False,2026-08-17T20:45:42.370254+09:00
Enrollment Panel,,,failed,False,2026-08-17T21:37:55.576177+09:00
Enrollment Path,,,failed,False,2026-08-17T20:45:16.547101+09:00
Enrollment Pilot,,,failed,False,2026-08-17T20:35:00.475766+09:00
Enrollment Point,10.0,0.0,success,False,2026-08-17T20:44:17.126543+09:00
Enrollment Portal,1000.0,4.0,success,False,2026-08-17T21:41:22.072079+09:00
Enrollment Pulse,,,failed,False,2026-08-17T20:47:16.621554+09:00
Enrollment Radar,,,failed,False,2026-08-17T20:33:09.747000+09:00
Enrollment Rail,,,failed,False,2026-08-17T21:31:28.023870+09:00
Enrollment Relay,,,failed,False,2026-08-17T20:31:59.985806+09:00
Enrollment Route,,,failed,False,2026-08-17T21:33:36.085901+09:00
Enrollment Scale,,,failed,False,2026-08-17T21:34:39.149688+09:00
Enrollment Scope,,,failed,False,2026-08-17T21:31:59.895065+09:00
Enrollment Sentry,,,failed,False,2026-08-17T20:42:06.946542+09:00
Enrollment Signal,,,failed,False,2026-08-17T21:34:09.721109+09:00
Enrollment Station,50.0,16.0,success,False,2026-08-17T20:33:41.175079+09:00
Enrollment Studio,,,failed,False,2026-08-17T20:35:32.317442+09:00
Enrollment Sync,,,failed,False,2026-08-17T20:37:58.727524+09:00
Enrollment Tracker,260.0,3.0,success,False,2026-08-17T20:38:46.053243+09:00
Enrollment Trail,,,failed,False,2026-08-17T21:30:15.996537+09:00
Enrollment Watch,,,failed,False,2026-08-17T21:33:08.992358+09:00
Enrollment Wave,,,failed,False,2026-08-17T20:46:03.469899+09:00
Equipment Ledger,40.0,15.0,success,False,2026-08-17T22:49:21.662634+09:00
Escalation Anchor,,,failed,False,2026-08-17T20:34:36.732015+09:00
Escalation Atlas,,,failed,False,2026-08-17T21:34:12.134068+09:00
Escalation Base,,,failed,False,2026-08-17T21:30:22.425092+09:00
Escalation Beacon,,,failed,False,2026-08-17T20:38:23.394205+09:00
Escalation Board,40.0,1.0,success,False,2026-08-17T20:45:45.792269+09:00
Escalation Bridge,,,failed,False,2026-08-17T20:35:35.063549+09:00
Escalation Cascade,,,failed,False,2026-08-17T20:36:28.708934+09:00
Escalation Center,,,failed,False,2026-08-17T20:40:34.523017+09:00
Escalation Chain,50.0,0.0,success,False,2026-08-17T21:40:47.686331+09:00
Escalation Compass,,,failed,False,2026-08-17T20:39:17.196343+09:00
Escalation Console,,,failed,False,2026-08-17T20:37:59.877456+09:00
Escalation Core,10.0,0.0,success,False,2026-08-17T20:48:02.919436+09:00
Escalation Deck,,,failed,False,2026-08-17T20:44:43.054193+09:00
Escalation Desk,140.0,0.0,success,False,2026-08-17T20:42:32.290659+09:00
Escalation Dial,,,failed,False,2026-08-17T20:36:02.767132+09:00
Escalation Dock,,,failed,False,2026-08-17T20:32:02.325008+09:00
Escalation Flow,90.0,1.0,success,False,2026-08-17T20:45:18.923986+09:00
Escalation Forge,,,failed,False,2026-08-17T20:37:28.424048+09:00
Escalation Frame,,,failed,False,2026-08-17T21:31:30.369012+09:00
Escalation Gate,,,failed,False,2026-08-17T21:36:22.095100+09:00
Escalation Grid,10.0,0.0,success,False,2026-08-17T21:41:28.759770+09:00
Escalation Guard,,,failed,False,2026-08-17T20:48:37.567206+09:00
Escalation Hub,,,failed,False,2026-08-17T20:44:20.013961+09:00
Escalation Keeper,,,failed,False,2026-08-17T21:32:03.436124+09:00
Escalation Lab,,,failed,False,2026-08-17T20:42:59.992193+09:00
Escalation Ledger,,,failed,False,2026-08-17T20:46:46.837602+09:00
Escalation Lens,,,failed,False,2026-08-17T21:32:40.946824+09:00
Escalation Lock,,,failed,False,2026-08-17T21:34:42.632014+09:00
Escalation Manager,320.0,0.0,success,False,2026-08-17T21:30:53.341117+09:00
Escalation Map,110.0,0.0,success,False,2026-08-17T21:33:40.096792+09:00
Escalation Meter,,,failed,False,2026-08-17T20:35:04.556306+09:00
Escalation Nexus,,,failed,False,2026-08-17T21:35:16.200596+09:00
Escalation Node,,,failed,False,2026-08-17T21:37:24.355362+09:00
Escalation Organizer,,,failed,False,2026-08-17T22:46:53.613180+09:00
Escalation Panel,,,failed,False,2026-08-17T20:37:00.325562+09:00
Escalation Path,880.0,0.0,success,False,2026-08-17T21:36:50.527973+09:00
Escalation Pilot,,,failed,False,2026-08-17T20:43:29.254301+09:00
Escalation Point,480.0,0.0,success,False,2026-08-17T21:35:49.618076+09:00
Escalation Portal,10.0,0.0,success,False,2026-08-17T20:38:48.292759+09:00
Escalation Pulse,,,failed,False,2026-08-17T21:39:22.624237+09:00
Escalation Radar,,,failed,False,2026-08-17T20:41:47.517366+09:00
Escalation Relay,,,failed,False,2026-08-17T20:40:55.263419+09:00
Escalation Route,30.0,0.0,success,False,2026-08-17T20:33:10.817795+09:00
Escalation Scale,50.0,0.0,success,False,2026-08-17T20:34:11.615000+09:00
Escalation Sentry,,,failed,False,2026-08-17T21:33:13.463030+09:00
Escalation Signal,,,failed,False,2026-08-17T20:33:43.675774+09:00
Escalation Station,,,failed,False,2026-08-17T20:42:08.223187+09:00
Escalation Studio,,,failed,False,2026-08-17T20:43:56.267353+09:00
Escalation Sync,,,failed,False,2026-08-17T20:46:07.350212+09:00
Escalation Tracker,210.0,5.0,success,False,2026-08-17T20:47:19.659128+09:00
Escalation Vault,,,failed,False,2026-08-17T20:40:13.744558+09:00
Escalation Watch,,,failed,False,2026-08-17T20:32:39.820797+09:00
Escalation Wave,,,failed,False,2026-08-17T21:38:00.601683+09:00
Escalation Zone,,,failed,False,2026-08-17T20:39:46.897200+09:00
Escrow Anchor,,,failed,False,2026-08-17T20:38:26.412397+09:00
Escrow Atlas,,,failed,False,2026-08-17T20:37:21.758511+09:00
Escrow Base,,,failed,False,2026-08-17T20:34:07.278551+09:00
Escrow Beacon,,,failed,False,2026-08-17T20:41:53.253624+09:00
Escrow Bridge,,,failed,False,2026-08-17T20:39:21.363517+09:00
Escrow Cascade,,,failed,False,2026-08-17T20:40:17.203996+09:00
Escrow Center,40.0,2.0,success,False,2026-08-17T20:44:01.266186+09:00
Escrow Chain,,,failed,False,2026-08-17T20:33:18.087238+09:00
Escrow Compass,,,failed,False,2026-08-17T20:42:40.071307+09:00
Escrow Console,,,failed,False,2026-08-17T20:41:22.469867+09:00
Escrow Core,,,failed,False,2026-08-17T20:33:05.160713+09:00
Escrow Deck,,,failed,False,2026-08-17T21:30:27.922058+09:00
Escrow Desk,,,failed,False,2026-08-17T20:46:14.149623+09:00
Escrow Dial,,,failed,False,2026-08-17T20:39:51.023967+09:00
Escrow Dock,,,failed,False,2026-08-17T20:36:08.746361+09:00
Escrow Forge,,,failed,False,2026-08-17T20:41:01.819842+09:00
Escrow Frame,,,failed,False,2026-08-17T20:34:58.202084+09:00
Escrow Grid,,,failed,False,2026-08-17T20:33:48.971139+09:00
Escrow Guard,,,failed,False,2026-08-17T20:33:40.236931+09:00
Escrow Hub,50.0,15.0,success,False,2026-08-17T20:48:45.753465+09:00
Escrow Keeper,,,failed,False,2026-08-17T20:35:25.429619+09:00
Escrow Lab,20.0,15.0,success,False,2026-08-17T20:46:53.844827+09:00
Escrow Ledger,20.0,1.0,success,False,2026-08-17T20:31:58.373055+09:00
Escrow Lens,,,failed,False,2026-08-17T20:35:55.625501+09:00
Escrow Lock,30.0,7.0,success,False,2026-08-17T20:37:55.339961+09:00
Escrow Loop,,,failed,False,2026-08-17T20:34:42.726088+09:00
Escrow Manager,50.0,0.0,success,False,2026-08-17T20:34:33.124318+09:00
Escrow Map,,,failed,False,2026-08-17T20:36:55.192509+09:00
Escrow Meter,,,failed,False,2026-08-17T20:38:58.199942+09:00
Escrow Nexus,,,failed,False,2026-08-17T20:38:16.946588+09:00
Escrow Panel,,,failed,False,2026-08-17T20:40:41.186342+09:00
Escrow Pilot,,,failed,False,2026-08-17T20:47:28.313560+09:00
Escrow Point,10.0,0.0,success,False,2026-08-17T20:38:41.975413+09:00
Escrow Portal,,,failed,False,2026-08-17T20:42:12.704128+09:00
Escrow Pulse,,,failed,False,2026-08-17T20:32:46.505342+09:00
Escrow Radar,,,failed,False,2026-08-17T20:45:24.269018+09:00
Escrow Rail,,,failed,False,2026-08-17T20:35:09.040915+09:00
Escrow Relay,,,failed,False,2026-08-17T20:44:22.162347+09:00
Escrow Route,,,failed,False,2026-08-17T20:37:05.313557+09:00
Escrow Scale,,,failed,False,2026-08-17T20:38:04.703276+09:00
Escrow Scope,,,failed,False,2026-08-17T20:35:40.356029+09:00
Escrow Sentry,,,failed,False,2026-08-17T20:36:21.712002+09:00
Escrow Signal,,,failed,False,2026-08-17T20:37:34.472176+09:00
Escrow Station,,,failed,False,2026-08-17T20:45:50.172264+09:00
Escrow Studio,10.0,1.0,success,False,2026-08-17T20:48:09.439521+09:00
Escrow Tracker,20.0,7.0,success,False,2026-08-17T20:32:30.733040+09:00
Escrow Trail,,,failed,False,2026-08-17T20:34:17.127214+09:00
Escrow Vault,30.0,19.0,success,False,2026-08-17T20:43:32.566232+09:00
Escrow Watch,,,failed,False,2026-08-17T20:36:38.149505+09:00
Escrow Wave,,,failed,False,2026-08-17T20:31:35.680631+09:00
Escrow Zone,,,failed,False,2026-08-17T20:43:05.974432+09:00
Exhibitor Anchor,,,failed,False,2026-08-17T21:31:46.266854+09:00
Exhibitor Atlas,,,failed,False,2026-08-17T20:40:24.654920+09:00
Exhibitor Base,,,failed,False,2026-08-17T20:37:16.947301+09:00
Exhibitor Beacon,,,failed,False,2026-08-17T21:36:07.544663+09:00
Exhibitor Board,,,failed,False,2026-08-17T20:34:23.568448+09:00
Exhibitor Bridge,,,failed,False,2026-08-17T21:33:00.443260+09:00
Exhibitor Cascade,,,failed,False,2026-08-17T21:33:59.802696+09:00
Exhibitor Center,10.0,24.0,success,False,2026-08-17T21:39:05.774100+09:00
Exhibitor Chain,,,failed,False,2026-08-17T20:44:27.303320+09:00
Exhibitor Compass,,,failed,False,2026-08-17T21:37:05.127331+09:00
Exhibitor Console,,,failed,False,2026-08-17T21:35:33.419897+09:00
Exhibitor Core,,,failed,False,2026-08-17T20:36:17.521162+09:00
Exhibitor Deck,,,failed,False,2026-08-17T20:33:30.325030+09:00
Exhibitor Dial,,,failed,False,2026-08-17T21:33:26.536272+09:00
Exhibitor Dock,,,failed,False,2026-08-17T20:47:45.474295+09:00
Exhibitor Flow,,,failed,False,2026-08-17T20:33:59.012811+09:00
Exhibitor Forge,,,failed,False,2026-08-17T21:35:00.218033+09:00
Exhibitor Frame,,,failed,False,2026-08-17T20:38:11.520193+09:00
Exhibitor Gate,,,failed,False,2026-08-17T20:41:58.937145+09:00
Exhibitor Grid,,,failed,False,2026-08-17T20:45:09.617976+09:00
Exhibitor Guard,,,failed,False,2026-08-17T20:36:48.387810+09:00
Exhibitor Hub,320.0,11.0,success,False,2026-08-17T20:32:55.422953+09:00
Exhibitor Keeper,,,failed,False,2026-08-17T20:38:36.286112+09:00
Exhibitor Ledger,,,failed,False,2026-08-17T20:35:18.626237+09:00
Exhibitor Lens,,,failed,False,2026-08-17T20:39:06.787331+09:00
Exhibitor Lock,,,failed,False,2026-08-17T20:40:46.604989+09:00
Exhibitor Loop,,,failed,False,2026-08-17T20:45:55.190861+09:00
Exhibitor Manager,,,failed,False,2026-08-17T20:37:45.876313+09:00
Exhibitor Map,40.0,0.0,success,False,2026-08-17T20:39:59.910293+09:00
Exhibitor Meter,,,failed,False,2026-08-17T21:32:23.259221+09:00
Exhibitor Nexus,,,failed,False,2026-08-17T20:41:08.316613+09:00
Exhibitor Node,,,failed,False,2026-08-17T20:42:47.401639+09:00
Exhibitor Panel,,,failed,False,2026-08-17T21:34:29.947705+09:00
Exhibitor Path,,,failed,False,2026-08-17T20:42:18.152107+09:00
Exhibitor Pilot,,,failed,False,2026-08-17T20:31:46.547401+09:00
Exhibitor Point,,,failed,False,2026-08-17T20:41:33.336783+09:00
Exhibitor Portal,390.0,7.0,success,False,2026-08-17T21:36:34.713232+09:00
Exhibitor Pulse,,,failed,False,2026-08-17T20:44:09.032273+09:00
Exhibitor Radar,,,failed,False,2026-08-17T21:41:42.015478+09:00
Exhibitor Rail,,,failed,False,2026-08-17T20:46:23.888336+09:00
Exhibitor Relay,,,failed,False,2026-08-17T21:39:44.948189+09:00
Exhibitor Route,,,failed,False,2026-08-17T21:30:05.905035+09:00
Exhibitor Scale,,,failed,False,2026-08-17T21:31:11.680234+09:00
Exhibitor Scope,,,failed,False,2026-08-17T20:47:04.642239+09:00
Exhibitor Sentry,,,failed,False,2026-08-17T20:39:31.272188+09:00
Exhibitor Signal,,,failed,False,2026-08-17T21:30:38.829852+09:00
Exhibitor Studio,,,failed,False,2026-08-17T20:32:17.131006+09:00
Exhibitor Sync,,,failed,False,2026-08-17T20:34:48.922886+09:00
Exhibitor Tracker,,,failed,False,2026-08-17T20:35:48.969093+09:00
Exhibitor Trail,,,failed,False,2026-08-17T20:45:32.525368+09:00
Exhibitor Vault,,,failed,False,2026-08-17T21:38:15.647846+09:00
Exhibitor Watch,,,failed,False,2026-08-17T20:48:21.583177+09:00
Exhibitor Wave,,,failed,False,2026-08-17T20:43:14.638625+09:00
Exhibitor Zone,40.0,9.0,success,False,2026-08-17T21:37:42.380657+09:00
Expense Anchor,,,failed,False,2026-08-17T20:38:03.705761+09:00
Expense Atlas,,,failed,False,2026-08-17T21:38:03.717082+09:00
Expense Base,10.0,2.0,success,False,2026-08-17T21:34:17.965302+09:00
Expense Beacon,,,failed,False,2026-08-17T20:41:20.787117+09:00
Expense Board,,,failed,False,2026-08-17T21:30:57.458125+09:00
Expense Bridge,,,failed,False,2026-08-17T20:38:53.767345+09:00
Expense Cascade,,,failed,False,2026-08-17T20:39:49.091027+09:00
Expense Center,590.0,21.0,success,False,2026-08-17T20:43:30.530213+09:00
Expense Chain,,,failed,False,2026-08-17T20:32:41.344957+09:00
Expense Compass,,,failed,False,2026-08-17T20:42:11.427186+09:00
Expense Console,,,failed,False,2026-08-17T20:41:00.568700+09:00
Expense Core,,,failed,False,2026-08-17T21:33:17.550972+09:00
Expense Deck,,,failed,False,2026-08-17T20:48:40.258747+09:00
Expense Desk,,,failed,False,2026-08-17T20:45:48.787557+09:00
Expense Dial,,,failed,False,2026-08-17T20:39:20.129592+09:00
Expense Dock,,,failed,False,2026-08-17T20:35:38.392873+09:00
Expense Flow,90.0,15.0,success,False,2026-08-17T21:30:24.502544+09:00
Expense Forge,,,failed,False,2026-08-17T20:40:36.395454+09:00
Expense Frame,,,failed,False,2026-08-17T21:35:18.423759+09:00
Expense Gate,,,failed,False,2026-08-17T21:41:31.698252+09:00
Expense Grid,,,failed,False,2026-08-17T20:33:16.020559+09:00
Expense Guard,,,failed,False,2026-08-17T21:33:42.291802+09:00
Expense Hub,880.0,4.0,success,False,2026-08-17T20:48:06.680156+09:00
Expense Keeper,10.0,44.0,success,False,2026-08-17T21:35:52.306880+09:00
Expense Lab,,,failed,False,2026-08-17T20:46:12.433556+09:00
Expense Ledger,590.0,82.0,success,False,2026-08-17T21:32:05.797514+09:00
Expense Lens,,,failed,False,2026-08-17T21:36:26.445152+09:00
Expense Lock,,,failed,False,2026-08-17T21:38:35.218560+09:00
Expense Loop,,,failed,False,2026-08-17T20:34:16.019094+09:00
Expense Manager,1900.0,15.0,success,False,2026-08-17T21:34:50.586670+09:00
Expense Map,,,failed,False,2026-08-17T21:37:30.311680+09:00
Expense Meter,10.0,2.0,success,False,2026-08-17T20:38:24.877008+09:00
Expense Nexus,,,failed,False,2026-08-17T21:39:25.145394+09:00
Expense Panel,,,failed,False,2026-08-17T20:40:15.034726+09:00
Expense Pilot,,,failed,False,2026-08-17T20:46:49.856300+09:00
Expense Point,2400.0,12.0,success,False,2026-08-17T21:40:51.783967+09:00
Expense Portal,210.0,15.0,success,False,2026-08-17T20:41:50.983322+09:00
Expense Pulse,,,failed,False,2026-08-17T20:32:07.300250+09:00
Expense Radar,,,failed,False,2026-08-17T20:44:45.631544+09:00
Expense Rail,,,failed,False,2026-08-17T20:34:38.143389+09:00
Expense Relay,,,failed,False,2026-08-17T20:43:58.581518+09:00
Expense Route,,,failed,False,2026-08-17T20:36:35.862750+09:00
Expense Scale,,,failed,False,2026-08-17T20:37:32.011303+09:00
Expense Scope,,,failed,False,2026-08-17T20:35:06.364440+09:00
Expense Sentry,,,failed,False,2026-08-17T21:36:52.396982+09:00
Expense Signal,,,failed,False,2026-08-17T20:37:03.531282+09:00
Expense Station,,,failed,False,2026-08-17T20:45:22.370262+09:00
Expense Studio,,,failed,False,2026-08-17T20:47:25.656493+09:00
Expense Sync,10.0,14.0,success,False,2026-08-17T21:31:33.014186+09:00
Expense Tracker,27100.0,49.0,success,False,2026-08-17T21:32:45.123730+09:00
Expense Trail,,,failed,False,2026-08-17T20:33:46.243100+09:00
Expense Vault,,,failed,False,2026-08-17T20:43:01.991108+09:00
Expense Watch,170.0,96.0,success,False,2026-08-17T20:36:06.570384+09:00
Expense Zone,,,failed,False,2026-08-17T20:42:34.302604+09:00
Extraction Console,,,failed,False,2026-08-17T22:46:53.613180+09:00
Extraction Lens,,,failed,False,2026-08-17T22:51:32.586910+09:00
Family Bridge,1300.0,1.0,success,False,2026-08-17T22:48:03.176041+09:00
Family Loop,50.0,7.0,success,False,2026-08-17T22:48:05.376281+09:00
Feed Anchor,,,failed,False,2026-08-17T20:34:33.124318+09:00
Feed Atlas,,,failed,False,2026-08-17T21:34:09.721109+09:00
Feed Base,50.0,1.0,success,False,2026-08-17T21:30:15.996537+09:00
Feed Beacon,,,failed,False,2026-08-17T20:38:16.946588+09:00
Feed Board,260.0,11.0,success,False,2026-08-17T20:45:40.214755+09:00
Feed Bridge,,,failed,False,2026-08-17T20:35:28.436030+09:00
Feed Cascade,,,failed,False,2026-08-17T20:36:22.753454+09:00
Feed Center,320.0,2.0,success,False,2026-08-17T20:40:31.600880+09:00
Feed Chain,320.0,13.0,success,False,2026-08-17T21:40:41.309160+09:00
Feed Compass,10.0,0.0,success,False,2026-08-17T20:39:13.606540+09:00
Feed Console,,,failed,False,2026-08-17T20:37:57.626492+09:00
Feed Core,,,failed,False,2026-08-17T20:47:58.336807+09:00
Feed Deck,20.0,0.0,success,False,2026-08-17T20:44:37.629482+09:00
Feed Desk,10.0,0.0,success,False,2026-08-17T20:42:24.319818+09:00
Feed Dial,10.0,0.0,success,False,2026-08-17T20:35:59.491401+09:00
Feed Dock,10.0,0.0,success,False,2026-08-17T20:31:58.373055+09:00
Feed Flow,880.0,0.0,success,False,2026-08-17T20:45:15.345040+09:00
Feed Forge,10.0,2.0,success,False,2026-08-17T20:37:24.505740+09:00
Feed Frame,320.0,70.0,success,False,2026-08-17T21:31:23.168898+09:00
Feed Gate,260.0,67.0,success,False,2026-08-17T21:36:17.240271+09:00
Feed Grid,110.0,4.0,success,False,2026-08-17T21:41:22.072079+09:00
Feed Guard,70.0,37.0,success,False,2026-08-17T20:48:31.729678+09:00
Feed Hub,170.0,11.0,success,False,2026-08-17T20:44:15.738532+09:00
Feed Keeper,10.0,36.0,success,False,2026-08-17T21:31:56.784481+09:00
Feed Lab,390.0,11.0,success,False,2026-08-17T20:42:52.966707+09:00
Feed Ledger,,,failed,False,2026-08-17T20:46:31.116711+09:00
Feed Lens,,,failed,False,2026-08-17T21:32:33.876836+09:00
Feed Lock,140.0,79.0,success,False,2026-08-17T21:34:37.066296+09:00
Feed Manager,720.0,9.0,success,False,2026-08-17T21:30:47.592348+09:00
Feed Map,70.0,1.0,success,False,2026-08-17T21:33:36.085901+09:00
Feed Meter,720.0,1.0,success,False,2026-08-17T20:35:00.475766+09:00
Feed Nexus,,,failed,False,2026-08-17T21:35:11.471835+09:00
Feed Node,,,failed,False,2026-08-17T21:37:17.917122+09:00
Feed Panel,880.0,27.0,success,False,2026-08-17T20:36:56.303275+09:00
Feed Path,20.0,0.0,success,False,2026-08-17T21:36:43.981322+09:00
Feed Pilot,90.0,2.0,success,False,2026-08-17T20:43:25.230587+09:00
Feed Point,320.0,3.0,success,False,2026-08-17T21:35:44.584576+09:00
Feed Portal,90.0,30.0,success,False,2026-08-17T20:38:43.149907+09:00
Feed Pulse,10.0,0.0,success,False,2026-08-17T21:39:15.761980+09:00
Feed Radar,10.0,0.0,success,False,2026-08-17T20:41:42.376478+09:00
Feed Relay,,,failed,False,2026-08-17T20:40:52.069695+09:00
Feed Route,,,failed,False,2026-08-17T20:33:08.305690+09:00
Feed Scale,320.0,98.0,success,False,2026-08-17T20:34:08.377719+09:00
Feed Sentry,,,failed,False,2026-08-17T21:33:08.992358+09:00
Feed Signal,10.0,0.0,success,False,2026-08-17T20:33:40.236931+09:00
Feed Station,1000.0,52.0,success,False,2026-08-17T20:42:04.175878+09:00
Feed Studio,90.0,4.0,success,False,2026-08-17T20:43:51.758171+09:00
Feed Sync,390.0,3.0,success,False,2026-08-17T20:46:03.469899+09:00
Feed Tracker,140.0,5.0,success,False,2026-08-17T20:47:13.736905+09:00
Feed Trail,20.0,16.0,success,False,2026-08-17T21:41:53.145173+09:00
Feed Vault,,,failed,False,2026-08-17T20:40:06.808560+09:00
Feed Watch,390.0,3.0,success,False,2026-08-17T20:32:32.905502+09:00
Feed Wave,,,failed,False,2026-08-17T21:37:55.576177+09:00
Feed Zone,880.0,24.0,success,False,2026-08-17T20:39:37.454360+09:00
Feedback Anchor,,,failed,False,2026-08-17T20:40:52.985789+09:00
Feedback Base,,,failed,False,2026-08-17T20:35:18.626237+09:00
Feedback Board,480.0,13.0,success,False,2026-08-17T20:32:17.131006+09:00
Feedback Bridge,40.0,0.0,success,False,2026-08-17T20:41:42.376478+09:00
Feedback Cascade,30.0,0.0,success,False,2026-08-17T20:42:24.319818+09:00
Feedback Center,110.0,1.0,success,False,2026-08-17T20:33:08.305690+09:00
Feedback Chain,20.0,17.0,success,False,2026-08-17T20:35:59.491401+09:00
Feedback Console,,,failed,False,2026-08-17T20:43:51.758171+09:00
Feedback Core,,,failed,False,2026-08-17T20:34:23.568448+09:00
Feedback Desk,30.0,6.0,success,False,2026-08-17T20:35:25.429619+09:00
Feedback Dial,,,failed,False,2026-08-17T20:42:04.175878+09:00
Feedback Dock,,,failed,False,2026-08-17T20:38:43.149907+09:00
Feedback Flow,90.0,5.0,success,False,2026-08-17T20:31:44.848533+09:00
Feedback Forge,,,failed,False,2026-08-17T20:43:25.230587+09:00
Feedback Frame,210.0,2.0,success,False,2026-08-17T20:36:14.881787+09:00
Feedback Gate,,,failed,False,2026-08-17T20:33:08.305690+09:00
Feedback Grid,880.0,2.0,success,False,2026-08-17T20:36:22.753454+09:00
Feedback Guard,,,failed,False,2026-08-17T20:34:48.922886+09:00
Feedback Keeper,,,failed,False,2026-08-17T20:36:47.157974+09:00
Feedback Lab,210.0,1.0,success,False,2026-08-17T20:35:59.491401+09:00
Feedback Ledger,,,failed,False,2026-08-17T20:33:30.325030+09:00
Feedback Lens,1000.0,1.0,success,False,2026-08-17T20:37:15.920679+09:00
Feedback Loop,33100.0,1.0,success,False,2026-08-17T20:37:24.505740+09:00
Feedback Manager,170.0,13.0,success,False,2026-08-17T20:35:48.969093+09:00
Feedback Meter,20.0,2.0,success,False,2026-08-17T20:41:16.510977+09:00
Feedback Nexus,,,failed,False,2026-08-17T20:31:59.985806+09:00
Feedback Node,50.0,1.0,success,False,2026-08-17T20:34:08.377719+09:00
Feedback Panel,480.0,1.0,success,False,2026-08-17T20:42:52.966707+09:00
Feedback Path,50.0,0.0,success,False,2026-08-17T20:33:41.175079+09:00
Feedback Pilot,,,failed,False,2026-08-17T20:36:22.753454+09:00
Feedback Point,140.0,1.0,success,False,2026-08-17T20:32:32.905502+09:00
Feedback Pulse,110.0,27.0,success,False,2026-08-17T20:35:28.436030+09:00
Feedback Radar,,,failed,False,2026-08-17T20:34:33.124318+09:00
Feedback Rail,,,failed,False,2026-08-17T20:37:57.626492+09:00
Feedback Relay,110.0,4.0,success,False,2026-08-17T20:33:40.236931+09:00
Feedback Route,,,failed,False,2026-08-17T20:39:41.640400+09:00
Feedback Scale,140.0,7.0,success,False,2026-08-17T20:40:32.567080+09:00
Feedback Scope,,,failed,False,2026-08-17T20:38:19.209708+09:00
Feedback Sentry,,,failed,False,2026-08-17T20:37:45.876313+09:00
Feedback Signal,170.0,0.0,success,False,2026-08-17T20:40:08.225876+09:00
Feedback Station,1300.0,0.0,success,True,2026-08-17T20:34:58.202084+09:00
Feedback Sync,,,failed,False,2026-08-17T20:32:55.422953+09:00
Feedback Tracker,390.0,14.0,success,False,2026-08-17T20:33:59.012811+09:00
Feedback Trail,,,failed,False,2026-08-17T20:36:56.303275+09:00
Feedback Vault,,,failed,False,2026-08-17T20:32:32.905502+09:00
Feedback Watch,70.0,7.0,success,False,2026-08-17T20:39:15.324728+09:00
Feedback Wave,,,failed,False,2026-08-17T20:34:34.179062+09:00
Feedback Zone,40.0,1.0,success,False,2026-08-17T20:31:58.373055+09:00
Fertilizer Anchor,,,failed,False,2026-08-17T20:34:29.454165+09:00
Fertilizer Atlas,10.0,0.0,success,False,2026-08-17T21:34:01.777052+09:00
Fertilizer Base,,,failed,False,2026-08-17T21:30:10.122952+09:00
Fertilizer Beacon,,,failed,False,2026-08-17T20:38:13.537846+09:00
Fertilizer Board,90.0,0.0,success,False,2026-08-17T20:45:34.633599+09:00
Fertilizer Bridge,10.0,0.0,success,False,2026-08-17T20:35:20.751202+09:00
Fertilizer Cascade,,,failed,False,2026-08-17T20:36:18.497930+09:00
Fertilizer Center,50.0,0.0,success,False,2026-08-17T20:40:27.760312+09:00
Fertilizer Chain,10.0,14.0,success,False,2026-08-17T21:40:01.418165+09:00
Fertilizer Compass,,,failed,False,2026-08-17T20:39:11.470645+09:00
Fertilizer Console,,,failed,False,2026-08-17T20:37:49.257868+09:00
Fertilizer Core,,,failed,False,2026-08-17T20:47:50.375793+09:00
Fertilizer Deck,,,failed,False,2026-08-17T20:44:32.138425+09:00
Fertilizer Desk,,,failed,False,2026-08-17T20:42:21.345142+09:00
Fertilizer Dial,,,failed,False,2026-08-17T20:35:51.368204+09:00
Fertilizer Dock,,,failed,False,2026-08-17T20:31:52.293572+09:00
Fertilizer Flow,,,failed,False,2026-08-17T20:45:12.889782+09:00
Fertilizer Forge,,,failed,False,2026-08-17T20:37:18.091212+09:00
Fertilizer Frame,,,failed,False,2026-08-17T21:31:17.550614+09:00
Fertilizer Gate,50.0,0.0,success,False,2026-08-17T21:36:10.133574+09:00
Fertilizer Grid,,,failed,False,2026-08-17T21:41:16.664514+09:00
Fertilizer Guard,,,failed,False,2026-08-17T20:48:26.612997+09:00
Fertilizer Hub,,,failed,False,2026-08-17T20:44:10.950266+09:00
Fertilizer Keeper,,,failed,False,2026-08-17T21:31:52.108049+09:00
Fertilizer Lab,50.0,0.0,success,False,2026-08-17T20:42:49.578916+09:00
Fertilizer Ledger,,,failed,False,2026-08-17T20:46:27.690682+09:00
Fertilizer Lens,,,failed,False,2026-08-17T21:32:28.090728+09:00
Fertilizer Lock,,,failed,False,2026-08-17T21:34:31.783933+09:00
Fertilizer Manager,10.0,0.0,success,False,2026-08-17T21:30:43.453478+09:00
Fertilizer Map,6600.0,25.0,success,False,2026-08-17T21:33:30.231055+09:00
Fertilizer Meter,40.0,62.0,success,False,2026-08-17T20:34:53.035348+09:00
Fertilizer Nexus,,,failed,False,2026-08-17T21:35:06.399475+09:00
Fertilizer Node,,,failed,False,2026-08-17T21:37:08.932405+09:00
Fertilizer Panel,,,failed,False,2026-08-17T20:36:51.044622+09:00
Fertilizer Path,,,failed,False,2026-08-17T21:36:38.708092+09:00
Fertilizer Pilot,,,failed,False,2026-08-17T20:43:16.751377+09:00
Fertilizer Point,,,failed,False,2026-08-17T21:35:38.144027+09:00
Fertilizer Portal,70.0,3.0,success,False,2026-08-17T20:38:37.912313+09:00
Fertilizer Pulse,,,failed,False,2026-08-17T21:39:09.779186+09:00
Fertilizer Radar,,,failed,False,2026-08-17T20:41:38.152103+09:00
Fertilizer Relay,,,failed,False,2026-08-17T20:40:49.686418+09:00
Fertilizer Route,,,failed,False,2026-08-17T20:32:58.642411+09:00
Fertilizer Scale,90.0,73.0,success,False,2026-08-17T20:34:02.071546+09:00
Fertilizer Sentry,,,failed,False,2026-08-17T21:33:04.357190+09:00
Fertilizer Signal,,,failed,False,2026-08-17T20:33:33.696511+09:00
Fertilizer Station,10.0,0.0,success,False,2026-08-17T20:42:01.579820+09:00
Fertilizer Studio,,,failed,False,2026-08-17T20:43:46.830313+09:00
Fertilizer Sync,,,failed,False,2026-08-17T20:45:58.318950+09:00
Fertilizer Tracker,20.0,1.0,success,False,2026-08-17T20:47:07.356899+09:00
Fertilizer Trail,,,failed,False,2026-08-17T21:41:47.180143+09:00
Fertilizer Vault,,,failed,False,2026-08-17T20:40:03.112671+09:00
Fertilizer Watch,,,failed,False,2026-08-17T20:32:23.142780+09:00
Fertilizer Wave,,,failed,False,2026-08-17T21:37:46.877382+09:00
Fertilizer Zone,,,failed,False,2026-08-17T20:39:33.830984+09:00
Filing Anchor,,,failed,False,2026-08-17T20:40:55.263419+09:00
Filing Base,,,failed,False,2026-08-17T21:38:00.601683+09:00
Filing Beacon,,,failed,False,2026-08-17T20:44:20.013961+09:00
Filing Board,1900.0,73.0,success,False,2026-08-17T21:34:46.886716+09:00
Filing Bridge,,,failed,False,2026-08-17T20:41:48.704350+09:00
Filing Cascade,,,failed,False,2026-08-17T20:42:32.290659+09:00
Filing Center,1600.0,20.0,success,False,2026-08-17T20:46:46.837602+09:00
Filing Chain,,,failed,False,2026-08-17T20:36:04.789698+09:00
Filing Compass,,,failed,False,2026-08-17T20:45:18.923986+09:00
Filing Console,50.0,94.0,success,False,2026-08-17T20:43:56.267353+09:00
Filing Core,,,failed,False,2026-08-17T21:36:50.527973+09:00
Filing Deck,,,failed,False,2026-08-17T21:33:40.096792+09:00
Filing Desk,1000.0,100.0,success,False,2026-08-17T21:30:53.341117+09:00
Filing Dial,,,failed,False,2026-08-17T20:42:10.144192+09:00
Filing Dock,,,failed,False,2026-08-17T20:38:48.292759+09:00
Filing Flow,,,failed,False,2026-08-17T21:34:15.444697+09:00
Filing Forge,,,failed,False,2026-08-17T20:43:29.254301+09:00
Filing Frame,210.0,100.0,success,False,2026-08-17T21:39:22.624237+09:00
Filing Gate,,,failed,False,2026-08-17T20:33:15.121215+09:00
Filing Grid,,,failed,False,2026-08-17T20:36:31.502472+09:00
Filing Guard,,,failed,False,2026-08-17T21:37:24.355362+09:00
Filing Hub,10.0,14.0,success,False,2026-08-17T21:33:13.463030+09:00
Filing Keeper,,,failed,False,2026-08-17T21:40:49.556938+09:00
Filing Lab,,,failed,False,2026-08-17T21:31:30.369012+09:00
Filing Ledger,,,failed,False,2026-08-17T21:35:49.618076+09:00
Filing Lens,,,failed,False,2026-08-17T21:41:28.759770+09:00
Filing Loop,10.0,100.0,success,False,2026-08-17T20:37:29.909330+09:00
Filing Manager,246000.0,15.0,success,False,2026-08-17T21:38:32.905021+09:00
Filing Meter,,,failed,False,2026-08-17T20:41:19.373388+09:00
Filing Nexus,30.0,3.0,success,False,2026-08-17T20:32:02.325008+09:00
Filing Node,,,failed,False,2026-08-17T20:34:15.100698+09:00
Filing Panel,,,failed,False,2026-08-17T20:42:59.992193+09:00
Filing Path,10.0,0.0,success,False,2026-08-17T20:33:43.675774+09:00
Filing Pilot,,,failed,False,2026-08-17T21:32:03.436124+09:00
Filing Point,320.0,8.0,success,False,2026-08-17T20:32:39.820797+09:00
Filing Portal,1300.0,4.0,success,False,2026-08-17T20:44:43.054193+09:00
Filing Pulse,,,failed,False,2026-08-17T20:35:36.002153+09:00
Filing Radar,1000.0,0.0,success,True,2026-08-17T20:48:37.567206+09:00
Filing Rail,170.0,100.0,success,False,2026-08-17T20:37:59.877456+09:00
Filing Relay,,,failed,False,2026-08-17T20:47:23.581270+09:00
Filing Route,,,failed,False,2026-08-17T20:39:46.897200+09:00
Filing Scale,390.0,10.0,success,False,2026-08-17T20:40:34.523017+09:00
Filing Scope,,,failed,False,2026-08-17T20:38:23.394205+09:00
Filing Signal,,,failed,False,2026-08-17T20:40:13.744558+09:00
Filing Station,720.0,1.0,success,False,2026-08-17T21:30:22.425092+09:00
Filing Studio,320.0,2.0,success,False,2026-08-17T21:32:40.946824+09:00
Filing Sync,,,failed,False,2026-08-17T21:35:16.200596+09:00
Filing Tracker,480.0,0.0,success,False,2026-08-17T21:36:22.095100+09:00
Filing Trail,,,failed,False,2026-08-17T20:37:01.636634+09:00
Filing Vault,,,failed,False,2026-08-17T20:46:07.350212+09:00
Filing Watch,,,failed,False,2026-08-17T20:39:18.247368+09:00
Filing Wave,,,failed,False,2026-08-17T20:34:36.732015+09:00
Filing Zone,10.0,0.0,success,False,2026-08-17T20:45:46.874737+09:00
Financing Anchor,,,failed,False,2026-08-17T21:38:10.743063+09:00
Financing Atlas,,,failed,False,2026-08-17T20:45:28.437462+09:00
Financing Base,,,failed,False,2026-08-17T20:42:15.711128+09:00
Financing Beacon,,,failed,False,2026-08-17T20:31:38.107939+09:00
Financing Board,,,failed,False,2026-08-17T20:39:54.147287+09:00
Financing Bridge,2400.0,17.0,success,False,2026-08-17T21:39:37.908878+09:00
Financing Cascade,,,failed,False,2026-08-17T21:41:39.306179+09:00
Financing Center,50.0,7.0,success,False,2026-08-17T20:34:19.305897+09:00
Financing Chain,,,failed,False,2026-08-17T21:32:17.170130+09:00
Financing Compass,,,failed,False,2026-08-17T20:32:49.512310+09:00
Financing Core,,,failed,False,2026-08-17T20:41:27.066117+09:00
Financing Deck,320.0,92.0,success,False,2026-08-17T20:39:04.557611+09:00
Financing Desk,,,failed,False,2026-08-17T20:36:40.845127+09:00
Financing Dial,,,failed,False,2026-08-17T21:41:07.674308+09:00
Financing Dock,,,failed,False,2026-08-17T21:35:24.685319+09:00
Financing Flow,260.0,22.0,success,False,2026-08-17T20:39:25.387216+09:00
Financing Frame,,,failed,False,2026-08-17T20:43:09.097865+09:00
Financing Gate,,,failed,False,2026-08-17T20:47:35.936558+09:00
Financing Grid,20.0,0.0,success,False,2026-08-17T21:32:53.372558+09:00
Financing Guard,,,failed,False,2026-08-17T20:41:55.751231+09:00
Financing Hub,590.0,3.0,success,False,2026-08-17T20:38:32.473394+09:00
Financing Keeper,,,failed,False,2026-08-17T20:43:36.337910+09:00
Financing Lab,,,failed,False,2026-08-17T20:37:11.919122+09:00
Financing Ledger,,,failed,False,2026-08-17T20:40:44.017242+09:00
Financing Lens,,,failed,False,2026-08-17T20:44:06.631034+09:00
Financing Lock,,,failed,False,2026-08-17T20:45:52.903104+09:00
Financing Loop,,,failed,False,2026-08-17T21:33:53.413747+09:00
Financing Manager,1300.0,7.0,success,False,2026-08-17T20:42:43.172174+09:00
Financing Map,,,failed,False,2026-08-17T20:44:54.516764+09:00
Financing Meter,,,failed,False,2026-08-17T21:38:46.123803+09:00
Financing Nexus,,,failed,False,2026-08-17T20:46:20.020027+09:00
Financing Node,,,failed,False,2026-08-17T21:30:00.229933+09:00
Financing Path,,,failed,False,2026-08-17T20:48:15.314618+09:00
Financing Pilot,,,failed,False,2026-08-17T20:37:39.748297+09:00
Financing Point,,,failed,False,2026-08-17T20:46:59.199715+09:00
Financing Portal,1000.0,0.0,success,True,2026-08-17T20:32:12.868338+09:00
Financing Pulse,,,failed,False,2026-08-17T21:31:41.054400+09:00
Financing Radar,,,failed,False,2026-08-17T20:35:45.912195+09:00
Financing Rail,,,failed,False,2026-08-17T21:34:26.372304+09:00
Financing Relay,,,failed,False,2026-08-17T20:34:44.892914+09:00
Financing Route,,,failed,False,2026-08-17T21:36:30.682605+09:00
Financing Scale,10.0,0.0,success,False,2026-08-17T21:37:36.095439+09:00
Financing Scope,,,failed,False,2026-08-17T21:34:57.125142+09:00
Financing Sentry,,,failed,False,2026-08-17T20:44:24.451216+09:00
Financing Signal,,,failed,False,2026-08-17T21:36:59.022364+09:00
Financing Station,,,failed,False,2026-08-17T20:36:12.301778+09:00
Financing Studio,,,failed,False,2026-08-17T20:38:07.696860+09:00
Financing Sync,,,failed,False,2026-08-17T20:40:20.065990+09:00
Financing Tracker,,,failed,False,2026-08-17T20:41:06.345123+09:00
Financing Trail,,,failed,False,2026-08-17T21:33:22.663564+09:00
Financing Vault,,,failed,False,2026-08-17T20:33:54.236742+09:00
Financing Watch,1600.0,100.0,success,False,2026-08-17T21:36:00.741055+09:00
Financing Wave,,,failed,False,2026-08-17T21:30:33.048254+09:00
Financing Zone,,,failed,False,2026-08-17T20:33:24.231963+09:00
Firewall Anchor,,,failed,False,2026-08-17T20:41:38.152103+09:00
Firewall Atlas,,,failed,False,2026-08-17T20:31:52.293572+09:00
Firewall Base,,,failed,False,2026-08-17T21:39:13.221117+09:00
Firewall Beacon,,,failed,False,2026-08-17T20:45:12.889782+09:00
Firewall Board,50.0,36.0,success,False,2026-08-17T21:35:38.144027+09:00
Firewall Bridge,20.0,2.0,success,False,2026-08-17T20:42:21.345142+09:00
Firewall Cascade,10.0,0.0,success,False,2026-08-17T20:43:16.751377+09:00
Firewall Center,30.0,6.0,success,False,2026-08-17T20:47:50.375793+09:00
Firewall Chain,40.0,12.0,success,False,2026-08-17T20:36:52.122948+09:00
Firewall Compass,,,failed,False,2026-08-17T20:45:58.318950+09:00
Firewall Console,50.0,18.0,success,False,2026-08-17T20:44:32.138425+09:00
Firewall Core,70.0,14.0,success,False,2026-08-17T21:37:46.877382+09:00
Firewall Deck,40.0,21.0,success,False,2026-08-17T21:34:34.023181+09:00
Firewall Desk,10.0,,success,False,2026-08-17T21:31:52.108049+09:00
Firewall Dial,,,failed,False,2026-08-17T20:42:50.595044+09:00
Firewall Dock,,,failed,False,2026-08-17T20:39:33.830984+09:00
Firewall Flow,20.0,2.0,success,False,2026-08-17T21:35:06.399475+09:00
Firewall Forge,,,failed,False,2026-08-17T20:44:11.907751+09:00
Firewall Frame,,,failed,False,2026-08-17T21:41:16.664514+09:00
Firewall Gate,20.0,16.0,success,False,2026-08-17T20:34:02.071546+09:00
Firewall Grid,,,failed,False,2026-08-17T20:37:19.032635+09:00
Firewall Guard,40.0,22.0,success,False,2026-08-17T21:38:24.477715+09:00
Firewall Hub,40.0,3.0,success,False,2026-08-17T21:34:03.414909+09:00
Firewall Keeper,,,failed,False,2026-08-17T21:41:47.180143+09:00
Firewall Lab,50.0,28.0,success,False,2026-08-17T21:32:28.090728+09:00
Firewall Ledger,,,failed,False,2026-08-17T21:36:38.708092+09:00
Firewall Lock,10.0,0.0,success,False,2026-08-17T20:32:26.534581+09:00
Firewall Loop,,,failed,False,2026-08-17T20:38:13.537846+09:00
Firewall Manager,880.0,15.0,success,False,2026-08-17T21:40:01.418165+09:00
Firewall Meter,,,failed,False,2026-08-17T20:42:01.579820+09:00
Firewall Nexus,,,failed,False,2026-08-17T20:33:01.756540+09:00
Firewall Node,40.0,12.0,success,False,2026-08-17T20:34:53.035348+09:00
Firewall Panel,110.0,15.0,success,False,2026-08-17T20:43:46.830313+09:00
Firewall Path,,,failed,False,2026-08-17T20:34:29.454165+09:00
Firewall Pilot,,,failed,False,2026-08-17T21:33:04.357190+09:00
Firewall Point,20.0,12.0,success,False,2026-08-17T20:33:33.696511+09:00
Firewall Portal,20.0,16.0,success,False,2026-08-17T20:45:34.633599+09:00
Firewall Pulse,,,failed,False,2026-08-17T20:36:20.228244+09:00
Firewall Radar,,,failed,False,2026-08-17T21:30:43.453478+09:00
Firewall Rail,,,failed,False,2026-08-17T20:38:40.859557+09:00
Firewall Relay,,,failed,False,2026-08-17T20:48:26.612997+09:00
Firewall Route,90.0,12.0,success,False,2026-08-17T20:40:27.760312+09:00
Firewall Scale,,,failed,False,2026-08-17T20:41:11.362619+09:00
Firewall Scope,10.0,14.0,success,False,2026-08-17T20:39:11.470645+09:00
Firewall Signal,,,failed,False,2026-08-17T20:40:49.686418+09:00
Firewall Station,20.0,5.0,success,False,2026-08-17T21:31:17.550614+09:00
Firewall Studio,90.0,0.0,success,False,2026-08-17T21:33:30.231055+09:00
Firewall Sync,,,failed,False,2026-08-17T21:36:12.498401+09:00
Firewall Tracker,20.0,19.0,success,False,2026-08-17T21:37:10.762781+09:00
Firewall Trail,30.0,0.0,success,False,2026-08-17T20:37:49.257868+09:00
Firewall Vault,,,failed,False,2026-08-17T20:47:09.255931+09:00
Firewall Watch,50.0,67.0,success,False,2026-08-17T20:40:03.112671+09:00
Firewall Wave,,,failed,False,2026-08-17T20:35:20.751202+09:00
Firewall Zone,880.0,6.0,success,False,2026-08-17T20:46:27.690682+09:00
Fleet Atlas,,,failed,False,2026-08-17T20:36:52.122948+09:00
Fleet Base,1600.0,7.0,success,False,2026-08-17T20:33:33.696511+09:00
Fleet Beacon,90.0,0.0,success,False,2026-08-17T20:31:46.547401+09:00
Fleet Cascade,,,failed,False,2026-08-17T20:32:39.820797+09:00
Fleet Center,2400.0,34.0,success,False,2026-08-17T20:34:23.568448+09:00
Fleet Chain,,,failed,False,2026-08-17T20:41:13.511022+09:00
Fleet Compass,210.0,10.0,success,False,2026-08-17T20:32:55.422953+09:00
Fleet Core,14800.0,32.0,success,False,2026-08-17T20:32:26.534581+09:00
Fleet Deck,70.0,6.0,success,False,2026-08-17T20:39:06.787331+09:00
Fleet Desk,50.0,15.0,success,False,2026-08-17T20:36:48.387810+09:00
Fleet Dial,,,failed,False,2026-08-17T20:32:02.325008+09:00
Fleet Dock,10.0,0.0,success,False,2026-08-17T20:43:46.830313+09:00
Fleet Flow,170.0,23.0,success,False,2026-08-17T20:39:31.272188+09:00
Fleet Frame,10.0,12.0,success,False,2026-08-17T20:34:29.454165+09:00
Fleet Gate,,,failed,False,2026-08-17T20:38:40.859557+09:00
Fleet Grid,20.0,6.0,success,False,2026-08-17T20:41:38.152103+09:00
Fleet Guard,49500.0,25.0,success,False,2026-08-17T20:33:01.756540+09:00
Fleet Hub,3600.0,7.0,success,False,2026-08-17T20:38:36.286112+09:00
Fleet Keeper,10.0,31.0,success,False,2026-08-17T20:34:53.035348+09:00
Fleet Lab,720.0,4.0,success,False,2026-08-17T20:37:16.947301+09:00
Fleet Lens,,,failed,False,2026-08-17T20:35:22.813816+09:00
Fleet Lock,20.0,12.0,success,False,2026-08-17T20:37:19.032635+09:00
Fleet Loop,50.0,6.0,success,False,2026-08-17T20:42:21.345142+09:00
Fleet Manager,14800.0,14.0,success,False,2026-08-17T20:34:03.344800+09:00
Fleet Map,880.0,11.0,success,False,2026-08-17T20:36:20.228244+09:00
Fleet Nexus,,,failed,False,2026-08-17T20:37:51.221015+09:00
Fleet Node,,,failed,False,2026-08-17T20:39:33.830984+09:00
Fleet Path,50.0,18.0,success,False,2026-08-17T20:39:11.470645+09:00
Fleet Pilot,110.0,36.0,success,False,2026-08-17T20:37:47.401646+09:00
Fleet Point,140.0,3.0,success,False,2026-08-17T20:38:13.537846+09:00
Fleet Portal,1900.0,6.0,success,False,2026-08-17T20:32:21.226449+09:00
Fleet Pulse,170.0,6.0,success,False,2026-08-17T20:40:51.053535+09:00
Fleet Radar,260.0,23.0,success,False,2026-08-17T20:35:50.076535+09:00
Fleet Rail,30.0,0.0,success,False,2026-08-17T20:42:50.595044+09:00
Fleet Relay,10.0,8.0,success,False,2026-08-17T20:34:48.922886+09:00
Fleet Route,140.0,15.0,success,False,2026-08-17T20:44:33.462366+09:00
Fleet Scope,,,failed,False,2026-08-17T20:43:18.551816+09:00
Fleet Sentry,,,failed,False,2026-08-17T20:35:52.510868+09:00
Fleet Signal,30.0,13.0,success,False,2026-08-17T20:45:12.889782+09:00
Fleet Station,5400.0,4.0,success,False,2026-08-17T20:36:17.521162+09:00
Fleet Studio,320.0,0.0,success,False,2026-08-17T20:38:11.520193+09:00
Fleet Tracker,12100.0,55.0,success,False,2026-08-17T20:31:52.293572+09:00
Fleet Trail,20.0,0.0,success,False,2026-08-17T20:42:01.579820+09:00
Fleet Vault,,,failed,False,2026-08-17T20:34:01.116253+09:00
Fleet Watch,2900.0,32.0,success,False,2026-08-17T20:44:11.907751+09:00
Fleet Wave,110.0,42.0,success,False,2026-08-17T20:40:05.754832+09:00
Fleet Zone,30.0,7.0,success,False,2026-08-17T20:33:30.325030+09:00
Flight Map,49500.0,2.0,success,False,2026-08-17T22:51:32.586910+09:00
Flight Portal,390.0,39.0,success,False,2026-08-17T22:46:53.613180+09:00
Formulary Cockpit,,,failed,False,2026-08-17T22:49:19.411310+09:00
Franchise Anchor,,,failed,False,2026-08-17T20:34:55.202462+09:00
Franchise Atlas,10.0,21.0,success,False,2026-08-17T20:33:08.305690+09:00
Franchise Base,90.0,11.0,success,False,2026-08-17T21:30:45.538595+09:00
Franchise Beacon,30.0,27.0,success,False,2026-08-17T20:38:41.975413+09:00
Franchise Board,301000.0,1.0,success,False,2026-08-17T20:46:01.536512+09:00
Franchise Bridge,,,failed,False,2026-08-17T20:35:55.625501+09:00
Franchise Cascade,,,failed,False,2026-08-17T20:36:55.192509+09:00
Franchise Center,110.0,14.0,success,False,2026-08-17T20:40:51.053535+09:00
Franchise Chain,260.0,9.0,success,False,2026-08-17T20:37:57.626492+09:00
Franchise Compass,10.0,18.0,success,False,2026-08-17T20:39:36.069990+09:00
Franchise Console,,,failed,False,2026-08-17T20:38:14.865229+09:00
Franchise Core,30.0,9.0,success,False,2026-08-17T20:48:29.594833+09:00
Franchise Deck,40.0,3.0,success,False,2026-08-17T20:45:14.001779+09:00
Franchise Desk,,,failed,False,2026-08-17T20:42:51.727520+09:00
Franchise Dial,,,failed,False,2026-08-17T20:36:21.712002+09:00
Franchise Dock,,,failed,False,2026-08-17T20:32:30.733040+09:00
Franchise Flow,40.0,5.0,success,False,2026-08-17T20:45:35.834234+09:00
Franchise Forge,,,failed,False,2026-08-17T20:37:51.221015+09:00
Franchise Gate,10.0,0.0,success,False,2026-08-17T20:35:00.475766+09:00
Franchise Grid,,,failed,False,2026-08-17T20:38:19.209708+09:00
Franchise Guard,,,failed,False,2026-08-17T21:30:13.279777+09:00
Franchise Hub,390.0,11.0,success,False,2026-08-17T20:44:33.462366+09:00
Franchise Lab,880.0,10.0,success,False,2026-08-17T20:43:18.551816+09:00
Franchise Ledger,,,failed,False,2026-08-17T20:47:09.255931+09:00
Franchise Lock,10.0,29.0,success,False,2026-08-17T20:33:41.175079+09:00
Franchise Manager,590.0,3.0,success,False,2026-08-17T21:31:19.415531+09:00
Franchise Map,90.0,7.0,success,False,2026-08-17T20:32:36.001496+09:00
Franchise Meter,,,failed,False,2026-08-17T20:35:22.813816+09:00
Franchise Monitor,10.0,4.0,success,False,2026-08-17T22:50:36.545244+09:00
Franchise Nexus,,,failed,False,2026-08-17T20:34:08.377719+09:00
Franchise Node,,,failed,False,2026-08-17T20:35:59.491401+09:00
Franchise Panel,10.0,5.0,success,False,2026-08-17T20:37:21.758511+09:00
Franchise Path,110.0,23.0,success,False,2026-08-17T20:35:28.436030+09:00
Franchise Pilot,,,failed,False,2026-08-17T20:43:48.259554+09:00
Franchise Point,210.0,26.0,success,False,2026-08-17T20:34:34.179062+09:00
Franchise Portal,2400.0,33.0,success,False,2026-08-17T20:39:12.627798+09:00
Franchise Pulse,,,failed,False,2026-08-17T20:37:24.505740+09:00
Franchise Radar,,,failed,False,2026-08-17T20:42:02.791525+09:00
Franchise Relay,30.0,14.0,success,False,2026-08-17T20:41:13.511022+09:00
Franchise Route,10.0,12.0,success,False,2026-08-17T20:33:36.115262+09:00
Franchise Scale,30.0,18.0,success,False,2026-08-17T20:34:31.529799+09:00
Franchise Scope,,,failed,False,2026-08-17T20:31:55.017364+09:00
Franchise Sentry,,,failed,False,2026-08-17T20:31:59.985806+09:00
Franchise Signal,10.0,1.0,success,False,2026-08-17T20:34:07.278551+09:00
Franchise Station,20.0,17.0,success,False,2026-08-17T20:42:22.378966+09:00
Franchise Studio,110.0,6.0,success,False,2026-08-17T20:44:14.789024+09:00
Franchise Sync,,,failed,False,2026-08-17T20:46:29.220439+09:00
Franchise Tracker,70.0,2.0,success,False,2026-08-17T20:47:53.457764+09:00
Franchise Vault,,,failed,False,2026-08-17T20:40:29.235539+09:00
Franchise Watch,70.0,1.0,success,False,2026-08-17T20:33:05.160713+09:00
Franchise Wave,10.0,0.0,success,False,2026-08-17T20:36:22.753454+09:00
Franchise Zone,20.0,25.0,success,False,2026-08-17T20:40:05.754832+09:00
Freight Anchor,20.0,0.0,success,False,2026-08-17T20:46:03.469899+09:00
Freight Atlas,,,failed,False,2026-08-17T20:36:59.320935+09:00
Freight Base,90.0,4.0,success,False,2026-08-17T20:33:41.175079+09:00
Freight Beacon,,,failed,False,2026-08-17T21:31:56.784481+09:00
Freight Bridge,170.0,5.0,success,False,2026-08-17T20:47:16.621554+09:00
Freight Cascade,,,failed,False,2026-08-17T20:48:34.410191+09:00
Freight Center,2400.0,53.0,success,False,2026-08-17T21:34:39.149688+09:00
Freight Chain,70.0,8.0,success,False,2026-08-17T20:41:16.510977+09:00
Freight Compass,110.0,10.0,success,False,2026-08-17T21:33:08.992358+09:00
Freight Console,20.0,2.0,success,False,2026-08-17T21:31:28.023870+09:00
Freight Core,50.0,9.0,success,False,2026-08-17T20:32:36.001496+09:00
Freight Deck,30.0,1.0,success,False,2026-08-17T21:41:22.072079+09:00
Freight Desk,70.0,19.0,success,False,2026-08-17T21:37:21.496927+09:00
Freight Dial,,,failed,False,2026-08-17T20:47:58.336807+09:00
Freight Dock,170.0,6.0,success,False,2026-08-17T20:43:55.064759+09:00
Freight Forge,10.0,16.0,success,False,2026-08-17T21:30:47.592348+09:00
Freight Frame,210.0,13.0,success,False,2026-08-17T20:34:34.179062+09:00
Freight Gate,390.0,3.0,success,False,2026-08-17T20:38:43.149907+09:00
Freight Grid,10.0,0.0,success,False,2026-08-17T20:41:46.079279+09:00
Freight Guard,1600.0,11.0,success,False,2026-08-17T20:33:09.747000+09:00
Freight Hub,1600.0,8.0,success,False,2026-08-17T21:40:41.309160+09:00
Freight Keeper,,,failed,False,2026-08-17T20:35:00.475766+09:00
Freight Lab,30.0,0.0,success,False,2026-08-17T21:37:55.576177+09:00
Freight Lens,,,failed,False,2026-08-17T20:35:28.436030+09:00
Freight Lock,20.0,17.0,success,False,2026-08-17T20:37:24.505740+09:00
Freight Loop,,,failed,False,2026-08-17T20:42:29.560038+09:00
Freight Manager,320.0,3.0,success,False,2026-08-17T20:34:08.377719+09:00
Freight Map,1000.0,8.0,success,False,2026-08-17T20:36:26.800121+09:00
Freight Meter,,,failed,False,2026-08-17T20:46:42.242736+09:00
Freight Nexus,,,failed,False,2026-08-17T20:37:57.626492+09:00
Freight Node,,,failed,False,2026-08-17T20:39:41.640400+09:00
Freight Panel,10.0,34.0,success,False,2026-08-17T21:30:15.996537+09:00
Freight Path,50.0,5.0,success,False,2026-08-17T20:39:15.324728+09:00
Freight Pilot,1600.0,4.0,success,False,2026-08-17T21:38:29.386806+09:00
Freight Point,10.0,16.0,success,False,2026-08-17T20:38:19.209708+09:00
Freight Portal,260.0,11.0,success,False,2026-08-17T21:32:33.876836+09:00
Freight Pulse,40.0,6.0,success,False,2026-08-17T20:40:52.985789+09:00
Freight Radar,320.0,3.0,success,False,2026-08-17T21:36:20.278504+09:00
Freight Rail,2400.0,0.0,success,True,2026-08-17T20:42:52.966707+09:00
Freight Relay,,,failed,False,2026-08-17T21:35:14.152571+09:00
Freight Route,1600.0,2.0,success,False,2026-08-17T20:44:37.629482+09:00
Freight Scale,260.0,100.0,success,False,2026-08-17T20:45:42.370254+09:00
Freight Scheduler,140.0,4.0,success,False,2026-08-17T22:51:27.768654+09:00
Freight Scope,20.0,21.0,success,False,2026-08-17T20:43:25.230587+09:00
Freight Sentry,,,failed,False,2026-08-17T20:36:00.761105+09:00
Freight Signal,,,failed,False,2026-08-17T20:45:15.345040+09:00
Freight Station,1000.0,2.0,success,False,2026-08-17T21:36:43.981322+09:00
Freight Studio,50.0,0.0,success,False,2026-08-17T21:39:19.495692+09:00
Freight Tracker,4400.0,11.0,success,False,2026-08-17T20:31:59.985806+09:00
Freight Trail,2400.0,0.0,success,True,2026-08-17T20:42:06.946542+09:00
Freight Vault,90.0,8.0,success,False,2026-08-17T21:34:09.721109+09:00
Freight Watch,140.0,15.0,success,False,2026-08-17T20:44:15.738532+09:00
Freight Wave,210.0,8.0,success,False,2026-08-17T20:40:08.225876+09:00
Freight Zone,480.0,2.0,success,False,2026-08-17T21:33:36.085901+09:00
Fuel Anchor,,,failed,False,2026-08-17T21:38:35.218560+09:00
Fuel Atlas,4400.0,10.0,success,False,2026-08-17T20:45:46.874737+09:00
Fuel Base,90.0,0.0,success,False,2026-08-17T20:42:34.302604+09:00
Fuel Beacon,,,failed,False,2026-08-17T20:32:03.329355+09:00
Fuel Board,90.0,61.0,success,False,2026-08-17T20:40:15.034726+09:00
Fuel Bridge,260.0,6.0,success,False,2026-08-17T21:40:49.556938+09:00
Fuel Center,1600.0,3.0,success,False,2026-08-17T20:34:38.143389+09:00
Fuel Chain,40.0,1.0,success,False,2026-08-17T21:32:45.123730+09:00
Fuel Compass,20.0,0.0,success,False,2026-08-17T20:33:16.020559+09:00
Fuel Console,20.0,0.0,success,False,2026-08-17T20:31:29.603433+09:00
Fuel Core,210.0,21.0,success,False,2026-08-17T20:41:48.704350+09:00
Fuel Deck,320.0,2.0,success,False,2026-08-17T20:39:20.129592+09:00
Fuel Desk,90.0,1.0,success,False,2026-08-17T20:37:03.531282+09:00
Fuel Dial,70.0,30.0,success,False,2026-08-17T21:41:31.698252+09:00
Fuel Dock,2900.0,1.0,success,False,2026-08-17T21:35:52.306880+09:00
Fuel Flow,880.0,5.0,success,False,2026-08-17T20:39:49.091027+09:00
Fuel Frame,110.0,0.0,success,False,2026-08-17T20:43:30.530213+09:00
Fuel Gate,260.0,3.0,success,False,2026-08-17T20:48:06.680156+09:00
Fuel Grid,20.0,1.0,success,False,2026-08-17T21:33:17.550972+09:00
Fuel Guard,720.0,31.0,success,False,2026-08-17T20:42:10.144192+09:00
Fuel Hub,8100.0,100.0,success,False,2026-08-17T20:38:51.261946+09:00
Fuel Keeper,,,failed,False,2026-08-17T20:43:57.612589+09:00
Fuel Lab,1300.0,24.0,success,False,2026-08-17T20:37:29.909330+09:00
Fuel Ledger,20.0,1.0,success,False,2026-08-17T20:41:00.568700+09:00
Fuel Lens,,,failed,False,2026-08-17T20:44:21.106446+09:00
Fuel Lock,1300.0,13.0,success,False,2026-08-17T20:46:12.433556+09:00
Fuel Loop,20.0,0.0,success,False,2026-08-17T21:34:15.444697+09:00
Fuel Manager,720.0,83.0,success,False,2026-08-17T20:43:01.991108+09:00
Fuel Map,8100.0,0.0,success,True,2026-08-17T20:45:22.370262+09:00
Fuel Meter,2400.0,97.0,success,False,2026-08-17T21:39:25.145394+09:00
Fuel Nexus,140.0,5.0,success,False,2026-08-17T20:46:49.856300+09:00
Fuel Node,20.0,0.0,success,False,2026-08-17T21:30:24.502544+09:00
Fuel Path,20.0,0.0,success,False,2026-08-17T20:48:40.258747+09:00
Fuel Pilot,210.0,1.0,success,False,2026-08-17T20:38:02.236902+09:00
Fuel Point,4400.0,2.0,success,False,2026-08-17T20:47:23.581270+09:00
Fuel Portal,70.0,0.0,success,False,2026-08-17T20:32:41.344957+09:00
Fuel Pulse,140.0,29.0,success,False,2026-08-17T21:32:05.797514+09:00
Fuel Radar,1600.0,0.0,success,True,2026-08-17T20:36:04.789698+09:00
Fuel Rail,6600.0,39.0,success,False,2026-08-17T21:34:46.886716+09:00
Fuel Relay,1300.0,15.0,success,False,2026-08-17T20:35:06.364440+09:00
Fuel Route,30.0,0.0,success,False,2026-08-17T21:36:52.396982+09:00
Fuel Scale,140.0,2.0,success,False,2026-08-17T21:38:03.717082+09:00
Fuel Scope,10.0,8.0,success,False,2026-08-17T21:35:18.423759+09:00
Fuel Sentry,10.0,14.0,success,False,2026-08-17T20:44:45.631544+09:00
Fuel Signal,480.0,42.0,success,False,2026-08-17T21:37:26.190503+09:00
Fuel Station,246000.0,6.0,success,False,2026-08-17T20:36:35.862750+09:00
Fuel Studio,1000.0,4.0,success,False,2026-08-17T20:38:24.877008+09:00
Fuel Sync,22200.0,100.0,success,False,2026-08-17T20:40:36.395454+09:00
Fuel Terminal,1300.0,2.0,success,False,2026-08-17T20:35:36.002153+09:00
Fuel Tracker,3600.0,7.0,success,False,2026-08-17T20:41:20.787117+09:00
Fuel Trail,20.0,3.0,success,False,2026-08-17T21:33:42.291802+09:00
Fuel Vault,50.0,75.0,success,False,2026-08-17T20:34:16.019094+09:00
Fuel Watch,368000.0,0.0,success,True,2026-08-17T21:36:24.237197+09:00
Fuel Wave,40.0,0.0,success,False,2026-08-17T21:30:57.458125+09:00
Fuel Zone,4400.0,2.0,success,False,2026-08-17T20:33:46.243100+09:00
Fulfillment Anchor,,,failed,False,2026-08-17T20:41:53.253624+09:00
Fulfillment Atlas,,,failed,False,2026-08-17T20:32:08.584337+09:00
Fulfillment Base,,,failed,False,2026-08-17T21:39:34.435552+09:00
Fulfillment Beacon,,,failed,False,2026-08-17T20:45:26.162726+09:00
Fulfillment Board,,,failed,False,2026-08-17T21:35:54.911296+09:00
Fulfillment Bridge,210.0,19.0,success,False,2026-08-17T20:42:40.071307+09:00
Fulfillment Cascade,,,failed,False,2026-08-17T20:43:32.566232+09:00
Fulfillment Center,22200.0,39.0,success,False,2026-08-17T20:48:09.439521+09:00
Fulfillment Chain,,,failed,False,2026-08-17T20:37:05.313557+09:00
Fulfillment Compass,,,failed,False,2026-08-17T20:46:14.149623+09:00
Fulfillment Console,,,failed,False,2026-08-17T20:44:46.784780+09:00
Fulfillment Core,,,failed,False,2026-08-17T21:38:05.775829+09:00
Fulfillment Deck,,,failed,False,2026-08-17T21:34:53.019649+09:00
Fulfillment Desk,30.0,90.0,success,False,2026-08-17T21:32:11.115049+09:00
Fulfillment Dial,,,failed,False,2026-08-17T20:43:08.098438+09:00
Fulfillment Dock,,,failed,False,2026-08-17T20:39:51.023967+09:00
Fulfillment Flow,10.0,10.0,success,False,2026-08-17T21:35:22.295985+09:00
Fulfillment Forge,,,failed,False,2026-08-17T20:44:23.108645+09:00
Fulfillment Frame,,,failed,False,2026-08-17T21:41:34.183941+09:00
Fulfillment Gate,,,failed,False,2026-08-17T20:34:17.127214+09:00
Fulfillment Grid,,,failed,False,2026-08-17T20:37:34.472176+09:00
Fulfillment Guard,,,failed,False,2026-08-17T21:38:37.304138+09:00
Fulfillment Hub,210.0,27.0,success,False,2026-08-17T21:34:20.474166+09:00
Fulfillment Lab,880.0,25.0,success,False,2026-08-17T21:32:47.122898+09:00
Fulfillment Ledger,,,failed,False,2026-08-17T21:36:54.710856+09:00
Fulfillment Lock,,,failed,False,2026-08-17T20:32:46.505342+09:00
Fulfillment Loop,,,failed,False,2026-08-17T20:38:31.317013+09:00
Fulfillment Manager,480.0,3.0,success,False,2026-08-17T21:40:59.899740+09:00
Fulfillment Map,,,failed,False,2026-08-17T20:31:35.680631+09:00
Fulfillment Meter,,,failed,False,2026-08-17T20:42:12.704128+09:00
Fulfillment Nexus,,,failed,False,2026-08-17T20:33:21.754611+09:00
Fulfillment Node,,,failed,False,2026-08-17T20:35:09.040915+09:00
Fulfillment Panel,,,failed,False,2026-08-17T20:44:01.266186+09:00
Fulfillment Path,,,failed,False,2026-08-17T20:34:42.726088+09:00
Fulfillment Pilot,,,failed,False,2026-08-17T21:33:19.243075+09:00
Fulfillment Point,,,failed,False,2026-08-17T20:33:48.971139+09:00
Fulfillment Portal,20.0,26.0,success,False,2026-08-17T20:45:50.172264+09:00
Fulfillment Pulse,,,failed,False,2026-08-17T20:36:38.149505+09:00
Fulfillment Radar,,,failed,False,2026-08-17T21:31:00.206645+09:00
Fulfillment Rail,,,failed,False,2026-08-17T20:38:58.199942+09:00
Fulfillment Relay,,,failed,False,2026-08-17T20:49:39.030080+09:00
Fulfillment Route,,,failed,False,2026-08-17T20:40:41.186342+09:00
Fulfillment Scale,,,failed,False,2026-08-17T20:41:22.469867+09:00
Fulfillment Scope,,,failed,False,2026-08-17T20:39:21.363517+09:00
Fulfillment Signal,,,failed,False,2026-08-17T20:41:01.819842+09:00
Fulfillment Station,30.0,35.0,success,False,2026-08-17T21:31:39.058447+09:00
Fulfillment Studio,,,failed,False,2026-08-17T21:33:45.075228+09:00
Fulfillment Sync,,,failed,False,2026-08-17T21:36:28.444275+09:00
Fulfillment Tracker,40.0,16.0,success,False,2026-08-17T21:37:32.627735+09:00
Fulfillment Trail,,,failed,False,2026-08-17T20:38:04.703276+09:00
Fulfillment Vault,,,failed,False,2026-08-17T20:47:28.313560+09:00
Fulfillment Watch,,,failed,False,2026-08-17T20:40:17.203996+09:00
Fulfillment Wave,10.0,29.0,success,False,2026-08-17T20:35:40.356029+09:00
Fulfillment Zone,,,failed,False,2026-08-17T20:46:53.844827+09:00
Fundraising Anchor,,,failed,False,2026-08-17T20:47:28.313560+09:00
Fundraising Atlas,,,failed,False,2026-08-17T20:38:04.703276+09:00
Fundraising Base,,,failed,False,2026-08-17T20:34:42.726088+09:00
Fundraising Beacon,,,failed,False,2026-08-17T21:33:19.243075+09:00
Fundraising Board,390.0,18.0,success,False,2026-08-17T20:31:35.680631+09:00
Fundraising Bridge,,,failed,False,2026-08-17T20:49:39.030080+09:00
Fundraising Cascade,,,failed,False,2026-08-17T21:31:02.177338+09:00
Fundraising Center,50.0,10.0,success,False,2026-08-17T21:35:54.911296+09:00
Fundraising Chain,,,failed,False,2026-08-17T20:42:12.704128+09:00
Fundraising Compass,,,failed,False,2026-08-17T21:34:20.474166+09:00
Fundraising Console,,,failed,False,2026-08-17T21:32:50.995270+09:00
Fundraising Core,,,failed,False,2026-08-17T20:33:48.971139+09:00
Fundraising Desk,10.0,0.0,success,False,2026-08-17T21:38:40.825363+09:00
Fundraising Dial,,,failed,False,2026-08-17T21:30:30.781560+09:00
Fundraising Dock,,,failed,False,2026-08-17T20:44:51.445524+09:00
Fundraising Forge,,,failed,False,2026-08-17T21:32:15.070878+09:00
Fundraising Frame,,,failed,False,2026-08-17T20:35:44.075031+09:00
Fundraising Gate,,,failed,False,2026-08-17T20:39:52.233588+09:00
Fundraising Grid,10.0,41.0,success,False,2026-08-17T20:42:40.071307+09:00
Fundraising Guard,,,failed,False,2026-08-17T20:34:18.335664+09:00
Fundraising Keeper,,,failed,False,2026-08-17T20:36:11.237181+09:00
Fundraising Lab,70.0,5.0,success,False,2026-08-17T21:39:34.435552+09:00
Fundraising Ledger,,,failed,False,2026-08-17T20:32:46.505342+09:00
Fundraising Lens,,,failed,False,2026-08-17T20:36:39.507807+09:00
Fundraising Lock,,,failed,False,2026-08-17T20:38:31.317013+09:00
Fundraising Loop,,,failed,False,2026-08-17T20:43:34.295212+09:00
Fundraising Manager,720.0,6.0,success,False,2026-08-17T20:35:09.040915+09:00
Fundraising Map,10.0,0.0,success,False,2026-08-17T20:37:34.472176+09:00
Fundraising Meter,320.0,64.0,success,False,2026-08-17T20:48:13.207047+09:00
Fundraising Nexus,,,failed,False,2026-08-17T20:38:58.199942+09:00
Fundraising Node,,,failed,False,2026-08-17T20:40:42.163784+09:00
Fundraising Panel,,,failed,False,2026-08-17T21:31:39.058447+09:00
Fundraising Path,,,failed,False,2026-08-17T20:40:19.019495+09:00
Fundraising Pilot,,,failed,False,2026-08-17T21:40:59.899740+09:00
Fundraising Point,,,failed,False,2026-08-17T20:39:23.919432+09:00
Fundraising Portal,90.0,38.0,success,False,2026-08-17T21:33:45.075228+09:00
Fundraising Pulse,,,failed,False,2026-08-17T20:41:53.253624+09:00
Fundraising Radar,,,failed,False,2026-08-17T21:37:32.627735+09:00
Fundraising Rail,,,failed,False,2026-08-17T20:44:01.266186+09:00
Fundraising Relay,,,failed,False,2026-08-17T21:36:28.444275+09:00
Fundraising Route,,,failed,False,2026-08-17T20:45:50.172264+09:00
Fundraising Scale,30.0,63.0,success,False,2026-08-17T20:46:53.844827+09:00
Fundraising Scope,,,failed,False,2026-08-17T20:44:23.108645+09:00
Fundraising Sentry,,,failed,False,2026-08-17T20:37:08.027448+09:00
Fundraising Signal,,,failed,False,2026-08-17T20:46:16.531586+09:00
Fundraising Station,,,failed,False,2026-08-17T21:38:05.775829+09:00
Fundraising Studio,20.0,5.0,success,False,2026-08-17T21:41:34.183941+09:00
Fundraising Sync,,,failed,False,2026-08-17T20:32:08.584337+09:00
Fundraising Tracker,590.0,64.0,success,False,2026-08-17T20:33:21.754611+09:00
Fundraising Trail,,,failed,False,2026-08-17T20:43:08.098438+09:00
Fundraising Vault,,,failed,False,2026-08-17T21:35:22.295985+09:00
Fundraising Watch,,,failed,False,2026-08-17T20:45:26.162726+09:00
Fundraising Wave,,,failed,False,2026-08-17T20:41:03.029394+09:00
Fundraising Zone,70.0,10.0,success,False,2026-08-17T21:34:53.019649+09:00
Funnel Anchor,,,failed,False,2026-08-17T21:36:24.237197+09:00
Funnel Atlas,,,failed,False,2026-08-17T20:43:57.612589+09:00
Funnel Base,30.0,10.0,success,False,2026-08-17T20:41:00.568700+09:00
Funnel Board,480.0,1.0,success,False,2026-08-17T20:38:24.877008+09:00
Funnel Bridge,20.0,2.0,success,False,2026-08-17T21:37:26.190503+09:00
Funnel Cascade,,,failed,False,2026-08-17T21:38:35.218560+09:00
Funnel Center,320.0,18.0,success,False,2026-08-17T20:32:41.344957+09:00
Funnel Chain,10.0,0.0,success,False,2026-08-17T21:30:24.502544+09:00
Funnel Console,,,failed,False,2026-08-17T21:41:28.759770+09:00
Funnel Core,40.0,13.0,success,False,2026-08-17T20:40:15.034726+09:00
Funnel Deck,90.0,0.0,success,False,2026-08-17T20:37:29.909330+09:00
Funnel Desk,,,failed,False,2026-08-17T20:35:06.364440+09:00
Funnel Dial,,,failed,False,2026-08-17T21:38:03.717082+09:00
Funnel Dock,,,failed,False,2026-08-17T21:33:40.096792+09:00
Funnel Flow,590.0,12.0,success,False,2026-08-17T20:38:02.236902+09:00
Funnel Forge,50.0,11.0,success,False,2026-08-17T21:40:49.556938+09:00
Funnel Frame,,,failed,False,2026-08-17T20:41:48.704350+09:00
Funnel Gate,20.0,0.0,success,False,2026-08-17T20:45:46.874737+09:00
Funnel Grid,,,failed,False,2026-08-17T21:30:57.458125+09:00
Funnel Guard,50.0,0.0,success,False,2026-08-17T20:40:36.395454+09:00
Funnel Hub,110.0,3.0,success,False,2026-08-17T20:37:01.636634+09:00
Funnel Keeper,,,failed,False,2026-08-17T20:42:10.144192+09:00
Funnel Lab,3600.0,20.0,success,False,2026-08-17T20:35:36.002153+09:00
Funnel Ledger,,,failed,False,2026-08-17T20:39:18.247368+09:00
Funnel Lens,20.0,18.0,success,False,2026-08-17T20:42:34.302604+09:00
Funnel Lock,10.0,0.0,success,False,2026-08-17T20:44:21.106446+09:00
Funnel Loop,10.0,0.0,success,False,2026-08-17T21:32:05.797514+09:00
Funnel Manager,50.0,8.0,success,False,2026-08-17T20:41:19.373388+09:00
Funnel Map,390.0,15.0,success,False,2026-08-17T20:43:30.530213+09:00
Funnel Meter,,,failed,False,2026-08-17T21:36:52.396982+09:00
Funnel Nexus,,,failed,False,2026-08-17T20:44:43.054193+09:00
Funnel Node,,,failed,False,2026-08-17T20:46:49.856300+09:00
Funnel Panel,30.0,2.0,success,False,2026-08-17T21:39:25.145394+09:00
Funnel Path,,,failed,False,2026-08-17T20:46:12.433556+09:00
Funnel Pilot,110.0,28.0,success,False,2026-08-17T20:36:04.789698+09:00
Funnel Point,30.0,0.0,success,False,2026-08-17T20:45:22.370262+09:00
Funnel Pulse,30.0,13.0,success,False,2026-08-17T20:48:40.258747+09:00
Funnel Radar,,,failed,False,2026-08-17T20:34:15.100698+09:00
Funnel Rail,,,failed,False,2026-08-17T21:32:45.123730+09:00
Funnel Relay,,,failed,False,2026-08-17T20:33:15.121215+09:00
Funnel Route,,,failed,False,2026-08-17T21:34:46.886716+09:00
Funnel Scale,20.0,0.0,success,False,2026-08-17T21:35:52.306880+09:00
Funnel Scope,10.0,5.0,success,False,2026-08-17T21:33:17.550972+09:00
Funnel Sentry,,,failed,False,2026-08-17T20:43:01.991108+09:00
Funnel Signal,,,failed,False,2026-08-17T21:35:18.423759+09:00
Funnel Station,,,failed,False,2026-08-17T20:34:38.143389+09:00
Funnel Studio,50.0,9.0,success,False,2026-08-17T20:36:31.502472+09:00
Funnel Sync,,,failed,False,2026-08-17T20:38:51.261946+09:00
Funnel Tracker,390.0,26.0,success,False,2026-08-17T20:39:46.897200+09:00
Funnel Trail,,,failed,False,2026-08-17T21:31:33.014186+09:00
Funnel Vault,,,failed,False,2026-08-17T20:32:03.329355+09:00
Funnel Watch,,,failed,False,2026-08-17T21:34:15.444697+09:00
Funnel Wave,20.0,0.0,success,False,2026-08-17T20:47:23.581270+09:00
Funnel Zone,70.0,0.0,success,False,2026-08-17T20:31:29.603433+09:00
Grading Anchor,,,failed,False,2026-08-17T20:41:27.066117+09:00
Grading Atlas,,,failed,False,2026-08-17T20:31:36.969919+09:00
Grading Base,,,failed,False,2026-08-17T21:38:46.123803+09:00
Grading Beacon,,,failed,False,2026-08-17T20:44:54.516764+09:00
Grading Board,390.0,6.0,success,False,2026-08-17T21:35:24.685319+09:00
Grading Bridge,,,failed,False,2026-08-17T20:42:13.997557+09:00
Grading Cascade,,,failed,False,2026-08-17T20:43:09.097865+09:00
Grading Center,480.0,7.0,success,False,2026-08-17T20:47:33.914967+09:00
Grading Chain,,,failed,False,2026-08-17T20:36:40.845127+09:00
Grading Compass,,,failed,False,2026-08-17T20:45:51.407426+09:00
Grading Console,10.0,33.0,success,False,2026-08-17T20:44:24.451216+09:00
Grading Core,,,failed,False,2026-08-17T21:37:36.095439+09:00
Grading Deck,,,failed,False,2026-08-17T21:34:24.214520+09:00
Grading Desk,10.0,43.0,success,False,2026-08-17T21:31:41.054400+09:00
Grading Dial,,,failed,False,2026-08-17T20:42:41.908187+09:00
Grading Dock,10.0,0.0,success,False,2026-08-17T20:39:25.387216+09:00
Grading Flow,,,failed,False,2026-08-17T21:34:55.256705+09:00
Grading Forge,,,failed,False,2026-08-17T20:44:04.848400+09:00
Grading Frame,,,failed,False,2026-08-17T21:41:04.521769+09:00
Grading Gate,,,failed,False,2026-08-17T20:33:51.962760+09:00
Grading Grid,170.0,0.0,success,False,2026-08-17T20:37:11.919122+09:00
Grading Guard,27100.0,86.0,success,False,2026-08-17T21:38:08.965654+09:00
Grading Hub,,,failed,False,2026-08-17T21:33:48.082783+09:00
Grading Keeper,,,failed,False,2026-08-17T21:41:36.452024+09:00
Grading Lab,390.0,1.0,success,False,2026-08-17T21:32:17.170130+09:00
Grading Ledger,,,failed,False,2026-08-17T21:36:30.682605+09:00
Grading Lock,,,failed,False,2026-08-17T20:32:12.868338+09:00
Grading Loop,,,failed,False,2026-08-17T20:38:06.157627+09:00
Grading Manager,,,failed,False,2026-08-17T21:39:37.908878+09:00
Grading Meter,,,failed,False,2026-08-17T20:41:54.470071+09:00
Grading Nexus,,,failed,False,2026-08-17T20:32:47.475978+09:00
Grading Node,,,failed,False,2026-08-17T20:34:43.926118+09:00
Grading Panel,110.0,60.0,success,False,2026-08-17T20:43:36.337910+09:00
Grading Path,,,failed,False,2026-08-17T20:34:19.305897+09:00
Grading Pilot,,,failed,False,2026-08-17T21:32:53.372558+09:00
Grading Point,5400.0,1.0,success,False,2026-08-17T20:33:23.313632+09:00
Grading Portal,50.0,0.0,success,False,2026-08-17T20:45:28.437462+09:00
Grading Pulse,4400.0,1.0,success,False,2026-08-17T20:36:12.301778+09:00
Grading Radar,,,failed,False,2026-08-17T21:30:33.048254+09:00
Grading Rail,,,failed,False,2026-08-17T20:38:32.473394+09:00
Grading Register,10.0,0.0,success,False,2026-08-17T22:48:05.376281+09:00
Grading Relay,,,failed,False,2026-08-17T20:48:15.314618+09:00
Grading Route,,,failed,False,2026-08-17T20:40:20.065990+09:00
Grading Scale,49500.0,1.0,success,False,2026-08-17T20:41:06.345123+09:00
Grading Scope,210.0,0.0,success,False,2026-08-17T20:38:59.956902+09:00
Grading Signal,,,failed,False,2026-08-17T20:40:44.017242+09:00
Grading Station,30.0,0.0,success,False,2026-08-17T21:31:05.600589+09:00
Grading Studio,20.0,0.0,success,False,2026-08-17T21:33:20.961288+09:00
Grading Sync,,,failed,False,2026-08-17T21:35:58.459168+09:00
Grading Tracker,2900.0,6.0,success,False,2026-08-17T21:36:57.018160+09:00
Grading Trail,,,failed,False,2026-08-17T20:37:38.706086+09:00
Grading Vault,,,failed,False,2026-08-17T20:46:56.962156+09:00
Grading Watch,,,failed,False,2026-08-17T20:39:54.147287+09:00
Grading Wave,,,failed,False,2026-08-17T20:35:12.658616+09:00
Grading Zone,90.0,2.0,success,False,2026-08-17T20:46:20.020027+09:00
Grant Anchor,,,failed,False,2026-08-17T21:36:47.272145+09:00
Grant Atlas,320.0,36.0,success,False,2026-08-17T20:44:20.013961+09:00
Grant Base,50.0,4.0,success,False,2026-08-17T20:41:17.748242+09:00
Grant Board,30.0,0.0,success,False,2026-08-17T20:38:48.292759+09:00
Grant Bridge,140.0,1.0,success,False,2026-08-17T21:37:57.485180+09:00
Grant Cascade,,,failed,False,2026-08-17T21:39:22.624237+09:00
Grant Center,390.0,2.0,success,False,2026-08-17T20:33:10.817795+09:00
Grant Chain,,,failed,False,2026-08-17T21:30:53.341117+09:00
Grant Core,210.0,2.0,success,False,2026-08-17T20:40:33.502804+09:00
Grant Deck,,,failed,False,2026-08-17T20:37:59.877456+09:00
Grant Desk,10.0,62.0,success,False,2026-08-17T20:35:35.063549+09:00
Grant Dial,10.0,0.0,success,False,2026-08-17T21:38:32.905021+09:00
Grant Dock,,,failed,False,2026-08-17T21:34:12.134068+09:00
Grant Flow,110.0,3.0,success,False,2026-08-17T20:38:21.061174+09:00
Grant Forge,10.0,0.0,success,False,2026-08-17T21:41:25.564008+09:00
Grant Frame,140.0,3.0,success,False,2026-08-17T20:42:08.223187+09:00
Grant Gate,1000.0,3.0,success,False,2026-08-17T20:46:04.855118+09:00
Grant Grid,,,failed,False,2026-08-17T21:31:30.369012+09:00
Grant Guard,10.0,0.0,success,False,2026-08-17T20:40:53.994191+09:00
Grant Hub,1000.0,30.0,success,False,2026-08-17T20:37:28.424048+09:00
Grant Keeper,,,failed,False,2026-08-17T20:42:32.290659+09:00
Grant Lab,110.0,1.0,success,False,2026-08-17T20:36:02.767132+09:00
Grant Ledger,70.0,0.0,success,False,2026-08-17T20:39:43.687132+09:00
Grant Lens,,,failed,False,2026-08-17T20:42:59.992193+09:00
Grant Lock,140.0,4.0,success,False,2026-08-17T20:44:38.858684+09:00
Grant Loop,30.0,0.0,success,False,2026-08-17T21:32:40.946824+09:00
Grant Manager,3600.0,15.0,success,False,2026-08-17T20:41:47.517366+09:00
Grant Map,880.0,5.0,success,False,2026-08-17T20:43:56.267353+09:00
Grant Meter,10.0,0.0,success,False,2026-08-17T21:37:24.355362+09:00
Grant Nexus,110.0,0.0,success,False,2026-08-17T20:45:18.923986+09:00
Grant Node,,,failed,False,2026-08-17T20:47:19.659128+09:00
Grant Panel,30.0,0.0,success,False,2026-08-17T21:40:47.686331+09:00
Grant Path,320.0,3.0,success,False,2026-08-17T20:46:46.837602+09:00
Grant Pilot,210.0,11.0,success,False,2026-08-17T20:36:28.708934+09:00
Grant Point,590.0,2.0,success,False,2026-08-17T20:45:45.792269+09:00
Grant Pulse,,,failed,False,2026-08-17T21:30:18.085086+09:00
Grant Radar,40.0,3.0,success,False,2026-08-17T20:34:35.742752+09:00
Grant Rail,40.0,1.0,success,False,2026-08-17T21:33:10.630129+09:00
Grant Relay,,,failed,False,2026-08-17T20:33:43.675774+09:00
Grant Route,,,failed,False,2026-08-17T21:35:16.200596+09:00
Grant Scale,20.0,0.0,success,False,2026-08-17T21:36:22.095100+09:00
Grant Scope,,,failed,False,2026-08-17T21:33:37.652467+09:00
Grant Sentry,,,failed,False,2026-08-17T20:43:26.313536+09:00
Grant Signal,10.0,0.0,success,False,2026-08-17T21:35:46.466784+09:00
Grant Station,5400.0,14.0,success,False,2026-08-17T20:35:04.556306+09:00
Grant Studio,140.0,1.0,success,False,2026-08-17T20:37:00.325562+09:00
Grant Sync,,,failed,False,2026-08-17T20:39:17.196343+09:00
Grant Tracker,720.0,35.0,success,False,2026-08-17T20:40:10.157299+09:00
Grant Trail,90.0,3.0,success,False,2026-08-17T21:32:03.436124+09:00
Grant Vault,20.0,11.0,success,False,2026-08-17T20:32:38.453320+09:00
Grant Watch,3600.0,42.0,success,False,2026-08-17T21:34:42.632014+09:00
Grant Wave,10.0,0.0,success,False,2026-08-17T20:48:00.384731+09:00
Grant Zone,30.0,0.0,success,False,2026-08-17T20:32:02.325008+09:00
Grazing Anchor,,,failed,False,2026-08-17T20:39:06.787331+09:00
Grazing Atlas,,,failed,False,2026-08-17T21:39:44.948189+09:00
Grazing Base,,,failed,False,2026-08-17T21:35:33.419897+09:00
Grazing Beacon,,,failed,False,2026-08-17T20:42:18.152107+09:00
Grazing Board,14800.0,97.0,success,False,2026-08-17T21:32:23.259221+09:00
Grazing Bridge,,,failed,False,2026-08-17T20:39:59.910293+09:00
Grazing Cascade,,,failed,False,2026-08-17T20:40:46.604989+09:00
Grazing Center,,,failed,False,2026-08-17T20:44:27.303320+09:00
Grazing Chain,20.0,0.0,success,False,2026-08-17T20:33:59.012811+09:00
Grazing Compass,,,failed,False,2026-08-17T20:43:14.638625+09:00
Grazing Console,,,failed,False,2026-08-17T20:41:58.937145+09:00
Grazing Core,,,failed,False,2026-08-17T21:34:28.165323+09:00
Grazing Deck,,,failed,False,2026-08-17T21:31:11.680234+09:00
Grazing Desk,,,failed,False,2026-08-17T20:47:00.954455+09:00
Grazing Dial,,,failed,False,2026-08-17T20:40:24.654920+09:00
Grazing Dock,,,failed,False,2026-08-17T20:36:47.157974+09:00
Grazing Flow,30.0,0.0,success,False,2026-08-17T21:31:46.266854+09:00
Grazing Forge,,,failed,False,2026-08-17T20:41:33.336783+09:00
Grazing Frame,140.0,8.0,success,False,2026-08-17T21:36:34.713232+09:00
Grazing Grid,,,failed,False,2026-08-17T20:34:22.385109+09:00
Grazing Guard,,,failed,False,2026-08-17T21:35:00.218033+09:00
Grazing Hub,,,failed,False,2026-08-17T21:30:38.829852+09:00
Grazing Keeper,,,failed,False,2026-08-17T21:37:02.739524+09:00
Grazing Lab,,,failed,False,2026-08-17T20:47:45.474295+09:00
Grazing Ledger,,,failed,False,2026-08-17T21:33:26.536272+09:00
Grazing Lens,,,failed,False,2026-08-17T21:37:42.380657+09:00
Grazing Lock,,,failed,False,2026-08-17T21:41:12.952922+09:00
Grazing Loop,,,failed,False,2026-08-17T20:35:18.626237+09:00
Grazing Manager,,,failed,False,2026-08-17T21:36:05.315924+09:00
Grazing Map,210.0,5.0,success,False,2026-08-17T21:39:05.774100+09:00
Grazing Meter,,,failed,False,2026-08-17T20:39:31.272188+09:00
Grazing Nexus,,,failed,False,2026-08-17T21:41:42.015478+09:00
Grazing Node,,,failed,False,2026-08-17T20:31:44.848533+09:00
Grazing Panel,,,failed,False,2026-08-17T20:41:08.316613+09:00
Grazing Pilot,,,failed,False,2026-08-17T20:48:21.583177+09:00
Grazing Portal,,,failed,False,2026-08-17T20:42:46.441273+09:00
Grazing Pulse,,,failed,False,2026-08-17T20:33:27.108642+09:00
Grazing Radar,,,failed,False,2026-08-17T20:45:55.190861+09:00
Grazing Rail,,,failed,False,2026-08-17T20:35:48.969093+09:00
Grazing Relay,,,failed,False,2026-08-17T20:45:09.617976+09:00
Grazing Route,,,failed,False,2026-08-17T20:37:45.876313+09:00
Grazing Scale,,,failed,False,2026-08-17T20:38:35.163236+09:00
Grazing Scope,,,failed,False,2026-08-17T20:36:14.881787+09:00
Grazing Sentry,,,failed,False,2026-08-17T21:38:13.718334+09:00
Grazing Signal,,,failed,False,2026-08-17T20:38:11.520193+09:00
Grazing Station,720.0,9.0,success,False,2026-08-17T20:46:23.888336+09:00
Grazing Studio,,,failed,False,2026-08-17T21:30:05.905035+09:00
Grazing Sync,,,failed,False,2026-08-17T21:33:00.443260+09:00
Grazing Tracker,,,failed,False,2026-08-17T21:33:56.834131+09:00
Grazing Trail,170.0,0.0,success,False,2026-08-17T20:34:48.922886+09:00
Grazing Vault,,,failed,False,2026-08-17T20:44:07.827451+09:00
Grazing Watch,,,failed,False,2026-08-17T20:37:15.920679+09:00
Grazing Wave,,,failed,False,2026-08-17T20:32:17.131006+09:00
Grazing Zone,20.0,0.0,success,False,2026-08-17T20:43:42.299051+09:00
Greenhouse Anchor,480.0,100.0,success,False,2026-08-17T20:36:48.387810+09:00
Greenhouse Atlas,,,failed,False,2026-08-17T21:36:36.847955+09:00
Greenhouse Base,1600.0,100.0,success,False,2026-08-17T21:33:02.340741+09:00
Greenhouse Beacon,,,failed,False,2026-08-17T20:40:26.535789+09:00
Greenhouse Board,260.0,19.0,success,False,2026-08-17T20:48:23.905428+09:00
Greenhouse Bridge,,,failed,False,2026-08-17T20:37:47.401646+09:00
Greenhouse Cascade,,,failed,False,2026-08-17T20:38:36.286112+09:00
Greenhouse Center,110.0,15.0,success,False,2026-08-17T20:42:19.428112+09:00
Greenhouse Compass,10.0,0.0,success,False,2026-08-17T20:41:09.985510+09:00
Greenhouse Console,10.0,50.0,success,False,2026-08-17T20:40:01.743309+09:00
Greenhouse Core,30.0,1.0,success,False,2026-08-17T21:31:49.761986+09:00
Greenhouse Deck,590.0,100.0,success,False,2026-08-17T20:47:04.642239+09:00
Greenhouse Desk,90.0,100.0,success,False,2026-08-17T20:44:29.668652+09:00
Greenhouse Dial,,,failed,False,2026-08-17T20:38:12.491374+09:00
Greenhouse Dock,,,failed,False,2026-08-17T20:34:23.568448+09:00
Greenhouse Flow,,,failed,False,2026-08-17T20:47:45.474295+09:00
Greenhouse Forge,,,failed,False,2026-08-17T20:39:32.550443+09:00
Greenhouse Frame,2400.0,100.0,success,False,2026-08-17T21:33:59.802696+09:00
Greenhouse Gate,20.0,45.0,success,False,2026-08-17T21:39:05.774100+09:00
Greenhouse Grid,,,failed,False,2026-08-17T20:31:46.547401+09:00
Greenhouse Guard,,,failed,False,2026-08-17T21:32:25.465592+09:00
Greenhouse Hub,50.0,1.0,success,False,2026-08-17T20:46:26.563596+09:00
Greenhouse Keeper,30.0,0.0,success,False,2026-08-17T21:34:29.947705+09:00
Greenhouse Lab,390.0,4.0,success,False,2026-08-17T20:45:10.862003+09:00
Greenhouse Ledger,,,failed,False,2026-08-17T21:30:41.512165+09:00
Greenhouse Lens,,,failed,False,2026-08-17T21:35:02.943607+09:00
Greenhouse Lock,210.0,42.0,success,False,2026-08-17T21:37:05.127331+09:00
Greenhouse Loop,20.0,94.0,success,False,2026-08-17T20:32:57.689274+09:00
Greenhouse Manager,720.0,1.0,success,False,2026-08-17T21:33:26.536272+09:00
Greenhouse Map,110.0,0.0,success,False,2026-08-17T21:36:07.544663+09:00
Greenhouse Meter,,,failed,False,2026-08-17T20:37:16.947301+09:00
Greenhouse Nexus,,,failed,False,2026-08-17T21:37:44.992622+09:00
Greenhouse Node,,,failed,False,2026-08-17T21:41:14.862117+09:00
Greenhouse Panel,590.0,100.0,success,False,2026-08-17T20:39:09.333217+09:00
Greenhouse Path,30.0,56.0,success,False,2026-08-17T21:39:57.727763+09:00
Greenhouse Pilot,,,failed,False,2026-08-17T20:45:33.619281+09:00
Greenhouse Point,,,failed,False,2026-08-17T21:38:15.647846+09:00
Greenhouse Portal,210.0,9.0,success,False,2026-08-17T20:40:48.754907+09:00
Greenhouse Radar,,,failed,False,2026-08-17T20:43:44.073906+09:00
Greenhouse Rail,,,failed,False,2026-08-17T20:33:31.328442+09:00
Greenhouse Relay,,,failed,False,2026-08-17T20:42:47.401639+09:00
Greenhouse Route,,,failed,False,2026-08-17T20:35:19.683482+09:00
Greenhouse Scale,,,failed,False,2026-08-17T20:36:17.521162+09:00
Greenhouse Scope,,,failed,False,2026-08-17T20:34:01.116253+09:00
Greenhouse Sentry,,,failed,False,2026-08-17T21:35:36.118436+09:00
Greenhouse Signal,,,failed,False,2026-08-17T20:35:50.076535+09:00
Greenhouse Station,50.0,4.0,success,False,2026-08-17T20:44:09.032273+09:00
Greenhouse Studio,720.0,5.0,success,False,2026-08-17T20:45:55.190861+09:00
Greenhouse Sync,,,failed,False,2026-08-17T21:30:05.905035+09:00
Greenhouse Tracker,70.0,18.0,success,False,2026-08-17T21:31:15.457583+09:00
Greenhouse Trail,20.0,0.0,success,False,2026-08-17T20:32:21.226449+09:00
Greenhouse Vault,,,failed,False,2026-08-17T20:42:00.146835+09:00
Greenhouse Watch,30.0,4.0,success,False,2026-08-17T20:34:51.045190+09:00
Greenhouse Wave,20.0,16.0,success,False,2026-08-17T21:41:44.845375+09:00
Greenhouse Zone,40.0,1.0,success,False,2026-08-17T20:41:35.724700+09:00
Grid Anchor,30.0,5.0,success,False,2026-08-17T21:33:13.463030+09:00
Grid Atlas,1600.0,0.0,success,True,2026-08-17T20:41:19.373388+09:00
Grid Base,1300.0,40.0,success,False,2026-08-17T20:38:23.394205+09:00
Grid Beacon,,,failed,False,2026-08-17T21:37:26.190503+09:00
Grid Board,1600.0,77.0,success,False,2026-08-17T20:35:36.002153+09:00
Grid Bridge,110.0,0.0,success,False,2026-08-17T21:34:15.444697+09:00
Grid Cascade,,,failed,False,2026-08-17T21:35:18.423759+09:00
Grid Center,480.0,0.0,success,False,2026-08-17T21:41:28.759770+09:00
Grid Chain,20.0,59.0,success,False,2026-08-17T20:45:46.874737+09:00
Grid Compass,1000.0,0.0,success,True,2026-08-17T21:38:35.218560+09:00
Grid Console,20.0,1.0,success,False,2026-08-17T21:36:50.527973+09:00
Grid Core,590.0,0.0,success,False,2026-08-17T20:37:29.909330+09:00
Grid Deck,110.0,79.0,success,False,2026-08-17T20:34:38.143389+09:00
Grid Desk,50.0,79.0,success,False,2026-08-17T20:32:03.329355+09:00
Grid Dial,,,failed,False,2026-08-17T21:34:46.886716+09:00
Grid Dock,,,failed,False,2026-08-17T21:30:22.425092+09:00
Grid Flow,720.0,1.0,success,False,2026-08-17T20:35:06.364440+09:00
Grid Forge,50.0,0.0,success,False,2026-08-17T21:36:24.237197+09:00
Grid Frame,1900.0,50.0,success,False,2026-08-17T20:39:18.247368+09:00
Grid Gate,110.0,59.0,success,False,2026-08-17T20:43:01.991108+09:00
Grid Guard,1000.0,36.0,success,False,2026-08-17T20:38:02.236902+09:00
Grid Hub,590.0,2.0,success,False,2026-08-17T20:34:15.100698+09:00
Grid Keeper,40.0,0.0,success,False,2026-08-17T20:39:46.897200+09:00
Grid Lab,320.0,0.0,success,False,2026-08-17T20:32:41.344957+09:00
Grid Ledger,,,failed,False,2026-08-17T20:36:31.502472+09:00
Grid Lens,390.0,2.0,success,False,2026-08-17T20:40:13.744558+09:00
Grid Lock,1900.0,1.0,success,False,2026-08-17T20:41:48.704350+09:00
Grid Loop,30.0,1.0,success,False,2026-08-17T20:47:23.581270+09:00
Grid Manager,170.0,1.0,success,False,2026-08-17T20:38:51.261946+09:00
Grid Map,9900.0,0.0,success,True,2026-08-17T20:41:00.568700+09:00
Grid Nexus,10.0,0.0,success,False,2026-08-17T20:42:10.144192+09:00
Grid Node,170.0,0.0,success,False,2026-08-17T20:43:57.612589+09:00
Grid Panel,3600.0,100.0,success,False,2026-08-17T21:35:49.618076+09:00
Grid Path,320.0,19.0,success,False,2026-08-17T20:43:29.254301+09:00
Grid Pilot,50.0,1.0,success,False,2026-08-17T20:33:15.121215+09:00
Grid Point,2400.0,1.0,success,False,2026-08-17T20:42:34.302604+09:00
Grid Portal,170.0,5.0,success,False,2026-08-17T21:38:00.601683+09:00
Grid Pulse,50.0,2.0,success,False,2026-08-17T20:45:22.370262+09:00
Grid Rail,140.0,18.0,success,False,2026-08-17T20:48:06.680156+09:00
Grid Scale,1900.0,40.0,success,False,2026-08-17T21:32:45.123730+09:00
Grid Scope,50.0,0.0,success,False,2026-08-17T20:48:40.258747+09:00
Grid Sentry,40.0,2.0,success,False,2026-08-17T20:40:34.523017+09:00
Grid Signal,40.0,2.0,success,False,2026-08-17T21:32:05.797514+09:00
Grid Station,3600.0,1.0,success,False,2026-08-17T20:31:29.603433+09:00
Grid Studio,9900.0,3.0,success,False,2026-08-17T20:33:46.243100+09:00
Grid Sync,260.0,0.0,success,False,2026-08-17T20:36:04.789698+09:00
Grid Tracker,1000.0,0.0,success,True,2026-08-17T20:37:01.636634+09:00
Grid Trail,30.0,43.0,success,False,2026-08-17T20:46:49.856300+09:00
Grid Vault,10.0,0.0,success,False,2026-08-17T21:40:49.556938+09:00
Grid Watch,8100.0,3.0,success,False,2026-08-17T21:30:57.458125+09:00
Grid Wave,210.0,0.0,success,False,2026-08-17T20:44:21.106446+09:00
Grid Zone,590.0,3.0,success,False,2026-08-17T21:39:25.145394+09:00
Grooming Pilot,,,failed,False,2026-08-17T22:48:03.176041+09:00
Guest Anchor,30.0,0.0,success,False,2026-08-17T21:31:28.023870+09:00
Guest Atlas,,,failed,False,2026-08-17T20:40:10.157299+09:00
Guest Base,10.0,1.0,success,False,2026-08-17T20:37:00.325562+09:00
Guest Beacon,,,failed,False,2026-08-17T21:35:46.466784+09:00
Guest Board,140.0,44.0,success,False,2026-08-17T20:34:11.615000+09:00
Guest Bridge,40.0,4.0,success,False,2026-08-17T21:32:36.544768+09:00
Guest Cascade,,,failed,False,2026-08-17T21:33:37.652467+09:00
Guest Center,1600.0,2.0,success,False,2026-08-17T21:38:29.386806+09:00
Guest Chain,,,failed,False,2026-08-17T20:44:17.126543+09:00
Guest Compass,70.0,3.0,success,False,2026-08-17T21:36:47.272145+09:00
Guest Console,,,failed,False,2026-08-17T21:35:14.152571+09:00
Guest Core,10.0,7.0,success,False,2026-08-17T20:36:02.767132+09:00
Guest Deck,20.0,11.0,success,False,2026-08-17T20:33:10.817795+09:00
Guest Dial,,,failed,False,2026-08-17T21:33:10.630129+09:00
Guest Dock,70.0,2.0,success,False,2026-08-17T20:47:19.659128+09:00
Guest Flow,320.0,10.0,success,False,2026-08-17T20:33:42.611240+09:00
Guest Forge,,,failed,False,2026-08-17T21:34:42.632014+09:00
Guest Frame,50.0,76.0,success,False,2026-08-17T20:37:59.877456+09:00
Guest Gate,50.0,5.0,success,False,2026-08-17T20:41:47.517366+09:00
Guest Grid,20.0,2.0,success,False,2026-08-17T20:44:38.858684+09:00
Guest Guard,50.0,0.0,success,False,2026-08-17T20:36:28.708934+09:00
Guest Hub,140.0,13.0,success,False,2026-08-17T20:32:38.453320+09:00
Guest Keeper,70.0,57.0,success,False,2026-08-17T20:38:21.061174+09:00
Guest Ledger,320.0,3.0,success,False,2026-08-17T20:35:03.370957+09:00
Guest Lens,140.0,43.0,success,False,2026-08-17T20:38:48.292759+09:00
Guest Lock,390.0,7.0,success,False,2026-08-17T20:40:33.502804+09:00
Guest Loop,,,failed,False,2026-08-17T20:45:45.792269+09:00
Guest Manager,2900.0,16.0,success,False,2026-08-17T20:37:28.424048+09:00
Guest Map,210.0,0.0,success,False,2026-08-17T20:39:43.687132+09:00
Guest Meter,,,failed,False,2026-08-17T21:31:59.895065+09:00
Guest Nexus,,,failed,False,2026-08-17T20:40:53.994191+09:00
Guest Node,,,failed,False,2026-08-17T20:42:32.290659+09:00
Guest Panel,140.0,0.0,success,False,2026-08-17T21:34:12.134068+09:00
Guest Path,20.0,5.0,success,False,2026-08-17T20:42:08.223187+09:00
Guest Point,1000.0,8.0,success,False,2026-08-17T20:41:17.748242+09:00
Guest Portal,1300.0,2.0,success,False,2026-08-17T21:36:22.095100+09:00
Guest Pulse,30.0,19.0,success,False,2026-08-17T20:43:56.267353+09:00
Guest Radar,20.0,2.0,success,False,2026-08-17T21:41:25.564008+09:00
Guest Rail,,,failed,False,2026-08-17T20:46:04.855118+09:00
Guest Relay,,,failed,False,2026-08-17T21:39:22.624237+09:00
Guest Route,,,failed,False,2026-08-17T20:48:37.567206+09:00
Guest Scale,,,failed,False,2026-08-17T21:30:50.388708+09:00
Guest Scope,,,failed,False,2026-08-17T20:46:46.837602+09:00
Guest Sentry,,,failed,False,2026-08-17T20:39:17.196343+09:00
Guest Signal,,,failed,False,2026-08-17T21:30:18.085086+09:00
Guest Studio,90.0,0.0,success,False,2026-08-17T20:32:00.957216+09:00
Guest Sync,,,failed,False,2026-08-17T20:34:35.742752+09:00
Guest Tracker,390.0,6.0,success,False,2026-08-17T20:35:35.063549+09:00
Guest Trail,,,failed,False,2026-08-17T20:45:16.547101+09:00
Guest Vault,,,failed,False,2026-08-17T21:37:57.485180+09:00
Guest Watch,135000.0,100.0,success,False,2026-08-17T20:48:00.384731+09:00
Guest Wave,,,failed,False,2026-08-17T20:42:54.961047+09:00
Guest Zone,50.0,1.0,success,False,2026-08-17T21:37:24.355362+09:00
Harvest Anchor,40.0,0.0,success,False,2026-08-17T21:37:21.496927+09:00
Harvest Atlas,70.0,0.0,success,False,2026-08-17T20:44:37.629482+09:00
Harvest Base,20.0,0.0,success,False,2026-08-17T20:41:46.079279+09:00
Harvest Board,210.0,67.0,success,False,2026-08-17T20:39:15.324728+09:00
Harvest Bridge,110.0,0.0,success,False,2026-08-17T21:38:29.386806+09:00
Harvest Cascade,,,failed,False,2026-08-17T21:40:41.309160+09:00
Harvest Center,5400.0,17.0,success,False,2026-08-17T20:33:41.175079+09:00
Harvest Chain,260.0,48.0,success,False,2026-08-17T21:31:28.023870+09:00
Harvest Compass,10.0,0.0,success,False,2026-08-17T20:31:59.985806+09:00
Harvest Core,20.0,0.0,success,False,2026-08-17T20:40:52.985789+09:00
Harvest Deck,,,failed,False,2026-08-17T20:38:19.209708+09:00
Harvest Desk,10.0,100.0,success,False,2026-08-17T20:36:00.761105+09:00
Harvest Dial,,,failed,False,2026-08-17T21:39:19.495692+09:00
Harvest Dock,,,failed,False,2026-08-17T21:34:39.149688+09:00
Harvest Flow,50.0,1.0,success,False,2026-08-17T20:38:46.053243+09:00
Harvest Frame,30.0,0.0,success,False,2026-08-17T20:42:29.560038+09:00
Harvest Gate,320.0,1.0,success,False,2026-08-17T20:46:42.242736+09:00
Harvest Grid,,,failed,False,2026-08-17T21:31:59.895065+09:00
Harvest Guard,320.0,48.0,success,False,2026-08-17T20:41:16.510977+09:00
Harvest Hub,1900.0,1.0,success,False,2026-08-17T20:37:58.727524+09:00
Harvest Keeper,140.0,50.0,success,False,2026-08-17T20:42:54.961047+09:00
Harvest Lab,260.0,1.0,success,False,2026-08-17T20:36:26.800121+09:00
Harvest Ledger,10.0,0.0,success,False,2026-08-17T20:40:08.225876+09:00
Harvest Lens,,,failed,False,2026-08-17T20:43:25.230587+09:00
Harvest Lock,,,failed,False,2026-08-17T20:45:16.547101+09:00
Harvest Loop,480.0,39.0,success,False,2026-08-17T21:33:08.992358+09:00
Harvest Manager,140.0,5.0,success,False,2026-08-17T20:42:06.946542+09:00
Harvest Map,590.0,0.0,success,False,2026-08-17T20:44:17.126543+09:00
Harvest Meter,,,failed,False,2026-08-17T21:37:57.485180+09:00
Harvest Nexus,,,failed,False,2026-08-17T20:45:42.370254+09:00
Harvest Node,,,failed,False,2026-08-17T20:48:00.384731+09:00
Harvest Panel,50.0,3.0,success,False,2026-08-17T21:41:22.072079+09:00
Harvest Path,210.0,2.0,success,False,2026-08-17T20:47:16.621554+09:00
Harvest Pilot,,,failed,False,2026-08-17T20:36:59.320935+09:00
Harvest Point,1300.0,6.0,success,False,2026-08-17T20:46:04.855118+09:00
Harvest Pulse,,,failed,False,2026-08-17T21:30:50.388708+09:00
Harvest Radar,,,failed,False,2026-08-17T20:35:00.475766+09:00
Harvest Rail,20.0,5.0,success,False,2026-08-17T21:33:36.085901+09:00
Harvest Register,90.0,0.0,success,False,2026-08-17T22:51:32.586910+09:00
Harvest Relay,,,failed,False,2026-08-17T20:34:09.472739+09:00
Harvest Route,10.0,0.0,success,False,2026-08-17T21:35:44.584576+09:00
Harvest Scale,30.0,84.0,success,False,2026-08-17T21:36:47.272145+09:00
Harvest Scope,10.0,0.0,success,False,2026-08-17T21:34:09.721109+09:00
Harvest Sentry,,,failed,False,2026-08-17T20:43:55.064759+09:00
Harvest Signal,10.0,,success,False,2026-08-17T21:36:20.278504+09:00
Harvest Station,3600.0,12.0,success,False,2026-08-17T20:35:32.317442+09:00
Harvest Studio,480.0,2.0,success,False,2026-08-17T20:37:26.547523+09:00
Harvest Sync,,,failed,False,2026-08-17T20:39:41.640400+09:00
Harvest Tracker,720.0,18.0,success,False,2026-08-17T20:40:32.567080+09:00
Harvest Trail,1900.0,9.0,success,False,2026-08-17T21:32:36.544768+09:00
Harvest Vault,,,failed,False,2026-08-17T20:33:09.747000+09:00
Harvest Watch,260.0,18.0,success,False,2026-08-17T21:35:14.152571+09:00
Harvest Wave,,,failed,False,2026-08-17T20:48:34.410191+09:00
Harvest Zone,50.0,1.0,success,False,2026-08-17T20:32:36.001496+09:00
Haulage Radar,,,failed,False,2026-08-17T22:50:34.703098+09:00
Hearing Anchor,,,failed,False,2026-08-17T20:45:52.903104+09:00
Hearing Atlas,10.0,0.0,success,False,2026-08-17T20:36:40.845127+09:00
Hearing Base,30.0,7.0,success,False,2026-08-17T20:33:23.313632+09:00
Hearing Beacon,,,failed,False,2026-08-17T21:31:41.054400+09:00
Hearing Bridge,,,failed,False,2026-08-17T20:46:56.962156+09:00
Hearing Cascade,,,failed,False,2026-08-17T20:48:15.314618+09:00
Hearing Center,,,failed,False,2026-08-17T21:34:24.214520+09:00
Hearing Chain,70.0,30.0,success,False,2026-08-17T20:41:06.345123+09:00
Hearing Compass,,,failed,False,2026-08-17T21:32:53.372558+09:00
Hearing Console,,,failed,False,2026-08-17T21:31:05.600589+09:00
Hearing Core,10.0,0.0,success,False,2026-08-17T20:32:12.868338+09:00
Hearing Deck,,,failed,False,2026-08-17T21:41:04.521769+09:00
Hearing Desk,,,failed,False,2026-08-17T21:36:59.022364+09:00
Hearing Dial,,,failed,False,2026-08-17T20:47:35.936558+09:00
Hearing Dock,,,failed,False,2026-08-17T20:43:36.337910+09:00
Hearing Flow,,,failed,False,2026-08-17T21:41:36.452024+09:00
Hearing Forge,,,failed,False,2026-08-17T21:30:33.048254+09:00
Hearing Frame,,,failed,False,2026-08-17T20:34:19.305897+09:00
Hearing Gate,20.0,49.0,success,False,2026-08-17T20:38:32.473394+09:00
Hearing Grid,,,failed,False,2026-08-17T20:41:27.066117+09:00
Hearing Guard,90.0,56.0,success,False,2026-08-17T20:32:47.475978+09:00
Hearing Hub,390.0,37.0,success,False,2026-08-17T21:39:37.908878+09:00
Hearing Keeper,,,failed,False,2026-08-17T20:34:43.926118+09:00
Hearing Lab,1300.0,21.0,success,False,2026-08-17T21:37:36.095439+09:00
Hearing Lens,,,failed,False,2026-08-17T20:35:15.216607+09:00
Hearing Lock,,,failed,False,2026-08-17T20:37:11.919122+09:00
Hearing Loop,5400.0,96.0,success,False,2026-08-17T20:42:15.711128+09:00
Hearing Manager,70.0,0.0,success,False,2026-08-17T20:33:54.236742+09:00
Hearing Map,260.0,1.0,success,False,2026-08-17T20:36:12.301778+09:00
Hearing Meter,20.0,19.0,success,False,2026-08-17T20:46:20.020027+09:00
Hearing Nexus,,,failed,False,2026-08-17T20:37:39.748297+09:00
Hearing Node,,,failed,False,2026-08-17T20:39:25.387216+09:00
Hearing Panel,50.0,0.0,success,False,2026-08-17T21:30:00.229933+09:00
Hearing Path,1000.0,0.0,success,True,2026-08-17T20:39:04.557611+09:00
Hearing Pilot,,,failed,False,2026-08-17T21:38:08.965654+09:00
Hearing Point,1600.0,8.0,success,False,2026-08-17T20:38:07.696860+09:00
Hearing Portal,140.0,1.0,success,False,2026-08-17T21:32:17.170130+09:00
Hearing Pulse,480.0,5.0,success,False,2026-08-17T20:40:44.017242+09:00
Hearing Radar,,,failed,False,2026-08-17T21:35:58.459168+09:00
Hearing Rail,,,failed,False,2026-08-17T20:42:41.908187+09:00
Hearing Relay,,,failed,False,2026-08-17T21:34:55.256705+09:00
Hearing Route,,,failed,False,2026-08-17T20:44:24.451216+09:00
Hearing Scale,110.0,3.0,success,False,2026-08-17T20:45:28.437462+09:00
Hearing Scope,50.0,34.0,success,False,2026-08-17T20:43:09.097865+09:00
Hearing Sentry,,,failed,False,2026-08-17T20:35:45.912195+09:00
Hearing Signal,10.0,0.0,success,False,2026-08-17T20:44:54.516764+09:00
Hearing Station,30.0,11.0,success,False,2026-08-17T21:36:30.682605+09:00
Hearing Studio,40.0,14.0,success,False,2026-08-17T21:38:46.123803+09:00
Hearing Tracker,1600.0,52.0,success,False,2026-08-17T20:31:38.107939+09:00
Hearing Trail,,,failed,False,2026-08-17T20:41:55.751231+09:00
Hearing Vault,10.0,0.0,success,False,2026-08-17T21:33:53.413747+09:00
Hearing Watch,30.0,0.0,success,False,2026-08-17T20:44:04.848400+09:00
Hearing Wave,,,failed,False,2026-08-17T20:39:54.147287+09:00
Hearing Zone,320.0,11.0,success,False,2026-08-17T21:33:22.663564+09:00
Housekeeping Anchor,,,failed,False,2026-08-17T20:47:23.581270+09:00
Housekeeping Atlas,,,failed,False,2026-08-17T20:38:02.236902+09:00
Housekeeping Base,,,failed,False,2026-08-17T20:34:36.732015+09:00
Housekeeping Beacon,,,failed,False,2026-08-17T21:33:13.463030+09:00
Housekeeping Board,90.0,63.0,success,False,2026-08-17T20:31:29.603433+09:00
Housekeeping Bridge,,,failed,False,2026-08-17T20:48:40.258747+09:00
Housekeeping Cascade,,,failed,False,2026-08-17T21:30:53.341117+09:00
Housekeeping Center,30.0,1.0,success,False,2026-08-17T21:35:49.618076+09:00
Housekeeping Chain,,,failed,False,2026-08-17T20:42:10.144192+09:00
Housekeeping Compass,,,failed,False,2026-08-17T21:34:15.444697+09:00
Housekeeping Console,,,failed,False,2026-08-17T21:32:40.946824+09:00
Housekeeping Core,,,failed,False,2026-08-17T20:33:46.243100+09:00
Housekeeping Desk,50.0,0.0,success,False,2026-08-17T21:38:32.905021+09:00
Housekeeping Dial,,,failed,False,2026-08-17T21:30:22.425092+09:00
Housekeeping Dock,,,failed,False,2026-08-17T20:44:43.054193+09:00
Housekeeping Forge,,,failed,False,2026-08-17T21:32:03.436124+09:00
Housekeeping Frame,,,failed,False,2026-08-17T20:35:36.002153+09:00
Housekeeping Gate,,,failed,False,2026-08-17T20:39:46.897200+09:00
Housekeeping Grid,,,failed,False,2026-08-17T20:42:34.302604+09:00
Housekeeping Guard,,,failed,False,2026-08-17T20:34:15.100698+09:00
Housekeeping Keeper,,,failed,False,2026-08-17T20:36:04.789698+09:00
Housekeeping Lab,170.0,1.0,success,False,2026-08-17T21:39:25.145394+09:00
Housekeeping Ledger,,,failed,False,2026-08-17T20:32:41.344957+09:00
Housekeeping Lens,,,failed,False,2026-08-17T20:36:31.502472+09:00
Housekeeping Lock,,,failed,False,2026-08-17T20:38:23.394205+09:00
Housekeeping Loop,,,failed,False,2026-08-17T20:43:29.254301+09:00
Housekeeping Manager,2900.0,5.0,success,False,2026-08-17T20:35:06.364440+09:00
Housekeeping Map,70.0,2.0,success,False,2026-08-17T20:37:29.909330+09:00
Housekeeping Meter,,,failed,False,2026-08-17T20:48:02.919436+09:00
Housekeeping Nexus,,,failed,False,2026-08-17T20:38:51.261946+09:00
Housekeeping Node,,,failed,False,2026-08-17T20:40:34.523017+09:00
Housekeeping Panel,,,failed,False,2026-08-17T21:31:33.014186+09:00
Housekeeping Path,,,failed,False,2026-08-17T20:40:13.744558+09:00
Housekeeping Pilot,,,failed,False,2026-08-17T21:40:49.556938+09:00
Housekeeping Point,50.0,1.0,success,False,2026-08-17T20:39:18.247368+09:00
Housekeeping Portal,20.0,14.0,success,False,2026-08-17T21:33:40.096792+09:00
Housekeeping Pulse,,,failed,False,2026-08-17T20:41:48.704350+09:00
Housekeeping Radar,,,failed,False,2026-08-17T21:37:26.190503+09:00
Housekeeping Rail,,,failed,False,2026-08-17T20:43:57.612589+09:00
Housekeeping Relay,,,failed,False,2026-08-17T21:36:24.237197+09:00
Housekeeping Route,,,failed,False,2026-08-17T20:45:46.874737+09:00
Housekeeping Scale,,,failed,False,2026-08-17T20:46:49.856300+09:00
Housekeeping Scope,,,failed,False,2026-08-17T20:44:20.013961+09:00
Housekeeping Sentry,,,failed,False,2026-08-17T20:37:01.636634+09:00
Housekeeping Signal,,,failed,False,2026-08-17T20:46:07.350212+09:00
Housekeeping Station,70.0,100.0,success,False,2026-08-17T21:38:00.601683+09:00
Housekeeping Studio,20.0,0.0,success,False,2026-08-17T21:41:28.759770+09:00
Housekeeping Sync,,,failed,False,2026-08-17T20:32:03.329355+09:00
Housekeeping Tracker,20.0,18.0,success,False,2026-08-17T20:33:15.121215+09:00
Housekeeping Trail,,,failed,False,2026-08-17T20:42:59.992193+09:00
Housekeeping Vault,,,failed,False,2026-08-17T21:35:18.423759+09:00
Housekeeping Watch,,,failed,False,2026-08-17T20:45:22.370262+09:00
Housekeeping Wave,,,failed,False,2026-08-17T20:40:55.263419+09:00
Housekeeping Zone,,,failed,False,2026-08-17T21:34:46.886716+09:00
Hygiene Desk,,,failed,False,2026-08-17T22:48:03.176041+09:00
Impact Anchor,140.0,61.0,success,False,2026-08-17T20:40:46.604989+09:00
Impact Base,170.0,8.0,success,False,2026-08-17T21:37:42.380657+09:00
Impact Beacon,140.0,1.0,success,False,2026-08-17T20:44:09.032273+09:00
Impact Board,590.0,44.0,success,False,2026-08-17T21:34:28.165323+09:00
Impact Bridge,880.0,1.0,success,False,2026-08-17T20:41:33.336783+09:00
Impact Cascade,10.0,0.0,success,False,2026-08-17T20:42:18.152107+09:00
Impact Center,6600.0,2.0,success,False,2026-08-17T20:46:23.888336+09:00
Impact Chain,170.0,2.0,success,False,2026-08-17T20:35:48.969093+09:00
Impact Compass,110.0,2.0,success,False,2026-08-17T20:45:09.617976+09:00
Impact Console,,,failed,False,2026-08-17T20:43:42.299051+09:00
Impact Core,1300.0,16.0,success,False,2026-08-17T21:36:34.713232+09:00
Impact Deck,260.0,97.0,success,False,2026-08-17T21:33:26.536272+09:00
Impact Desk,40.0,53.0,success,False,2026-08-17T21:30:38.829852+09:00
Impact Dial,720.0,0.0,success,False,2026-08-17T20:41:58.937145+09:00
Impact Dock,10.0,100.0,success,False,2026-08-17T20:38:35.163236+09:00
Impact Flow,170.0,2.0,success,False,2026-08-17T21:33:59.802696+09:00
Impact Forge,170.0,1.0,success,False,2026-08-17T20:43:14.638625+09:00
Impact Frame,27100.0,0.0,success,True,2026-08-17T21:39:05.774100+09:00
Impact Gate,70.0,16.0,success,False,2026-08-17T20:32:55.422953+09:00
Impact Grid,210.0,1.0,success,False,2026-08-17T20:36:14.881787+09:00
Impact Guard,720.0,5.0,success,False,2026-08-17T21:37:05.127331+09:00
Impact Hub,18100.0,6.0,success,False,2026-08-17T21:33:00.443260+09:00
Impact Keeper,,,failed,False,2026-08-17T21:39:44.948189+09:00
Impact Lab,3600.0,0.0,success,True,2026-08-17T21:31:11.680234+09:00
Impact Ledger,20.0,0.0,success,False,2026-08-17T21:35:33.419897+09:00
Impact Lens,170.0,1.0,success,False,2026-08-17T21:41:12.952922+09:00
Impact Loop,1000.0,1.0,success,False,2026-08-17T20:37:15.920679+09:00
Impact Manager,390.0,2.0,success,False,2026-08-17T21:38:13.718334+09:00
Impact Meter,720.0,1.0,success,False,2026-08-17T20:41:08.316613+09:00
Impact Nexus,170.0,1.0,success,False,2026-08-17T20:31:44.848533+09:00
Impact Node,,,failed,False,2026-08-17T20:33:59.012811+09:00
Impact Panel,480.0,20.0,success,False,2026-08-17T20:42:46.441273+09:00
Impact Path,70.0,0.0,success,False,2026-08-17T20:33:27.108642+09:00
Impact Pilot,70.0,4.0,success,False,2026-08-17T21:31:46.266854+09:00
Impact Point,1900.0,0.0,success,True,2026-08-17T20:32:17.131006+09:00
Impact Portal,720.0,1.0,success,False,2026-08-17T20:44:27.303320+09:00
Impact Pulse,140.0,0.0,success,False,2026-08-17T20:35:18.626237+09:00
Impact Radar,70.0,0.0,success,False,2026-08-17T20:48:21.583177+09:00
Impact Rail,20.0,11.0,success,False,2026-08-17T20:37:45.876313+09:00
Impact Relay,,,failed,False,2026-08-17T20:47:00.954455+09:00
Impact Route,10.0,3.0,success,False,2026-08-17T20:39:31.272188+09:00
Impact Scale,390.0,1.0,success,False,2026-08-17T20:40:24.654920+09:00
Impact Scope,480.0,0.0,success,False,2026-08-17T20:38:11.520193+09:00
Impact Sentry,,,failed,False,2026-08-17T21:41:42.015478+09:00
Impact Signal,20.0,4.0,success,False,2026-08-17T20:39:59.910293+09:00
Impact Station,50.0,0.0,success,False,2026-08-17T21:30:05.905035+09:00
Impact Studio,2400.0,1.0,success,False,2026-08-17T21:32:23.259221+09:00
Impact Sync,90.0,55.0,success,False,2026-08-17T21:35:00.218033+09:00
Impact Tracker,320.0,1.0,success,False,2026-08-17T21:36:05.315924+09:00
Impact Trail,40.0,14.0,success,False,2026-08-17T20:36:47.157974+09:00
Impact Vault,10.0,0.0,success,False,2026-08-17T20:45:55.190861+09:00
Impact Watch,110.0,36.0,success,False,2026-08-17T20:39:06.787331+09:00
Impact Wave,390.0,4.0,success,False,2026-08-17T20:34:22.385109+09:00
Impact Zone,5400.0,2.0,success,False,2026-08-17T20:45:32.525368+09:00
Incident Anchor,,,failed,False,2026-08-17T20:33:43.675774+09:00
Incident Atlas,,,failed,False,2026-08-17T21:33:13.463030+09:00
Incident Base,40.0,3.0,success,False,2026-08-17T20:48:02.919436+09:00
Incident Beacon,,,failed,False,2026-08-17T20:37:28.424048+09:00
Incident Board,110.0,31.0,success,False,2026-08-17T20:44:43.054193+09:00
Incident Bridge,880.0,0.0,success,False,2026-08-17T20:34:36.732015+09:00
Incident Cascade,,,failed,False,2026-08-17T20:35:35.063549+09:00
Incident Center,,,failed,False,2026-08-17T20:39:43.687132+09:00
Incident Chain,,,failed,False,2026-08-17T21:38:32.905021+09:00
Incident Compass,,,failed,False,2026-08-17T20:38:23.394205+09:00
Incident Console,,,failed,False,2026-08-17T20:37:00.325562+09:00
Incident Core,10.0,11.0,success,False,2026-08-17T20:46:46.837602+09:00
Incident Deck,,,failed,False,2026-08-17T20:43:56.267353+09:00
Incident Desk,20.0,15.0,success,False,2026-08-17T20:41:47.517366+09:00
Incident Dial,,,failed,False,2026-08-17T20:35:04.556306+09:00
Incident Flow,40.0,8.0,success,False,2026-08-17T20:44:20.013961+09:00
Incident Forge,,,failed,False,2026-08-17T20:36:28.708934+09:00
Incident Frame,,,failed,False,2026-08-17T21:30:22.425092+09:00
Incident Gate,,,failed,False,2026-08-17T21:35:16.200596+09:00
Incident Guard,,,failed,False,2026-08-17T20:47:19.659128+09:00
Incident Hub,40.0,11.0,success,False,2026-08-17T20:43:29.254301+09:00
Incident Keeper,,,failed,False,2026-08-17T21:30:53.341117+09:00
Incident Lab,,,failed,False,2026-08-17T20:42:08.223187+09:00
Incident Ledger,,,failed,False,2026-08-17T20:45:45.792269+09:00
Incident Lens,20.0,0.0,success,False,2026-08-17T21:31:30.369012+09:00
Incident Lock,,,failed,False,2026-08-17T21:33:40.096792+09:00
Incident Manager,1900.0,8.0,success,False,2026-08-17T20:48:37.567206+09:00
Incident Map,1000.0,0.0,success,True,2026-08-17T21:32:40.946824+09:00
Incident Meter,260.0,66.0,success,False,2026-08-17T20:34:11.615000+09:00
Incident Nexus,,,failed,False,2026-08-17T21:34:12.134068+09:00
Incident Node,10.0,0.0,success,False,2026-08-17T21:36:22.095100+09:00
Incident Panel,,,failed,False,2026-08-17T20:36:02.767132+09:00
Incident Path,,,failed,False,2026-08-17T21:35:49.618076+09:00
Incident Pilot,,,failed,False,2026-08-17T20:42:32.290659+09:00
Incident Point,140.0,0.0,success,False,2026-08-17T21:34:42.632014+09:00
Incident Portal,50.0,16.0,success,False,2026-08-17T20:37:59.877456+09:00
Incident Pulse,70.0,0.0,success,False,2026-08-17T21:38:00.601683+09:00
Incident Radar,,,failed,False,2026-08-17T20:40:55.263419+09:00
Incident Relay,20.0,1.0,success,False,2026-08-17T20:40:13.744558+09:00
Incident Route,10.0,0.0,success,False,2026-08-17T20:32:02.325008+09:00
Incident Scale,,,failed,False,2026-08-17T20:33:10.817795+09:00
Incident Scheduler,,,failed,False,2026-08-17T22:46:53.613180+09:00
Incident Sentry,,,failed,False,2026-08-17T21:32:03.436124+09:00
Incident Signal,20.0,1.0,success,False,2026-08-17T20:32:39.820797+09:00
Incident Station,,,failed,False,2026-08-17T20:41:19.373388+09:00
Incident Studio,50.0,0.0,success,False,2026-08-17T20:42:59.992193+09:00
Incident Sync,,,failed,False,2026-08-17T20:45:18.923986+09:00
Incident Tracker,590.0,44.0,success,False,2026-08-17T20:46:07.350212+09:00
Incident Vault,,,failed,False,2026-08-17T20:39:17.196343+09:00
Incident Wave,880.0,0.0,success,False,2026-08-17T21:36:50.527973+09:00
Incident Zone,10.0,0.0,success,False,2026-08-17T20:38:48.292759+09:00
Inspection Anchor,,,failed,False,2026-08-17T20:33:01.756540+09:00
Inspection Assistant,320.0,0.0,success,False,2026-08-17T22:48:05.376281+09:00
Inspection Atlas,210.0,31.0,success,False,2026-08-17T21:32:31.405261+09:00
Inspection Base,,,failed,False,2026-08-17T20:47:09.255931+09:00
Inspection Beacon,,,failed,False,2026-08-17T20:36:55.192509+09:00
Inspection Board,170.0,1.0,success,False,2026-08-17T20:44:14.789024+09:00
Inspection Bridge,1300.0,1.0,success,False,2026-08-17T20:34:03.344800+09:00
Inspection Cascade,,,failed,False,2026-08-17T20:34:55.202462+09:00
Inspection Center,720.0,17.0,success,False,2026-08-17T20:39:12.627798+09:00
Inspection Compass,,,failed,False,2026-08-17T20:37:51.221015+09:00
Inspection Console,,,failed,False,2026-08-17T20:36:21.712002+09:00
Inspection Core,,,failed,False,2026-08-17T20:46:01.536512+09:00
Inspection Deck,1000.0,16.0,success,False,2026-08-17T20:43:18.551816+09:00
Inspection Desk,50.0,62.0,success,False,2026-08-17T20:41:13.511022+09:00
Inspection Dial,,,failed,False,2026-08-17T20:34:31.529799+09:00
Inspection Engine,40.0,3.0,success,False,2026-08-17T22:48:03.176041+09:00
Inspection Flow,140.0,3.0,success,False,2026-08-17T20:43:48.259554+09:00
Inspection Forge,,,failed,False,2026-08-17T20:35:55.625501+09:00
Inspection Frame,20.0,25.0,success,False,2026-08-17T20:48:29.594833+09:00
Inspection Gate,50.0,3.0,success,False,2026-08-17T21:34:34.023181+09:00
Inspection Guard,,,failed,False,2026-08-17T20:46:29.220439+09:00
Inspection Hub,210.0,11.0,success,False,2026-08-17T20:42:50.595044+09:00
Inspection Insight,,,failed,False,2026-08-17T22:48:05.376281+09:00
Inspection Keeper,,,failed,False,2026-08-17T21:30:13.279777+09:00
Inspection Lab,390.0,6.0,success,False,2026-08-17T20:41:41.231730+09:00
Inspection Ledger,10.0,0.0,success,False,2026-08-17T20:45:14.001779+09:00
Inspection Lens,110.0,65.0,success,False,2026-08-17T21:30:45.538595+09:00
Inspection Lock,,,failed,False,2026-08-17T21:33:05.832312+09:00
Inspection Manager,6600.0,8.0,success,False,2026-08-17T20:47:53.457764+09:00
Inspection Map,90.0,0.0,success,False,2026-08-17T21:31:54.606698+09:00
Inspection Meter,,,failed,False,2026-08-17T20:33:36.115262+09:00
Inspection Nexus,,,failed,False,2026-08-17T21:33:32.175377+09:00
Inspection Node,,,failed,False,2026-08-17T21:35:41.309233+09:00
Inspection Panel,720.0,84.0,success,False,2026-08-17T20:35:22.813816+09:00
Inspection Path,20.0,0.0,success,False,2026-08-17T21:35:08.893531+09:00
Inspection Pilot,,,failed,False,2026-08-17T20:42:02.791525+09:00
Inspection Point,1600.0,38.0,success,False,2026-08-17T21:34:03.414909+09:00
Inspection Portal,720.0,0.0,success,False,2026-08-17T20:37:19.032635+09:00
Inspection Radar,,,failed,False,2026-08-17T20:40:29.235539+09:00
Inspection Rail,,,failed,False,2026-08-17T20:31:29.603433+09:00
Inspection Relay,,,failed,False,2026-08-17T20:39:36.069990+09:00
Inspection Scale,260.0,2.0,success,False,2026-08-17T20:32:30.733040+09:00
Inspection Scheduler,1000.0,5.0,success,False,2026-08-17T22:50:36.545244+09:00
Inspection Scope,390.0,100.0,success,False,2026-08-17T20:32:03.329355+09:00
Inspection Sentry,,,failed,False,2026-08-17T21:31:19.415531+09:00
Inspection Signal,,,failed,False,2026-08-17T20:31:55.017364+09:00
Inspection Station,8100.0,13.0,success,False,2026-08-17T20:40:51.053535+09:00
Inspection Studio,,,failed,False,2026-08-17T20:42:22.378966+09:00
Inspection Sync,,,failed,False,2026-08-17T20:44:33.462366+09:00
Inspection Tracker,90.0,17.0,success,False,2026-08-17T20:45:35.834234+09:00
Inspection Vault,,,failed,False,2026-08-17T20:38:41.975413+09:00
Inspection Zone,70.0,0.0,success,False,2026-08-17T20:38:14.865229+09:00
Insurance Anchor,30.0,15.0,success,False,2026-08-17T21:37:42.380657+09:00
Insurance Atlas,20.0,33.0,success,False,2026-08-17T20:44:58.380838+09:00
Insurance Base,170.0,1.0,success,False,2026-08-17T20:41:57.166662+09:00
Insurance Board,1000.0,11.0,success,False,2026-08-17T20:39:28.862436+09:00
Insurance Bridge,40.0,11.0,success,False,2026-08-17T21:39:02.253193+09:00
Insurance Cascade,,,failed,False,2026-08-17T21:41:12.952922+09:00
Insurance Center,1300.0,15.0,success,False,2026-08-17T20:33:56.397010+09:00
Insurance Chain,20.0,8.0,success,False,2026-08-17T21:31:44.399230+09:00
Insurance Compass,20.0,9.0,success,False,2026-08-17T20:32:14.147491+09:00
Insurance Core,1300.0,33.0,success,False,2026-08-17T20:41:07.425187+09:00
Insurance Deck,20.0,13.0,success,False,2026-08-17T20:38:35.163236+09:00
Insurance Desk,1000.0,4.0,success,False,2026-08-17T20:36:14.881787+09:00
Insurance Dial,10.0,0.0,success,False,2026-08-17T21:39:40.995935+09:00
Insurance Dock,,,failed,False,2026-08-17T21:35:00.218033+09:00
Insurance Flow,1300.0,21.0,success,False,2026-08-17T20:39:05.666395+09:00
Insurance Frame,320.0,2.0,success,False,2026-08-17T20:42:46.441273+09:00
Insurance Gate,,,failed,False,2026-08-17T20:47:00.954455+09:00
Insurance Grid,70.0,11.0,success,False,2026-08-17T21:32:20.148818+09:00
Insurance Guard,390.0,3.0,success,False,2026-08-17T20:41:30.101842+09:00
Insurance Hub,3600.0,10.0,success,False,2026-08-17T20:38:08.924079+09:00
Insurance Keeper,,,failed,False,2026-08-17T20:43:14.638625+09:00
Insurance Lab,720.0,6.0,success,False,2026-08-17T20:36:47.157974+09:00
Insurance Ledger,90.0,0.0,success,False,2026-08-17T20:40:21.350341+09:00
Insurance Lens,,,failed,False,2026-08-17T20:43:38.857738+09:00
Insurance Lock,70.0,95.0,success,False,2026-08-17T20:45:32.525368+09:00
Insurance Loop,,,failed,False,2026-08-17T21:33:24.629057+09:00
Insurance Manager,1000.0,3.0,success,False,2026-08-17T20:42:16.988485+09:00
Insurance Map,170.0,3.0,success,False,2026-08-17T20:44:27.303320+09:00
Insurance Meter,10.0,21.0,success,False,2026-08-17T21:38:13.718334+09:00
Insurance Nexus,30.0,7.0,success,False,2026-08-17T20:45:54.147634+09:00
Insurance Node,,,failed,False,2026-08-17T20:48:18.389398+09:00
Insurance Panel,390.0,16.0,success,False,2026-08-17T21:41:42.015478+09:00
Insurance Path,50.0,8.0,success,False,2026-08-17T20:47:39.394205+09:00
Insurance Pilot,590.0,28.0,success,False,2026-08-17T20:37:15.920679+09:00
Insurance Point,3600.0,1.0,success,False,2026-08-17T20:46:22.420312+09:00
Insurance Portal,2400.0,20.0,success,False,2026-08-17T20:31:41.996994+09:00
Insurance Pulse,,,failed,False,2026-08-17T21:31:08.679950+09:00
Insurance Radar,10.0,22.0,success,False,2026-08-17T20:35:16.626138+09:00
Insurance Rail,,,failed,False,2026-08-17T21:33:56.834131+09:00
Insurance Register,720.0,21.0,success,False,2026-08-17T22:49:21.662634+09:00
Insurance Relay,,,failed,False,2026-08-17T20:34:22.385109+09:00
Insurance Route,,,failed,False,2026-08-17T21:36:05.315924+09:00
Insurance Scale,70.0,21.0,success,False,2026-08-17T21:37:02.739524+09:00
Insurance Scope,210.0,3.0,success,False,2026-08-17T21:34:28.165323+09:00
Insurance Sentry,,,failed,False,2026-08-17T20:44:07.827451+09:00
Insurance Signal,,,failed,False,2026-08-17T21:36:32.684484+09:00
Insurance Station,170.0,7.0,success,False,2026-08-17T20:35:47.352548+09:00
Insurance Studio,260.0,5.0,success,False,2026-08-17T20:37:44.009684+09:00
Insurance Sync,,,failed,False,2026-08-17T20:39:57.613991+09:00
Insurance Tracker,720.0,31.0,success,False,2026-08-17T20:40:46.604989+09:00
Insurance Trail,20.0,36.0,success,False,2026-08-17T21:32:57.336519+09:00
Insurance Vault,50.0,8.0,success,False,2026-08-17T20:33:27.108642+09:00
Insurance Watch,6600.0,60.0,success,False,2026-08-17T21:35:30.145341+09:00
Insurance Wave,1000.0,6.0,success,False,2026-08-17T21:30:02.792774+09:00
Insurance Zone,1600.0,6.0,success,False,2026-08-17T20:32:53.240136+09:00
Intake Anchor,,,failed,False,2026-08-17T20:48:26.612997+09:00
Intake Atlas,,,failed,False,2026-08-17T20:38:40.859557+09:00
Intake Base,,,failed,False,2026-08-17T20:35:22.813816+09:00
Intake Beacon,,,failed,False,2026-08-17T21:34:03.414909+09:00
Intake Board,20.0,2.0,success,False,2026-08-17T20:32:26.534581+09:00
Intake Bridge,70.0,18.0,success,False,2026-08-17T21:30:43.453478+09:00
Intake Cascade,,,failed,False,2026-08-17T21:31:54.606698+09:00
Intake Center,1000.0,0.0,success,True,2026-08-17T21:36:38.708092+09:00
Intake Chain,,,failed,False,2026-08-17T20:42:50.595044+09:00
Intake Compass,,,failed,False,2026-08-17T21:35:08.893531+09:00
Intake Console,,,failed,False,2026-08-17T21:33:30.231055+09:00
Intake Core,,,failed,False,2026-08-17T20:34:29.454165+09:00
Intake Desk,140.0,2.0,success,False,2026-08-17T21:40:01.418165+09:00
Intake Dial,,,failed,False,2026-08-17T21:31:17.550614+09:00
Intake Dock,,,failed,False,2026-08-17T20:45:35.834234+09:00
Intake Flow,110.0,20.0,success,False,2026-08-17T20:31:52.293572+09:00
Intake Forge,390.0,73.0,success,False,2026-08-17T21:33:04.357190+09:00
Intake Frame,,,failed,False,2026-08-17T20:36:20.228244+09:00
Intake Gate,110.0,0.0,success,False,2026-08-17T20:40:29.235539+09:00
Intake Grid,,,failed,False,2026-08-17T20:43:18.551816+09:00
Intake Guard,30.0,70.0,success,False,2026-08-17T20:34:55.202462+09:00
Intake Keeper,,,failed,False,2026-08-17T20:36:52.122948+09:00
Intake Lab,,,failed,False,2026-08-17T21:41:16.664514+09:00
Intake Ledger,,,failed,False,2026-08-17T20:33:33.696511+09:00
Intake Lens,,,failed,False,2026-08-17T20:37:19.032635+09:00
Intake Lock,,,failed,False,2026-08-17T20:39:11.470645+09:00
Intake Loop,,,failed,False,2026-08-17T20:44:11.907751+09:00
Intake Manager,110.0,1.0,success,False,2026-08-17T20:35:52.510868+09:00
Intake Map,590.0,3.0,success,False,2026-08-17T20:38:13.537846+09:00
Intake Meter,,,failed,False,2026-08-17T21:30:10.122952+09:00
Intake Nexus,,,failed,False,2026-08-17T20:39:36.069990+09:00
Intake Node,,,failed,False,2026-08-17T20:41:13.511022+09:00
Intake Panel,,,failed,False,2026-08-17T21:32:28.090728+09:00
Intake Path,,,failed,False,2026-08-17T20:40:51.053535+09:00
Intake Pilot,,,failed,False,2026-08-17T21:41:49.444267+09:00
Intake Point,40.0,0.0,success,False,2026-08-17T20:40:05.754832+09:00
Intake Portal,170.0,2.0,success,False,2026-08-17T21:34:34.023181+09:00
Intake Pulse,,,failed,False,2026-08-17T20:42:21.345142+09:00
Intake Radar,,,failed,False,2026-08-17T21:38:24.477715+09:00
Intake Rail,,,failed,False,2026-08-17T20:44:33.462366+09:00
Intake Relay,,,failed,False,2026-08-17T21:37:10.762781+09:00
Intake Route,,,failed,False,2026-08-17T20:46:29.220439+09:00
Intake Scale,,,failed,False,2026-08-17T20:47:50.375793+09:00
Intake Scope,,,failed,False,2026-08-17T20:45:12.889782+09:00
Intake Sentry,,,failed,False,2026-08-17T20:37:51.221015+09:00
Intake Signal,,,failed,False,2026-08-17T20:47:09.255931+09:00
Intake Station,30.0,0.0,success,False,2026-08-17T21:39:13.221117+09:00
Intake Sync,,,failed,False,2026-08-17T20:33:01.756540+09:00
Intake Tracker,90.0,9.0,success,False,2026-08-17T20:34:03.344800+09:00
Intake Trail,,,failed,False,2026-08-17T20:43:48.259554+09:00
Intake Vault,,,failed,False,2026-08-17T21:36:12.498401+09:00
Intake Watch,,,failed,False,2026-08-17T20:45:58.318950+09:00
Intake Wave,,,failed,False,2026-08-17T20:41:38.152103+09:00
Intake Zone,30.0,0.0,success,False,2026-08-17T21:35:38.144027+09:00
Interaction Station,,,failed,False,2026-08-17T22:49:21.662634+09:00
Interview Anchor,30.0,0.0,success,False,2026-08-17T20:33:16.020559+09:00
Interview Atlas,,,failed,False,2026-08-17T21:32:45.123730+09:00
Interview Base,90.0,1.0,success,False,2026-08-17T20:47:25.656493+09:00
Interview Beacon,,,failed,False,2026-08-17T20:37:03.531282+09:00
Interview Board,480.0,1.0,success,False,2026-08-17T20:44:21.106446+09:00
Interview Bridge,90.0,5.0,success,False,2026-08-17T20:34:16.019094+09:00
Interview Cascade,,,failed,False,2026-08-17T20:35:06.364440+09:00
Interview Center,260.0,2.0,success,False,2026-08-17T20:39:20.129592+09:00
Interview Chain,,,failed,False,2026-08-17T21:38:03.717082+09:00
Interview Compass,,,failed,False,2026-08-17T20:38:02.236902+09:00
Interview Console,,,failed,False,2026-08-17T20:36:35.862750+09:00
Interview Core,10.0,0.0,success,False,2026-08-17T20:46:12.433556+09:00
Interview Deck,50.0,4.0,success,False,2026-08-17T20:43:30.530213+09:00
Interview Desk,480.0,11.0,success,False,2026-08-17T20:41:20.787117+09:00
Interview Dial,,,failed,False,2026-08-17T20:34:38.143389+09:00
Interview Flow,260.0,6.0,success,False,2026-08-17T20:43:57.612589+09:00
Interview Forge,20.0,1.0,success,False,2026-08-17T20:36:06.570384+09:00
Interview Frame,720.0,0.0,success,False,2026-08-17T20:48:40.258747+09:00
Interview Gate,110.0,0.0,success,False,2026-08-17T21:34:46.886716+09:00
Interview Grid,140.0,1.0,success,False,2026-08-17T21:38:35.218560+09:00
Interview Guard,320.0,2.0,success,False,2026-08-17T20:46:49.856300+09:00
Interview Hub,110.0,5.0,success,False,2026-08-17T20:43:01.991108+09:00
Interview Keeper,,,failed,False,2026-08-17T21:30:24.502544+09:00
Interview Lab,170.0,13.0,success,False,2026-08-17T20:41:50.983322+09:00
Interview Ledger,,,failed,False,2026-08-17T20:45:22.370262+09:00
Interview Lens,40.0,1.0,success,False,2026-08-17T21:30:57.458125+09:00
Interview Lock,,,failed,False,2026-08-17T21:33:17.550972+09:00
Interview Loop,210.0,0.0,success,False,2026-08-17T21:40:51.783967+09:00
Interview Manager,880.0,3.0,success,False,2026-08-17T20:48:06.680156+09:00
Interview Map,70.0,0.0,success,False,2026-08-17T21:32:05.797514+09:00
Interview Meter,,,failed,False,2026-08-17T20:33:46.243100+09:00
Interview Nexus,1900.0,0.0,success,True,2026-08-17T21:33:42.291802+09:00
Interview Node,210.0,3.0,success,False,2026-08-17T21:35:52.306880+09:00
Interview Panel,14800.0,0.0,success,True,2026-08-17T20:35:38.392873+09:00
Interview Path,10.0,0.0,success,False,2026-08-17T21:35:18.423759+09:00
Interview Pilot,1600.0,15.0,success,False,2026-08-17T20:42:11.427186+09:00
Interview Point,210.0,3.0,success,False,2026-08-17T21:34:17.965302+09:00
Interview Portal,140.0,6.0,success,False,2026-08-17T20:37:32.011303+09:00
Interview Pulse,,,failed,False,2026-08-17T21:37:26.190503+09:00
Interview Radar,10.0,10.0,success,False,2026-08-17T20:40:36.395454+09:00
Interview Rail,,,failed,False,2026-08-17T21:41:31.698252+09:00
Interview Relay,,,failed,False,2026-08-17T20:39:49.091027+09:00
Interview Route,,,failed,False,2026-08-17T20:31:29.603433+09:00
Interview Scale,40.0,6.0,success,False,2026-08-17T20:32:41.344957+09:00
Interview Sentry,,,failed,False,2026-08-17T21:31:33.014186+09:00
Interview Signal,30.0,5.0,success,False,2026-08-17T20:32:03.329355+09:00
Interview Station,30.0,0.0,success,False,2026-08-17T20:41:00.568700+09:00
Interview Studio,590.0,2.0,success,False,2026-08-17T20:42:34.302604+09:00
Interview Sync,,,failed,False,2026-08-17T20:44:45.631544+09:00
Interview Tracker,480.0,7.0,success,False,2026-08-17T20:45:48.787557+09:00
Interview Trail,20.0,0.0,success,False,2026-08-17T21:39:25.145394+09:00
Interview Vault,20.0,9.0,success,False,2026-08-17T20:38:51.261946+09:00
Interview Wave,,,failed,False,2026-08-17T21:36:24.237197+09:00
Interview Zone,50.0,0.0,success,False,2026-08-17T20:38:24.877008+09:00
Inventory Anchor,,,failed,False,2026-08-17T20:32:46.505342+09:00
Inventory Base,8100.0,20.0,success,False,2026-08-17T20:38:14.865229+09:00
Inventory Beacon,,,failed,False,2026-08-17T20:36:38.149505+09:00
Inventory Board,70.0,70.0,success,False,2026-08-17T20:35:22.813816+09:00
Inventory Bridge,20.0,1.0,success,False,2026-08-17T20:33:48.971139+09:00
Inventory Cascade,,,failed,False,2026-08-17T20:34:40.569545+09:00
Inventory Center,260.0,5.0,success,False,2026-08-17T20:38:58.199942+09:00
Inventory Chain,10.0,0.0,success,False,2026-08-17T20:35:32.317442+09:00
Inventory Cockpit,,,failed,False,2026-08-17T22:51:32.586910+09:00
Inventory Compass,,,failed,False,2026-08-17T20:37:34.472176+09:00
Inventory Console,20.0,3.0,success,False,2026-08-17T20:36:08.746361+09:00
Inventory Core,,,failed,False,2026-08-17T20:37:19.032635+09:00
Inventory Deck,,,failed,False,2026-08-17T20:34:29.454165+09:00
Inventory Desk,20.0,78.0,success,False,2026-08-17T20:31:52.293572+09:00
Inventory Dial,,,failed,False,2026-08-17T20:34:17.127214+09:00
Inventory Flow,320.0,16.0,success,False,2026-08-17T20:34:55.202462+09:00
Inventory Forge,20.0,0.0,success,False,2026-08-17T20:35:40.356029+09:00
Inventory Frame,30.0,2.0,success,False,2026-08-17T20:39:12.627798+09:00
Inventory Gate,,,failed,False,2026-08-17T20:32:38.453320+09:00
Inventory Grid,390.0,2.0,success,False,2026-08-17T20:36:00.761105+09:00
Inventory Guard,,,failed,False,2026-08-17T20:37:51.221015+09:00
Inventory Hub,1300.0,0.0,success,True,2026-08-17T20:34:03.344800+09:00
Inventory Keeper,110.0,35.0,success,False,2026-08-17T20:39:36.069990+09:00
Inventory Lab,2900.0,20.0,success,False,2026-08-17T20:32:26.534581+09:00
Inventory Ledger,390.0,33.0,success,False,2026-08-17T20:36:20.228244+09:00
Inventory Lens,,,failed,False,2026-08-17T20:40:05.754832+09:00
Inventory Loop,,,failed,False,2026-08-17T20:36:59.320935+09:00
Inventory Manager,3600.0,8.0,success,False,2026-08-17T20:38:40.859557+09:00
Inventory Meter,,,failed,False,2026-08-17T20:33:18.087238+09:00
Inventory Node,,,failed,False,2026-08-17T20:33:42.611240+09:00
Inventory Panel,50.0,0.0,success,False,2026-08-17T20:35:09.040915+09:00
Inventory Path,10.0,0.0,success,False,2026-08-17T20:33:09.747000+09:00
Inventory Pilot,,,failed,False,2026-08-17T20:33:01.756540+09:00
Inventory Point,20.0,14.0,success,False,2026-08-17T20:32:00.957216+09:00
Inventory Portal,1300.0,13.0,success,False,2026-08-17T20:37:05.313557+09:00
Inventory Pulse,,,failed,False,2026-08-17T20:35:03.370957+09:00
Inventory Rail,,,failed,False,2026-08-17T20:37:26.547523+09:00
Inventory Scale,720.0,25.0,success,False,2026-08-17T20:32:08.584337+09:00
Inventory Scope,10.0,0.0,success,False,2026-08-17T20:37:58.727524+09:00
Inventory Sentry,,,failed,False,2026-08-17T20:40:29.235539+09:00
Inventory Signal,,,failed,False,2026-08-17T20:31:35.680631+09:00
Inventory Studio,70.0,0.0,success,False,2026-08-17T20:33:36.115262+09:00
Inventory Sync,210.0,19.0,success,False,2026-08-17T20:35:52.510868+09:00
Inventory Tracker,1900.0,79.0,success,False,2026-08-17T20:36:52.122948+09:00
Inventory Trail,,,failed,False,2026-08-17T20:36:26.800121+09:00
Inventory Vault,,,failed,False,2026-08-17T20:38:26.412397+09:00
Inventory Wave,10.0,14.0,success,False,2026-08-17T20:34:09.472739+09:00
Inventory Zone,,,failed,False,2026-08-17T20:38:04.703276+09:00
Invoice Anchor,,,failed,False,2026-08-17T20:42:06.946542+09:00
Invoice Atlas,20.0,4.0,success,False,2026-08-17T20:32:38.453320+09:00
Invoice Base,110.0,52.0,success,False,2026-08-17T21:40:47.686331+09:00
Invoice Beacon,,,failed,False,2026-08-17T20:45:42.370254+09:00
Invoice Board,10.0,59.0,success,False,2026-08-17T21:36:20.278504+09:00
Invoice Bridge,10.0,14.0,success,False,2026-08-17T20:42:54.961047+09:00
Invoice Cascade,,,failed,False,2026-08-17T20:43:55.064759+09:00
Invoice Center,40.0,22.0,success,False,2026-08-17T20:48:34.410191+09:00
Invoice Chain,10.0,55.0,success,False,2026-08-17T20:37:26.547523+09:00
Invoice Compass,10.0,33.0,success,False,2026-08-17T20:46:42.242736+09:00
Invoice Console,,,failed,False,2026-08-17T20:45:16.547101+09:00
Invoice Core,,,failed,False,2026-08-17T21:38:29.386806+09:00
Invoice Deck,,,failed,False,2026-08-17T21:35:14.152571+09:00
Invoice Desk,10.0,32.0,success,False,2026-08-17T21:32:36.544768+09:00
Invoice Dial,,,failed,False,2026-08-17T20:43:26.313536+09:00
Invoice Dock,,,failed,False,2026-08-17T20:40:10.157299+09:00
Invoice Flow,170.0,33.0,success,False,2026-08-17T21:35:46.466784+09:00
Invoice Forge,10.0,30.0,success,False,2026-08-17T20:44:38.858684+09:00
Invoice Gate,,,failed,False,2026-08-17T20:34:35.742752+09:00
Invoice Grid,20.0,70.0,success,False,2026-08-17T20:37:58.727524+09:00
Invoice Guard,10.0,37.0,success,False,2026-08-17T21:39:19.495692+09:00
Invoice Hub,320.0,30.0,success,False,2026-08-17T21:34:39.149688+09:00
Invoice Lab,110.0,17.0,success,False,2026-08-17T21:33:10.630129+09:00
Invoice Ledger,210.0,31.0,success,False,2026-08-17T21:37:21.496927+09:00
Invoice Lock,,,failed,False,2026-08-17T20:33:10.817795+09:00
Invoice Loop,,,failed,False,2026-08-17T20:38:46.053243+09:00
Invoice Manager,2900.0,11.0,success,False,2026-08-17T21:41:25.564008+09:00
Invoice Map,30.0,7.0,success,False,2026-08-17T20:32:00.957216+09:00
Invoice Meter,,,failed,False,2026-08-17T20:42:29.560038+09:00
Invoice Nexus,,,failed,False,2026-08-17T20:33:42.611240+09:00
Invoice Node,,,failed,False,2026-08-17T20:35:32.317442+09:00
Invoice Panel,10.0,26.0,success,False,2026-08-17T20:44:17.126543+09:00
Invoice Path,40.0,17.0,success,False,2026-08-17T20:35:03.370957+09:00
Invoice Pilot,20.0,33.0,success,False,2026-08-17T21:33:37.652467+09:00
Invoice Point,10.0,8.0,success,False,2026-08-17T20:34:09.472739+09:00
Invoice Portal,27100.0,2.0,success,False,2026-08-17T20:46:04.855118+09:00
Invoice Pulse,,,failed,False,2026-08-17T20:37:00.325562+09:00
Invoice Radar,390.0,41.0,success,False,2026-08-17T21:31:28.023870+09:00
Invoice Rail,,,failed,False,2026-08-17T20:39:17.196343+09:00
Invoice Relay,,,failed,False,2026-08-17T21:30:18.085086+09:00
Invoice Route,,,failed,False,2026-08-17T20:40:53.994191+09:00
Invoice Scale,,,failed,False,2026-08-17T20:41:46.079279+09:00
Invoice Scope,,,failed,False,2026-08-17T20:39:43.687132+09:00
Invoice Signal,,,failed,False,2026-08-17T20:41:17.748242+09:00
Invoice Station,,,failed,False,2026-08-17T21:31:59.895065+09:00
Invoice Studio,70.0,14.0,success,False,2026-08-17T21:34:12.134068+09:00
Invoice Sync,10.0,20.0,success,False,2026-08-17T21:36:47.272145+09:00
Invoice Tracker,2400.0,34.0,success,False,2026-08-17T21:37:57.485180+09:00
Invoice Trail,,,failed,False,2026-08-17T20:38:21.061174+09:00
Invoice Vault,,,failed,False,2026-08-17T20:48:00.384731+09:00
Invoice Watch,50.0,7.0,success,False,2026-08-17T20:40:33.502804+09:00
Invoice Wave,260.0,36.0,success,False,2026-08-17T20:36:00.761105+09:00
Invoice Zone,,,failed,False,2026-08-17T20:47:16.621554+09:00
Irrigation Anchor,,,failed,False,2026-08-17T21:32:05.797514+09:00
Irrigation Atlas,70.0,12.0,success,False,2026-08-17T20:40:34.523017+09:00
Irrigation Base,,,failed,False,2026-08-17T20:37:29.909330+09:00
Irrigation Beacon,,,failed,False,2026-08-17T21:36:24.237197+09:00
Irrigation Board,50.0,3.0,success,False,2026-08-17T20:34:38.143389+09:00
Irrigation Bridge,140.0,0.0,success,False,2026-08-17T21:33:13.463030+09:00
Irrigation Cascade,,,failed,False,2026-08-17T21:34:15.444697+09:00
Irrigation Center,70.0,8.0,success,False,2026-08-17T21:39:25.145394+09:00
Irrigation Chain,,,failed,False,2026-08-17T20:44:43.054193+09:00
Irrigation Compass,,,failed,False,2026-08-17T21:37:26.190503+09:00
Irrigation Console,,,failed,False,2026-08-17T21:35:49.618076+09:00
Irrigation Core,50.0,5.0,success,False,2026-08-17T20:36:31.502472+09:00
Irrigation Deck,,,failed,False,2026-08-17T20:33:46.243100+09:00
Irrigation Dial,,,failed,False,2026-08-17T21:33:40.096792+09:00
Irrigation Dock,,,failed,False,2026-08-17T20:48:02.919436+09:00
Irrigation Flow,30.0,0.0,success,False,2026-08-17T20:34:15.100698+09:00
Irrigation Forge,,,failed,False,2026-08-17T21:35:18.423759+09:00
Irrigation Frame,,,failed,False,2026-08-17T20:38:23.394205+09:00
Irrigation Gate,320.0,19.0,success,False,2026-08-17T20:42:10.144192+09:00
Irrigation Grid,210.0,100.0,success,False,2026-08-17T20:45:22.370262+09:00
Irrigation Guard,,,failed,False,2026-08-17T20:37:01.636634+09:00
Irrigation Hub,210.0,59.0,success,False,2026-08-17T20:33:15.121215+09:00
Irrigation Keeper,,,failed,False,2026-08-17T20:38:51.261946+09:00
Irrigation Lab,,,failed,False,2026-08-17T20:31:29.603433+09:00
Irrigation Ledger,,,failed,False,2026-08-17T20:35:36.002153+09:00
Irrigation Lens,,,failed,False,2026-08-17T20:39:18.247368+09:00
Irrigation Lock,,,failed,False,2026-08-17T20:40:55.263419+09:00
Irrigation Loop,20.0,25.0,success,False,2026-08-17T20:46:12.433556+09:00
Irrigation Manager,110.0,2.0,success,False,2026-08-17T20:38:02.236902+09:00
Irrigation Map,260.0,9.0,success,False,2026-08-17T20:40:13.744558+09:00
Irrigation Meter,590.0,41.0,success,False,2026-08-17T21:32:45.123730+09:00
Irrigation Nexus,,,failed,False,2026-08-17T20:41:19.373388+09:00
Irrigation Node,140.0,100.0,success,False,2026-08-17T20:43:01.991108+09:00
Irrigation Panel,140.0,100.0,success,False,2026-08-17T21:34:46.886716+09:00
Irrigation Path,,,failed,False,2026-08-17T20:42:34.302604+09:00
Irrigation Pilot,10.0,0.0,success,False,2026-08-17T20:32:03.329355+09:00
Irrigation Point,140.0,17.0,success,False,2026-08-17T20:41:48.704350+09:00
Irrigation Portal,70.0,0.0,success,False,2026-08-17T21:36:50.527973+09:00
Irrigation Pulse,,,failed,False,2026-08-17T20:44:21.106446+09:00
Irrigation Rail,,,failed,False,2026-08-17T20:46:49.856300+09:00
Irrigation Relay,30.0,78.0,success,False,2026-08-17T21:40:49.556938+09:00
Irrigation Route,30.0,3.0,success,False,2026-08-17T21:30:22.425092+09:00
Irrigation Scale,,,failed,False,2026-08-17T21:31:33.014186+09:00
Irrigation Scope,,,failed,False,2026-08-17T20:47:23.581270+09:00
Irrigation Sentry,,,failed,False,2026-08-17T20:39:46.897200+09:00
Irrigation Signal,,,failed,False,2026-08-17T21:30:57.458125+09:00
Irrigation Studio,,,failed,False,2026-08-17T20:32:41.344957+09:00
Irrigation Sync,,,failed,False,2026-08-17T20:35:06.364440+09:00
Irrigation Tracker,20.0,79.0,success,False,2026-08-17T20:36:04.789698+09:00
Irrigation Trail,,,failed,False,2026-08-17T20:45:46.874737+09:00
Irrigation Vault,70.0,98.0,success,False,2026-08-17T21:38:35.218560+09:00
Irrigation Watch,10.0,18.0,success,False,2026-08-17T20:48:40.258747+09:00
Irrigation Wave,,,failed,False,2026-08-17T20:43:29.254301+09:00
Irrigation Zone,170.0,48.0,success,False,2026-08-17T21:38:00.601683+09:00
Itinerary Atlas,,,failed,False,2026-08-17T21:30:43.453478+09:00
Itinerary Base,,,failed,False,2026-08-17T20:45:34.633599+09:00
Itinerary Beacon,,,failed,False,2026-08-17T20:35:20.751202+09:00
Itinerary Board,90.0,31.0,success,False,2026-08-17T20:42:49.578916+09:00
Itinerary Bridge,,,failed,False,2026-08-17T20:32:23.142780+09:00
Itinerary Cascade,,,failed,False,2026-08-17T20:33:33.696511+09:00
Itinerary Center,,,failed,False,2026-08-17T20:37:49.257868+09:00
Itinerary Chain,,,failed,False,2026-08-17T21:36:10.133574+09:00
Itinerary Compass,,,failed,False,2026-08-17T20:36:18.497930+09:00
Itinerary Console,,,failed,False,2026-08-17T20:34:53.035348+09:00
Itinerary Core,,,failed,False,2026-08-17T20:44:32.138425+09:00
Itinerary Deck,,,failed,False,2026-08-17T20:42:01.579820+09:00
Itinerary Desk,,,failed,False,2026-08-17T20:40:03.112671+09:00
Itinerary Dial,,,failed,False,2026-08-17T20:32:58.642411+09:00
Itinerary Dock,,,failed,False,2026-08-17T21:40:01.418165+09:00
Itinerary Flow,,,failed,False,2026-08-17T20:42:19.428112+09:00
Itinerary Forge,,,failed,False,2026-08-17T20:34:25.476328+09:00
Itinerary Frame,,,failed,False,2026-08-17T20:46:27.690682+09:00
Itinerary Gate,,,failed,False,2026-08-17T21:33:04.357190+09:00
Itinerary Grid,,,failed,False,2026-08-17T21:36:38.708092+09:00
Itinerary Guard,,,failed,False,2026-08-17T20:45:12.889782+09:00
Itinerary Hub,,,failed,False,2026-08-17T20:41:38.152103+09:00
Itinerary Keeper,,,failed,False,2026-08-17T20:47:07.356899+09:00
Itinerary Lab,10.0,8.0,success,False,2026-08-17T20:40:27.760312+09:00
Itinerary Ledger,,,failed,False,2026-08-17T20:43:46.830313+09:00
Itinerary Lens,,,failed,False,2026-08-17T20:47:47.373505+09:00
Itinerary Lock,,,failed,False,2026-08-17T21:31:17.550614+09:00
Itinerary Loop,,,failed,False,2026-08-17T21:37:46.877382+09:00
Itinerary Manager,170.0,13.0,success,False,2026-08-17T20:45:56.929111+09:00
Itinerary Map,1300.0,9.0,success,False,2026-08-17T21:30:08.257838+09:00
Itinerary Meter,,,failed,False,2026-08-17T20:31:49.556843+09:00
Itinerary Nexus,,,failed,False,2026-08-17T21:31:52.108049+09:00
Itinerary Node,,,failed,False,2026-08-17T21:34:01.777052+09:00
Itinerary Panel,,,failed,False,2026-08-17T20:34:02.071546+09:00
Itinerary Path,,,failed,False,2026-08-17T21:33:28.260657+09:00
Itinerary Pilot,,,failed,False,2026-08-17T20:40:49.686418+09:00
Itinerary Point,10.0,2.0,success,False,2026-08-17T21:32:28.090728+09:00
Itinerary Portal,,,failed,False,2026-08-17T20:35:51.368204+09:00
Itinerary Pulse,,,failed,False,2026-08-17T21:35:38.144027+09:00
Itinerary Radar,,,failed,False,2026-08-17T20:39:11.470645+09:00
Itinerary Rail,,,failed,False,2026-08-17T21:38:18.723173+09:00
Itinerary Relay,,,failed,False,2026-08-17T20:38:13.537846+09:00
Itinerary Route,50.0,2.0,success,False,2026-08-17T21:41:47.180143+09:00
Itinerary Scope,,,failed,False,2026-08-17T21:39:09.779186+09:00
Itinerary Sentry,,,failed,False,2026-08-17T20:48:26.612997+09:00
Itinerary Station,,,failed,False,2026-08-17T20:39:33.830984+09:00
Itinerary Studio,,,failed,False,2026-08-17T20:41:11.362619+09:00
Itinerary Sync,,,failed,False,2026-08-17T20:43:16.751377+09:00
Itinerary Tracker,140.0,6.0,success,False,2026-08-17T20:44:10.950266+09:00
Itinerary Trail,,,failed,False,2026-08-17T21:37:08.932405+09:00
Itinerary Vault,,,failed,False,2026-08-17T20:37:18.091212+09:00
Itinerary Watch,,,failed,False,2026-08-17T21:41:16.664514+09:00
Itinerary Wave,,,failed,False,2026-08-17T21:34:31.783933+09:00
Itinerary Zone,,,failed,False,2026-08-17T20:36:51.044622+09:00
Jobsite Anchor,,,failed,False,2026-08-17T21:41:16.664514+09:00
Jobsite Atlas,,,failed,False,2026-08-17T20:47:07.356899+09:00
Jobsite Base,,,failed,False,2026-08-17T20:43:46.830313+09:00
Jobsite Beacon,,,failed,False,2026-08-17T20:33:33.696511+09:00
Jobsite Board,20.0,68.0,success,False,2026-08-17T20:41:11.362619+09:00
Jobsite Center,,,failed,False,2026-08-17T20:35:51.368204+09:00
Jobsite Chain,,,failed,False,2026-08-17T21:34:01.777052+09:00
Jobsite Compass,,,failed,False,2026-08-17T20:34:25.476328+09:00
Jobsite Console,,,failed,False,2026-08-17T20:32:58.642411+09:00
Jobsite Core,,,failed,False,2026-08-17T20:42:49.578916+09:00
Jobsite Deck,,,failed,False,2026-08-17T20:40:27.760312+09:00
Jobsite Desk,40.0,100.0,success,False,2026-08-17T20:38:13.537846+09:00
Jobsite Dock,,,failed,False,2026-08-17T21:37:08.932405+09:00
Jobsite Flow,,,failed,False,2026-08-17T20:40:49.686418+09:00
Jobsite Forge,,,failed,False,2026-08-17T20:32:23.142780+09:00
Jobsite Frame,,,failed,False,2026-08-17T20:44:32.138425+09:00
Jobsite Gate,,,failed,False,2026-08-17T21:30:41.512165+09:00
Jobsite Grid,,,failed,False,2026-08-17T21:34:31.783933+09:00
Jobsite Guard,,,failed,False,2026-08-17T20:43:16.751377+09:00
Jobsite Hub,,,failed,False,2026-08-17T20:40:03.112671+09:00
Jobsite Keeper,,,failed,False,2026-08-17T20:45:10.862003+09:00
Jobsite Lab,,,failed,False,2026-08-17T20:38:37.912313+09:00
Jobsite Ledger,,,failed,False,2026-08-17T20:42:01.579820+09:00
Jobsite Lens,,,failed,False,2026-08-17T20:45:34.633599+09:00
Jobsite Lock,,,failed,False,2026-08-17T20:47:47.373505+09:00
Jobsite Loop,,,failed,False,2026-08-17T21:35:36.118436+09:00
Jobsite Manager,20.0,2.0,success,False,2026-08-17T20:44:10.950266+09:00
Jobsite Map,,,failed,False,2026-08-17T20:46:27.690682+09:00
Jobsite Meter,,,failed,False,2026-08-17T21:41:47.180143+09:00
Jobsite Nexus,,,failed,False,2026-08-17T20:48:26.612997+09:00
Jobsite Node,,,failed,False,2026-08-17T21:31:52.108049+09:00
Jobsite Panel,,,failed,False,2026-08-17T20:31:49.556843+09:00
Jobsite Path,,,failed,False,2026-08-17T21:31:17.550614+09:00
Jobsite Pilot,,,failed,False,2026-08-17T20:39:11.470645+09:00
Jobsite Point,,,failed,False,2026-08-17T21:30:08.257838+09:00
Jobsite Portal,,,failed,False,2026-08-17T20:34:02.071546+09:00
Jobsite Pulse,,,failed,False,2026-08-17T21:33:28.260657+09:00
Jobsite Radar,,,failed,False,2026-08-17T20:37:18.091212+09:00
Jobsite Rail,,,failed,False,2026-08-17T21:36:10.133574+09:00
Jobsite Relay,,,failed,False,2026-08-17T20:36:18.497930+09:00
Jobsite Route,,,failed,False,2026-08-17T21:38:18.723173+09:00
Jobsite Scale,,,failed,False,2026-08-17T21:39:57.727763+09:00
Jobsite Scope,,,failed,False,2026-08-17T21:36:38.708092+09:00
Jobsite Sentry,50.0,63.0,success,False,2026-08-17T20:45:56.929111+09:00
Jobsite Signal,,,failed,False,2026-08-17T21:39:09.779186+09:00
Jobsite Station,,,failed,False,2026-08-17T20:37:49.257868+09:00
Jobsite Studio,,,failed,False,2026-08-17T20:39:33.830984+09:00
Jobsite Sync,,,failed,False,2026-08-17T20:41:38.152103+09:00
Jobsite Tracker,10.0,43.0,success,False,2026-08-17T20:42:19.428112+09:00
Jobsite Trail,,,failed,False,2026-08-17T21:35:06.399475+09:00
Jobsite Vault,,,failed,False,2026-08-17T20:35:20.751202+09:00
Jobsite Watch,10.0,100.0,success,False,2026-08-17T21:37:46.877382+09:00
Jobsite Wave,,,failed,False,2026-08-17T21:32:28.090728+09:00
Jobsite Zone,,,failed,False,2026-08-17T20:34:53.035348+09:00
Knowledge Anchor,,,failed,False,2026-08-17T20:43:18.551816+09:00
Knowledge Atlas,880.0,1.0,success,False,2026-08-17T20:34:03.344800+09:00
Knowledge Beacon,0.0,,success,False,2026-08-17T20:47:09.255931+09:00
Knowledge Board,2400.0,0.0,success,True,2026-08-17T21:37:46.877382+09:00
Knowledge Bridge,480.0,2.0,success,False,2026-08-17T20:44:11.907751+09:00
Knowledge Cascade,10.0,0.0,success,False,2026-08-17T20:45:12.889782+09:00
Knowledge Center,6600.0,1.0,success,False,2026-08-17T21:31:17.550614+09:00
Knowledge Chain,30.0,0.0,success,False,2026-08-17T20:38:40.859557+09:00
Knowledge Compass,30.0,0.0,success,False,2026-08-17T20:48:26.612997+09:00
Knowledge Console,,,failed,False,2026-08-17T20:46:27.690682+09:00
Knowledge Core,210.0,2.0,success,False,2026-08-17T21:41:16.664514+09:00
Knowledge Deck,30.0,0.0,success,False,2026-08-17T21:36:38.708092+09:00
Knowledge Desk,70.0,8.0,success,False,2026-08-17T21:34:03.414909+09:00
Knowledge Dial,,,failed,False,2026-08-17T20:44:33.462366+09:00
Knowledge Dock,170.0,4.0,success,False,2026-08-17T20:41:11.362619+09:00
Knowledge Flow,260.0,4.0,success,False,2026-08-17T21:37:10.762781+09:00
Knowledge Forge,30.0,1.0,success,False,2026-08-17T20:45:58.318950+09:00
Knowledge Gate,22200.0,0.0,success,True,2026-08-17T20:35:52.510868+09:00
Knowledge Grid,480.0,0.0,success,False,2026-08-17T20:39:11.470645+09:00
Knowledge Guard,,,failed,False,2026-08-17T21:41:47.180143+09:00
Knowledge Hub,40500.0,2.0,success,False,2026-08-17T21:36:12.498401+09:00
Knowledge Keeper,480.0,1.0,success,False,2026-08-17T20:31:52.293572+09:00
Knowledge Lab,1600.0,1.0,success,False,2026-08-17T21:34:34.023181+09:00
Knowledge Ledger,,,failed,False,2026-08-17T21:39:13.221117+09:00
Knowledge Lens,320.0,0.0,success,False,2026-08-17T20:32:26.534581+09:00
Knowledge Lock,10.0,0.0,success,False,2026-08-17T20:34:29.454165+09:00
Knowledge Loop,70.0,1.0,success,False,2026-08-17T20:40:03.112671+09:00
Knowledge Map,8100.0,2.0,success,False,2026-08-17T20:33:33.696511+09:00
Knowledge Meter,10.0,0.0,success,False,2026-08-17T20:43:46.830313+09:00
Knowledge Nexus,720.0,1.0,success,False,2026-08-17T20:34:53.035348+09:00
Knowledge Node,40.0,1.0,success,False,2026-08-17T20:36:52.122948+09:00
Knowledge Panel,8100.0,4.0,success,False,2026-08-17T20:45:34.633599+09:00
Knowledge Path,110.0,3.0,success,False,2026-08-17T20:36:20.228244+09:00
Knowledge Pilot,90.0,18.0,success,False,2026-08-17T21:35:06.399475+09:00
Knowledge Point,2900.0,3.0,success,False,2026-08-17T20:35:22.813816+09:00
Knowledge Portal,1600.0,1.0,success,False,2026-08-17T20:47:50.375793+09:00
Knowledge Pulse,50.0,5.0,success,False,2026-08-17T20:38:13.537846+09:00
Knowledge Radar,10.0,0.0,success,False,2026-08-17T21:33:04.357190+09:00
Knowledge Rail,,,failed,False,2026-08-17T20:40:27.760312+09:00
Knowledge Relay,40.0,0.0,success,False,2026-08-17T21:31:52.108049+09:00
Knowledge Route,,,failed,False,2026-08-17T20:42:01.579820+09:00
Knowledge Scale,210.0,0.0,success,False,2026-08-17T20:42:50.595044+09:00
Knowledge Scope,40.0,1.0,success,False,2026-08-17T20:40:49.686418+09:00
Knowledge Sentry,10.0,0.0,success,False,2026-08-17T20:33:01.756540+09:00
Knowledge Signal,,,failed,False,2026-08-17T20:42:21.345142+09:00
Knowledge Station,210.0,1.0,success,False,2026-08-17T21:33:30.231055+09:00
Knowledge Studio,480.0,3.0,success,False,2026-08-17T21:35:38.144027+09:00
Knowledge Sync,880.0,1.0,success,False,2026-08-17T21:38:24.477715+09:00
Knowledge Tracker,260.0,4.0,success,False,2026-08-17T21:40:01.418165+09:00
Knowledge Trail,70.0,8.0,success,False,2026-08-17T20:39:33.830984+09:00
Knowledge Vault,720.0,2.0,success,False,2026-08-17T21:30:43.453478+09:00
Knowledge Watch,70.0,16.0,success,False,2026-08-17T20:41:38.152103+09:00
Knowledge Wave,1000.0,7.0,success,False,2026-08-17T20:37:19.032635+09:00
Knowledge Zone,480.0,0.0,success,False,2026-08-17T21:30:10.122952+09:00
Latency Anchor,,,failed,False,2026-08-17T20:42:49.578916+09:00
Latency Atlas,,,failed,False,2026-08-17T20:33:31.328442+09:00
Latency Base,,,failed,False,2026-08-17T21:41:44.845375+09:00
Latency Beacon,,,failed,False,2026-08-17T20:46:26.563596+09:00
Latency Board,,,failed,False,2026-08-17T21:37:08.932405+09:00
Latency Bridge,,,failed,False,2026-08-17T20:43:44.073906+09:00
Latency Cascade,,,failed,False,2026-08-17T20:44:29.668652+09:00
Latency Center,,,failed,False,2026-08-17T21:30:41.512165+09:00
Latency Chain,,,failed,False,2026-08-17T20:38:12.491374+09:00
Latency Compass,,,failed,False,2026-08-17T20:47:47.373505+09:00
Latency Console,,,failed,False,2026-08-17T20:45:56.929111+09:00
Latency Core,,,failed,False,2026-08-17T21:39:57.727763+09:00
Latency Deck,,,failed,False,2026-08-17T21:36:10.133574+09:00
Latency Desk,,,failed,False,2026-08-17T21:33:28.260657+09:00
Latency Dial,,,failed,False,2026-08-17T20:44:10.950266+09:00
Latency Dock,,,failed,False,2026-08-17T20:40:48.754907+09:00
Latency Flow,,,failed,False,2026-08-17T21:36:36.847955+09:00
Latency Forge,,,failed,False,2026-08-17T20:45:33.619281+09:00
Latency Gate,,,failed,False,2026-08-17T20:35:19.683482+09:00
Latency Grid,,,failed,False,2026-08-17T20:38:37.912313+09:00
Latency Guard,,,failed,False,2026-08-17T21:41:14.862117+09:00
Latency Hub,,,failed,False,2026-08-17T21:35:36.118436+09:00
Latency Lab,20.0,0.0,success,False,2026-08-17T21:34:01.777052+09:00
Latency Ledger,,,failed,False,2026-08-17T21:38:18.723173+09:00
Latency Lens,,,failed,False,2026-08-17T20:31:49.556843+09:00
Latency Lock,,,failed,False,2026-08-17T20:34:01.116253+09:00
Latency Loop,,,failed,False,2026-08-17T20:39:32.550443+09:00
Latency Map,110.0,6.0,success,False,2026-08-17T20:32:57.689274+09:00
Latency Meter,70.0,6.0,success,False,2026-08-17T20:43:15.863986+09:00
Latency Nexus,,,failed,False,2026-08-17T20:34:25.476328+09:00
Latency Node,,,failed,False,2026-08-17T20:36:17.521162+09:00
Latency Panel,,,failed,False,2026-08-17T20:45:10.862003+09:00
Latency Path,10.0,0.0,success,False,2026-08-17T20:35:50.076535+09:00
Latency Pilot,,,failed,False,2026-08-17T21:34:31.783933+09:00
Latency Point,,,failed,False,2026-08-17T20:34:51.045190+09:00
Latency Portal,,,failed,False,2026-08-17T20:47:04.642239+09:00
Latency Pulse,,,failed,False,2026-08-17T20:37:47.401646+09:00
Latency Radar,,,failed,False,2026-08-17T21:32:25.465592+09:00
Latency Rail,,,failed,False,2026-08-17T20:40:01.743309+09:00
Latency Relay,,,failed,False,2026-08-17T21:31:15.457583+09:00
Latency Route,,,failed,False,2026-08-17T20:41:35.724700+09:00
Latency Scale,20.0,0.0,success,False,2026-08-17T20:42:19.428112+09:00
Latency Scope,,,failed,False,2026-08-17T20:40:26.535789+09:00
Latency Sentry,,,failed,False,2026-08-17T20:32:21.226449+09:00
Latency Signal,30.0,0.0,success,False,2026-08-17T20:42:00.146835+09:00
Latency Station,,,failed,False,2026-08-17T21:33:02.340741+09:00
Latency Studio,140.0,4.0,success,False,2026-08-17T21:35:02.943607+09:00
Latency Suite,,,failed,False,2026-08-17T22:49:21.662634+09:00
Latency Sync,10.0,2.0,success,False,2026-08-17T21:37:44.992622+09:00
Latency Tracker,70.0,23.0,success,False,2026-08-17T21:39:09.779186+09:00
Latency Trail,,,failed,False,2026-08-17T20:39:09.333217+09:00
Latency Vault,10.0,,success,False,2026-08-17T21:30:08.257838+09:00
Latency Watch,10.0,0.0,success,False,2026-08-17T20:41:09.985510+09:00
Latency Wave,,,failed,False,2026-08-17T20:36:51.044622+09:00
Latency Zone,10.0,0.0,success,False,2026-08-17T20:48:23.905428+09:00
Lease Anchor,,,failed,False,2026-08-17T20:47:16.621554+09:00
Lease Atlas,90.0,90.0,success,False,2026-08-17T20:37:57.626492+09:00
Lease Base,10.0,3.0,success,False,2026-08-17T20:34:34.179062+09:00
Lease Beacon,,,failed,False,2026-08-17T21:33:08.992358+09:00
Lease Bridge,,,failed,False,2026-08-17T20:48:34.410191+09:00
Lease Cascade,,,failed,False,2026-08-17T21:30:47.592348+09:00
Lease Center,40500.0,4.0,success,False,2026-08-17T21:35:44.584576+09:00
Lease Chain,,,failed,False,2026-08-17T20:42:06.946542+09:00
Lease Compass,1000.0,22.0,success,False,2026-08-17T21:34:09.721109+09:00
Lease Console,,,failed,False,2026-08-17T21:32:33.876836+09:00
Lease Core,,,failed,False,2026-08-17T20:33:41.175079+09:00
Lease Desk,10.0,59.0,success,False,2026-08-17T21:38:29.386806+09:00
Lease Dial,,,failed,False,2026-08-17T21:30:15.996537+09:00
Lease Dock,,,failed,False,2026-08-17T20:44:37.629482+09:00
Lease Forge,,,failed,False,2026-08-17T21:31:56.784481+09:00
Lease Frame,,,failed,False,2026-08-17T20:35:28.436030+09:00
Lease Gate,,,failed,False,2026-08-17T20:39:41.640400+09:00
Lease Grid,,,failed,False,2026-08-17T20:42:29.560038+09:00
Lease Guard,110.0,3.0,success,False,2026-08-17T20:34:09.472739+09:00
Lease Keeper,,,failed,False,2026-08-17T20:36:00.761105+09:00
Lease Lab,720.0,44.0,success,False,2026-08-17T21:39:19.495692+09:00
Lease Ledger,390.0,18.0,success,False,2026-08-17T20:32:36.001496+09:00
Lease Lens,50.0,44.0,success,False,2026-08-17T20:36:26.800121+09:00
Lease Lock,2400.0,17.0,success,False,2026-08-17T20:38:19.209708+09:00
Lease Loop,90.0,20.0,success,False,2026-08-17T20:43:25.230587+09:00
Lease Manager,1600.0,5.0,success,False,2026-08-17T20:35:00.475766+09:00
Lease Map,110.0,0.0,success,False,2026-08-17T20:37:26.547523+09:00
Lease Meter,,,failed,False,2026-08-17T20:47:58.336807+09:00
Lease Nexus,,,failed,False,2026-08-17T20:38:43.149907+09:00
Lease Node,,,failed,False,2026-08-17T20:40:32.567080+09:00
Lease Organizer,,,failed,False,2026-08-17T22:51:27.768654+09:00
Lease Panel,,,failed,False,2026-08-17T21:31:28.023870+09:00
Lease Path,20.0,11.0,success,False,2026-08-17T20:40:08.225876+09:00
Lease Pilot,210.0,67.0,success,False,2026-08-17T21:40:41.309160+09:00
Lease Point,320.0,16.0,success,False,2026-08-17T20:39:15.324728+09:00
Lease Portal,1000.0,58.0,success,False,2026-08-17T21:33:36.085901+09:00
Lease Pulse,,,failed,False,2026-08-17T20:41:46.079279+09:00
Lease Radar,10.0,0.0,success,False,2026-08-17T21:37:21.496927+09:00
Lease Rail,,,failed,False,2026-08-17T20:43:55.064759+09:00
Lease Relay,,,failed,False,2026-08-17T21:36:20.278504+09:00
Lease Route,390.0,18.0,success,False,2026-08-17T20:45:42.370254+09:00
Lease Scale,,,failed,False,2026-08-17T20:46:42.242736+09:00
Lease Scope,,,failed,False,2026-08-17T20:44:15.738532+09:00
Lease Sentry,,,failed,False,2026-08-17T20:36:59.320935+09:00
Lease Signal,,,failed,False,2026-08-17T20:46:03.469899+09:00
Lease Station,10.0,5.0,success,False,2026-08-17T21:37:55.576177+09:00
Lease Studio,480.0,33.0,success,False,2026-08-17T21:41:22.072079+09:00
Lease Sync,,,failed,False,2026-08-17T20:31:59.985806+09:00
Lease Tracker,1300.0,19.0,success,False,2026-08-17T20:33:09.747000+09:00
Lease Trail,,,failed,False,2026-08-17T20:42:52.966707+09:00
Lease Vault,,,failed,False,2026-08-17T21:35:14.152571+09:00
Lease Watch,1600.0,33.0,success,False,2026-08-17T20:45:15.345040+09:00
Lease Wave,20.0,13.0,success,False,2026-08-17T20:40:52.985789+09:00
Lease Zone,20.0,10.0,success,False,2026-08-17T21:34:39.149688+09:00
Leave Anchor,,,failed,False,2026-08-17T20:38:06.157627+09:00
Leave Atlas,,,failed,False,2026-08-17T21:38:08.965654+09:00
Leave Base,30.0,0.0,success,False,2026-08-17T21:34:24.214520+09:00
Leave Beacon,,,failed,False,2026-08-17T20:41:24.809383+09:00
Leave Board,2900.0,19.0,success,False,2026-08-17T21:31:02.177338+09:00
Leave Bridge,,,failed,False,2026-08-17T20:38:59.956902+09:00
Leave Cascade,,,failed,False,2026-08-17T20:39:52.233588+09:00
Leave Center,30.0,1.0,success,False,2026-08-17T20:43:34.295212+09:00
Leave Chain,40.0,26.0,success,False,2026-08-17T20:32:47.475978+09:00
Leave Cockpit,,,failed,False,2026-08-17T22:48:05.376281+09:00
Leave Compass,,,failed,False,2026-08-17T20:42:13.997557+09:00
Leave Console,10.0,0.0,success,False,2026-08-17T20:41:06.345123+09:00
Leave Core,,,failed,False,2026-08-17T21:33:20.961288+09:00
Leave Deck,,,failed,False,2026-08-17T20:49:41.074252+09:00
Leave Desk,20.0,0.0,success,False,2026-08-17T20:45:51.407426+09:00
Leave Dial,,,failed,False,2026-08-17T20:39:23.919432+09:00
Leave Dock,,,failed,False,2026-08-17T20:35:44.075031+09:00
Leave Flow,170.0,12.0,success,False,2026-08-17T21:30:30.781560+09:00
Leave Forge,,,failed,False,2026-08-17T20:40:44.017242+09:00
Leave Frame,90.0,36.0,success,False,2026-08-17T21:35:24.685319+09:00
Leave Gate,40.0,12.0,success,False,2026-08-17T21:41:36.452024+09:00
Leave Grid,,,failed,False,2026-08-17T20:33:23.313632+09:00
Leave Guard,110.0,97.0,success,False,2026-08-17T21:33:48.082783+09:00
Leave Hub,20.0,7.0,success,False,2026-08-17T20:48:15.314618+09:00
Leave Keeper,,,failed,False,2026-08-17T21:35:58.459168+09:00
Leave Lab,50.0,0.0,success,False,2026-08-17T20:46:20.020027+09:00
Leave Ledger,90.0,0.0,success,False,2026-08-17T21:32:17.170130+09:00
Leave Lens,0.0,,success,False,2026-08-17T21:36:30.682605+09:00
Leave Lock,170.0,7.0,success,False,2026-08-17T21:38:40.825363+09:00
Leave Loop,,,failed,False,2026-08-17T20:34:19.305897+09:00
Leave Manager,320.0,9.0,success,False,2026-08-17T21:34:55.256705+09:00
Leave Map,90.0,2.0,success,False,2026-08-17T21:37:36.095439+09:00
Leave Meter,,,failed,False,2026-08-17T20:38:32.473394+09:00
Leave Nexus,,,failed,False,2026-08-17T21:39:37.908878+09:00
Leave Panel,,,failed,False,2026-08-17T20:40:19.019495+09:00
Leave Pilot,,,failed,False,2026-08-17T20:46:56.962156+09:00
Leave Point,50.0,0.0,success,False,2026-08-17T21:41:04.521769+09:00
Leave Portal,1300.0,6.0,success,False,2026-08-17T20:41:54.470071+09:00
Leave Pulse,10.0,0.0,success,False,2026-08-17T20:32:10.469810+09:00
Leave Radar,,,failed,False,2026-08-17T20:44:51.445524+09:00
Leave Rail,,,failed,False,2026-08-17T20:34:43.926118+09:00
Leave Relay,,,failed,False,2026-08-17T20:44:04.848400+09:00
Leave Route,10.0,0.0,success,False,2026-08-17T20:36:40.845127+09:00
Leave Scale,,,failed,False,2026-08-17T20:37:38.706086+09:00
Leave Scope,,,failed,False,2026-08-17T20:35:12.658616+09:00
Leave Sentry,,,failed,False,2026-08-17T21:36:57.018160+09:00
Leave Signal,,,failed,False,2026-08-17T20:37:08.027448+09:00
Leave Station,880.0,0.0,success,False,2026-08-17T20:45:28.437462+09:00
Leave Studio,10.0,1.0,success,False,2026-08-17T20:47:33.914967+09:00
Leave Sync,,,failed,False,2026-08-17T21:31:41.054400+09:00
Leave Tracker,2900.0,15.0,success,False,2026-08-17T21:32:50.995270+09:00
Leave Trail,260.0,0.0,success,False,2026-08-17T20:33:51.962760+09:00
Leave Vault,,,failed,False,2026-08-17T20:43:09.097865+09:00
Leave Watch,20.0,0.0,success,False,2026-08-17T20:36:11.237181+09:00
Leave Zone,,,failed,False,2026-08-17T20:42:41.908187+09:00
Ledger Assistant,50.0,0.0,success,False,2026-08-17T22:51:27.768654+09:00
Ledger Atlas,10.0,0.0,success,False,2026-08-17T20:35:00.475766+09:00
Ledger Beacon,,,failed,False,2026-08-17T20:35:28.436030+09:00
Ledger Board,8100.0,4.0,success,False,2026-08-17T20:42:52.966707+09:00
Ledger Bridge,90.0,12.0,success,False,2026-08-17T20:32:32.905502+09:00
Ledger Cascade,,,failed,False,2026-08-17T20:33:40.236931+09:00
Ledger Center,40.0,1.0,success,False,2026-08-17T20:37:57.626492+09:00
Ledger Chain,140.0,24.0,success,False,2026-08-17T20:39:41.640400+09:00
Ledger Compass,,,failed,False,2026-08-17T20:36:22.753454+09:00
Ledger Console,,,failed,False,2026-08-17T20:34:58.202084+09:00
Ledger Deck,1000.0,12.0,success,False,2026-08-17T20:42:04.175878+09:00
Ledger Desk,390.0,85.0,success,False,2026-08-17T20:40:06.808560+09:00
Ledger Dial,,,failed,False,2026-08-17T20:33:08.305690+09:00
Ledger Dock,,,failed,False,2026-08-17T20:42:06.946542+09:00
Ledger Flow,50.0,4.0,success,False,2026-08-17T20:42:24.319818+09:00
Ledger Forge,30.0,0.0,success,False,2026-08-17T20:34:33.124318+09:00
Ledger Frame,90.0,13.0,success,False,2026-08-17T20:32:36.001496+09:00
Ledger Gate,110.0,26.0,success,False,2026-08-17T20:36:56.303275+09:00
Ledger Hub,50.0,0.0,success,False,2026-08-17T20:41:42.376478+09:00
Ledger Keeper,90.0,11.0,success,False,2026-08-17T20:33:08.305690+09:00
Ledger Lab,210.0,2.0,success,False,2026-08-17T20:40:31.600880+09:00
Ledger Lens,40.0,2.0,success,False,2026-08-17T20:33:41.175079+09:00
Ledger Lock,1600.0,100.0,success,False,2026-08-17T20:35:28.436030+09:00
Ledger Loop,,,failed,False,2026-08-17T20:40:52.985789+09:00
Ledger Manager,170.0,3.0,success,False,2026-08-17T20:31:59.985806+09:00
Ledger Map,90.0,1.0,success,False,2026-08-17T20:34:34.179062+09:00
Ledger Meter,,,failed,False,2026-08-17T20:31:58.373055+09:00
Ledger Nexus,10.0,0.0,success,False,2026-08-17T20:35:59.491401+09:00
Ledger Node,10.0,7.0,success,False,2026-08-17T20:37:57.626492+09:00
Ledger Panel,390.0,100.0,success,False,2026-08-17T20:34:08.377719+09:00
Ledger Path,,,failed,False,2026-08-17T20:37:24.505740+09:00
Ledger Pilot,,,failed,False,2026-08-17T20:40:52.069695+09:00
Ledger Point,40.0,0.0,success,False,2026-08-17T20:36:26.800121+09:00
Ledger Portal,30.0,5.0,success,False,2026-08-17T20:35:59.491401+09:00
Ledger Pulse,,,failed,False,2026-08-17T20:39:15.324728+09:00
Ledger Radar,,,failed,False,2026-08-17T20:39:13.606540+09:00
Ledger Rail,20.0,0.0,success,False,2026-08-17T20:41:16.510977+09:00
Ledger Relay,,,failed,False,2026-08-17T20:38:16.946588+09:00
Ledger Scope,,,failed,False,2026-08-17T20:41:46.079279+09:00
Ledger Sentry,,,failed,False,2026-08-17T20:34:08.377719+09:00
Ledger Station,,,failed,False,2026-08-17T20:39:37.454360+09:00
Ledger Studio,30.0,0.0,success,False,2026-08-17T20:41:15.125085+09:00
Ledger Sync,880.0,7.0,success,False,2026-08-17T20:43:22.316757+09:00
Ledger Trail,,,failed,False,2026-08-17T20:40:32.567080+09:00
Ledger Vault,260.0,19.0,success,False,2026-08-17T20:37:24.505740+09:00
Ledger Watch,50.0,9.0,success,False,2026-08-17T20:42:24.319818+09:00
Ledger Wave,,,failed,False,2026-08-17T20:38:19.209708+09:00
Ledger Zone,,,failed,False,2026-08-17T20:36:56.303275+09:00
Licensing Anchor,,,failed,False,2026-08-17T20:41:33.336783+09:00
Licensing Atlas,,,failed,False,2026-08-17T20:31:44.848533+09:00
Licensing Beacon,,,failed,False,2026-08-17T20:45:09.617976+09:00
Licensing Board,1900.0,0.0,success,True,2026-08-17T21:35:33.419897+09:00
Licensing Bridge,,,failed,False,2026-08-17T20:42:18.152107+09:00
Licensing Cascade,,,failed,False,2026-08-17T20:43:14.638625+09:00
Licensing Center,3600.0,4.0,success,False,2026-08-17T20:47:45.474295+09:00
Licensing Chain,,,failed,False,2026-08-17T20:36:47.157974+09:00
Licensing Compass,,,failed,False,2026-08-17T20:45:55.190861+09:00
Licensing Console,,,failed,False,2026-08-17T20:44:27.303320+09:00
Licensing Core,,,failed,False,2026-08-17T21:37:42.380657+09:00
Licensing Deck,,,failed,False,2026-08-17T21:34:28.165323+09:00
Licensing Desk,,,failed,False,2026-08-17T21:31:46.266854+09:00
Licensing Dial,,,failed,False,2026-08-17T20:42:46.441273+09:00
Licensing Dock,,,failed,False,2026-08-17T20:39:31.272188+09:00
Licensing Flow,,,failed,False,2026-08-17T21:35:00.218033+09:00
Licensing Forge,,,failed,False,2026-08-17T20:44:09.032273+09:00
Licensing Gate,,,failed,False,2026-08-17T20:33:59.012811+09:00
Licensing Grid,,,failed,False,2026-08-17T20:37:15.920679+09:00
Licensing Guard,,,failed,False,2026-08-17T21:38:13.718334+09:00
Licensing Hub,170.0,5.0,success,False,2026-08-17T21:33:59.802696+09:00
Licensing Keeper,,,failed,False,2026-08-17T20:31:44.848533+09:00
Licensing Lab,,,failed,False,2026-08-17T21:32:23.259221+09:00
Licensing Ledger,,,failed,False,2026-08-17T21:36:34.713232+09:00
Licensing Lock,,,failed,False,2026-08-17T20:32:17.131006+09:00
Licensing Loop,,,failed,False,2026-08-17T20:38:11.520193+09:00
Licensing Meter,,,failed,False,2026-08-17T20:41:58.937145+09:00
Licensing Nexus,,,failed,False,2026-08-17T20:32:55.422953+09:00
Licensing Node,,,failed,False,2026-08-17T20:34:48.922886+09:00
Licensing Panel,,,failed,False,2026-08-17T20:43:42.299051+09:00
Licensing Path,,,failed,False,2026-08-17T20:34:22.385109+09:00
Licensing Pilot,,,failed,False,2026-08-17T21:33:00.443260+09:00
Licensing Point,,,failed,False,2026-08-17T20:33:30.325030+09:00
Licensing Portal,6600.0,0.0,success,True,2026-08-17T20:45:32.525368+09:00
Licensing Pulse,,,failed,False,2026-08-17T20:36:14.881787+09:00
Licensing Radar,,,failed,False,2026-08-17T21:30:38.829852+09:00
Licensing Rail,,,failed,False,2026-08-17T20:38:35.163236+09:00
Licensing Relay,,,failed,False,2026-08-17T20:48:21.583177+09:00
Licensing Route,,,failed,False,2026-08-17T20:40:24.654920+09:00
Licensing Scale,,,failed,False,2026-08-17T20:41:08.316613+09:00
Licensing Scope,,,failed,False,2026-08-17T20:39:06.787331+09:00
Licensing Signal,,,failed,False,2026-08-17T20:40:46.604989+09:00
Licensing Station,,,failed,False,2026-08-17T21:31:11.680234+09:00
Licensing Studio,,,failed,False,2026-08-17T21:33:26.536272+09:00
Licensing Sync,,,failed,False,2026-08-17T21:36:07.544663+09:00
Licensing Tracker,40.0,8.0,success,False,2026-08-17T21:37:05.127331+09:00
Licensing Trail,,,failed,False,2026-08-17T20:37:45.876313+09:00
Licensing Vault,210.0,11.0,success,False,2026-08-17T20:47:00.954455+09:00
Licensing Watch,,,failed,False,2026-08-17T20:39:59.910293+09:00
Licensing Wave,,,failed,False,2026-08-17T20:35:18.626237+09:00
Licensing Zone,,,failed,False,2026-08-17T20:46:23.888336+09:00
Lien Anchor,,,failed,False,2026-08-17T21:34:37.066296+09:00
Lien Atlas,,,failed,False,2026-08-17T20:42:24.319818+09:00
Lien Base,10.0,0.0,success,False,2026-08-17T20:39:37.454360+09:00
Lien Beacon,10.0,36.0,success,False,2026-08-17T21:39:15.761980+09:00
Lien Board,,,failed,False,2026-08-17T20:36:56.303275+09:00
Lien Bridge,,,failed,False,2026-08-17T21:35:44.584576+09:00
Lien Cascade,,,failed,False,2026-08-17T21:36:43.981322+09:00
Lien Chain,,,failed,False,2026-08-17T20:47:13.736905+09:00
Lien Compass,,,failed,False,2026-08-17T21:41:22.072079+09:00
Lien Console,,,failed,False,2026-08-17T21:38:26.629916+09:00
Lien Core,,,failed,False,2026-08-17T20:38:43.149907+09:00
Lien Deck,,,failed,False,2026-08-17T20:35:59.491401+09:00
Lien Desk,,,failed,False,2026-08-17T20:33:40.236931+09:00
Lien Dial,,,failed,False,2026-08-17T21:36:17.240271+09:00
Lien Dock,,,failed,False,2026-08-17T21:31:56.784481+09:00
Lien Flow,,,failed,False,2026-08-17T20:36:22.753454+09:00
Lien Forge,,,failed,False,2026-08-17T21:37:55.576177+09:00
Lien Frame,,,failed,False,2026-08-17T20:40:31.600880+09:00
Lien Gate,,,failed,False,2026-08-17T20:44:14.789024+09:00
Lien Grid,,,failed,False,2026-08-17T20:47:53.457764+09:00
Lien Guard,10.0,10.0,success,False,2026-08-17T20:39:13.606540+09:00
Lien Hub,390.0,9.0,success,False,2026-08-17T20:35:25.429619+09:00
Lien Keeper,,,failed,False,2026-08-17T20:40:52.069695+09:00
Lien Lab,70.0,2.0,success,False,2026-08-17T20:34:07.278551+09:00
Lien Ledger,20.0,0.0,success,False,2026-08-17T20:37:55.339961+09:00
Lien Lens,,,failed,False,2026-08-17T20:41:15.125085+09:00
Lien Lock,,,failed,False,2026-08-17T20:42:51.727520+09:00
Lien Loop,,,failed,False,2026-08-17T21:30:15.996537+09:00
Lien Manager,90.0,5.0,success,False,2026-08-17T20:40:06.808560+09:00
Lien Map,70.0,0.0,success,False,2026-08-17T20:42:04.175878+09:00
Lien Meter,,,failed,False,2026-08-17T21:35:11.471835+09:00
Lien Nexus,,,failed,False,2026-08-17T20:43:22.316757+09:00
Lien Node,,,failed,False,2026-08-17T20:45:15.345040+09:00
Lien Panel,,,failed,False,2026-08-17T21:37:17.917122+09:00
Lien Path,,,failed,False,2026-08-17T20:44:36.649130+09:00
Lien Pilot,,,failed,False,2026-08-17T20:34:33.124318+09:00
Lien Point,,,failed,False,2026-08-17T20:43:51.758171+09:00
Lien Portal,10.0,0.0,success,False,2026-08-17T21:40:37.066671+09:00
Lien Pulse,,,failed,False,2026-08-17T20:46:31.116711+09:00
Lien Radar,,,failed,False,2026-08-17T20:32:32.905502+09:00
Lien Rail,,,failed,False,2026-08-17T21:30:47.592348+09:00
Lien Route,,,failed,False,2026-08-17T21:33:08.992358+09:00
Lien Scale,,,failed,False,2026-08-17T21:34:05.861065+09:00
Lien Scope,10.0,0.0,success,False,2026-08-17T21:31:23.168898+09:00
Lien Sentry,,,failed,False,2026-08-17T20:41:42.376478+09:00
Lien Signal,40.0,0.0,success,False,2026-08-17T21:33:32.175377+09:00
Lien Station,,,failed,False,2026-08-17T20:33:08.305690+09:00
Lien Studio,110.0,33.0,success,False,2026-08-17T20:34:58.202084+09:00
Lien Sync,,,failed,False,2026-08-17T20:37:21.758511+09:00
Lien Tracker,110.0,23.0,success,False,2026-08-17T20:38:16.946588+09:00
Lien Trail,,,failed,False,2026-08-17T20:48:31.729678+09:00
Lien Watch,,,failed,False,2026-08-17T21:32:33.876836+09:00
Lien Wave,30.0,1.0,success,False,2026-08-17T20:45:40.214755+09:00
Lien Zone,,,failed,False,2026-08-17T21:41:53.145173+09:00
Listing Anchor,,,failed,False,2026-08-17T20:40:36.395454+09:00
Listing Base,,,failed,False,2026-08-17T21:37:30.311680+09:00
Listing Beacon,20.0,13.0,success,False,2026-08-17T20:43:58.581518+09:00
Listing Board,260.0,39.0,success,False,2026-08-17T21:34:17.965302+09:00
Listing Bridge,10.0,6.0,success,False,2026-08-17T20:41:20.787117+09:00
Listing Cascade,,,failed,False,2026-08-17T20:42:11.427186+09:00
Listing Center,260.0,2.0,success,False,2026-08-17T20:46:12.433556+09:00
Listing Chain,,,failed,False,2026-08-17T20:35:38.392873+09:00
Listing Compass,,,failed,False,2026-08-17T20:44:45.631544+09:00
Listing Console,,,failed,False,2026-08-17T20:43:30.530213+09:00
Listing Core,10.0,7.0,success,False,2026-08-17T21:36:26.445152+09:00
Listing Deck,,,failed,False,2026-08-17T21:33:17.550972+09:00
Listing Desk,,,failed,False,2026-08-17T21:30:24.502544+09:00
Listing Dial,,,failed,False,2026-08-17T20:41:50.983322+09:00
Listing Dock,10.0,2.0,success,False,2026-08-17T20:38:24.877008+09:00
Listing Flow,10.0,15.0,success,False,2026-08-17T21:33:42.291802+09:00
Listing Forge,20.0,5.0,success,False,2026-08-17T20:43:01.991108+09:00
Listing Frame,210.0,35.0,success,False,2026-08-17T21:38:35.218560+09:00
Listing Gate,10.0,10.0,success,False,2026-08-17T20:32:41.344957+09:00
Listing Grid,140.0,2.0,success,False,2026-08-17T20:36:06.570384+09:00
Listing Guard,10.0,0.0,success,False,2026-08-17T21:36:52.396982+09:00
Listing Hub,70.0,15.0,success,False,2026-08-17T21:32:45.123730+09:00
Listing Keeper,,,failed,False,2026-08-17T21:39:28.354494+09:00
Listing Lab,720.0,7.0,success,False,2026-08-17T21:30:57.458125+09:00
Listing Ledger,,,failed,False,2026-08-17T21:35:20.515813+09:00
Listing Lens,10.0,16.0,success,False,2026-08-17T21:40:51.783967+09:00
Listing Loop,880.0,9.0,success,False,2026-08-17T20:37:03.531282+09:00
Listing Manager,260.0,6.0,success,False,2026-08-17T21:38:03.717082+09:00
Listing Meter,,,failed,False,2026-08-17T20:41:00.568700+09:00
Listing Nexus,,,failed,False,2026-08-17T20:31:33.560642+09:00
Listing Node,,,failed,False,2026-08-17T20:33:47.539654+09:00
Listing Panel,210.0,93.0,success,False,2026-08-17T20:42:36.789908+09:00
Listing Path,,,failed,False,2026-08-17T20:33:16.020559+09:00
Listing Pilot,,,failed,False,2026-08-17T21:31:33.014186+09:00
Listing Point,390.0,0.0,success,False,2026-08-17T20:32:07.300250+09:00
Listing Portal,110.0,2.0,success,False,2026-08-17T20:44:21.106446+09:00
Listing Pulse,10.0,21.0,success,False,2026-08-17T20:35:08.080059+09:00
Listing Radar,,,failed,False,2026-08-17T20:48:06.680156+09:00
Listing Rail,,,failed,False,2026-08-17T20:37:32.011303+09:00
Listing Relay,,,failed,False,2026-08-17T20:46:51.703605+09:00
Listing Route,,,failed,False,2026-08-17T20:39:20.129592+09:00
Listing Scale,,,failed,False,2026-08-17T20:40:15.034726+09:00
Listing Scope,,,failed,False,2026-08-17T20:38:03.705761+09:00
Listing Sentry,,,failed,False,2026-08-17T21:41:31.698252+09:00
Listing Signal,,,failed,False,2026-08-17T20:39:49.091027+09:00
Listing Station,,,failed,False,2026-08-17T20:48:44.119140+09:00
Listing Studio,10.0,10.0,success,False,2026-08-17T21:32:05.797514+09:00
Listing Sync,210.0,5.0,success,False,2026-08-17T21:34:50.586670+09:00
Listing Tracker,880.0,11.0,success,False,2026-08-17T21:35:52.306880+09:00
Listing Trail,,,failed,False,2026-08-17T20:36:35.862750+09:00
Listing Vault,10.0,0.0,success,False,2026-08-17T20:45:48.787557+09:00
Listing Watch,880.0,18.0,success,False,2026-08-17T20:38:53.767345+09:00
Listing Wave,,,failed,False,2026-08-17T20:34:16.019094+09:00
Listing Zone,,,failed,False,2026-08-17T20:45:22.370262+09:00
Livestock Anchor,,,failed,False,2026-08-17T21:34:42.632014+09:00
Livestock Atlas,,,failed,False,2026-08-17T20:42:32.290659+09:00
Livestock Base,,,failed,False,2026-08-17T20:39:43.687132+09:00
Livestock Beacon,,,failed,False,2026-08-17T21:39:22.624237+09:00
Livestock Board,260.0,7.0,success,False,2026-08-17T20:37:00.325562+09:00
Livestock Bridge,20.0,0.0,success,False,2026-08-17T21:35:46.466784+09:00
Livestock Cascade,,,failed,False,2026-08-17T21:36:47.272145+09:00
Livestock Chain,10.0,0.0,success,False,2026-08-17T20:47:19.659128+09:00
Livestock Compass,,,failed,False,2026-08-17T21:41:25.564008+09:00
Livestock Console,,,failed,False,2026-08-17T21:38:32.905021+09:00
Livestock Core,,,failed,False,2026-08-17T20:38:48.292759+09:00
Livestock Deck,,,failed,False,2026-08-17T20:36:02.767132+09:00
Livestock Desk,,,failed,False,2026-08-17T20:33:43.675774+09:00
Livestock Dial,,,failed,False,2026-08-17T21:36:22.095100+09:00
Livestock Dock,,,failed,False,2026-08-17T21:31:59.895065+09:00
Livestock Flow,,,failed,False,2026-08-17T20:36:28.708934+09:00
Livestock Forge,,,failed,False,2026-08-17T21:37:57.485180+09:00
Livestock Frame,,,failed,False,2026-08-17T20:40:33.502804+09:00
Livestock Gate,880.0,100.0,success,False,2026-08-17T20:44:17.126543+09:00
Livestock Grid,10.0,20.0,success,False,2026-08-17T20:48:00.384731+09:00
Livestock Guard,27100.0,1.0,success,False,2026-08-17T20:39:17.196343+09:00
Livestock Hub,70.0,2.0,success,False,2026-08-17T20:35:35.063549+09:00
Livestock Keeper,50.0,0.0,success,False,2026-08-17T20:40:53.994191+09:00
Livestock Lab,,,failed,False,2026-08-17T20:34:11.615000+09:00
Livestock Ledger,,,failed,False,2026-08-17T20:37:59.877456+09:00
Livestock Lens,20.0,11.0,success,False,2026-08-17T20:41:17.748242+09:00
Livestock Lock,10.0,100.0,success,False,2026-08-17T20:42:54.961047+09:00
Livestock Loop,70.0,0.0,success,False,2026-08-17T21:30:18.085086+09:00
Livestock Manager,480.0,2.0,success,False,2026-08-17T20:40:10.157299+09:00
Livestock Map,50.0,2.0,success,False,2026-08-17T20:42:08.223187+09:00
Livestock Meter,,,failed,False,2026-08-17T21:35:16.200596+09:00
Livestock Nexus,,,failed,False,2026-08-17T20:43:26.313536+09:00
Livestock Node,,,failed,False,2026-08-17T20:45:18.923986+09:00
Livestock Panel,1000.0,100.0,success,False,2026-08-17T21:37:24.355362+09:00
Livestock Path,,,failed,False,2026-08-17T20:44:38.858684+09:00
Livestock Pilot,,,failed,False,2026-08-17T20:34:35.742752+09:00
Livestock Point,,,failed,False,2026-08-17T20:43:56.267353+09:00
Livestock Portal,70.0,2.0,success,False,2026-08-17T21:40:47.686331+09:00
Livestock Pulse,,,failed,False,2026-08-17T20:46:46.837602+09:00
Livestock Radar,,,failed,False,2026-08-17T20:32:38.453320+09:00
Livestock Rail,,,failed,False,2026-08-17T21:30:50.388708+09:00
Livestock Route,,,failed,False,2026-08-17T21:33:10.630129+09:00
Livestock Scale,2900.0,100.0,success,False,2026-08-17T21:34:12.134068+09:00
Livestock Scope,,,failed,False,2026-08-17T21:31:30.369012+09:00
Livestock Sentry,,,failed,False,2026-08-17T20:41:47.517366+09:00
Livestock Signal,,,failed,False,2026-08-17T21:33:37.652467+09:00
Livestock Station,10.0,4.0,success,False,2026-08-17T20:33:10.817795+09:00
Livestock Studio,,,failed,False,2026-08-17T20:35:04.556306+09:00
Livestock Sync,,,failed,False,2026-08-17T20:37:28.424048+09:00
Livestock Tracker,480.0,98.0,success,False,2026-08-17T20:38:21.061174+09:00
Livestock Trail,8100.0,82.0,success,False,2026-08-17T20:48:37.567206+09:00
Livestock Watch,,,failed,False,2026-08-17T21:32:36.544768+09:00
Livestock Wave,,,failed,False,2026-08-17T20:45:45.792269+09:00
Logbook Manager,20.0,5.0,success,False,2026-08-17T22:51:27.768654+09:00
Logistics Anchor,,,failed,False,2026-08-17T20:42:51.727520+09:00
Logistics Atlas,,,failed,False,2026-08-17T20:33:40.236931+09:00
Logistics Base,50.0,2.0,success,False,2026-08-17T21:41:49.444267+09:00
Logistics Beacon,10.0,,success,False,2026-08-17T20:46:29.220439+09:00
Logistics Board,110.0,5.0,success,False,2026-08-17T21:37:17.917122+09:00
Logistics Bridge,140.0,0.0,success,False,2026-08-17T20:43:48.259554+09:00
Logistics Cascade,,,failed,False,2026-08-17T20:44:36.649130+09:00
Logistics Center,3600.0,9.0,success,False,2026-08-17T21:30:45.538595+09:00
Logistics Chain,390.0,6.0,success,False,2026-08-17T20:38:14.865229+09:00
Logistics Compass,,,failed,False,2026-08-17T20:47:53.457764+09:00
Logistics Console,,,failed,False,2026-08-17T20:46:01.536512+09:00
Logistics Core,50.0,7.0,success,False,2026-08-17T21:40:37.066671+09:00
Logistics Deck,,,failed,False,2026-08-17T21:36:17.240271+09:00
Logistics Desk,10.0,8.0,success,False,2026-08-17T21:33:32.175377+09:00
Logistics Dial,,,failed,False,2026-08-17T20:44:14.789024+09:00
Logistics Dock,30.0,3.0,success,False,2026-08-17T20:40:52.069695+09:00
Logistics Flow,1900.0,6.0,success,False,2026-08-17T21:36:40.900045+09:00
Logistics Forge,,,failed,False,2026-08-17T20:45:40.214755+09:00
Logistics Gate,170.0,6.0,success,False,2026-08-17T20:35:25.429619+09:00
Logistics Grid,,,failed,False,2026-08-17T20:38:41.975413+09:00
Logistics Guard,,,failed,False,2026-08-17T21:41:19.053416+09:00
Logistics Hub,3600.0,6.0,success,False,2026-08-17T21:35:41.309233+09:00
Logistics Lab,480.0,3.0,success,False,2026-08-17T21:34:05.861065+09:00
Logistics Ledger,,,failed,False,2026-08-17T21:38:26.629916+09:00
Logistics Lens,10.0,2.0,success,False,2026-08-17T20:31:55.017364+09:00
Logistics Lock,,,failed,False,2026-08-17T20:34:07.278551+09:00
Logistics Loop,1000.0,5.0,success,False,2026-08-17T20:39:37.454360+09:00
Logistics Map,2900.0,1.0,success,False,2026-08-17T20:33:05.160713+09:00
Logistics Meter,,,failed,False,2026-08-17T20:43:22.316757+09:00
Logistics Nexus,,,failed,False,2026-08-17T20:34:31.529799+09:00
Logistics Node,210.0,0.0,success,False,2026-08-17T20:36:21.712002+09:00
Logistics Panel,,,failed,False,2026-08-17T20:45:14.001779+09:00
Logistics Path,,,failed,False,2026-08-17T20:35:55.625501+09:00
Logistics Pilot,1000.0,6.0,success,False,2026-08-17T21:34:37.066296+09:00
Logistics Point,320.0,6.0,success,False,2026-08-17T20:34:58.202084+09:00
Logistics Portal,880.0,16.0,success,False,2026-08-17T20:47:13.736905+09:00
Logistics Pulse,,,failed,False,2026-08-17T20:37:55.339961+09:00
Logistics Radar,,,failed,False,2026-08-17T21:32:31.405261+09:00
Logistics Rail,1600.0,5.0,success,False,2026-08-17T20:40:06.808560+09:00
Logistics Relay,,,failed,False,2026-08-17T21:31:19.415531+09:00
Logistics Route,260.0,13.0,success,False,2026-08-17T20:41:41.231730+09:00
Logistics Scale,90.0,8.0,success,False,2026-08-17T20:42:22.378966+09:00
Logistics Scope,210.0,0.0,success,False,2026-08-17T20:40:31.600880+09:00
Logistics Sentry,,,failed,False,2026-08-17T20:32:30.733040+09:00
Logistics Signal,,,failed,False,2026-08-17T20:42:02.791525+09:00
Logistics Station,30.0,1.0,success,False,2026-08-17T21:33:05.832312+09:00
Logistics Studio,30.0,6.0,success,False,2026-08-17T21:35:11.471835+09:00
Logistics Sync,,,failed,False,2026-08-17T21:37:49.733247+09:00
Logistics Tracker,170.0,20.0,success,False,2026-08-17T21:39:15.761980+09:00
Logistics Trail,,,failed,False,2026-08-17T20:39:12.627798+09:00
Logistics Vault,,,failed,False,2026-08-17T21:30:13.279777+09:00
Logistics Watch,110.0,32.0,success,False,2026-08-17T20:41:15.125085+09:00
Logistics Wave,,,failed,False,2026-08-17T20:36:55.192509+09:00
Logistics Zone,170.0,2.0,success,False,2026-08-17T20:48:29.594833+09:00
Loyalty Anchor,,,failed,False,2026-08-17T20:32:57.689274+09:00
Loyalty Atlas,,,failed,False,2026-08-17T21:32:25.465592+09:00
Loyalty Base,,,failed,False,2026-08-17T20:47:04.642239+09:00
Loyalty Beacon,,,failed,False,2026-08-17T20:36:48.387810+09:00
Loyalty Board,30.0,0.0,success,False,2026-08-17T20:44:09.032273+09:00
Loyalty Bridge,,,failed,False,2026-08-17T20:34:01.116253+09:00
Loyalty Cascade,20.0,0.0,success,False,2026-08-17T20:34:51.045190+09:00
Loyalty Center,320.0,4.0,success,False,2026-08-17T20:39:06.787331+09:00
Loyalty Chain,50.0,61.0,success,False,2026-08-17T21:37:44.992622+09:00
Loyalty Compass,10.0,0.0,success,False,2026-08-17T20:37:47.401646+09:00
Loyalty Console,,,failed,False,2026-08-17T20:36:17.521162+09:00
Loyalty Core,,,failed,False,2026-08-17T20:45:55.190861+09:00
Loyalty Deck,,,failed,False,2026-08-17T20:43:15.863986+09:00
Loyalty Desk,10.0,0.0,success,False,2026-08-17T20:41:09.985510+09:00
Loyalty Dial,,,failed,False,2026-08-17T20:34:23.568448+09:00
Loyalty Flow,10.0,29.0,success,False,2026-08-17T20:43:44.073906+09:00
Loyalty Forge,30.0,0.0,success,False,2026-08-17T20:35:50.076535+09:00
Loyalty Frame,,,failed,False,2026-08-17T20:48:23.905428+09:00
Loyalty Gate,10.0,0.0,success,False,2026-08-17T21:34:29.947705+09:00
Loyalty Grid,10.0,4.0,success,False,2026-08-17T21:38:15.647846+09:00
Loyalty Guard,,,failed,False,2026-08-17T20:46:26.563596+09:00
Loyalty Hub,260.0,8.0,success,False,2026-08-17T20:42:47.401639+09:00
Loyalty Keeper,,,failed,False,2026-08-17T21:30:05.905035+09:00
Loyalty Lab,590.0,2.0,success,False,2026-08-17T20:41:35.724700+09:00
Loyalty Ledger,20.0,0.0,success,False,2026-08-17T20:45:09.617976+09:00
Loyalty Lens,90.0,1.0,success,False,2026-08-17T21:30:41.512165+09:00
Loyalty Lock,10.0,0.0,success,False,2026-08-17T21:33:02.340741+09:00
Loyalty Loop,1000.0,21.0,success,False,2026-08-17T21:39:44.948189+09:00
Loyalty Manager,260.0,4.0,success,False,2026-08-17T20:47:45.474295+09:00
Loyalty Map,,,failed,False,2026-08-17T21:31:49.761986+09:00
Loyalty Meter,30.0,0.0,success,False,2026-08-17T20:33:30.325030+09:00
Loyalty Nexus,,,failed,False,2026-08-17T21:33:26.536272+09:00
Loyalty Node,,,failed,False,2026-08-17T21:35:33.419897+09:00
Loyalty Panel,10.0,3.0,success,False,2026-08-17T20:35:19.683482+09:00
Loyalty Path,10.0,0.0,success,False,2026-08-17T21:35:02.943607+09:00
Loyalty Pilot,,,failed,False,2026-08-17T20:41:58.937145+09:00
Loyalty Point,3600.0,8.0,success,False,2026-08-17T21:33:59.802696+09:00
Loyalty Portal,90.0,18.0,success,False,2026-08-17T20:37:16.947301+09:00
Loyalty Pulse,,,failed,False,2026-08-17T21:37:05.127331+09:00
Loyalty Radar,,,failed,False,2026-08-17T20:40:26.535789+09:00
Loyalty Rail,,,failed,False,2026-08-17T21:41:14.862117+09:00
Loyalty Relay,,,failed,False,2026-08-17T20:39:32.550443+09:00
Loyalty Scale,40.0,0.0,success,False,2026-08-17T20:32:21.226449+09:00
Loyalty Scope,,,failed,False,2026-08-17T21:41:44.845375+09:00
Loyalty Sentry,,,failed,False,2026-08-17T21:31:15.457583+09:00
Loyalty Signal,,,failed,False,2026-08-17T20:31:46.547401+09:00
Loyalty Station,10.0,,success,False,2026-08-17T20:40:48.754907+09:00
Loyalty Studio,1000.0,1.0,success,False,2026-08-17T20:42:18.152107+09:00
Loyalty Sync,,,failed,False,2026-08-17T20:44:29.668652+09:00
Loyalty Tracker,70.0,27.0,success,False,2026-08-17T20:45:33.619281+09:00
Loyalty Trail,,,failed,False,2026-08-17T21:39:05.774100+09:00
Loyalty Vault,,,failed,False,2026-08-17T20:38:36.286112+09:00
Loyalty Wave,,,failed,False,2026-08-17T21:36:07.544663+09:00
Loyalty Zone,30.0,7.0,success,False,2026-08-17T20:38:11.520193+09:00
Maintenance Anchor,,,failed,False,2026-08-17T20:33:54.236742+09:00
Maintenance Atlas,,,failed,False,2026-08-17T20:32:47.475978+09:00
Maintenance Beacon,,,failed,False,2026-08-17T20:37:39.748297+09:00
Maintenance Board,260.0,40.0,success,False,2026-08-17T20:35:18.626237+09:00
Maintenance Bridge,390.0,1.0,success,False,2026-08-17T20:34:44.892914+09:00
Maintenance Cascade,,,failed,False,2026-08-17T20:35:45.912195+09:00
Maintenance Center,480.0,3.0,success,False,2026-08-17T20:32:07.300250+09:00
Maintenance Chain,210.0,40.0,success,False,2026-08-17T20:37:39.748297+09:00
Maintenance Companion,,,failed,False,2026-08-17T22:49:21.662634+09:00
Maintenance Console,70.0,4.0,success,False,2026-08-17T20:37:14.189830+09:00
Maintenance Deck,1900.0,34.0,success,False,2026-08-17T20:34:23.568448+09:00
Maintenance Desk,70.0,82.0,success,False,2026-08-17T20:31:46.547401+09:00
Maintenance Dial,,,failed,False,2026-08-17T20:35:15.216607+09:00
Maintenance Flow,20.0,12.0,success,False,2026-08-17T20:34:48.922886+09:00
Maintenance Forge,,,failed,False,2026-08-17T20:36:43.272468+09:00
Maintenance Gate,90.0,30.0,success,False,2026-08-17T20:34:43.926118+09:00
Maintenance Grid,,,failed,False,2026-08-17T20:38:06.157627+09:00
Maintenance Hub,170.0,2.0,success,False,2026-08-17T20:33:59.012811+09:00
Maintenance Lab,320.0,5.0,success,False,2026-08-17T20:32:21.226449+09:00
Maintenance Ledger,50.0,0.0,success,False,2026-08-17T20:36:17.521162+09:00
Maintenance Lock,210.0,32.0,success,False,2026-08-17T20:33:23.313632+09:00
Maintenance Loop,50.0,0.0,success,False,2026-08-17T20:38:59.956902+09:00
Maintenance Manager,6600.0,6.0,success,False,2026-08-17T20:31:38.107939+09:00
Maintenance Map,40.0,0.0,success,False,2026-08-17T20:32:12.868338+09:00
Maintenance Meter,10.0,78.0,success,False,2026-08-17T20:34:20.444490+09:00
Maintenance Navigator,,,failed,False,2026-08-17T22:48:03.176041+09:00
Maintenance Nexus,,,failed,False,2026-08-17T20:33:51.962760+09:00
Maintenance Node,,,failed,False,2026-08-17T20:35:45.912195+09:00
Maintenance Ops,,,failed,False,2026-08-17T22:48:05.376281+09:00
Maintenance Panel,320.0,5.0,success,False,2026-08-17T20:36:13.174234+09:00
Maintenance Path,40.0,0.0,success,False,2026-08-17T20:35:12.658616+09:00
Maintenance Pilot,,,failed,False,2026-08-17T20:32:55.422953+09:00
Maintenance Point,110.0,2.0,success,False,2026-08-17T20:34:19.305897+09:00
Maintenance Pulse,10.0,6.0,success,False,2026-08-17T20:37:11.919122+09:00
Maintenance Relay,,,failed,False,2026-08-17T20:32:44.310093+09:00
Maintenance Route,20.0,9.0,success,False,2026-08-17T20:32:12.868338+09:00
Maintenance Scale,20.0,0.0,success,False,2026-08-17T20:33:24.231963+09:00
Maintenance Sentry,,,failed,False,2026-08-17T20:31:38.107939+09:00
Maintenance Signal,,,failed,False,2026-08-17T20:32:49.512310+09:00
Maintenance Studio,,,failed,False,2026-08-17T20:33:30.325030+09:00
Maintenance Sync,,,failed,False,2026-08-17T20:35:48.969093+09:00
Maintenance Tracker,1300.0,25.0,success,False,2026-08-17T20:36:48.387810+09:00
Maintenance Trail,10.0,0.0,success,False,2026-08-17T20:38:32.473394+09:00
Maintenance Vault,,,failed,False,2026-08-17T20:31:33.560642+09:00
Maintenance Watch,720.0,18.0,success,False,2026-08-17T20:31:38.107939+09:00
Maintenance Wave,,,failed,False,2026-08-17T20:36:12.301778+09:00
Manifest Anchor,,,failed,False,2026-08-17T20:41:48.704350+09:00
Manifest Atlas,,,failed,False,2026-08-17T20:32:02.325008+09:00
Manifest Base,,,failed,False,2026-08-17T21:39:22.624237+09:00
Manifest Beacon,,,failed,False,2026-08-17T20:45:18.923986+09:00
Manifest Board,1600.0,68.0,success,False,2026-08-17T21:35:49.618076+09:00
Manifest Bridge,,,failed,False,2026-08-17T20:42:32.290659+09:00
Manifest Cascade,,,failed,False,2026-08-17T20:43:29.254301+09:00
Manifest Center,10.0,2.0,success,False,2026-08-17T20:48:02.919436+09:00
Manifest Chain,,,failed,False,2026-08-17T20:37:01.636634+09:00
Manifest Compass,,,failed,False,2026-08-17T20:46:07.350212+09:00
Manifest Console,,,failed,False,2026-08-17T20:44:43.054193+09:00
Manifest Core,10.0,1.0,success,False,2026-08-17T21:38:00.601683+09:00
Manifest Deck,40.0,100.0,success,False,2026-08-17T21:34:46.886716+09:00
Manifest Desk,10.0,0.0,success,False,2026-08-17T21:32:03.436124+09:00
Manifest Dial,,,failed,False,2026-08-17T20:42:59.992193+09:00
Manifest Dock,,,failed,False,2026-08-17T20:39:46.897200+09:00
Manifest Flow,10.0,0.0,success,False,2026-08-17T21:35:16.200596+09:00
Manifest Forge,20.0,0.0,success,False,2026-08-17T20:44:20.013961+09:00
Manifest Frame,,,failed,False,2026-08-17T21:41:28.759770+09:00
Manifest Gate,,,failed,False,2026-08-17T20:34:15.100698+09:00
Manifest Grid,,,failed,False,2026-08-17T20:37:29.909330+09:00
Manifest Guard,,,failed,False,2026-08-17T21:38:32.905021+09:00
Manifest Hub,2400.0,0.0,success,True,2026-08-17T21:34:15.444697+09:00
Manifest Lab,110.0,0.0,success,False,2026-08-17T21:32:40.946824+09:00
Manifest Ledger,10.0,0.0,success,False,2026-08-17T21:36:50.527973+09:00
Manifest Lock,10.0,0.0,success,False,2026-08-17T20:32:39.820797+09:00
Manifest Loop,,,failed,False,2026-08-17T20:38:23.394205+09:00
Manifest Manager,110.0,0.0,success,False,2026-08-17T21:40:49.556938+09:00
Manifest Meter,,,failed,False,2026-08-17T20:42:10.144192+09:00
Manifest Nexus,,,failed,False,2026-08-17T20:33:15.121215+09:00
Manifest Node,,,failed,False,2026-08-17T20:35:04.556306+09:00
Manifest Panel,10.0,6.0,success,False,2026-08-17T20:43:57.612589+09:00
Manifest Path,40.0,0.0,success,False,2026-08-17T20:34:36.732015+09:00
Manifest Pilot,110.0,0.0,success,False,2026-08-17T21:33:13.463030+09:00
Manifest Point,,,failed,False,2026-08-17T20:33:43.675774+09:00
Manifest Portal,480.0,1.0,success,False,2026-08-17T20:45:46.874737+09:00
Manifest Pulse,,,failed,False,2026-08-17T20:36:31.502472+09:00
Manifest Radar,10.0,0.0,success,False,2026-08-17T21:30:53.341117+09:00
Manifest Rail,,,failed,False,2026-08-17T20:38:51.261946+09:00
Manifest Relay,,,failed,False,2026-08-17T20:48:37.567206+09:00
Manifest Route,10.0,0.0,success,False,2026-08-17T20:40:34.523017+09:00
Manifest Scale,,,failed,False,2026-08-17T20:41:19.373388+09:00
Manifest Scope,20.0,0.0,success,False,2026-08-17T20:39:18.247368+09:00
Manifest Signal,,,failed,False,2026-08-17T20:40:55.263419+09:00
Manifest Station,210.0,1.0,success,False,2026-08-17T21:31:30.369012+09:00
Manifest Studio,1300.0,3.0,success,False,2026-08-17T21:33:40.096792+09:00
Manifest Sync,,,failed,False,2026-08-17T21:36:22.095100+09:00
Manifest Tracker,4400.0,0.0,success,True,2026-08-17T21:37:24.355362+09:00
Manifest Trail,,,failed,False,2026-08-17T20:37:59.877456+09:00
Manifest Vault,,,failed,False,2026-08-17T20:47:23.581270+09:00
Manifest Watch,140.0,1.0,success,False,2026-08-17T20:40:13.744558+09:00
Manifest Wave,,,failed,False,2026-08-17T20:35:36.002153+09:00
Manifest Zone,50.0,0.0,success,False,2026-08-17T20:46:46.837602+09:00
Manuscript Anchor,,,failed,False,2026-08-17T21:32:15.070878+09:00
Manuscript Atlas,,,failed,False,2026-08-17T20:40:42.163784+09:00
Manuscript Base,,,failed,False,2026-08-17T20:37:38.706086+09:00
Manuscript Beacon,,,failed,False,2026-08-17T21:36:28.444275+09:00
Manuscript Board,,,failed,False,2026-08-17T20:34:42.726088+09:00
Manuscript Bridge,,,failed,False,2026-08-17T21:33:20.961288+09:00
Manuscript Cascade,,,failed,False,2026-08-17T21:34:20.474166+09:00
Manuscript Center,2900.0,3.0,success,False,2026-08-17T21:39:34.435552+09:00
Manuscript Chain,,,failed,False,2026-08-17T20:44:51.445524+09:00
Manuscript Compass,,,failed,False,2026-08-17T21:37:32.627735+09:00
Manuscript Console,,,failed,False,2026-08-17T21:35:58.459168+09:00
Manuscript Core,,,failed,False,2026-08-17T20:36:39.507807+09:00
Manuscript Deck,,,failed,False,2026-08-17T20:33:48.971139+09:00
Manuscript Dial,,,failed,False,2026-08-17T21:33:48.082783+09:00
Manuscript Dock,,,failed,False,2026-08-17T20:48:13.207047+09:00
Manuscript Flow,,,failed,False,2026-08-17T20:34:18.335664+09:00
Manuscript Forge,,,failed,False,2026-08-17T21:35:22.295985+09:00
Manuscript Frame,40.0,37.0,success,False,2026-08-17T20:38:31.317013+09:00
Manuscript Gate,,,failed,False,2026-08-17T20:42:13.997557+09:00
Manuscript Grid,880.0,0.0,success,False,2026-08-17T20:45:26.162726+09:00
Manuscript Guard,,,failed,False,2026-08-17T20:37:08.027448+09:00
Manuscript Hub,10.0,0.0,success,False,2026-08-17T20:33:21.754611+09:00
Manuscript Keeper,,,failed,False,2026-08-17T20:38:58.199942+09:00
Manuscript Lab,10.0,17.0,success,False,2026-08-17T20:31:36.969919+09:00
Manuscript Ledger,,,failed,False,2026-08-17T20:35:44.075031+09:00
Manuscript Lens,,,failed,False,2026-08-17T20:39:23.919432+09:00
Manuscript Lock,,,failed,False,2026-08-17T20:41:03.029394+09:00
Manuscript Loop,,,failed,False,2026-08-17T20:46:16.531586+09:00
Manuscript Manager,170.0,4.0,success,False,2026-08-17T20:38:04.703276+09:00
Manuscript Map,110.0,0.0,success,False,2026-08-17T20:40:19.019495+09:00
Manuscript Meter,,,failed,False,2026-08-17T21:32:50.995270+09:00
Manuscript Nexus,,,failed,False,2026-08-17T20:41:24.809383+09:00
Manuscript Node,,,failed,False,2026-08-17T20:43:08.098438+09:00
Manuscript Panel,,,failed,False,2026-08-17T21:34:53.019649+09:00
Manuscript Path,,,failed,False,2026-08-17T20:42:40.071307+09:00
Manuscript Pilot,,,failed,False,2026-08-17T20:32:10.469810+09:00
Manuscript Point,,,failed,False,2026-08-17T20:41:54.470071+09:00
Manuscript Portal,30.0,10.0,success,False,2026-08-17T21:36:57.018160+09:00
Manuscript Pulse,,,failed,False,2026-08-17T20:44:23.108645+09:00
Manuscript Rail,,,failed,False,2026-08-17T20:46:53.844827+09:00
Manuscript Relay,,,failed,False,2026-08-17T21:40:59.899740+09:00
Manuscript Route,,,failed,False,2026-08-17T21:30:30.781560+09:00
Manuscript Scale,,,failed,False,2026-08-17T21:31:39.058447+09:00
Manuscript Scope,,,failed,False,2026-08-17T20:47:33.914967+09:00
Manuscript Sentry,,,failed,False,2026-08-17T20:39:52.233588+09:00
Manuscript Signal,,,failed,False,2026-08-17T21:31:02.177338+09:00
Manuscript Studio,10.0,4.0,success,False,2026-08-17T20:32:46.505342+09:00
Manuscript Sync,,,failed,False,2026-08-17T20:35:09.040915+09:00
Manuscript Tracker,90.0,6.0,success,False,2026-08-17T20:36:11.237181+09:00
Manuscript Trail,,,failed,False,2026-08-17T20:45:50.172264+09:00
Manuscript Vault,,,failed,False,2026-08-17T21:38:40.825363+09:00
Manuscript Watch,,,failed,False,2026-08-17T20:49:39.030080+09:00
Manuscript Wave,,,failed,False,2026-08-17T20:43:34.295212+09:00
Manuscript Zone,,,failed,False,2026-08-17T21:38:08.965654+09:00
Markdown Atlas,,,failed,False,2026-08-17T20:48:26.612997+09:00
Markdown Base,,,failed,False,2026-08-17T20:44:32.138425+09:00
Markdown Beacon,,,failed,False,2026-08-17T20:34:25.476328+09:00
Markdown Board,,,failed,False,2026-08-17T20:42:01.579820+09:00
Markdown Cascade,,,failed,False,2026-08-17T20:32:23.142780+09:00
Markdown Center,720.0,1.0,success,False,2026-08-17T20:36:51.044622+09:00
Markdown Chain,,,failed,False,2026-08-17T21:35:06.399475+09:00
Markdown Compass,,,failed,False,2026-08-17T20:35:20.751202+09:00
Markdown Console,40.0,0.0,success,False,2026-08-17T20:34:02.071546+09:00
Markdown Core,,,failed,False,2026-08-17T20:43:46.830313+09:00
Markdown Deck,20.0,2.0,success,False,2026-08-17T20:41:11.362619+09:00
Markdown Desk,,,failed,False,2026-08-17T20:39:11.470645+09:00
Markdown Dial,,,failed,False,2026-08-17T20:31:49.556843+09:00
Markdown Dock,,,failed,False,2026-08-17T21:38:18.723173+09:00
Markdown Flow,70.0,2.0,success,False,2026-08-17T20:41:38.152103+09:00
Markdown Forge,10.0,2.0,success,False,2026-08-17T20:33:33.696511+09:00
Markdown Frame,10.0,2.0,success,False,2026-08-17T20:45:34.633599+09:00
Markdown Gate,,,failed,False,2026-08-17T21:31:52.108049+09:00
Markdown Grid,90.0,1.0,success,False,2026-08-17T21:35:38.144027+09:00
Markdown Guard,,,failed,False,2026-08-17T20:44:10.950266+09:00
Markdown Hub,,,failed,False,2026-08-17T20:40:49.686418+09:00
Markdown Keeper,,,failed,False,2026-08-17T20:45:56.929111+09:00
Markdown Lab,,,failed,False,2026-08-17T20:39:33.830984+09:00
Markdown Ledger,,,failed,False,2026-08-17T20:42:49.578916+09:00
Markdown Lens,,,failed,False,2026-08-17T20:46:27.690682+09:00
Markdown Lock,,,failed,False,2026-08-17T21:30:08.257838+09:00
Markdown Loop,30.0,0.0,success,False,2026-08-17T21:36:38.708092+09:00
Markdown Manager,50.0,0.0,success,False,2026-08-17T20:45:10.862003+09:00
Markdown Map,480.0,4.0,success,False,2026-08-17T20:47:47.373505+09:00
Markdown Nexus,,,failed,False,2026-08-17T21:30:43.453478+09:00
Markdown Node,20.0,0.0,success,False,2026-08-17T21:33:04.357190+09:00
Markdown Panel,110.0,1.0,success,False,2026-08-17T20:32:58.642411+09:00
Markdown Path,30.0,0.0,success,False,2026-08-17T21:32:28.090728+09:00
Markdown Pilot,,,failed,False,2026-08-17T20:40:03.112671+09:00
Markdown Point,50.0,6.0,success,False,2026-08-17T21:31:17.550614+09:00
Markdown Portal,,,failed,False,2026-08-17T20:34:53.035348+09:00
Markdown Pulse,,,failed,False,2026-08-17T21:34:31.783933+09:00
Markdown Radar,,,failed,False,2026-08-17T20:38:13.537846+09:00
Markdown Rail,,,failed,False,2026-08-17T21:37:08.932405+09:00
Markdown Relay,,,failed,False,2026-08-17T20:37:18.091212+09:00
Markdown Route,,,failed,False,2026-08-17T21:39:57.727763+09:00
Markdown Scale,,,failed,False,2026-08-17T21:41:47.180143+09:00
Markdown Scope,,,failed,False,2026-08-17T21:37:46.877382+09:00
Markdown Sentry,,,failed,False,2026-08-17T20:47:07.356899+09:00
Markdown Signal,10.0,0.0,success,False,2026-08-17T21:41:16.664514+09:00
Markdown Station,,,failed,False,2026-08-17T20:38:37.912313+09:00
Markdown Studio,90.0,0.0,success,False,2026-08-17T20:40:27.760312+09:00
Markdown Sync,10.0,0.0,success,False,2026-08-17T20:42:19.428112+09:00
Markdown Tracker,,,failed,False,2026-08-17T20:43:16.751377+09:00
Markdown Trail,,,failed,False,2026-08-17T21:36:10.133574+09:00
Markdown Vault,30.0,0.0,success,False,2026-08-17T20:36:18.497930+09:00
Markdown Watch,,,failed,False,2026-08-17T21:39:09.779186+09:00
Markdown Wave,,,failed,False,2026-08-17T21:33:28.260657+09:00
Markdown Zone,10.0,0.0,success,False,2026-08-17T20:35:51.368204+09:00
Material Anchor,20.0,1.0,success,False,2026-08-17T20:34:22.385109+09:00
Material Atlas,210.0,30.0,success,False,2026-08-17T21:33:56.834131+09:00
Material Base,880.0,1.0,success,False,2026-08-17T21:30:02.792774+09:00
Material Beacon,,,failed,False,2026-08-17T20:38:08.924079+09:00
Material Board,4400.0,7.0,success,False,2026-08-17T20:45:32.525368+09:00
Material Bridge,720.0,2.0,success,False,2026-08-17T20:35:18.626237+09:00
Material Cascade,,,failed,False,2026-08-17T20:36:14.881787+09:00
Material Center,480.0,1.0,success,False,2026-08-17T20:40:24.654920+09:00
Material Chain,50.0,12.0,success,False,2026-08-17T21:39:44.948189+09:00
Material Compass,40.0,0.0,success,False,2026-08-17T20:39:05.666395+09:00
Material Console,,,failed,False,2026-08-17T20:37:45.876313+09:00
Material Core,70.0,0.0,success,False,2026-08-17T20:47:39.394205+09:00
Material Deck,12100.0,100.0,success,False,2026-08-17T20:44:27.303320+09:00
Material Desk,320.0,71.0,success,False,2026-08-17T20:42:16.988485+09:00
Material Dial,,,failed,False,2026-08-17T20:35:48.969093+09:00
Material Dock,20.0,1.0,success,False,2026-08-17T20:31:44.848533+09:00
Material Flow,1600.0,9.0,success,False,2026-08-17T20:44:58.380838+09:00
Material Forge,20.0,0.0,success,False,2026-08-17T20:37:15.920679+09:00
Material Frame,110.0,29.0,success,False,2026-08-17T21:31:11.680234+09:00
Material Gate,1000.0,12.0,success,False,2026-08-17T21:36:05.315924+09:00
Material Grid,480.0,3.0,success,False,2026-08-17T21:41:12.952922+09:00
Material Guard,10.0,26.0,success,False,2026-08-17T20:48:21.583177+09:00
Material Hub,2900.0,0.0,success,True,2026-08-17T20:44:07.827451+09:00
Material Keeper,20.0,0.0,success,False,2026-08-17T21:31:46.266854+09:00
Material Lab,2400.0,3.0,success,False,2026-08-17T20:42:46.441273+09:00
Material Ledger,720.0,0.0,success,False,2026-08-17T20:46:23.888336+09:00
Material Lens,1000.0,62.0,success,False,2026-08-17T21:32:23.259221+09:00
Material Lock,210.0,0.0,success,False,2026-08-17T21:34:28.165323+09:00
Material Manager,1300.0,2.0,success,False,2026-08-17T21:30:37.005083+09:00
Material Map,480.0,1.0,success,False,2026-08-17T21:33:24.629057+09:00
Material Meter,30.0,37.0,success,False,2026-08-17T20:34:46.285590+09:00
Material Nexus,390.0,0.0,success,False,2026-08-17T21:35:00.218033+09:00
Material Node,50.0,0.0,success,False,2026-08-17T21:37:02.739524+09:00
Material Panel,170.0,50.0,success,False,2026-08-17T20:36:47.157974+09:00
Material Path,390.0,100.0,success,False,2026-08-17T21:36:34.713232+09:00
Material Pilot,50.0,1.0,success,False,2026-08-17T20:43:14.638625+09:00
Material Point,880.0,1.0,success,False,2026-08-17T21:35:30.145341+09:00
Material Portal,70.0,1.0,success,False,2026-08-17T20:38:35.163236+09:00
Material Pulse,,,failed,False,2026-08-17T21:39:02.253193+09:00
Material Radar,,,failed,False,2026-08-17T20:41:33.336783+09:00
Material Relay,10.0,0.0,success,False,2026-08-17T20:40:46.604989+09:00
Material Route,20.0,0.0,success,False,2026-08-17T20:32:55.422953+09:00
Material Scale,260.0,48.0,success,False,2026-08-17T20:33:59.012811+09:00
Material Sentry,,,failed,False,2026-08-17T21:32:57.336519+09:00
Material Signal,,,failed,False,2026-08-17T20:33:27.108642+09:00
Material Station,90.0,5.0,success,False,2026-08-17T20:41:57.166662+09:00
Material Studio,3600.0,6.0,success,False,2026-08-17T20:43:42.299051+09:00
Material Sync,,,failed,False,2026-08-17T20:45:54.147634+09:00
Material Tracker,590.0,13.0,success,False,2026-08-17T20:47:00.954455+09:00
Material Trail,110.0,24.0,success,False,2026-08-17T21:41:42.015478+09:00
Material Vault,50.0,0.0,success,False,2026-08-17T20:39:59.910293+09:00
Material Watch,880.0,12.0,success,False,2026-08-17T20:32:17.131006+09:00
Material Wave,260.0,17.0,success,False,2026-08-17T21:37:42.380657+09:00
Material Zone,210.0,5.0,success,False,2026-08-17T20:39:31.272188+09:00
Matter Anchor,,,failed,False,2026-08-17T20:31:38.107939+09:00
Matter Atlas,,,failed,False,2026-08-17T21:31:05.600589+09:00
Matter Base,110.0,4.0,success,False,2026-08-17T20:45:52.903104+09:00
Matter Beacon,,,failed,False,2026-08-17T20:35:45.912195+09:00
Matter Board,260.0,7.0,success,False,2026-08-17T20:43:12.470155+09:00
Matter Bridge,2900.0,100.0,success,False,2026-08-17T20:32:49.512310+09:00
Matter Cascade,,,failed,False,2026-08-17T20:33:54.236742+09:00
Matter Center,20.0,1.0,success,False,2026-08-17T20:38:07.696860+09:00
Matter Chain,10.0,0.0,success,False,2026-08-17T21:36:32.684484+09:00
Matter Compass,,,failed,False,2026-08-17T20:36:40.845127+09:00
Matter Console,,,failed,False,2026-08-17T20:35:15.216607+09:00
Matter Core,30.0,2.0,success,False,2026-08-17T20:44:54.516764+09:00
Matter Deck,,,failed,False,2026-08-17T20:42:15.711128+09:00
Matter Desk,,,failed,False,2026-08-17T20:40:20.065990+09:00
Matter Dial,,,failed,False,2026-08-17T20:33:24.231963+09:00
Matter Dock,,,failed,False,2026-08-17T21:41:07.674308+09:00
Matter Flow,390.0,6.0,success,False,2026-08-17T20:42:43.172174+09:00
Matter Forge,10.0,0.0,success,False,2026-08-17T20:34:44.892914+09:00
Matter Frame,40.0,71.0,success,False,2026-08-17T20:46:59.199715+09:00
Matter Gate,20.0,43.0,success,False,2026-08-17T21:33:22.663564+09:00
Matter Grid,,,failed,False,2026-08-17T21:36:59.022364+09:00
Matter Guard,,,failed,False,2026-08-17T20:45:30.439940+09:00
Matter Hub,9900.0,100.0,success,False,2026-08-17T20:41:55.751231+09:00
Matter Keeper,,,failed,False,2026-08-17T20:47:35.936558+09:00
Matter Lab,3600.0,4.0,success,False,2026-08-17T20:40:44.017242+09:00
Matter Ledger,,,failed,False,2026-08-17T20:44:06.631034+09:00
Matter Lens,,,failed,False,2026-08-17T20:48:15.314618+09:00
Matter Lock,210.0,99.0,success,False,2026-08-17T21:31:41.054400+09:00
Matter Loop,,,failed,False,2026-08-17T21:38:10.743063+09:00
Matter Manager,480.0,32.0,success,False,2026-08-17T20:46:20.020027+09:00
Matter Map,140.0,1.0,success,False,2026-08-17T21:30:33.048254+09:00
Matter Meter,20.0,63.0,success,False,2026-08-17T20:32:12.868338+09:00
Matter Nexus,,,failed,False,2026-08-17T21:32:17.170130+09:00
Matter Node,20.0,2.0,success,False,2026-08-17T21:34:26.372304+09:00
Matter Panel,30.0,90.0,success,False,2026-08-17T20:34:20.444490+09:00
Matter Path,,,failed,False,2026-08-17T21:33:53.413747+09:00
Matter Pilot,,,failed,False,2026-08-17T20:41:06.345123+09:00
Matter Point,140.0,67.0,success,False,2026-08-17T21:32:53.372558+09:00
Matter Portal,20.0,3.0,success,False,2026-08-17T20:36:12.301778+09:00
Matter Pulse,,,failed,False,2026-08-17T21:36:00.741055+09:00
Matter Radar,,,failed,False,2026-08-17T20:39:25.387216+09:00
Matter Rail,,,failed,False,2026-08-17T21:38:46.123803+09:00
Matter Relay,170.0,100.0,success,False,2026-08-17T20:38:33.752321+09:00
Matter Scope,,,failed,False,2026-08-17T21:39:37.908878+09:00
Matter Sentry,,,failed,False,2026-08-17T21:30:00.229933+09:00
Matter Station,30.0,48.0,success,False,2026-08-17T20:39:54.147287+09:00
Matter Studio,390.0,0.0,success,False,2026-08-17T20:41:27.066117+09:00
Matter Sync,,,failed,False,2026-08-17T20:43:36.337910+09:00
Matter Tracker,140.0,9.0,success,False,2026-08-17T20:44:25.446111+09:00
Matter Trail,,,failed,False,2026-08-17T21:37:39.097196+09:00
Matter Vault,10.0,0.0,success,False,2026-08-17T20:37:39.748297+09:00
Matter Watch,,,failed,False,2026-08-17T21:41:39.306179+09:00
Matter Wave,4400.0,4.0,success,False,2026-08-17T21:34:57.125142+09:00
Matter Zone,,,failed,False,2026-08-17T20:37:11.919122+09:00
Meal Center,260.0,0.0,success,False,2026-08-17T22:50:34.703098+09:00
Medication Ops,,,failed,False,2026-08-17T22:46:53.613180+09:00
Membership Anchor,,,failed,False,2026-08-17T20:38:36.286112+09:00
Membership Atlas,,,failed,False,2026-08-17T21:39:05.774100+09:00
Membership Base,90.0,1.0,success,False,2026-08-17T21:35:02.943607+09:00
Membership Beacon,,,failed,False,2026-08-17T20:42:00.146835+09:00
Membership Board,18100.0,1.0,success,False,2026-08-17T21:31:49.761986+09:00
Membership Bridge,,,failed,False,2026-08-17T20:39:32.550443+09:00
Membership Cascade,,,failed,False,2026-08-17T20:40:26.535789+09:00
Membership Center,8100.0,0.0,success,True,2026-08-17T20:44:09.032273+09:00
Membership Chain,,,failed,False,2026-08-17T20:33:31.328442+09:00
Membership Compass,,,failed,False,2026-08-17T20:42:47.401639+09:00
Membership Console,,,failed,False,2026-08-17T20:41:35.724700+09:00
Membership Core,1900.0,0.0,success,True,2026-08-17T21:33:59.802696+09:00
Membership Deck,,,failed,False,2026-08-17T21:30:41.512165+09:00
Membership Desk,70.0,16.0,success,False,2026-08-17T20:46:26.563596+09:00
Membership Dial,,,failed,False,2026-08-17T20:40:01.743309+09:00
Membership Dock,,,failed,False,2026-08-17T20:36:17.521162+09:00
Membership Flow,,,failed,False,2026-08-17T21:31:15.457583+09:00
Membership Forge,,,failed,False,2026-08-17T20:41:09.985510+09:00
Membership Frame,,,failed,False,2026-08-17T21:36:07.544663+09:00
Membership Grid,10.0,10.0,success,False,2026-08-17T20:34:01.116253+09:00
Membership Guard,,,failed,False,2026-08-17T21:34:29.947705+09:00
Membership Hub,6600.0,6.0,success,False,2026-08-17T21:30:08.257838+09:00
Membership Keeper,,,failed,False,2026-08-17T21:36:36.847955+09:00
Membership Lab,,,failed,False,2026-08-17T20:47:04.642239+09:00
Membership Ledger,70.0,3.0,success,False,2026-08-17T21:33:02.340741+09:00
Membership Lens,,,failed,False,2026-08-17T21:37:08.932405+09:00
Membership Lock,,,failed,False,2026-08-17T21:39:57.727763+09:00
Membership Loop,,,failed,False,2026-08-17T20:34:51.045190+09:00
Membership Manager,480.0,4.0,success,False,2026-08-17T21:35:36.118436+09:00
Membership Map,1600.0,7.0,success,False,2026-08-17T21:38:15.647846+09:00
Membership Meter,,,failed,False,2026-08-17T20:39:09.333217+09:00
Membership Nexus,,,failed,False,2026-08-17T21:41:14.862117+09:00
Membership Panel,,,failed,False,2026-08-17T20:40:48.754907+09:00
Membership Pilot,,,failed,False,2026-08-17T20:47:47.373505+09:00
Membership Point,320.0,1.0,success,False,2026-08-17T21:41:44.845375+09:00
Membership Portal,135000.0,0.0,success,True,2026-08-17T20:42:19.428112+09:00
Membership Pulse,,,failed,False,2026-08-17T20:32:57.689274+09:00
Membership Radar,,,failed,False,2026-08-17T20:45:33.619281+09:00
Membership Rail,,,failed,False,2026-08-17T20:35:19.683482+09:00
Membership Relay,,,failed,False,2026-08-17T20:44:29.668652+09:00
Membership Route,,,failed,False,2026-08-17T20:37:16.947301+09:00
Membership Scale,,,failed,False,2026-08-17T20:38:12.491374+09:00
Membership Scope,,,failed,False,2026-08-17T20:35:50.076535+09:00
Membership Sentry,,,failed,False,2026-08-17T21:37:44.992622+09:00
Membership Signal,,,failed,False,2026-08-17T20:37:47.401646+09:00
Membership Station,,,failed,False,2026-08-17T20:45:56.929111+09:00
Membership Studio,,,failed,False,2026-08-17T20:48:23.905428+09:00
Membership Sync,,,failed,False,2026-08-17T21:32:25.465592+09:00
Membership Tracker,210.0,32.0,success,False,2026-08-17T21:33:28.260657+09:00
Membership Trail,,,failed,False,2026-08-17T20:34:23.568448+09:00
Membership Vault,140.0,20.0,success,False,2026-08-17T20:43:44.073906+09:00
Membership Watch,,,failed,False,2026-08-17T20:36:48.387810+09:00
Membership Wave,10.0,0.0,success,False,2026-08-17T20:31:46.547401+09:00
Membership Zone,,,failed,False,2026-08-17T20:43:15.863986+09:00
Memorial Nexus,20.0,0.0,success,False,2026-08-17T22:51:27.768654+09:00
Menu Anchor,140.0,1.0,success,False,2026-08-17T21:33:59.802696+09:00
Menu Atlas,210.0,3.0,success,False,2026-08-17T20:41:58.937145+09:00
Menu Base,170.0,35.0,success,False,2026-08-17T20:39:06.787331+09:00
Menu Beacon,,,failed,False,2026-08-17T21:38:15.647846+09:00
Menu Board,14800.0,100.0,success,False,2026-08-17T20:36:17.521162+09:00
Menu Bridge,40.0,2.0,success,False,2026-08-17T21:35:00.218033+09:00
Menu Cascade,140.0,1.0,success,False,2026-08-17T21:36:07.544663+09:00
Menu Chain,10.0,0.0,success,False,2026-08-17T20:46:23.888336+09:00
Menu Compass,20.0,6.0,success,False,2026-08-17T21:39:44.948189+09:00
Menu Console,1000.0,0.0,success,True,2026-08-17T21:37:42.380657+09:00
Menu Core,30.0,0.0,success,False,2026-08-17T20:38:11.520193+09:00
Menu Deck,320.0,2.0,success,False,2026-08-17T20:35:18.626237+09:00
Menu Desk,30.0,51.0,success,False,2026-08-17T20:32:55.422953+09:00
Menu Dial,40.0,0.0,success,False,2026-08-17T21:35:33.419897+09:00
Menu Dock,1000.0,3.0,success,False,2026-08-17T21:31:11.680234+09:00
Menu Flow,720.0,4.0,success,False,2026-08-17T20:35:50.076535+09:00
Menu Forge,30.0,0.0,success,False,2026-08-17T21:37:05.127331+09:00
Menu Frame,720.0,100.0,success,False,2026-08-17T20:39:59.910293+09:00
Menu Gate,1300.0,1.0,success,False,2026-08-17T20:43:42.299051+09:00
Menu Grid,480.0,1.0,success,False,2026-08-17T20:47:04.642239+09:00
Menu Guard,,,failed,False,2026-08-17T20:38:36.286112+09:00
Menu Hub,1300.0,4.0,success,False,2026-08-17T20:34:48.922886+09:00
Menu Keeper,10.0,64.0,success,False,2026-08-17T20:40:24.654920+09:00
Menu Lab,70.0,5.0,success,False,2026-08-17T20:33:30.325030+09:00
Menu Ledger,,,failed,False,2026-08-17T20:37:16.947301+09:00
Menu Lens,10.0,0.0,success,False,2026-08-17T20:40:46.604989+09:00
Menu Lock,50.0,0.0,success,False,2026-08-17T20:42:18.152107+09:00
Menu Loop,2900.0,0.0,success,True,2026-08-17T20:48:21.583177+09:00
Menu Manager,880.0,7.0,success,False,2026-08-17T20:39:31.272188+09:00
Menu Map,480.0,99.0,success,False,2026-08-17T20:41:33.336783+09:00
Menu Meter,260.0,0.0,success,False,2026-08-17T21:34:29.947705+09:00
Menu Nexus,20.0,0.0,success,False,2026-08-17T20:42:47.401639+09:00
Menu Node,,,failed,False,2026-08-17T20:44:27.303320+09:00
Menu Panel,1000.0,4.0,success,False,2026-08-17T21:36:34.713232+09:00
Menu Path,50.0,0.0,success,False,2026-08-17T20:44:09.032273+09:00
Menu Pilot,590.0,3.0,success,False,2026-08-17T20:33:59.012811+09:00
Menu Point,5400.0,1.0,success,False,2026-08-17T20:43:14.638625+09:00
Menu Portal,720.0,2.0,success,False,2026-08-17T21:39:05.774100+09:00
Menu Pulse,,,failed,False,2026-08-17T20:45:55.190861+09:00
Menu Radar,30.0,0.0,success,False,2026-08-17T20:31:46.547401+09:00
Menu Rail,140.0,100.0,success,False,2026-08-17T21:30:05.905035+09:00
Menu Route,20.0,0.0,success,False,2026-08-17T21:32:23.259221+09:00
Menu Scale,10.0,1.0,success,False,2026-08-17T21:33:26.536272+09:00
Menu Scope,10.0,0.0,success,False,2026-08-17T21:30:38.829852+09:00
Menu Sentry,,,failed,False,2026-08-17T20:41:08.316613+09:00
Menu Signal,,,failed,False,2026-08-17T21:33:00.443260+09:00
Menu Station,1000.0,2.0,success,False,2026-08-17T20:32:21.226449+09:00
Menu Studio,90.0,2.0,success,False,2026-08-17T20:34:23.568448+09:00
Menu Sync,20.0,9.0,success,False,2026-08-17T20:36:48.387810+09:00
Menu Tracker,170.0,1.0,success,False,2026-08-17T20:37:45.876313+09:00
Menu Trail,20.0,7.0,success,False,2026-08-17T20:47:45.474295+09:00
Menu Vault,1900.0,0.0,success,True,2026-08-17T21:41:44.845375+09:00
Menu Watch,210.0,0.0,success,False,2026-08-17T21:31:46.266854+09:00
Menu Wave,50.0,2.0,success,False,2026-08-17T20:45:09.617976+09:00
Menu Zone,40.0,3.0,success,False,2026-08-17T21:41:12.952922+09:00
Meter Anchor,,,failed,False,2026-08-17T21:38:29.386806+09:00
Meter Atlas,,,failed,False,2026-08-17T20:45:42.370254+09:00
Meter Base,6600.0,84.0,success,False,2026-08-17T20:42:29.560038+09:00
Meter Beacon,,,failed,False,2026-08-17T20:31:59.985806+09:00
Meter Board,4400.0,43.0,success,False,2026-08-17T20:40:08.225876+09:00
Meter Bridge,12100.0,0.0,success,True,2026-08-17T21:40:41.309160+09:00
Meter Center,880.0,20.0,success,False,2026-08-17T20:34:34.179062+09:00
Meter Chain,90.0,3.0,success,False,2026-08-17T21:32:36.544768+09:00
Meter Compass,,,failed,False,2026-08-17T20:33:09.747000+09:00
Meter Core,40.0,1.0,success,False,2026-08-17T20:41:46.079279+09:00
Meter Deck,20.0,3.0,success,False,2026-08-17T20:39:15.324728+09:00
Meter Desk,,,failed,False,2026-08-17T20:36:59.320935+09:00
Meter Dial,880.0,31.0,success,False,2026-08-17T21:41:25.564008+09:00
Meter Dock,,,failed,False,2026-08-17T21:35:46.466784+09:00
Meter Flow,60500.0,89.0,success,False,2026-08-17T20:39:41.640400+09:00
Meter Frame,70.0,1.0,success,False,2026-08-17T20:43:25.230587+09:00
Meter Gate,90.0,21.0,success,False,2026-08-17T20:48:00.384731+09:00
Meter Guard,140.0,9.0,success,False,2026-08-17T20:42:06.946542+09:00
Meter Hub,480.0,77.0,success,False,2026-08-17T20:38:46.053243+09:00
Meter Keeper,,,failed,False,2026-08-17T20:43:55.064759+09:00
Meter Lab,90.0,3.0,success,False,2026-08-17T20:37:26.547523+09:00
Meter Lens,30.0,47.0,success,False,2026-08-17T20:44:17.126543+09:00
Meter Lock,480.0,71.0,success,False,2026-08-17T20:46:04.855118+09:00
Meter Loop,720.0,47.0,success,False,2026-08-17T21:34:09.721109+09:00
Meter Manager,210.0,1.0,success,False,2026-08-17T20:42:54.961047+09:00
Meter Map,320.0,2.0,success,False,2026-08-17T20:45:16.547101+09:00
Meter Nexus,,,failed,False,2026-08-17T20:46:42.242736+09:00
Meter Node,,,failed,False,2026-08-17T21:30:18.085086+09:00
Meter Ops,,,failed,False,2026-08-17T22:51:32.586910+09:00
Meter Path,,,failed,False,2026-08-17T20:48:34.410191+09:00
Meter Pilot,,,failed,False,2026-08-17T20:37:58.727524+09:00
Meter Point,390.0,4.0,success,False,2026-08-17T20:47:16.621554+09:00
Meter Portal,50.0,1.0,success,False,2026-08-17T20:32:36.001496+09:00
Meter Pulse,720.0,83.0,success,False,2026-08-17T21:31:59.895065+09:00
Meter Radar,210.0,3.0,success,False,2026-08-17T20:36:00.761105+09:00
Meter Rail,20.0,12.0,success,False,2026-08-17T21:34:39.149688+09:00
Meter Relay,210.0,17.0,success,False,2026-08-17T20:35:03.370957+09:00
Meter Scale,6600.0,27.0,success,False,2026-08-17T21:37:57.485180+09:00
Meter Scope,1600.0,100.0,success,False,2026-08-17T21:35:14.152571+09:00
Meter Sentry,,,failed,False,2026-08-17T20:44:37.629482+09:00
Meter Signal,880.0,58.0,success,False,2026-08-17T21:37:21.496927+09:00
Meter Station,590.0,13.0,success,False,2026-08-17T20:36:26.800121+09:00
Meter Studio,20.0,1.0,success,False,2026-08-17T20:38:19.209708+09:00
Meter Sync,,,failed,False,2026-08-17T20:40:32.567080+09:00
Meter Tracker,1000.0,4.0,success,False,2026-08-17T20:41:16.510977+09:00
Meter Trail,,,failed,False,2026-08-17T21:33:36.085901+09:00
Meter Vault,260.0,5.0,success,False,2026-08-17T20:34:09.472739+09:00
Meter Watch,260.0,26.0,success,False,2026-08-17T21:36:20.278504+09:00
Meter Wave,480.0,29.0,success,False,2026-08-17T21:30:50.388708+09:00
Meter Zone,320.0,0.0,success,False,2026-08-17T20:33:41.175079+09:00
Migration Anchor,,,failed,False,2026-08-17T20:42:21.345142+09:00
Migration Atlas,1900.0,9.0,success,False,2026-08-17T20:33:01.756540+09:00
Migration Base,,,failed,False,2026-08-17T21:41:16.664514+09:00
Migration Beacon,,,failed,False,2026-08-17T20:45:58.318950+09:00
Migration Board,12100.0,1.0,success,False,2026-08-17T21:36:38.708092+09:00
Migration Bridge,30.0,0.0,success,False,2026-08-17T20:43:18.551816+09:00
Migration Cascade,,,failed,False,2026-08-17T20:44:11.907751+09:00
Migration Center,1300.0,2.0,success,False,2026-08-17T21:30:10.122952+09:00
Migration Chain,6600.0,1.0,success,False,2026-08-17T20:37:49.257868+09:00
Migration Compass,,,failed,False,2026-08-17T20:47:09.255931+09:00
Migration Console,,,failed,False,2026-08-17T20:45:34.633599+09:00
Migration Core,10.0,0.0,success,False,2026-08-17T21:39:13.221117+09:00
Migration Deck,,,failed,False,2026-08-17T21:35:38.144027+09:00
Migration Desk,40.0,75.0,success,False,2026-08-17T21:33:04.357190+09:00
Migration Dial,,,failed,False,2026-08-17T20:43:46.830313+09:00
Migration Dock,,,failed,False,2026-08-17T20:40:27.760312+09:00
Migration Flow,590.0,2.0,success,False,2026-08-17T21:36:12.498401+09:00
Migration Forge,,,failed,False,2026-08-17T20:45:12.889782+09:00
Migration Gate,,,failed,False,2026-08-17T20:34:53.035348+09:00
Migration Grid,,,failed,False,2026-08-17T20:38:13.537846+09:00
Migration Guard,,,failed,False,2026-08-17T21:40:01.418165+09:00
Migration Hub,390.0,6.0,success,False,2026-08-17T21:35:06.399475+09:00
Migration Lab,50.0,0.0,success,False,2026-08-17T21:33:30.231055+09:00
Migration Ledger,,,failed,False,2026-08-17T21:37:46.877382+09:00
Migration Lock,,,failed,False,2026-08-17T20:33:33.696511+09:00
Migration Loop,,,failed,False,2026-08-17T20:39:11.470645+09:00
Migration Manager,1000.0,7.0,success,False,2026-08-17T21:41:47.180143+09:00
Migration Map,2900.0,0.0,success,True,2026-08-17T20:32:26.534581+09:00
Migration Meter,,,failed,False,2026-08-17T20:42:50.595044+09:00
Migration Nexus,90.0,3.0,success,False,2026-08-17T20:34:03.344800+09:00
Migration Node,10.0,5.0,success,False,2026-08-17T20:35:52.510868+09:00
Migration Panel,,,failed,False,2026-08-17T20:44:32.138425+09:00
Migration Path,720.0,1.0,success,False,2026-08-17T20:35:20.751202+09:00
Migration Pilot,,,failed,False,2026-08-17T21:34:03.414909+09:00
Migration Point,720.0,2.0,success,False,2026-08-17T20:34:29.454165+09:00
Migration Portal,2900.0,2.0,success,False,2026-08-17T20:46:27.690682+09:00
Migration Pulse,,,failed,False,2026-08-17T20:37:19.032635+09:00
Migration Radar,140.0,1.0,success,False,2026-08-17T21:31:52.108049+09:00
Migration Rail,,,failed,False,2026-08-17T20:39:33.830984+09:00
Migration Relay,,,failed,False,2026-08-17T21:30:43.453478+09:00
Migration Route,880.0,0.0,success,False,2026-08-17T20:41:11.362619+09:00
Migration Scale,20.0,0.0,success,False,2026-08-17T20:42:01.579820+09:00
Migration Scope,20.0,0.0,success,False,2026-08-17T20:40:03.112671+09:00
Migration Sentry,,,failed,False,2026-08-17T20:31:52.293572+09:00
Migration Signal,,,failed,False,2026-08-17T20:41:38.152103+09:00
Migration Station,1300.0,1.0,success,False,2026-08-17T21:32:28.090728+09:00
Migration Studio,260.0,2.0,success,False,2026-08-17T21:34:34.023181+09:00
Migration Sync,,,failed,False,2026-08-17T21:37:10.762781+09:00
Migration Tracker,880.0,0.0,success,False,2026-08-17T21:38:24.477715+09:00
Migration Trail,70.0,0.0,success,False,2026-08-17T20:38:40.859557+09:00
Migration Vault,,,failed,False,2026-08-17T20:48:26.612997+09:00
Migration Watch,2900.0,0.0,success,True,2026-08-17T20:40:49.686418+09:00
Migration Wave,480.0,0.0,success,False,2026-08-17T20:36:20.228244+09:00
Migration Zone,170.0,2.0,success,False,2026-08-17T20:47:50.375793+09:00
Mileage Anchor,,,failed,False,2026-08-17T20:43:51.758171+09:00
Mileage Atlas,10.0,0.0,success,False,2026-08-17T20:34:31.529799+09:00
Mileage Beacon,,,failed,False,2026-08-17T20:47:53.457764+09:00
Mileage Board,,,failed,False,2026-08-17T21:38:26.629916+09:00
Mileage Bridge,,,failed,False,2026-08-17T20:44:36.649130+09:00
Mileage Cascade,,,failed,False,2026-08-17T20:45:40.214755+09:00
Mileage Center,,,failed,False,2026-08-17T21:31:54.606698+09:00
Mileage Chain,,,failed,False,2026-08-17T20:39:13.606540+09:00
Mileage Compass,,,failed,False,2026-08-17T21:30:13.279777+09:00
Mileage Console,,,failed,False,2026-08-17T20:47:13.736905+09:00
Mileage Deck,,,failed,False,2026-08-17T21:37:17.917122+09:00
Mileage Desk,,,failed,False,2026-08-17T21:34:37.066296+09:00
Mileage Dial,,,failed,False,2026-08-17T20:45:14.001779+09:00
Mileage Dock,,,failed,False,2026-08-17T20:41:41.231730+09:00
Mileage Flow,,,failed,False,2026-08-17T21:37:49.733247+09:00
Mileage Forge,,,failed,False,2026-08-17T20:46:29.220439+09:00
Mileage Frame,,,failed,False,2026-08-17T20:31:55.017364+09:00
Mileage Gate,,,failed,False,2026-08-17T20:36:21.712002+09:00
Mileage Grid,10.0,0.0,success,False,2026-08-17T20:39:37.454360+09:00
Mileage Hub,,,failed,False,2026-08-17T21:36:40.900045+09:00
Mileage Keeper,30.0,31.0,success,False,2026-08-17T20:32:30.733040+09:00
Mileage Lab,,,failed,False,2026-08-17T21:35:11.471835+09:00
Mileage Ledger,40.0,100.0,success,False,2026-08-17T21:40:37.066671+09:00
Mileage Lens,,,failed,False,2026-08-17T20:33:05.160713+09:00
Mileage Lock,,,failed,False,2026-08-17T20:34:58.202084+09:00
Mileage Loop,,,failed,False,2026-08-17T20:40:31.600880+09:00
Mileage Map,1900.0,2.0,success,False,2026-08-17T20:34:07.278551+09:00
Mileage Meter,390.0,16.0,success,False,2026-08-17T20:44:14.789024+09:00
Mileage Nexus,,,failed,False,2026-08-17T20:35:25.429619+09:00
Mileage Node,,,failed,False,2026-08-17T20:37:21.758511+09:00
Mileage Panel,10.0,38.0,success,False,2026-08-17T20:46:01.536512+09:00
Mileage Path,,,failed,False,2026-08-17T20:36:55.192509+09:00
Mileage Pilot,,,failed,False,2026-08-17T21:35:41.309233+09:00
Mileage Point,1600.0,13.0,success,False,2026-08-17T20:35:55.625501+09:00
Mileage Portal,,,failed,False,2026-08-17T20:48:29.594833+09:00
Mileage Pulse,,,failed,False,2026-08-17T20:38:41.975413+09:00
Mileage Radar,,,failed,False,2026-08-17T21:33:32.175377+09:00
Mileage Rail,880.0,1.0,success,False,2026-08-17T20:40:52.069695+09:00
Mileage Relay,,,failed,False,2026-08-17T21:32:31.405261+09:00
Mileage Route,110.0,3.0,success,False,2026-08-17T20:42:22.378966+09:00
Mileage Scale,260.0,0.0,success,False,2026-08-17T20:43:22.316757+09:00
Mileage Scope,,,failed,False,2026-08-17T20:41:15.125085+09:00
Mileage Sentry,,,failed,False,2026-08-17T20:33:40.236931+09:00
Mileage Signal,,,failed,False,2026-08-17T20:42:51.727520+09:00
Mileage Station,,,failed,False,2026-08-17T21:34:05.861065+09:00
Mileage Studio,210.0,6.0,success,False,2026-08-17T21:36:17.240271+09:00
Mileage Sync,,,failed,False,2026-08-17T21:39:15.761980+09:00
Mileage Tracker,6600.0,34.0,success,False,2026-08-17T21:41:19.053416+09:00
Mileage Trail,,,failed,False,2026-08-17T20:40:06.808560+09:00
Mileage Vault,,,failed,False,2026-08-17T21:31:19.415531+09:00
Mileage Watch,390.0,81.0,success,False,2026-08-17T20:42:02.791525+09:00
Mileage Wave,,,failed,False,2026-08-17T20:37:55.339961+09:00
Mileage Zone,30.0,0.0,success,False,2026-08-17T21:30:45.538595+09:00
Monitoring Anchor,,,failed,False,2026-08-17T20:47:00.954455+09:00
Monitoring Atlas,,,failed,False,2026-08-17T20:37:45.876313+09:00
Monitoring Base,110.0,73.0,success,False,2026-08-17T20:34:23.568448+09:00
Monitoring Beacon,,,failed,False,2026-08-17T21:33:00.443260+09:00
Monitoring Bridge,390.0,19.0,success,False,2026-08-17T20:48:21.583177+09:00
Monitoring Cascade,,,failed,False,2026-08-17T21:30:38.829852+09:00
Monitoring Center,1300.0,14.0,success,False,2026-08-17T21:35:33.419897+09:00
Monitoring Chain,,,failed,False,2026-08-17T20:41:58.937145+09:00
Monitoring Compass,,,failed,False,2026-08-17T21:33:59.802696+09:00
Monitoring Console,70.0,12.0,success,False,2026-08-17T21:32:23.259221+09:00
Monitoring Core,,,failed,False,2026-08-17T20:33:30.325030+09:00
Monitoring Desk,1900.0,100.0,success,False,2026-08-17T21:38:15.647846+09:00
Monitoring Dial,,,failed,False,2026-08-17T21:30:05.905035+09:00
Monitoring Dock,,,failed,False,2026-08-17T20:44:27.303320+09:00
Monitoring Forge,,,failed,False,2026-08-17T21:31:46.266854+09:00
Monitoring Frame,,,failed,False,2026-08-17T20:35:18.626237+09:00
Monitoring Gate,,,failed,False,2026-08-17T20:39:31.272188+09:00
Monitoring Grid,70.0,2.0,success,False,2026-08-17T20:42:18.152107+09:00
Monitoring Guard,110.0,26.0,success,False,2026-08-17T20:33:59.012811+09:00
Monitoring Hub,1900.0,100.0,success,False,2026-08-17T21:41:42.015478+09:00
Monitoring Keeper,,,failed,False,2026-08-17T20:35:48.969093+09:00
Monitoring Lab,260.0,7.0,success,False,2026-08-17T21:39:05.774100+09:00
Monitoring Ledger,,,failed,False,2026-08-17T20:32:17.131006+09:00
Monitoring Lens,40.0,42.0,success,False,2026-08-17T20:36:14.881787+09:00
Monitoring Lock,,,failed,False,2026-08-17T20:38:11.520193+09:00
Monitoring Loop,,,failed,False,2026-08-17T20:43:14.638625+09:00
Monitoring Manager,40.0,0.0,success,False,2026-08-17T20:34:48.922886+09:00
Monitoring Map,590.0,3.0,success,False,2026-08-17T20:37:15.920679+09:00
Monitoring Meter,320.0,55.0,success,False,2026-08-17T20:47:45.474295+09:00
Monitoring Nexus,,,failed,False,2026-08-17T20:38:35.163236+09:00
Monitoring Node,260.0,18.0,success,False,2026-08-17T20:40:24.654920+09:00
Monitoring Panel,2400.0,50.0,success,False,2026-08-17T21:31:11.680234+09:00
Monitoring Path,,,failed,False,2026-08-17T20:39:59.910293+09:00
Monitoring Pilot,70.0,2.0,success,False,2026-08-17T21:39:44.948189+09:00
Monitoring Point,590.0,0.0,success,False,2026-08-17T20:39:06.787331+09:00
Monitoring Portal,320.0,24.0,success,False,2026-08-17T21:33:26.536272+09:00
Monitoring Pulse,4400.0,79.0,success,False,2026-08-17T20:41:33.336783+09:00
Monitoring Radar,390.0,7.0,success,False,2026-08-17T21:37:05.127331+09:00
Monitoring Rail,,,failed,False,2026-08-17T20:43:42.299051+09:00
Monitoring Relay,590.0,76.0,success,False,2026-08-17T21:36:07.544663+09:00
Monitoring Route,,,failed,False,2026-08-17T20:45:32.525368+09:00
Monitoring Scale,27100.0,0.0,success,True,2026-08-17T20:46:23.888336+09:00
Monitoring Scope,110.0,1.0,success,False,2026-08-17T20:44:09.032273+09:00
Monitoring Sentry,1600.0,26.0,success,False,2026-08-17T20:36:47.157974+09:00
Monitoring Signal,260.0,9.0,success,False,2026-08-17T20:45:55.190861+09:00
Monitoring Station,1000.0,71.0,success,False,2026-08-17T21:37:42.380657+09:00
Monitoring Studio,1900.0,100.0,success,False,2026-08-17T21:41:12.952922+09:00
Monitoring Sync,,,failed,False,2026-08-17T20:31:44.848533+09:00
Monitoring Tracker,880.0,36.0,success,False,2026-08-17T20:32:55.422953+09:00
Monitoring Trail,,,failed,False,2026-08-17T20:42:47.401639+09:00
Monitoring Vault,,,failed,False,2026-08-17T21:35:00.218033+09:00
Monitoring Watch,880.0,98.0,success,False,2026-08-17T20:45:09.617976+09:00
Monitoring Wave,,,failed,False,2026-08-17T20:40:46.604989+09:00
Monitoring Zone,90.0,11.0,success,False,2026-08-17T21:34:29.947705+09:00
Naptime Desk,,,failed,False,2026-08-17T22:50:36.545244+09:00
Network Anchor,70.0,0.0,success,False,2026-08-17T20:36:22.753454+09:00
Network Atlas,90.0,15.0,success,False,2026-08-17T21:36:17.240271+09:00
Network Base,320.0,4.0,success,False,2026-08-17T21:32:33.876836+09:00
Network Beacon,1300.0,0.0,success,True,2026-08-17T20:40:06.808560+09:00
Network Board,390.0,36.0,success,False,2026-08-17T20:47:58.336807+09:00
Network Bridge,14800.0,18.0,success,False,2026-08-17T20:37:24.505740+09:00
Network Cascade,30.0,0.0,success,False,2026-08-17T20:38:16.946588+09:00
Network Center,880.0,6.0,success,False,2026-08-17T20:42:04.175878+09:00
Network Compass,880.0,1.0,success,False,2026-08-17T20:40:52.985789+09:00
Network Console,140.0,2.0,success,False,2026-08-17T20:39:37.454360+09:00
Network Core,3600.0,6.0,success,False,2026-08-17T21:31:23.168898+09:00
Network Deck,,,failed,False,2026-08-17T20:46:31.116711+09:00
Network Desk,20.0,25.0,success,False,2026-08-17T20:44:15.738532+09:00
Network Dial,170.0,1.0,success,False,2026-08-17T20:37:57.626492+09:00
Network Dock,210.0,68.0,success,False,2026-08-17T20:34:08.377719+09:00
Network Flow,2900.0,2.0,success,False,2026-08-17T20:47:13.736905+09:00
Network Forge,,,failed,False,2026-08-17T20:39:13.606540+09:00
Network Frame,1600.0,8.0,success,False,2026-08-17T21:33:36.085901+09:00
Network Gate,170.0,6.0,success,False,2026-08-17T21:38:26.629916+09:00
Network Guard,110.0,13.0,success,False,2026-08-17T21:31:56.784481+09:00
Network Hub,18100.0,42.0,success,False,2026-08-17T20:46:03.469899+09:00
Network Keeper,10.0,14.0,success,False,2026-08-17T21:34:09.721109+09:00
Network Lab,1300.0,6.0,success,False,2026-08-17T20:44:37.629482+09:00
Network Ledger,,,failed,False,2026-08-17T21:30:15.996537+09:00
Network Lens,,,failed,False,2026-08-17T21:34:39.149688+09:00
Network Lock,4400.0,7.0,success,False,2026-08-17T21:36:43.981322+09:00
Network Loop,2900.0,17.0,success,False,2026-08-17T20:32:32.905502+09:00
Network Manager,9900.0,0.0,success,True,2026-08-17T21:33:08.992358+09:00
Network Map,9900.0,16.0,success,False,2026-08-17T21:35:44.584576+09:00
Network Meter,1900.0,13.0,success,False,2026-08-17T20:36:56.303275+09:00
Network Nexus,2400.0,1.0,success,False,2026-08-17T21:37:21.496927+09:00
Network Node,5400.0,1.0,success,False,2026-08-17T21:40:41.309160+09:00
Network Panel,880.0,62.0,success,False,2026-08-17T20:38:43.149907+09:00
Network Path,720.0,1.0,success,False,2026-08-17T21:39:19.495692+09:00
Network Pilot,880.0,4.0,success,False,2026-08-17T20:45:15.345040+09:00
Network Point,1300.0,47.0,success,False,2026-08-17T21:37:55.576177+09:00
Network Portal,260.0,4.0,success,False,2026-08-17T20:40:31.600880+09:00
Network Radar,210.0,6.0,success,False,2026-08-17T20:43:25.230587+09:00
Network Rail,60500.0,4.0,success,False,2026-08-17T20:33:08.305690+09:00
Network Relay,320.0,90.0,success,False,2026-08-17T20:42:24.319818+09:00
Network Route,3600.0,7.0,success,False,2026-08-17T20:35:00.475766+09:00
Network Scale,110.0,15.0,success,False,2026-08-17T20:35:59.491401+09:00
Network Scope,170.0,2.0,success,False,2026-08-17T20:33:41.175079+09:00
Network Sentry,30.0,21.0,success,False,2026-08-17T21:35:11.471835+09:00
Network Signal,1600.0,2.0,success,False,2026-08-17T20:35:28.436030+09:00
Network Station,320.0,1.0,success,False,2026-08-17T20:43:51.758171+09:00
Network Studio,320.0,1.0,success,False,2026-08-17T20:45:40.214755+09:00
Network Sync,390.0,3.0,success,False,2026-08-17T20:48:31.729678+09:00
Network Terminal,720.0,8.0,success,False,2026-08-17T22:51:27.768654+09:00
Network Tracker,40500.0,0.0,success,True,2026-08-17T21:30:47.592348+09:00
Network Trail,30.0,1.0,success,False,2026-08-17T20:31:58.373055+09:00
Network Vault,30.0,0.0,success,False,2026-08-17T20:41:42.376478+09:00
Network Watch,590.0,5.0,success,False,2026-08-17T20:34:33.124318+09:00
Network Wave,90.0,0.0,success,False,2026-08-17T21:41:22.072079+09:00
Network Zone,1000.0,1.0,success,False,2026-08-17T20:41:15.125085+09:00
Nutrition Pilot,,,failed,False,2026-08-17T22:50:36.545244+09:00
Occupancy Anchor,,,failed,False,2026-08-17T20:38:33.752321+09:00
Occupancy Atlas,,,failed,False,2026-08-17T21:38:46.123803+09:00
Occupancy Base,,,failed,False,2026-08-17T21:34:57.125142+09:00
Occupancy Beacon,,,failed,False,2026-08-17T20:41:55.751231+09:00
Occupancy Board,20.0,1.0,success,False,2026-08-17T21:31:44.399230+09:00
Occupancy Bridge,,,failed,False,2026-08-17T20:39:25.387216+09:00
Occupancy Cascade,,,failed,False,2026-08-17T20:40:21.350341+09:00
Occupancy Center,10.0,81.0,success,False,2026-08-17T20:44:06.631034+09:00
Occupancy Chain,,,failed,False,2026-08-17T20:33:24.231963+09:00
Occupancy Compass,,,failed,False,2026-08-17T20:42:43.172174+09:00
Occupancy Console,,,failed,False,2026-08-17T20:41:30.101842+09:00
Occupancy Core,,,failed,False,2026-08-17T21:33:53.413747+09:00
Occupancy Deck,,,failed,False,2026-08-17T21:30:37.005083+09:00
Occupancy Desk,,,failed,False,2026-08-17T20:46:22.420312+09:00
Occupancy Dial,,,failed,False,2026-08-17T20:39:57.613991+09:00
Occupancy Dock,,,failed,False,2026-08-17T20:36:13.174234+09:00
Occupancy Flow,70.0,0.0,success,False,2026-08-17T21:31:08.679950+09:00
Occupancy Forge,,,failed,False,2026-08-17T20:41:07.425187+09:00
Occupancy Frame,,,failed,False,2026-08-17T21:36:00.741055+09:00
Occupancy Grid,1300.0,0.0,success,True,2026-08-17T20:33:54.236742+09:00
Occupancy Guard,,,failed,False,2026-08-17T21:34:26.372304+09:00
Occupancy Hub,,,failed,False,2026-08-17T21:30:00.229933+09:00
Occupancy Keeper,,,failed,False,2026-08-17T21:36:32.684484+09:00
Occupancy Lab,,,failed,False,2026-08-17T20:46:59.199715+09:00
Occupancy Ledger,,,failed,False,2026-08-17T21:32:57.336519+09:00
Occupancy Lens,,,failed,False,2026-08-17T21:36:59.022364+09:00
Occupancy Lock,70.0,100.0,success,False,2026-08-17T21:39:40.995935+09:00
Occupancy Loop,,,failed,False,2026-08-17T20:34:44.892914+09:00
Occupancy Manager,10.0,0.0,success,False,2026-08-17T21:35:30.145341+09:00
Occupancy Map,390.0,0.0,success,False,2026-08-17T21:38:10.743063+09:00
Occupancy Meter,,,failed,False,2026-08-17T20:39:04.557611+09:00
Occupancy Nexus,,,failed,False,2026-08-17T21:41:07.674308+09:00
Occupancy Panel,,,failed,False,2026-08-17T20:40:45.689604+09:00
Occupancy Pilot,,,failed,False,2026-08-17T20:47:35.936558+09:00
Occupancy Point,,,failed,False,2026-08-17T21:41:39.306179+09:00
Occupancy Portal,,,failed,False,2026-08-17T20:42:15.711128+09:00
Occupancy Pulse,,,failed,False,2026-08-17T20:32:49.512310+09:00
Occupancy Radar,,,failed,False,2026-08-17T20:45:30.439940+09:00
Occupancy Rail,,,failed,False,2026-08-17T20:35:15.216607+09:00
Occupancy Relay,,,failed,False,2026-08-17T20:44:25.446111+09:00
Occupancy Route,,,failed,False,2026-08-17T20:37:14.189830+09:00
Occupancy Scale,,,failed,False,2026-08-17T20:38:07.696860+09:00
Occupancy Scope,,,failed,False,2026-08-17T20:35:47.352548+09:00
Occupancy Sentry,,,failed,False,2026-08-17T21:37:39.097196+09:00
Occupancy Signal,,,failed,False,2026-08-17T20:37:44.009684+09:00
Occupancy Station,,,failed,False,2026-08-17T20:45:52.903104+09:00
Occupancy Studio,,,failed,False,2026-08-17T20:48:18.389398+09:00
Occupancy Sync,,,failed,False,2026-08-17T21:32:20.148818+09:00
Occupancy Tracker,110.0,21.0,success,False,2026-08-17T21:33:22.663564+09:00
Occupancy Trail,,,failed,False,2026-08-17T20:34:20.444490+09:00
Occupancy Vault,,,failed,False,2026-08-17T20:43:38.857738+09:00
Occupancy Watch,,,failed,False,2026-08-17T20:36:43.272468+09:00
Occupancy Wave,,,failed,False,2026-08-17T20:31:41.996994+09:00
Occupancy Zone,,,failed,False,2026-08-17T20:43:12.470155+09:00
Offboarding Atlas,,,failed,False,2026-08-17T21:30:05.905035+09:00
Offboarding Base,,,failed,False,2026-08-17T20:45:09.617976+09:00
Offboarding Beacon,,,failed,False,2026-08-17T20:34:48.922886+09:00
Offboarding Board,,,failed,False,2026-08-17T20:42:18.152107+09:00
Offboarding Bridge,,,failed,False,2026-08-17T20:31:46.547401+09:00
Offboarding Cascade,,,failed,False,2026-08-17T20:32:57.689274+09:00
Offboarding Center,,,failed,False,2026-08-17T20:37:16.947301+09:00
Offboarding Chain,,,failed,False,2026-08-17T21:35:33.419897+09:00
Offboarding Compass,,,failed,False,2026-08-17T20:35:50.076535+09:00
Offboarding Console,,,failed,False,2026-08-17T20:34:23.568448+09:00
Offboarding Core,,,failed,False,2026-08-17T20:44:09.032273+09:00
Offboarding Deck,,,failed,False,2026-08-17T20:41:33.336783+09:00
Offboarding Desk,,,failed,False,2026-08-17T20:39:32.550443+09:00
Offboarding Dial,,,failed,False,2026-08-17T20:32:21.226449+09:00
Offboarding Dock,,,failed,False,2026-08-17T21:39:05.774100+09:00
Offboarding Flow,,,failed,False,2026-08-17T20:41:58.937145+09:00
Offboarding Forge,,,failed,False,2026-08-17T20:34:01.116253+09:00
Offboarding Frame,,,failed,False,2026-08-17T20:45:55.190861+09:00
Offboarding Gate,,,failed,False,2026-08-17T21:32:25.465592+09:00
Offboarding Grid,,,failed,False,2026-08-17T21:36:07.544663+09:00
Offboarding Guard,,,failed,False,2026-08-17T20:44:29.668652+09:00
Offboarding Hub,,,failed,False,2026-08-17T20:41:09.985510+09:00
Offboarding Keeper,,,failed,False,2026-08-17T20:46:26.563596+09:00
Offboarding Lab,,,failed,False,2026-08-17T20:40:01.743309+09:00
Offboarding Ledger,,,failed,False,2026-08-17T20:43:15.863986+09:00
Offboarding Lens,,,failed,False,2026-08-17T20:47:04.642239+09:00
Offboarding Lock,,,failed,False,2026-08-17T21:30:38.829852+09:00
Offboarding Loop,,,failed,False,2026-08-17T21:37:05.127331+09:00
Offboarding Manager,,,failed,False,2026-08-17T20:45:33.619281+09:00
Offboarding Map,,,failed,False,2026-08-17T20:48:23.905428+09:00
Offboarding Nexus,,,failed,False,2026-08-17T21:31:15.457583+09:00
Offboarding Node,,,failed,False,2026-08-17T21:33:26.536272+09:00
Offboarding Panel,,,failed,False,2026-08-17T20:33:30.325030+09:00
Offboarding Path,,,failed,False,2026-08-17T21:33:00.443260+09:00
Offboarding Pilot,,,failed,False,2026-08-17T20:40:26.535789+09:00
Offboarding Point,,,failed,False,2026-08-17T21:31:49.761986+09:00
Offboarding Portal,40.0,5.0,success,False,2026-08-17T20:35:19.683482+09:00
Offboarding Pulse,,,failed,False,2026-08-17T21:35:02.943607+09:00
Offboarding Radar,,,failed,False,2026-08-17T20:38:36.286112+09:00
Offboarding Rail,,,failed,False,2026-08-17T21:37:44.992622+09:00
Offboarding Relay,,,failed,False,2026-08-17T20:37:47.401646+09:00
Offboarding Route,,,failed,False,2026-08-17T21:41:14.862117+09:00
Offboarding Scope,,,failed,False,2026-08-17T21:38:15.647846+09:00
Offboarding Sentry,,,failed,False,2026-08-17T20:47:45.474295+09:00
Offboarding Signal,,,failed,False,2026-08-17T21:41:44.845375+09:00
Offboarding Station,,,failed,False,2026-08-17T20:39:06.787331+09:00
Offboarding Studio,,,failed,False,2026-08-17T20:40:48.754907+09:00
Offboarding Sync,,,failed,False,2026-08-17T20:42:47.401639+09:00
Offboarding Tracker,30.0,17.0,success,False,2026-08-17T20:43:42.299051+09:00
Offboarding Trail,,,failed,False,2026-08-17T21:36:36.847955+09:00
Offboarding Vault,,,failed,False,2026-08-17T20:36:48.387810+09:00
Offboarding Watch,,,failed,False,2026-08-17T21:39:44.948189+09:00
Offboarding Wave,,,failed,False,2026-08-17T21:33:59.802696+09:00
Offboarding Zone,,,failed,False,2026-08-17T20:36:17.521162+09:00
Offer Atlas,,,failed,False,2026-08-17T20:48:44.119140+09:00
Offer Base,30.0,0.0,success,False,2026-08-17T20:44:46.784780+09:00
Offer Beacon,,,failed,False,2026-08-17T20:34:40.569545+09:00
Offer Board,390.0,26.0,success,False,2026-08-17T20:42:12.704128+09:00
Offer Bridge,,,failed,False,2026-08-17T20:31:35.680631+09:00
Offer Cascade,,,failed,False,2026-08-17T20:32:44.310093+09:00
Offer Center,50.0,1.0,success,False,2026-08-17T20:37:05.313557+09:00
Offer Chain,,,failed,False,2026-08-17T21:35:20.515813+09:00
Offer Compass,,,failed,False,2026-08-17T20:35:40.356029+09:00
Offer Console,,,failed,False,2026-08-17T20:34:17.127214+09:00
Offer Core,70.0,0.0,success,False,2026-08-17T20:44:01.266186+09:00
Offer Deck,40.0,5.0,success,False,2026-08-17T20:41:22.469867+09:00
Offer Desk,40.0,78.0,success,False,2026-08-17T20:39:21.363517+09:00
Offer Dial,10.0,0.0,success,False,2026-08-17T20:32:08.584337+09:00
Offer Dock,,,failed,False,2026-08-17T21:38:37.304138+09:00
Offer Flow,70.0,6.0,success,False,2026-08-17T20:41:53.253624+09:00
Offer Forge,320.0,3.0,success,False,2026-08-17T20:33:47.539654+09:00
Offer Frame,110.0,0.0,success,False,2026-08-17T20:45:50.172264+09:00
Offer Gate,30.0,7.0,success,False,2026-08-17T21:32:11.115049+09:00
Offer Grid,20.0,0.0,success,False,2026-08-17T21:35:54.911296+09:00
Offer Guard,,,failed,False,2026-08-17T20:44:22.162347+09:00
Offer Hub,590.0,4.0,success,False,2026-08-17T20:41:01.819842+09:00
Offer Keeper,,,failed,False,2026-08-17T20:46:14.149623+09:00
Offer Lab,1900.0,2.0,success,False,2026-08-17T20:39:51.023967+09:00
Offer Ledger,,,failed,False,2026-08-17T20:43:05.974432+09:00
Offer Lens,110.0,90.0,success,False,2026-08-17T20:46:51.703605+09:00
Offer Lock,,,failed,False,2026-08-17T21:30:27.922058+09:00
Offer Loop,,,failed,False,2026-08-17T21:36:54.710856+09:00
Offer Manager,210.0,1.0,success,False,2026-08-17T20:45:24.269018+09:00
Offer Map,110.0,0.0,success,False,2026-08-17T20:48:09.439521+09:00
Offer Nexus,,,failed,False,2026-08-17T21:31:00.206645+09:00
Offer Node,,,failed,False,2026-08-17T21:33:19.243075+09:00
Offer Panel,,,failed,False,2026-08-17T20:33:18.087238+09:00
Offer Path,10.0,5.0,success,False,2026-08-17T21:32:47.122898+09:00
Offer Pilot,110.0,2.0,success,False,2026-08-17T20:40:17.203996+09:00
Offer Point,720.0,5.0,success,False,2026-08-17T21:31:35.848823+09:00
Offer Portal,30.0,1.0,success,False,2026-08-17T20:35:08.080059+09:00
Offer Pulse,30.0,2.0,success,False,2026-08-17T21:34:53.019649+09:00
Offer Radar,,,failed,False,2026-08-17T20:38:26.412397+09:00
Offer Rail,,,failed,False,2026-08-17T21:37:30.311680+09:00
Offer Relay,,,failed,False,2026-08-17T20:37:34.472176+09:00
Offer Route,,,failed,False,2026-08-17T21:40:59.899740+09:00
Offer Scope,10.0,0.0,success,False,2026-08-17T21:38:05.775829+09:00
Offer Sentry,,,failed,False,2026-08-17T20:47:28.313560+09:00
Offer Signal,10.0,2.0,success,False,2026-08-17T21:41:34.183941+09:00
Offer Station,70.0,7.0,success,False,2026-08-17T20:38:58.199942+09:00
Offer Studio,390.0,1.0,success,False,2026-08-17T20:40:41.186342+09:00
Offer Sync,10.0,6.0,success,False,2026-08-17T20:42:36.789908+09:00
Offer Tracker,170.0,2.0,success,False,2026-08-17T20:43:32.566232+09:00
Offer Trail,,,failed,False,2026-08-17T21:36:26.445152+09:00
Offer Vault,9900.0,4.0,success,False,2026-08-17T20:36:38.149505+09:00
Offer Watch,3600.0,100.0,success,False,2026-08-17T21:39:28.354494+09:00
Offer Wave,1600.0,0.0,success,True,2026-08-17T21:33:45.075228+09:00
Offer Zone,1600.0,10.0,success,False,2026-08-17T20:36:08.746361+09:00
Onboarding Anchor,,,failed,False,2026-08-17T20:46:26.563596+09:00
Onboarding Atlas,,,failed,False,2026-08-17T20:37:18.091212+09:00
Onboarding Base,,,failed,False,2026-08-17T20:34:01.116253+09:00
Onboarding Beacon,,,failed,False,2026-08-17T21:32:25.465592+09:00
Onboarding Bridge,,,failed,False,2026-08-17T20:47:47.373505+09:00
Onboarding Cascade,,,failed,False,2026-08-17T21:30:08.257838+09:00
Onboarding Center,110.0,8.0,success,False,2026-08-17T21:35:02.943607+09:00
Onboarding Chain,,,failed,False,2026-08-17T20:41:35.724700+09:00
Onboarding Compass,10.0,36.0,success,False,2026-08-17T21:33:28.260657+09:00
Onboarding Console,,,failed,False,2026-08-17T21:31:49.761986+09:00
Onboarding Core,,,failed,False,2026-08-17T20:32:57.689274+09:00
Onboarding Deck,210.0,8.0,success,False,2026-08-17T20:32:36.001496+09:00
Onboarding Dial,,,failed,False,2026-08-17T20:48:23.905428+09:00
Onboarding Dock,,,failed,False,2026-08-17T20:44:10.950266+09:00
Onboarding Forge,,,failed,False,2026-08-17T21:31:15.457583+09:00
Onboarding Frame,,,failed,False,2026-08-17T20:34:51.045190+09:00
Onboarding Gate,,,failed,False,2026-08-17T20:39:09.333217+09:00
Onboarding Grid,,,failed,False,2026-08-17T20:42:00.146835+09:00
Onboarding Guard,,,failed,False,2026-08-17T20:33:31.328442+09:00
Onboarding Hub,170.0,28.0,success,False,2026-08-17T20:31:59.985806+09:00
Onboarding Insight,,,failed,False,2026-08-17T22:51:27.768654+09:00
Onboarding Keeper,,,failed,False,2026-08-17T20:35:19.683482+09:00
Onboarding Ledger,,,failed,False,2026-08-17T20:31:49.556843+09:00
Onboarding Lens,,,failed,False,2026-08-17T20:35:51.368204+09:00
Onboarding Lock,,,failed,False,2026-08-17T20:37:47.401646+09:00
Onboarding Loop,,,failed,False,2026-08-17T20:42:49.578916+09:00
Onboarding Manager,1300.0,6.0,success,False,2026-08-17T20:34:25.476328+09:00
Onboarding Map,50.0,15.0,success,False,2026-08-17T20:36:51.044622+09:00
Onboarding Meter,,,failed,False,2026-08-17T20:47:07.356899+09:00
Onboarding Nexus,,,failed,False,2026-08-17T20:38:12.491374+09:00
Onboarding Node,,,failed,False,2026-08-17T20:40:01.743309+09:00
Onboarding Panel,10.0,20.0,success,False,2026-08-17T21:30:41.512165+09:00
Onboarding Path,20.0,26.0,success,False,2026-08-17T20:39:32.550443+09:00
Onboarding Point,,,failed,False,2026-08-17T20:38:37.912313+09:00
Onboarding Portal,1000.0,44.0,success,False,2026-08-17T21:33:02.340741+09:00
Onboarding Pulse,,,failed,False,2026-08-17T20:41:09.985510+09:00
Onboarding Radar,,,failed,False,2026-08-17T21:36:36.847955+09:00
Onboarding Rail,,,failed,False,2026-08-17T20:43:16.751377+09:00
Onboarding Relay,,,failed,False,2026-08-17T21:35:36.118436+09:00
Onboarding Route,,,failed,False,2026-08-17T20:45:10.862003+09:00
Onboarding Scale,,,failed,False,2026-08-17T20:45:56.929111+09:00
Onboarding Scheduler,,,failed,False,2026-08-17T22:50:34.703098+09:00
Onboarding Scope,,,failed,False,2026-08-17T20:43:44.073906+09:00
Onboarding Sentry,,,failed,False,2026-08-17T20:36:18.497930+09:00
Onboarding Signal,,,failed,False,2026-08-17T20:45:33.619281+09:00
Onboarding Station,,,failed,False,2026-08-17T21:37:08.932405+09:00
Onboarding Tracker,390.0,30.0,success,False,2026-08-17T20:32:23.142780+09:00
Onboarding Trail,,,failed,False,2026-08-17T20:42:19.428112+09:00
Onboarding Vault,,,failed,False,2026-08-17T21:34:31.783933+09:00
Onboarding Watch,,,failed,False,2026-08-17T20:44:32.138425+09:00
Onboarding Wave,,,failed,False,2026-08-17T20:40:26.535789+09:00
Onboarding Zone,10.0,17.0,success,False,2026-08-17T21:34:01.777052+09:00
Order Pulse,480.0,0.0,success,False,2026-08-17T22:51:32.586910+09:00
Ordinance Anchor,,,failed,False,2026-08-17T21:35:18.423759+09:00
Ordinance Atlas,,,failed,False,2026-08-17T20:43:01.991108+09:00
Ordinance Base,,,failed,False,2026-08-17T20:40:15.034726+09:00
Ordinance Beacon,,,failed,False,2026-08-17T21:40:49.556938+09:00
Ordinance Board,20.0,0.0,success,False,2026-08-17T20:37:29.909330+09:00
Ordinance Bridge,,,failed,False,2026-08-17T21:36:24.237197+09:00
Ordinance Cascade,,,failed,False,2026-08-17T21:37:26.190503+09:00
Ordinance Center,,,failed,False,2026-08-17T20:31:29.603433+09:00
Ordinance Chain,,,failed,False,2026-08-17T20:48:06.680156+09:00
Ordinance Console,,,failed,False,2026-08-17T21:39:25.145394+09:00
Ordinance Core,20.0,0.0,success,False,2026-08-17T20:39:18.247368+09:00
Ordinance Deck,,,failed,False,2026-08-17T20:36:31.502472+09:00
Ordinance Desk,,,failed,False,2026-08-17T20:34:15.100698+09:00
Ordinance Dial,,,failed,False,2026-08-17T21:36:52.396982+09:00
Ordinance Dock,,,failed,False,2026-08-17T21:32:45.123730+09:00
Ordinance Flow,,,failed,False,2026-08-17T20:37:01.636634+09:00
Ordinance Forge,,,failed,False,2026-08-17T21:38:35.218560+09:00
Ordinance Frame,,,failed,False,2026-08-17T20:41:00.568700+09:00
Ordinance Gate,,,failed,False,2026-08-17T20:44:43.054193+09:00
Ordinance Grid,,,failed,False,2026-08-17T20:48:40.258747+09:00
Ordinance Guard,,,failed,False,2026-08-17T20:39:46.897200+09:00
Ordinance Hub,,,failed,False,2026-08-17T20:36:04.789698+09:00
Ordinance Keeper,,,failed,False,2026-08-17T20:41:19.373388+09:00
Ordinance Lab,170.0,0.0,success,False,2026-08-17T20:34:38.143389+09:00
Ordinance Ledger,,,failed,False,2026-08-17T20:38:24.877008+09:00
Ordinance Lens,,,failed,False,2026-08-17T20:41:48.704350+09:00
Ordinance Lock,,,failed,False,2026-08-17T20:43:30.530213+09:00
Ordinance Loop,,,failed,False,2026-08-17T21:30:57.458125+09:00
Ordinance Manager,,,failed,False,2026-08-17T20:40:34.523017+09:00
Ordinance Map,880.0,24.0,success,False,2026-08-17T20:42:34.302604+09:00
Ordinance Meter,,,failed,False,2026-08-17T21:35:49.618076+09:00
Ordinance Nexus,,,failed,False,2026-08-17T20:43:57.612589+09:00
Ordinance Node,,,failed,False,2026-08-17T20:45:46.874737+09:00
Ordinance Panel,,,failed,False,2026-08-17T21:38:03.717082+09:00
Ordinance Path,,,failed,False,2026-08-17T20:45:22.370262+09:00
Ordinance Pilot,,,failed,False,2026-08-17T20:35:06.364440+09:00
Ordinance Point,,,failed,False,2026-08-17T20:44:21.106446+09:00
Ordinance Portal,,,failed,False,2026-08-17T21:41:28.759770+09:00
Ordinance Pulse,,,failed,False,2026-08-17T20:47:23.581270+09:00
Ordinance Radar,,,failed,False,2026-08-17T20:33:15.121215+09:00
Ordinance Rail,,,failed,False,2026-08-17T21:31:33.014186+09:00
Ordinance Relay,,,failed,False,2026-08-17T20:32:03.329355+09:00
Ordinance Route,10.0,0.0,success,False,2026-08-17T21:33:40.096792+09:00
Ordinance Scale,10.0,0.0,success,False,2026-08-17T21:34:46.886716+09:00
Ordinance Scope,,,failed,False,2026-08-17T21:32:05.797514+09:00
Ordinance Sentry,,,failed,False,2026-08-17T20:42:10.144192+09:00
Ordinance Signal,,,failed,False,2026-08-17T21:34:15.444697+09:00
Ordinance Station,,,failed,False,2026-08-17T20:33:46.243100+09:00
Ordinance Studio,,,failed,False,2026-08-17T20:35:36.002153+09:00
Ordinance Sync,,,failed,False,2026-08-17T20:38:02.236902+09:00
Ordinance Tracker,10.0,3.0,success,False,2026-08-17T20:38:51.261946+09:00
Ordinance Trail,,,failed,False,2026-08-17T21:30:24.502544+09:00
Ordinance Watch,,,failed,False,2026-08-17T21:33:13.463030+09:00
Ordinance Wave,,,failed,False,2026-08-17T20:46:12.433556+09:00
Outage Anchor,,,failed,False,2026-08-17T21:35:46.466784+09:00
Outage Atlas,,,failed,False,2026-08-17T20:43:26.313536+09:00
Outage Base,,,failed,False,2026-08-17T20:40:33.502804+09:00
Outage Beacon,,,failed,False,2026-08-17T20:33:16.020559+09:00
Outage Board,20.0,0.0,success,False,2026-08-17T20:37:59.877456+09:00
Outage Center,480.0,2.0,success,False,2026-08-17T20:32:02.325008+09:00
Outage Chain,,,failed,False,2026-08-17T20:48:37.567206+09:00
Outage Console,,,failed,False,2026-08-17T20:32:41.344957+09:00
Outage Core,,,failed,False,2026-08-17T20:39:43.687132+09:00
Outage Deck,,,failed,False,2026-08-17T20:37:00.325562+09:00
Outage Desk,,,failed,False,2026-08-17T20:34:35.742752+09:00
Outage Dock,,,failed,False,2026-08-17T21:33:10.630129+09:00
Outage Flow,,,failed,False,2026-08-17T20:37:28.424048+09:00
Outage Forge,,,failed,False,2026-08-17T20:32:03.329355+09:00
Outage Frame,,,failed,False,2026-08-17T20:41:17.748242+09:00
Outage Gate,,,failed,False,2026-08-17T20:45:18.923986+09:00
Outage Grid,880.0,1.0,success,False,2026-08-17T21:30:18.085086+09:00
Outage Guard,,,failed,False,2026-08-17T20:40:10.157299+09:00
Outage Hub,40.0,0.0,success,False,2026-08-17T20:36:28.708934+09:00
Outage Keeper,,,failed,False,2026-08-17T20:41:47.517366+09:00
Outage Lab,,,failed,False,2026-08-17T20:35:04.556306+09:00
Outage Ledger,,,failed,False,2026-08-17T20:38:48.292759+09:00
Outage Lens,,,failed,False,2026-08-17T20:42:08.223187+09:00
Outage Lock,,,failed,False,2026-08-17T20:43:56.267353+09:00
Outage Loop,,,failed,False,2026-08-17T21:31:30.369012+09:00
Outage Manager,50.0,0.0,success,False,2026-08-17T20:40:53.994191+09:00
Outage Map,74000.0,1.0,success,False,2026-08-17T20:42:59.992193+09:00
Outage Meter,30.0,1.0,success,False,2026-08-17T21:36:22.095100+09:00
Outage Nexus,,,failed,False,2026-08-17T20:44:20.013961+09:00
Outage Node,,,failed,False,2026-08-17T20:46:04.855118+09:00
Outage Panel,,,failed,False,2026-08-17T20:31:29.603433+09:00
Outage Path,,,failed,False,2026-08-17T20:45:45.792269+09:00
Outage Pilot,,,failed,False,2026-08-17T20:35:35.063549+09:00
Outage Point,,,failed,False,2026-08-17T20:44:38.858684+09:00
Outage Pulse,,,failed,False,2026-08-17T20:48:00.384731+09:00
Outage Radar,30.0,0.0,success,False,2026-08-17T20:33:43.675774+09:00
Outage Rail,,,failed,False,2026-08-17T21:32:03.436124+09:00
Outage Relay,,,failed,False,2026-08-17T20:32:38.453320+09:00
Outage Route,,,failed,False,2026-08-17T21:34:12.134068+09:00
Outage Scale,10.0,,success,False,2026-08-17T21:35:16.200596+09:00
Outage Scope,10.0,2.0,success,False,2026-08-17T21:32:36.544768+09:00
Outage Sentry,,,failed,False,2026-08-17T20:42:32.290659+09:00
Outage Signal,10.0,0.0,success,False,2026-08-17T21:34:42.632014+09:00
Outage Station,,,failed,False,2026-08-17T20:34:11.615000+09:00
Outage Studio,,,failed,False,2026-08-17T20:36:02.767132+09:00
Outage Sync,,,failed,False,2026-08-17T20:38:21.061174+09:00
Outage Tracker,9900.0,0.0,success,True,2026-08-17T20:39:17.196343+09:00
Outage Trail,,,failed,False,2026-08-17T21:30:50.388708+09:00
Outage Watch,30.0,1.0,success,False,2026-08-17T21:33:37.652467+09:00
Outage Wave,,,failed,False,2026-08-17T20:46:46.837602+09:00
Outreach Anchor,,,failed,False,2026-08-17T20:36:18.497930+09:00
Outreach Atlas,,,failed,False,2026-08-17T21:36:10.133574+09:00
Outreach Base,,,failed,False,2026-08-17T21:32:28.090728+09:00
Outreach Beacon,,,failed,False,2026-08-17T20:40:03.112671+09:00
Outreach Board,10.0,0.0,success,False,2026-08-17T20:47:50.375793+09:00
Outreach Bridge,,,failed,False,2026-08-17T20:37:18.091212+09:00
Outreach Cascade,,,failed,False,2026-08-17T20:38:13.537846+09:00
Outreach Center,1300.0,1.0,success,False,2026-08-17T20:42:01.579820+09:00
Outreach Compass,,,failed,False,2026-08-17T20:40:49.686418+09:00
Outreach Console,,,failed,False,2026-08-17T20:39:33.830984+09:00
Outreach Core,,,failed,False,2026-08-17T21:31:17.550614+09:00
Outreach Deck,,,failed,False,2026-08-17T20:46:27.690682+09:00
Outreach Desk,140.0,3.0,success,False,2026-08-17T20:44:11.907751+09:00
Outreach Dial,,,failed,False,2026-08-17T20:37:49.257868+09:00
Outreach Dock,,,failed,False,2026-08-17T20:34:02.071546+09:00
Outreach Flow,110.0,28.0,success,False,2026-08-17T20:47:07.356899+09:00
Outreach Forge,,,failed,False,2026-08-17T20:39:11.470645+09:00
Outreach Frame,,,failed,False,2026-08-17T21:33:30.231055+09:00
Outreach Gate,,,failed,False,2026-08-17T21:38:18.723173+09:00
Outreach Guard,,,failed,False,2026-08-17T21:31:52.108049+09:00
Outreach Hub,50.0,2.0,success,False,2026-08-17T20:45:58.318950+09:00
Outreach Keeper,,,failed,False,2026-08-17T21:34:01.777052+09:00
Outreach Lab,480.0,2.0,success,False,2026-08-17T20:44:32.138425+09:00
Outreach Ledger,,,failed,False,2026-08-17T21:30:10.122952+09:00
Outreach Lens,,,failed,False,2026-08-17T21:34:31.783933+09:00
Outreach Lock,,,failed,False,2026-08-17T21:36:38.708092+09:00
Outreach Loop,,,failed,False,2026-08-17T20:32:26.534581+09:00
Outreach Manager,480.0,1.0,success,False,2026-08-17T21:33:04.357190+09:00
Outreach Map,20.0,1.0,success,False,2026-08-17T21:35:38.144027+09:00
Outreach Meter,,,failed,False,2026-08-17T20:36:52.122948+09:00
Outreach Nexus,,,failed,False,2026-08-17T21:37:08.932405+09:00
Outreach Node,,,failed,False,2026-08-17T21:40:01.418165+09:00
Outreach Panel,,,failed,False,2026-08-17T20:38:37.912313+09:00
Outreach Path,,,failed,False,2026-08-17T21:39:09.779186+09:00
Outreach Pilot,40.0,42.0,success,False,2026-08-17T20:45:12.889782+09:00
Outreach Point,,,failed,False,2026-08-17T21:37:46.877382+09:00
Outreach Portal,720.0,0.0,success,False,2026-08-17T20:40:27.760312+09:00
Outreach Radar,,,failed,False,2026-08-17T20:43:16.751377+09:00
Outreach Rail,,,failed,False,2026-08-17T20:32:58.642411+09:00
Outreach Relay,,,failed,False,2026-08-17T20:42:21.345142+09:00
Outreach Route,,,failed,False,2026-08-17T20:34:53.035348+09:00
Outreach Scale,,,failed,False,2026-08-17T20:35:51.368204+09:00
Outreach Scope,,,failed,False,2026-08-17T20:33:33.696511+09:00
Outreach Sentry,,,failed,False,2026-08-17T21:35:06.399475+09:00
Outreach Signal,,,failed,False,2026-08-17T20:35:20.751202+09:00
Outreach Station,10.0,0.0,success,False,2026-08-17T20:43:46.830313+09:00
Outreach Studio,70.0,4.0,success,False,2026-08-17T20:45:34.633599+09:00
Outreach Sync,,,failed,False,2026-08-17T20:48:26.612997+09:00
Outreach Tracker,320.0,22.0,success,False,2026-08-17T21:30:43.453478+09:00
Outreach Trail,,,failed,False,2026-08-17T20:31:52.293572+09:00
Outreach Vault,,,failed,False,2026-08-17T20:41:38.152103+09:00
Outreach Watch,,,failed,False,2026-08-17T20:34:29.454165+09:00
Outreach Wave,,,failed,False,2026-08-17T21:41:16.664514+09:00
Outreach Zone,,,failed,False,2026-08-17T20:41:11.362619+09:00
Pallet Anchor,10.0,2.0,success,False,2026-08-17T20:35:12.658616+09:00
Pallet Atlas,10.0,5.0,success,False,2026-08-17T21:34:55.256705+09:00
Pallet Base,260.0,100.0,success,False,2026-08-17T21:31:02.177338+09:00
Pallet Beacon,10.0,50.0,success,False,2026-08-17T20:38:59.956902+09:00
Pallet Board,1900.0,100.0,success,False,2026-08-17T20:46:16.531586+09:00
Pallet Bridge,210.0,18.0,success,False,2026-08-17T20:36:11.237181+09:00
Pallet Cascade,,,failed,False,2026-08-17T20:37:08.027448+09:00
Pallet Center,70.0,9.0,success,False,2026-08-17T20:41:03.029394+09:00
Pallet Chain,50.0,72.0,success,False,2026-08-17T21:41:36.452024+09:00
Pallet Compass,,,failed,False,2026-08-17T20:39:52.233588+09:00
Pallet Console,20.0,48.0,success,False,2026-08-17T20:38:32.473394+09:00
Pallet Core,110.0,51.0,success,False,2026-08-17T20:49:41.074252+09:00
Pallet Deck,3600.0,100.0,success,False,2026-08-17T20:45:28.437462+09:00
Pallet Desk,390.0,70.0,success,False,2026-08-17T20:43:09.097865+09:00
Pallet Dial,,,failed,False,2026-08-17T20:36:39.507807+09:00
Pallet Dock,90.0,55.0,success,False,2026-08-17T20:32:47.475978+09:00
Pallet Flow,390.0,15.0,success,False,2026-08-17T20:45:51.407426+09:00
Pallet Forge,10.0,1.0,success,False,2026-08-17T20:38:06.157627+09:00
Pallet Frame,590.0,100.0,success,False,2026-08-17T21:32:15.070878+09:00
Pallet Gate,1000.0,86.0,success,False,2026-08-17T21:36:57.018160+09:00
Pallet Guard,320.0,89.0,success,False,2026-08-17T21:30:30.781560+09:00
Pallet Hub,110.0,8.0,success,False,2026-08-17T20:44:51.445524+09:00
Pallet Keeper,,,failed,False,2026-08-17T21:32:50.995270+09:00
Pallet Lab,70.0,21.0,success,False,2026-08-17T20:43:34.295212+09:00
Pallet Ledger,,,failed,False,2026-08-17T20:47:33.914967+09:00
Pallet Lens,,,failed,False,2026-08-17T21:33:20.961288+09:00
Pallet Lock,140.0,20.0,success,False,2026-08-17T21:35:24.685319+09:00
Pallet Manager,20.0,8.0,success,False,2026-08-17T21:31:39.058447+09:00
Pallet Map,70.0,6.0,success,False,2026-08-17T21:34:24.214520+09:00
Pallet Meter,,,failed,False,2026-08-17T20:35:44.075031+09:00
Pallet Monitor,,,failed,False,2026-08-17T22:48:05.376281+09:00
Pallet Nexus,,,failed,False,2026-08-17T21:35:58.459168+09:00
Pallet Node,,,failed,False,2026-08-17T21:38:08.965654+09:00
Pallet Panel,110.0,98.0,success,False,2026-08-17T20:37:38.706086+09:00
Pallet Path,90.0,34.0,success,False,2026-08-17T21:37:36.095439+09:00
Pallet Pilot,,,failed,False,2026-08-17T20:44:04.848400+09:00
Pallet Point,50.0,2.0,success,False,2026-08-17T21:36:30.682605+09:00
Pallet Portal,30.0,6.0,success,False,2026-08-17T20:39:23.919432+09:00
Pallet Pulse,,,failed,False,2026-08-17T21:41:04.521769+09:00
Pallet Radar,,,failed,False,2026-08-17T20:42:13.997557+09:00
Pallet Rail,110.0,59.0,success,False,2026-08-17T20:31:36.969919+09:00
Pallet Relay,,,failed,False,2026-08-17T20:41:24.809383+09:00
Pallet Route,,,failed,False,2026-08-17T20:33:51.962760+09:00
Pallet Scale,2900.0,100.0,success,False,2026-08-17T20:34:43.926118+09:00
Pallet Scope,,,failed,False,2026-08-17T20:32:10.469810+09:00
Pallet Sentry,,,failed,False,2026-08-17T21:33:48.082783+09:00
Pallet Signal,,,failed,False,2026-08-17T20:34:18.335664+09:00
Pallet Station,90.0,29.0,success,False,2026-08-17T20:42:41.908187+09:00
Pallet Studio,320.0,4.0,success,False,2026-08-17T20:44:24.451216+09:00
Pallet Sync,,,failed,False,2026-08-17T20:46:56.962156+09:00
Pallet Tracker,4400.0,37.0,success,False,2026-08-17T20:48:13.207047+09:00
Pallet Vault,,,failed,False,2026-08-17T20:40:42.163784+09:00
Pallet Watch,320.0,1.0,success,False,2026-08-17T20:33:23.313632+09:00
Pallet Wave,260.0,3.0,success,False,2026-08-17T21:38:40.825363+09:00
Pallet Zone,70.0,4.0,success,False,2026-08-17T20:40:19.019495+09:00
Patch Anchor,320.0,77.0,success,False,2026-08-17T20:39:36.069990+09:00
Patch Atlas,20.0,0.0,success,False,2026-08-17T21:41:19.053416+09:00
Patch Base,390.0,1.0,success,False,2026-08-17T21:36:17.240271+09:00
Patch Beacon,,,failed,False,2026-08-17T20:42:51.727520+09:00
Patch Board,1000.0,99.0,success,False,2026-08-17T21:33:05.832312+09:00
Patch Bridge,30.0,1.0,success,False,2026-08-17T20:40:29.235539+09:00
Patch Cascade,,,failed,False,2026-08-17T20:41:13.511022+09:00
Patch Center,110.0,21.0,success,False,2026-08-17T20:45:14.001779+09:00
Patch Chain,,,failed,False,2026-08-17T20:34:31.529799+09:00
Patch Compass,,,failed,False,2026-08-17T20:43:48.259554+09:00
Patch Console,20.0,3.0,success,False,2026-08-17T20:42:22.378966+09:00
Patch Core,1600.0,22.0,success,False,2026-08-17T21:35:08.893531+09:00
Patch Deck,110.0,66.0,success,False,2026-08-17T21:31:54.606698+09:00
Patch Desk,,,failed,False,2026-08-17T20:47:53.457764+09:00
Patch Dial,,,failed,False,2026-08-17T20:40:52.069695+09:00
Patch Dock,720.0,4.0,success,False,2026-08-17T20:37:21.758511+09:00
Patch Flow,20.0,5.0,success,False,2026-08-17T21:32:31.405261+09:00
Patch Forge,10.0,0.0,success,False,2026-08-17T20:42:02.791525+09:00
Patch Frame,210.0,83.0,success,False,2026-08-17T21:37:17.917122+09:00
Patch Grid,20.0,0.0,success,False,2026-08-17T20:34:55.202462+09:00
Patch Guard,880.0,2.0,success,False,2026-08-17T21:35:41.309233+09:00
Patch Hub,140.0,3.0,success,False,2026-08-17T21:31:19.415531+09:00
Patch Keeper,,,failed,False,2026-08-17T21:37:49.733247+09:00
Patch Lab,390.0,27.0,success,False,2026-08-17T20:48:29.594833+09:00
Patch Ledger,,,failed,False,2026-08-17T21:34:05.861065+09:00
Patch Lens,30.0,0.0,success,False,2026-08-17T21:38:24.477715+09:00
Patch Lock,880.0,58.0,success,False,2026-08-17T21:41:49.444267+09:00
Patch Loop,30.0,82.0,success,False,2026-08-17T20:35:55.625501+09:00
Patch Manager,1600.0,45.0,success,False,2026-08-17T21:36:40.900045+09:00
Patch Map,260.0,2.0,success,False,2026-08-17T21:40:37.066671+09:00
Patch Meter,,,failed,False,2026-08-17T20:40:05.754832+09:00
Patch Navigator,,,failed,False,2026-08-17T22:50:36.545244+09:00
Patch Node,20.0,0.0,success,False,2026-08-17T20:32:30.733040+09:00
Patch Panel,90500.0,100.0,success,False,2026-08-17T20:41:41.231730+09:00
Patch Path,30.0,0.0,success,False,2026-08-17T20:31:55.017364+09:00
Patch Pilot,390.0,79.0,success,False,2026-08-17T21:30:13.279777+09:00
Patch Portal,140.0,2.0,success,False,2026-08-17T20:43:22.316757+09:00
Patch Pulse,,,failed,False,2026-08-17T20:34:07.278551+09:00
Patch Radar,30.0,0.0,success,False,2026-08-17T20:46:29.220439+09:00
Patch Rail,70.0,100.0,success,False,2026-08-17T20:36:21.712002+09:00
Patch Relay,,,failed,False,2026-08-17T20:45:40.214755+09:00
Patch Route,70.0,5.0,success,False,2026-08-17T20:38:14.865229+09:00
Patch Scale,20.0,0.0,success,False,2026-08-17T20:39:12.627798+09:00
Patch Scope,90.0,0.0,success,False,2026-08-17T20:36:55.192509+09:00
Patch Sentry,,,failed,False,2026-08-17T21:39:15.761980+09:00
Patch Signal,8100.0,100.0,success,False,2026-08-17T20:38:41.975413+09:00
Patch Station,40.0,9.0,success,False,2026-08-17T20:47:13.736905+09:00
Patch Studio,880.0,13.0,success,False,2026-08-17T21:30:45.538595+09:00
Patch Sync,,,failed,False,2026-08-17T21:33:32.175377+09:00
Patch Tracker,170.0,8.0,success,False,2026-08-17T21:34:37.066296+09:00
Patch Trail,30.0,21.0,success,False,2026-08-17T20:35:25.429619+09:00
Patch Vault,210.0,0.0,success,False,2026-08-17T20:44:36.649130+09:00
Patch Watch,170.0,12.0,success,False,2026-08-17T20:37:55.339961+09:00
Patch Wave,480.0,38.0,success,False,2026-08-17T20:33:05.160713+09:00
Patch Zone,110.0,4.0,success,False,2026-08-17T20:44:14.789024+09:00
Patient Anchor,,,failed,False,2026-08-17T20:43:25.230587+09:00
Patient Atlas,,,failed,False,2026-08-17T20:34:08.377719+09:00
Patient Beacon,30.0,7.0,success,False,2026-08-17T20:47:16.621554+09:00
Patient Board,210.0,29.0,success,False,2026-08-17T21:37:55.576177+09:00
Patient Bridge,320.0,18.0,success,False,2026-08-17T20:44:15.738532+09:00
Patient Cascade,,,failed,False,2026-08-17T20:45:15.345040+09:00
Patient Center,,,failed,False,2026-08-17T21:31:23.168898+09:00
Patient Chain,,,failed,False,2026-08-17T20:38:43.149907+09:00
Patient Compass,30.0,0.0,success,False,2026-08-17T20:48:31.729678+09:00
Patient Console,,,failed,False,2026-08-17T20:46:31.116711+09:00
Patient Core,,,failed,False,2026-08-17T21:41:22.072079+09:00
Patient Deck,,,failed,False,2026-08-17T21:36:43.981322+09:00
Patient Desk,90.0,33.0,success,False,2026-08-17T21:34:09.721109+09:00
Patient Dial,,,failed,False,2026-08-17T20:44:37.629482+09:00
Patient Dock,10.0,0.0,success,False,2026-08-17T20:41:16.510977+09:00
Patient Engine,170.0,25.0,success,False,2026-08-17T22:51:27.768654+09:00
Patient Flow,1900.0,4.0,success,False,2026-08-17T21:37:21.496927+09:00
Patient Forge,,,failed,False,2026-08-17T20:46:03.469899+09:00
Patient Gate,201000.0,0.0,success,True,2026-08-17T20:35:59.491401+09:00
Patient Grid,20.0,0.0,success,False,2026-08-17T20:39:15.324728+09:00
Patient Hub,3600.0,5.0,success,False,2026-08-17T21:36:20.278504+09:00
Patient Keeper,880.0,2.0,success,False,2026-08-17T20:31:59.985806+09:00
Patient Lab,140.0,10.0,success,False,2026-08-17T21:34:39.149688+09:00
Patient Ledger,320.0,5.0,success,False,2026-08-17T21:39:19.495692+09:00
Patient Lens,20.0,5.0,success,False,2026-08-17T20:32:36.001496+09:00
Patient Lock,20.0,4.0,success,False,2026-08-17T20:34:34.179062+09:00
Patient Loop,90.0,21.0,success,False,2026-08-17T20:40:08.225876+09:00
Patient Map,140.0,3.0,success,False,2026-08-17T20:33:41.175079+09:00
Patient Meter,,,failed,False,2026-08-17T20:43:55.064759+09:00
Patient Nexus,,,failed,False,2026-08-17T20:35:00.475766+09:00
Patient Node,,,failed,False,2026-08-17T20:36:56.303275+09:00
Patient Panel,260.0,0.0,success,False,2026-08-17T20:45:42.370254+09:00
Patient Path,720.0,4.0,success,False,2026-08-17T20:36:22.753454+09:00
Patient Pilot,90.0,22.0,success,False,2026-08-17T21:35:11.471835+09:00
Patient Point,5400.0,40.0,success,False,2026-08-17T20:35:28.436030+09:00
Patient Portal,246000.0,3.0,success,False,2026-08-17T20:47:58.336807+09:00
Patient Pulse,170.0,6.0,success,False,2026-08-17T20:38:19.209708+09:00
Patient Radar,,,failed,False,2026-08-17T21:33:08.992358+09:00
Patient Rail,10.0,0.0,success,False,2026-08-17T20:40:32.567080+09:00
Patient Relay,,,failed,False,2026-08-17T21:31:56.784481+09:00
Patient Route,20.0,0.0,success,False,2026-08-17T20:42:06.946542+09:00
Patient Scale,170.0,85.0,success,False,2026-08-17T20:42:52.966707+09:00
Patient Scope,40.0,5.0,success,False,2026-08-17T20:40:52.985789+09:00
Patient Sentry,,,failed,False,2026-08-17T20:33:08.305690+09:00
Patient Signal,,,failed,False,2026-08-17T20:42:24.319818+09:00
Patient Station,2400.0,0.0,success,True,2026-08-17T21:33:36.085901+09:00
Patient Studio,170.0,14.0,success,False,2026-08-17T21:35:44.584576+09:00
Patient Sync,70.0,15.0,success,False,2026-08-17T21:38:26.629916+09:00
Patient Tracker,1900.0,9.0,success,False,2026-08-17T21:40:41.309160+09:00
Patient Trail,,,failed,False,2026-08-17T20:39:41.640400+09:00
Patient Vault,40.0,0.0,success,False,2026-08-17T21:30:47.592348+09:00
Patient Watch,390.0,6.0,success,False,2026-08-17T20:41:46.079279+09:00
Patient Wave,,,failed,False,2026-08-17T20:37:24.505740+09:00
Patient Zone,260.0,0.0,success,False,2026-08-17T21:30:15.996537+09:00
Payment Anchor,,,failed,False,2026-08-17T20:33:23.313632+09:00
Payment Atlas,,,failed,False,2026-08-17T21:32:50.995270+09:00
Payment Base,110.0,2.0,success,False,2026-08-17T20:47:33.914967+09:00
Payment Beacon,,,failed,False,2026-08-17T20:37:08.027448+09:00
Payment Board,590.0,1.0,success,False,2026-08-17T20:44:24.451216+09:00
Payment Bridge,590.0,10.0,success,False,2026-08-17T20:34:18.335664+09:00
Payment Cascade,,,failed,False,2026-08-17T20:35:12.658616+09:00
Payment Center,8100.0,5.0,success,False,2026-08-17T20:39:23.919432+09:00
Payment Chain,90.0,1.0,success,False,2026-08-17T21:38:08.965654+09:00
Payment Compass,210.0,14.0,success,False,2026-08-17T20:38:06.157627+09:00
Payment Console,50.0,12.0,success,False,2026-08-17T20:36:39.507807+09:00
Payment Core,30.0,14.0,success,False,2026-08-17T20:46:16.531586+09:00
Payment Deck,,,failed,False,2026-08-17T20:43:34.295212+09:00
Payment Desk,320.0,11.0,success,False,2026-08-17T20:41:24.809383+09:00
Payment Dial,10.0,0.0,success,False,2026-08-17T20:34:43.926118+09:00
Payment Flow,880.0,12.0,success,False,2026-08-17T20:44:04.848400+09:00
Payment Forge,,,failed,False,2026-08-17T20:36:11.237181+09:00
Payment Frame,40.0,9.0,success,False,2026-08-17T20:49:39.030080+09:00
Payment Gate,60500.0,42.0,success,False,2026-08-17T21:34:55.256705+09:00
Payment Grid,50.0,2.0,success,False,2026-08-17T21:38:40.825363+09:00
Payment Guard,170.0,5.0,success,False,2026-08-17T20:46:56.962156+09:00
Payment Hub,8100.0,13.0,success,False,2026-08-17T20:43:08.098438+09:00
Payment Keeper,590.0,2.0,success,False,2026-08-17T21:30:30.781560+09:00
Payment Lab,880.0,4.0,success,False,2026-08-17T20:41:54.470071+09:00
Payment Ledger,1000.0,45.0,success,False,2026-08-17T20:45:28.437462+09:00
Payment Lens,,,failed,False,2026-08-17T21:31:02.177338+09:00
Payment Lock,170.0,2.0,success,False,2026-08-17T21:33:20.961288+09:00
Payment Loop,30.0,9.0,success,False,2026-08-17T21:41:04.521769+09:00
Payment Manager,880.0,6.0,success,False,2026-08-17T20:48:13.207047+09:00
Payment Map,70.0,0.0,success,False,2026-08-17T21:32:15.070878+09:00
Payment Meter,390.0,13.0,success,False,2026-08-17T20:33:51.962760+09:00
Payment Nexus,480.0,14.0,success,False,2026-08-17T21:33:48.082783+09:00
Payment Node,20.0,4.0,success,False,2026-08-17T21:35:58.459168+09:00
Payment Panel,260.0,10.0,success,False,2026-08-17T20:35:44.075031+09:00
Payment Path,30.0,7.0,success,False,2026-08-17T21:35:22.295985+09:00
Payment Pilot,74000.0,1.0,success,False,2026-08-17T20:42:13.997557+09:00
Payment Point,33100.0,1.0,success,False,2026-08-17T21:34:24.214520+09:00
Payment Portal,12100.0,13.0,success,False,2026-08-17T20:37:38.706086+09:00
Payment Pulse,,,failed,False,2026-08-17T21:37:36.095439+09:00
Payment Radar,,,failed,False,2026-08-17T20:40:42.163784+09:00
Payment Rail,1900.0,11.0,success,False,2026-08-17T21:41:36.452024+09:00
Payment Relay,,,failed,False,2026-08-17T20:39:52.233588+09:00
Payment Route,170.0,14.0,success,False,2026-08-17T20:31:36.969919+09:00
Payment Scale,74000.0,1.0,success,False,2026-08-17T20:32:47.475978+09:00
Payment Scheduler,8100.0,1.0,success,False,2026-08-17T22:48:05.376281+09:00
Payment Sentry,,,failed,False,2026-08-17T21:31:39.058447+09:00
Payment Signal,,,failed,False,2026-08-17T20:32:10.469810+09:00
Payment Station,2400.0,9.0,success,False,2026-08-17T20:41:03.029394+09:00
Payment Studio,50.0,3.0,success,False,2026-08-17T20:42:41.908187+09:00
Payment Sync,,,failed,False,2026-08-17T20:44:51.445524+09:00
Payment Tracker,5400.0,16.0,success,False,2026-08-17T20:45:51.407426+09:00
Payment Trail,50.0,11.0,success,False,2026-08-17T21:39:34.435552+09:00
Payment Vault,6600.0,5.0,success,False,2026-08-17T20:38:59.956902+09:00
Payment Wave,8100.0,11.0,success,False,2026-08-17T21:36:30.682605+09:00
Payment Zone,70.0,3.0,success,False,2026-08-17T20:38:31.317013+09:00
Payroll Anchor,,,failed,False,2026-08-17T20:33:27.108642+09:00
Payroll Base,10.0,24.0,success,False,2026-08-17T20:47:39.394205+09:00
Payroll Beacon,,,failed,False,2026-08-17T20:37:15.920679+09:00
Payroll Board,210.0,12.0,success,False,2026-08-17T20:44:27.303320+09:00
Payroll Bridge,880.0,20.0,success,False,2026-08-17T20:34:22.385109+09:00
Payroll Cascade,,,failed,False,2026-08-17T20:35:16.626138+09:00
Payroll Center,110.0,38.0,success,False,2026-08-17T20:39:28.862436+09:00
Payroll Chain,,,failed,False,2026-08-17T20:35:04.556306+09:00
Payroll Compass,590.0,13.0,success,False,2026-08-17T20:38:08.924079+09:00
Payroll Console,,,failed,False,2026-08-17T20:36:47.157974+09:00
Payroll Core,210.0,38.0,success,False,2026-08-17T20:46:23.888336+09:00
Payroll Deck,,,failed,False,2026-08-17T20:43:42.299051+09:00
Payroll Desk,1600.0,3.0,success,False,2026-08-17T20:41:30.101842+09:00
Payroll Dial,,,failed,False,2026-08-17T20:34:46.285590+09:00
Payroll Flow,90.0,44.0,success,False,2026-08-17T20:44:07.827451+09:00
Payroll Forge,,,failed,False,2026-08-17T20:36:14.881787+09:00
Payroll Frame,,,failed,False,2026-08-17T21:30:02.792774+09:00
Payroll Gate,,,failed,False,2026-08-17T20:32:02.325008+09:00
Payroll Grid,590.0,1.0,success,False,2026-08-17T20:35:35.063549+09:00
Payroll Guard,,,failed,False,2026-08-17T20:47:00.954455+09:00
Payroll Hub,260.0,21.0,success,False,2026-08-17T20:43:14.638625+09:00
Payroll Keeper,,,failed,False,2026-08-17T21:30:37.005083+09:00
Payroll Lab,,,failed,False,2026-08-17T20:41:57.166662+09:00
Payroll Ledger,590.0,46.0,success,False,2026-08-17T20:45:32.525368+09:00
Payroll Lens,,,failed,False,2026-08-17T21:31:11.680234+09:00
Payroll Loop,,,failed,False,2026-08-17T20:36:31.502472+09:00
Payroll Manager,4400.0,18.0,success,False,2026-08-17T20:48:21.583177+09:00
Payroll Map,,,failed,False,2026-08-17T21:32:23.259221+09:00
Payroll Meter,,,failed,False,2026-08-17T20:33:59.012811+09:00
Payroll Node,,,failed,False,2026-08-17T20:33:15.121215+09:00
Payroll Panel,10.0,14.0,success,False,2026-08-17T20:35:48.969093+09:00
Payroll Path,,,failed,False,2026-08-17T20:32:39.820797+09:00
Payroll Pilot,,,failed,False,2026-08-17T20:42:16.988485+09:00
Payroll Portal,60500.0,10.0,success,False,2026-08-17T20:37:45.876313+09:00
Payroll Pulse,,,failed,False,2026-08-17T20:34:36.732015+09:00
Payroll Radar,,,failed,False,2026-08-17T20:40:46.604989+09:00
Payroll Rail,,,failed,False,2026-08-17T20:37:01.636634+09:00
Payroll Relay,,,failed,False,2026-08-17T20:39:59.910293+09:00
Payroll Route,,,failed,False,2026-08-17T20:31:44.848533+09:00
Payroll Scale,27100.0,10.0,success,False,2026-08-17T20:32:53.240136+09:00
Payroll Sentry,,,failed,False,2026-08-17T21:31:46.266854+09:00
Payroll Signal,,,failed,False,2026-08-17T20:32:17.131006+09:00
Payroll Station,,,failed,False,2026-08-17T20:41:08.316613+09:00
Payroll Studio,,,failed,False,2026-08-17T20:42:46.441273+09:00
Payroll Sync,,,failed,False,2026-08-17T20:44:58.380838+09:00
Payroll Tracker,480.0,36.0,success,False,2026-08-17T20:45:54.147634+09:00
Payroll Trail,,,failed,False,2026-08-17T20:36:04.789698+09:00
Payroll Vault,6600.0,5.0,success,False,2026-08-17T20:39:05.666395+09:00
Payroll Wave,27100.0,4.0,success,False,2026-08-17T20:33:43.675774+09:00
Payroll Zone,,,failed,False,2026-08-17T20:38:35.163236+09:00
Perimeter Anchor,,,failed,False,2026-08-17T20:37:24.505740+09:00
Perimeter Atlas,,,failed,False,2026-08-17T21:37:21.496927+09:00
Perimeter Base,720.0,0.0,success,False,2026-08-17T21:33:36.085901+09:00
Perimeter Beacon,,,failed,False,2026-08-17T20:40:52.985789+09:00
Perimeter Board,390.0,1.0,success,False,2026-08-17T21:30:15.996537+09:00
Perimeter Bridge,10.0,0.0,success,False,2026-08-17T20:38:16.946588+09:00
Perimeter Cascade,,,failed,False,2026-08-17T20:39:13.606540+09:00
Perimeter Center,3600.0,4.0,success,False,2026-08-17T20:42:52.966707+09:00
Perimeter Chain,,,failed,False,2026-08-17T20:31:58.373055+09:00
Perimeter Compass,,,failed,False,2026-08-17T20:41:42.376478+09:00
Perimeter Console,10.0,0.0,success,False,2026-08-17T20:40:31.600880+09:00
Perimeter Core,,,failed,False,2026-08-17T21:32:33.876836+09:00
Perimeter Deck,,,failed,False,2026-08-17T20:47:58.336807+09:00
Perimeter Desk,,,failed,False,2026-08-17T20:45:15.345040+09:00
Perimeter Dial,,,failed,False,2026-08-17T20:38:43.149907+09:00
Perimeter Dock,,,failed,False,2026-08-17T20:35:00.475766+09:00
Perimeter Flow,,,failed,False,2026-08-17T20:48:31.729678+09:00
Perimeter Forge,,,failed,False,2026-08-17T20:40:06.808560+09:00
Perimeter Frame,590.0,0.0,success,False,2026-08-17T21:34:39.149688+09:00
Perimeter Gate,210.0,49.0,success,False,2026-08-17T21:40:41.309160+09:00
Perimeter Grid,210.0,1.0,success,False,2026-08-17T20:32:32.905502+09:00
Perimeter Guard,260.0,32.0,success,False,2026-08-17T21:33:08.992358+09:00
Perimeter Hub,,,failed,False,2026-08-17T20:47:16.621554+09:00
Perimeter Keeper,,,failed,False,2026-08-17T21:35:11.471835+09:00
Perimeter Lab,30.0,0.0,success,False,2026-08-17T20:45:42.370254+09:00
Perimeter Ledger,,,failed,False,2026-08-17T21:31:23.168898+09:00
Perimeter Lens,,,failed,False,2026-08-17T21:35:44.584576+09:00
Perimeter Lock,110.0,1.0,success,False,2026-08-17T21:37:55.576177+09:00
Perimeter Loop,140.0,0.0,success,False,2026-08-17T20:33:41.175079+09:00
Perimeter Manager,,,failed,False,2026-08-17T21:34:09.721109+09:00
Perimeter Map,880.0,0.0,success,False,2026-08-17T21:36:43.981322+09:00
Perimeter Meter,30.0,10.0,success,False,2026-08-17T20:37:57.626492+09:00
Perimeter Nexus,,,failed,False,2026-08-17T21:38:26.629916+09:00
Perimeter Node,,,failed,False,2026-08-17T21:41:53.145173+09:00
Perimeter Panel,20.0,10.0,success,False,2026-08-17T20:39:37.454360+09:00
Perimeter Path,70.0,1.0,success,False,2026-08-17T21:41:22.072079+09:00
Perimeter Pilot,10.0,3.0,success,False,2026-08-17T20:46:03.469899+09:00
Perimeter Point,170.0,6.0,success,False,2026-08-17T21:39:19.495692+09:00
Perimeter Portal,10.0,0.0,success,False,2026-08-17T20:41:15.125085+09:00
Perimeter Radar,90.0,39.0,success,False,2026-08-17T20:44:15.738532+09:00
Perimeter Rail,70.0,25.0,success,False,2026-08-17T20:34:08.377719+09:00
Perimeter Relay,,,failed,False,2026-08-17T20:43:25.230587+09:00
Perimeter Route,10.0,0.0,success,False,2026-08-17T20:35:59.491401+09:00
Perimeter Scale,20.0,0.0,success,False,2026-08-17T20:36:56.303275+09:00
Perimeter Scope,10.0,0.0,success,False,2026-08-17T20:34:33.124318+09:00
Perimeter Sentry,10.0,14.0,success,False,2026-08-17T21:36:20.278504+09:00
Perimeter Signal,,,failed,False,2026-08-17T20:36:22.753454+09:00
Perimeter Station,320.0,4.0,success,False,2026-08-17T20:44:37.629482+09:00
Perimeter Studio,50.0,22.0,success,False,2026-08-17T20:46:31.116711+09:00
Perimeter Sync,,,failed,False,2026-08-17T21:30:47.592348+09:00
Perimeter Tracker,,,failed,False,2026-08-17T21:31:56.784481+09:00
Perimeter Trail,2400.0,3.0,success,False,2026-08-17T20:33:08.305690+09:00
Perimeter Vault,,,failed,False,2026-08-17T20:42:24.319818+09:00
Perimeter Watch,90.0,4.0,success,False,2026-08-17T20:35:28.436030+09:00
Perimeter Zone,110.0,0.0,success,False,2026-08-17T20:42:04.175878+09:00
Permit Atlas,,,failed,False,2026-08-17T20:40:32.567080+09:00
Permit Base,,,failed,False,2026-08-17T20:37:26.547523+09:00
Permit Beacon,,,failed,False,2026-08-17T20:34:09.472739+09:00
Permit Board,320.0,69.0,success,False,2026-08-17T20:34:34.179062+09:00
Permit Cascade,,,failed,False,2026-08-17T20:31:59.985806+09:00
Permit Center,1000.0,2.0,success,False,2026-08-17T20:36:26.800121+09:00
Permit Chain,,,failed,False,2026-08-17T20:44:37.629482+09:00
Permit Compass,,,failed,False,2026-08-17T20:35:03.370957+09:00
Permit Console,,,failed,False,2026-08-17T20:33:42.611240+09:00
Permit Core,,,failed,False,2026-08-17T20:36:26.800121+09:00
Permit Deck,6600.0,3.0,success,False,2026-08-17T20:33:41.175079+09:00
Permit Dock,,,failed,False,2026-08-17T20:33:08.305690+09:00
Permit Flow,1900.0,13.0,success,False,2026-08-17T20:34:09.472739+09:00
Permit Forge,,,failed,False,2026-08-17T20:33:09.747000+09:00
Permit Frame,480.0,10.0,success,False,2026-08-17T20:38:19.209708+09:00
Permit Gate,,,failed,False,2026-08-17T20:42:06.946542+09:00
Permit Guard,,,failed,False,2026-08-17T20:36:59.320935+09:00
Permit Hub,480.0,20.0,success,False,2026-08-17T20:33:09.747000+09:00
Permit Insight,10.0,,success,False,2026-08-17T22:49:19.411310+09:00
Permit Keeper,,,failed,False,2026-08-17T20:38:46.053243+09:00
Permit Ledger,,,failed,False,2026-08-17T20:35:28.436030+09:00
Permit Lens,,,failed,False,2026-08-17T20:39:15.324728+09:00
Permit Lock,20.0,7.0,success,False,2026-08-17T20:40:52.985789+09:00
Permit Manager,260.0,6.0,success,False,2026-08-17T20:37:57.626492+09:00
Permit Map,140.0,1.0,success,False,2026-08-17T20:40:08.225876+09:00
Permit Metrics,,,failed,False,2026-08-17T22:51:27.768654+09:00
Permit Nexus,,,failed,False,2026-08-17T20:41:16.510977+09:00
Permit Node,,,failed,False,2026-08-17T20:42:52.966707+09:00
Permit Panel,10.0,71.0,success,False,2026-08-17T20:32:36.001496+09:00
Permit Path,30.0,7.0,success,False,2026-08-17T20:42:29.560038+09:00
Permit Pilot,20.0,6.0,success,False,2026-08-17T20:31:59.985806+09:00
Permit Point,720.0,10.0,success,False,2026-08-17T20:41:46.079279+09:00
Permit Portal,4400.0,0.0,success,True,2026-08-17T20:34:34.179062+09:00
Permit Pulse,10.0,10.0,success,False,2026-08-17T20:44:15.738532+09:00
Permit Rail,,,failed,False,2026-08-17T20:31:58.373055+09:00
Permit Relay,10.0,0.0,success,False,2026-08-17T20:36:59.320935+09:00
Permit Route,70.0,1.0,success,False,2026-08-17T20:34:08.377719+09:00
Permit Scale,,,failed,False,2026-08-17T20:35:00.475766+09:00
Permit Scope,,,failed,False,2026-08-17T20:32:32.905502+09:00
Permit Sentry,,,failed,False,2026-08-17T20:39:41.640400+09:00
Permit Signal,,,failed,False,2026-08-17T20:34:33.124318+09:00
Permit Studio,30.0,4.0,success,False,2026-08-17T20:32:36.001496+09:00
Permit Sync,10.0,10.0,success,False,2026-08-17T20:35:00.475766+09:00
Permit Tracker,1300.0,2.0,success,False,2026-08-17T20:36:00.761105+09:00
Permit Vault,,,failed,False,2026-08-17T20:36:00.761105+09:00
Permit Watch,,,failed,False,2026-08-17T20:33:41.175079+09:00
Permit Wave,10.0,0.0,success,False,2026-08-17T20:43:25.230587+09:00
Permit Zone,480.0,0.0,success,False,2026-08-17T20:35:32.317442+09:00
Pesticide Anchor,,,failed,False,2026-08-17T20:41:07.425187+09:00
Pesticide Base,,,failed,False,2026-08-17T21:38:10.743063+09:00
Pesticide Beacon,,,failed,False,2026-08-17T20:44:25.446111+09:00
Pesticide Board,260.0,5.0,success,False,2026-08-17T21:34:57.125142+09:00
Pesticide Bridge,,,failed,False,2026-08-17T20:41:57.166662+09:00
Pesticide Cascade,,,failed,False,2026-08-17T20:42:43.172174+09:00
Pesticide Center,70.0,19.0,success,False,2026-08-17T20:46:59.199715+09:00
Pesticide Chain,,,failed,False,2026-08-17T20:36:13.174234+09:00
Pesticide Compass,,,failed,False,2026-08-17T20:45:30.439940+09:00
Pesticide Console,,,failed,False,2026-08-17T20:44:06.631034+09:00
Pesticide Core,,,failed,False,2026-08-17T21:36:59.022364+09:00
Pesticide Deck,,,failed,False,2026-08-17T21:33:53.413747+09:00
Pesticide Desk,,,failed,False,2026-08-17T21:31:08.679950+09:00
Pesticide Dial,,,failed,False,2026-08-17T20:42:16.988485+09:00
Pesticide Dock,,,failed,False,2026-08-17T20:39:05.666395+09:00
Pesticide Flow,,,failed,False,2026-08-17T21:34:26.372304+09:00
Pesticide Forge,,,failed,False,2026-08-17T20:43:38.857738+09:00
Pesticide Frame,,,failed,False,2026-08-17T21:39:40.995935+09:00
Pesticide Gate,10.0,,success,False,2026-08-17T20:33:24.231963+09:00
Pesticide Grid,,,failed,False,2026-08-17T20:36:43.272468+09:00
Pesticide Guard,,,failed,False,2026-08-17T21:37:39.097196+09:00
Pesticide Hub,,,failed,False,2026-08-17T21:33:24.629057+09:00
Pesticide Keeper,,,failed,False,2026-08-17T21:41:07.674308+09:00
Pesticide Lab,4400.0,100.0,success,False,2026-08-17T21:31:44.399230+09:00
Pesticide Ledger,,,failed,False,2026-08-17T21:36:00.741055+09:00
Pesticide Lens,,,failed,False,2026-08-17T21:41:39.306179+09:00
Pesticide Lock,,,failed,False,2026-08-17T20:31:41.996994+09:00
Pesticide Loop,,,failed,False,2026-08-17T20:37:44.009684+09:00
Pesticide Manager,,,failed,False,2026-08-17T21:39:02.253193+09:00
Pesticide Meter,30.0,23.0,success,False,2026-08-17T20:41:30.101842+09:00
Pesticide Nexus,,,failed,False,2026-08-17T20:32:14.147491+09:00
Pesticide Node,,,failed,False,2026-08-17T20:34:20.444490+09:00
Pesticide Panel,,,failed,False,2026-08-17T20:43:12.470155+09:00
Pesticide Path,,,failed,False,2026-08-17T20:33:56.397010+09:00
Pesticide Pilot,,,failed,False,2026-08-17T21:32:20.148818+09:00
Pesticide Point,,,failed,False,2026-08-17T20:32:53.240136+09:00
Pesticide Portal,10.0,0.0,success,False,2026-08-17T20:44:58.380838+09:00
Pesticide Pulse,,,failed,False,2026-08-17T20:35:47.352548+09:00
Pesticide Radar,,,failed,False,2026-08-17T21:30:02.792774+09:00
Pesticide Rail,,,failed,False,2026-08-17T20:38:07.696860+09:00
Pesticide Relay,,,failed,False,2026-08-17T20:47:35.936558+09:00
Pesticide Route,,,failed,False,2026-08-17T20:39:57.613991+09:00
Pesticide Scale,,,failed,False,2026-08-17T20:40:45.689604+09:00
Pesticide Scope,,,failed,False,2026-08-17T20:38:33.752321+09:00
Pesticide Signal,,,failed,False,2026-08-17T20:40:21.350341+09:00
Pesticide Station,30.0,71.0,success,False,2026-08-17T21:30:37.005083+09:00
Pesticide Studio,,,failed,False,2026-08-17T21:32:57.336519+09:00
Pesticide Sync,,,failed,False,2026-08-17T21:35:30.145341+09:00
Pesticide Tracker,,,failed,False,2026-08-17T21:36:32.684484+09:00
Pesticide Trail,,,failed,False,2026-08-17T20:37:14.189830+09:00
Pesticide Vault,,,failed,False,2026-08-17T20:46:22.420312+09:00
Pesticide Watch,50.0,13.0,success,False,2026-08-17T20:39:28.862436+09:00
Pesticide Wave,,,failed,False,2026-08-17T20:34:44.892914+09:00
Pesticide Zone,,,failed,False,2026-08-17T20:45:52.903104+09:00
Pickup Engine,1600.0,4.0,success,False,2026-08-17T22:49:19.411310+09:00
Pipeline Anchor,1000.0,47.0,success,False,2026-08-17T20:35:35.063549+09:00
Pipeline Atlas,,,failed,False,2026-08-17T20:41:55.751231+09:00
Pipeline Base,,,failed,False,2026-08-17T20:39:04.557611+09:00
Pipeline Beacon,,,failed,False,2026-08-17T20:39:17.196343+09:00
Pipeline Board,390.0,2.0,success,False,2026-08-17T20:36:12.301778+09:00
Pipeline Bridge,2900.0,1.0,success,False,2026-08-17T20:36:28.708934+09:00
Pipeline Cascade,,,failed,False,2026-08-17T20:37:28.424048+09:00
Pipeline Compass,,,failed,False,2026-08-17T20:40:13.744558+09:00
Pipeline Console,,,failed,False,2026-08-17T20:38:48.292759+09:00
Pipeline Core,,,failed,False,2026-08-17T20:38:07.696860+09:00
Pipeline Deck,,,failed,False,2026-08-17T20:35:15.216607+09:00
Pipeline Desk,,,failed,False,2026-08-17T20:32:49.512310+09:00
Pipeline Dial,,,failed,False,2026-08-17T20:37:00.325562+09:00
Pipeline Dock,,,failed,False,2026-08-17T20:33:15.121215+09:00
Pipeline Flow,320.0,1.0,success,False,2026-08-17T20:35:45.912195+09:00
Pipeline Forge,10.0,2.0,success,False,2026-08-17T20:38:23.394205+09:00
Pipeline Frame,,,failed,False,2026-08-17T20:39:54.147287+09:00
Pipeline Gate,20.0,0.0,success,False,2026-08-17T20:43:36.337910+09:00
Pipeline Guard,10.0,0.0,success,False,2026-08-17T20:38:32.473394+09:00
Pipeline Hub,260.0,23.0,success,False,2026-08-17T20:34:44.892914+09:00
Pipeline Keeper,,,failed,False,2026-08-17T20:40:20.065990+09:00
Pipeline Lab,110.0,3.0,success,False,2026-08-17T20:33:23.313632+09:00
Pipeline Ledger,,,failed,False,2026-08-17T20:37:11.919122+09:00
Pipeline Lens,,,failed,False,2026-08-17T20:40:44.017242+09:00
Pipeline Lock,20.0,18.0,success,False,2026-08-17T20:42:15.711128+09:00
Pipeline Manager,320.0,10.0,success,False,2026-08-17T20:39:25.387216+09:00
Pipeline Map,1300.0,1.0,success,False,2026-08-17T20:41:27.066117+09:00
Pipeline Meter,40.0,5.0,success,False,2026-08-17T20:36:02.767132+09:00
Pipeline Monitor,20.0,3.0,success,False,2026-08-17T22:46:53.613180+09:00
Pipeline Nexus,,,failed,False,2026-08-17T20:42:43.172174+09:00
Pipeline Node,110.0,1.0,success,False,2026-08-17T20:44:24.451216+09:00
Pipeline Panel,,,failed,False,2026-08-17T20:37:59.877456+09:00
Pipeline Path,30.0,0.0,success,False,2026-08-17T20:44:06.631034+09:00
Pipeline Pilot,720.0,2.0,success,False,2026-08-17T20:33:54.236742+09:00
Pipeline Point,720.0,2.0,success,False,2026-08-17T20:43:09.097865+09:00
Pipeline Portal,50.0,5.0,success,False,2026-08-17T20:39:46.897200+09:00
Pipeline Pulse,30.0,1.0,success,False,2026-08-17T20:45:52.903104+09:00
Pipeline Radar,,,failed,False,2026-08-17T20:31:38.107939+09:00
Pipeline Rail,,,failed,False,2026-08-17T20:32:02.325008+09:00
Pipeline Route,480.0,2.0,success,False,2026-08-17T20:34:11.615000+09:00
Pipeline Scale,1300.0,6.0,success,False,2026-08-17T20:35:04.556306+09:00
Pipeline Scope,10.0,0.0,success,False,2026-08-17T20:32:39.820797+09:00
Pipeline Sentry,30.0,1.0,success,False,2026-08-17T20:41:06.345123+09:00
Pipeline Signal,10.0,0.0,success,False,2026-08-17T20:34:36.732015+09:00
Pipeline Station,170.0,2.0,success,False,2026-08-17T20:32:12.868338+09:00
Pipeline Studio,320.0,3.0,success,False,2026-08-17T20:34:19.305897+09:00
Pipeline Sync,20.0,5.0,success,False,2026-08-17T20:36:40.845127+09:00
Pipeline Tracker,4400.0,2.0,success,False,2026-08-17T20:37:39.748297+09:00
Pipeline Vault,10.0,0.0,success,False,2026-08-17T20:40:55.263419+09:00
Pipeline Watch,50.0,22.0,success,False,2026-08-17T20:33:43.675774+09:00
Pipeline Wave,1600.0,1.0,success,False,2026-08-17T20:44:54.516764+09:00
Pipeline Zone,,,failed,False,2026-08-17T20:40:34.523017+09:00
Placement Anchor,,,failed,False,2026-08-17T20:33:40.236931+09:00
Placement Atlas,70.0,1.0,success,False,2026-08-17T20:32:30.733040+09:00
Placement Base,,,failed,False,2026-08-17T20:47:58.336807+09:00
Placement Beacon,,,failed,False,2026-08-17T20:37:24.505740+09:00
Placement Board,70.0,21.0,success,False,2026-08-17T20:44:36.649130+09:00
Placement Bridge,20.0,2.0,success,False,2026-08-17T20:34:33.124318+09:00
Placement Cascade,,,failed,False,2026-08-17T20:35:28.436030+09:00
Placement Center,320.0,1.0,success,False,2026-08-17T20:39:37.454360+09:00
Placement Chain,,,failed,False,2026-08-17T20:37:21.758511+09:00
Placement Compass,,,failed,False,2026-08-17T20:38:16.946588+09:00
Placement Console,,,failed,False,2026-08-17T20:36:56.303275+09:00
Placement Core,,,failed,False,2026-08-17T20:46:31.116711+09:00
Placement Deck,,,failed,False,2026-08-17T20:43:51.758171+09:00
Placement Desk,90.0,17.0,success,False,2026-08-17T20:41:42.376478+09:00
Placement Dial,,,failed,False,2026-08-17T20:34:58.202084+09:00
Placement Flow,,,failed,False,2026-08-17T20:44:15.738532+09:00
Placement Forge,,,failed,False,2026-08-17T20:36:22.753454+09:00
Placement Frame,,,failed,False,2026-08-17T21:30:15.996537+09:00
Placement Gate,10.0,0.0,success,False,2026-08-17T20:34:31.529799+09:00
Placement Grid,30.0,0.0,success,False,2026-08-17T20:37:55.339961+09:00
Placement Guard,,,failed,False,2026-08-17T20:47:13.736905+09:00
Placement Hub,390.0,2.0,success,False,2026-08-17T20:43:25.230587+09:00
Placement Lab,,,failed,False,2026-08-17T20:42:04.175878+09:00
Placement Ledger,,,failed,False,2026-08-17T20:45:40.214755+09:00
Placement Lock,,,failed,False,2026-08-17T20:33:05.160713+09:00
Placement Loop,10.0,0.0,success,False,2026-08-17T20:38:41.975413+09:00
Placement Manager,170.0,1.0,success,False,2026-08-17T20:48:31.729678+09:00
Placement Map,70.0,0.0,success,False,2026-08-17T20:31:55.017364+09:00
Placement Meter,,,failed,False,2026-08-17T20:34:08.377719+09:00
Placement Nexus,,,failed,False,2026-08-17T20:33:36.115262+09:00
Placement Node,,,failed,False,2026-08-17T20:35:25.429619+09:00
Placement Ops,,,failed,False,2026-08-17T22:50:36.545244+09:00
Placement Panel,10.0,0.0,success,False,2026-08-17T20:35:59.491401+09:00
Placement Path,,,failed,False,2026-08-17T20:34:58.202084+09:00
Placement Pilot,10.0,0.0,success,False,2026-08-17T20:42:24.319818+09:00
Placement Point,480.0,1.0,success,False,2026-08-17T20:34:07.278551+09:00
Placement Portal,27100.0,0.0,success,True,2026-08-17T20:37:57.626492+09:00
Placement Pulse,140.0,0.0,success,False,2026-08-17T20:36:55.192509+09:00
Placement Radar,,,failed,False,2026-08-17T20:40:52.069695+09:00
Placement Rail,,,failed,False,2026-08-17T20:39:12.627798+09:00
Placement Relay,,,failed,False,2026-08-17T20:40:06.808560+09:00
Placement Route,10.0,,success,False,2026-08-17T20:31:58.373055+09:00
Placement Scale,,,failed,False,2026-08-17T20:33:08.305690+09:00
Placement Signal,,,failed,False,2026-08-17T20:32:32.905502+09:00
Placement Station,,,failed,False,2026-08-17T20:41:15.125085+09:00
Placement Studio,140.0,1.0,success,False,2026-08-17T20:42:52.966707+09:00
Placement Sync,,,failed,False,2026-08-17T20:45:15.345040+09:00
Placement Tracker,590.0,0.0,success,False,2026-08-17T20:46:03.469899+09:00
Placement Trail,,,failed,False,2026-08-17T20:38:14.865229+09:00
Placement Vault,,,failed,False,2026-08-17T20:39:13.606540+09:00
Placement Wave,,,failed,False,2026-08-17T20:35:55.625501+09:00
Placement Zone,50.0,0.0,success,False,2026-08-17T20:38:43.149907+09:00
Pledge Anchor,,,failed,False,2026-08-17T20:44:54.516764+09:00
Pledge Atlas,,,failed,False,2026-08-17T20:35:45.912195+09:00
Pledge Base,,,failed,False,2026-08-17T20:32:12.868338+09:00
Pledge Beacon,,,failed,False,2026-08-17T21:30:33.048254+09:00
Pledge Board,590.0,1.0,success,False,2026-08-17T21:41:04.521769+09:00
Pledge Bridge,,,failed,False,2026-08-17T20:45:51.407426+09:00
Pledge Cascade,,,failed,False,2026-08-17T20:46:56.962156+09:00
Pledge Center,,,failed,False,2026-08-17T21:33:22.663564+09:00
Pledge Chain,,,failed,False,2026-08-17T20:40:20.065990+09:00
Pledge Compass,,,failed,False,2026-08-17T21:31:41.054400+09:00
Pledge Console,,,failed,False,2026-08-17T21:30:00.229933+09:00
Pledge Deck,,,failed,False,2026-08-17T21:38:46.123803+09:00
Pledge Desk,,,failed,False,2026-08-17T21:35:58.459168+09:00
Pledge Dial,,,failed,False,2026-08-17T20:46:20.020027+09:00
Pledge Dock,,,failed,False,2026-08-17T20:42:41.908187+09:00
Pledge Flow,,,failed,False,2026-08-17T21:39:37.908878+09:00
Pledge Forge,,,failed,False,2026-08-17T20:48:15.314618+09:00
Pledge Frame,,,failed,False,2026-08-17T20:33:23.313632+09:00
Pledge Gate,,,failed,False,2026-08-17T20:37:39.748297+09:00
Pledge Grid,,,failed,False,2026-08-17T20:40:44.017242+09:00
Pledge Guard,,,failed,False,2026-08-17T20:31:38.107939+09:00
Pledge Hub,10.0,1.0,success,False,2026-08-17T21:38:08.965654+09:00
Pledge Keeper,,,failed,False,2026-08-17T20:33:51.962760+09:00
Pledge Lab,,,failed,False,2026-08-17T21:36:30.682605+09:00
Pledge Lens,,,failed,False,2026-08-17T20:34:19.305897+09:00
Pledge Lock,,,failed,False,2026-08-17T20:36:12.301778+09:00
Pledge Loop,10.0,,success,False,2026-08-17T20:41:27.066117+09:00
Pledge Manager,3600.0,4.0,success,False,2026-08-17T20:32:47.475978+09:00
Pledge Map,,,failed,False,2026-08-17T20:35:12.658616+09:00
Pledge Meter,30.0,0.0,success,False,2026-08-17T20:45:28.437462+09:00
Pledge Nexus,10.0,0.0,success,False,2026-08-17T20:36:40.845127+09:00
Pledge Node,,,failed,False,2026-08-17T20:38:32.473394+09:00
Pledge Panel,10.0,0.0,success,False,2026-08-17T20:47:35.936558+09:00
Pledge Path,30.0,1.0,success,False,2026-08-17T20:38:06.157627+09:00
Pledge Pilot,,,failed,False,2026-08-17T21:36:57.018160+09:00
Pledge Point,40.0,0.0,success,False,2026-08-17T20:37:11.919122+09:00
Pledge Portal,110.0,0.0,success,False,2026-08-17T21:31:05.600589+09:00
Pledge Pulse,,,failed,False,2026-08-17T20:39:54.147287+09:00
Pledge Radar,,,failed,False,2026-08-17T21:34:55.256705+09:00
Pledge Rail,,,failed,False,2026-08-17T20:41:55.751231+09:00
Pledge Relay,,,failed,False,2026-08-17T21:33:48.082783+09:00
Pledge Route,,,failed,False,2026-08-17T20:43:36.337910+09:00
Pledge Scale,,,failed,False,2026-08-17T20:44:24.451216+09:00
Pledge Scope,,,failed,False,2026-08-17T20:42:15.711128+09:00
Pledge Sentry,,,failed,False,2026-08-17T20:34:43.926118+09:00
Pledge Signal,,,failed,False,2026-08-17T20:44:04.848400+09:00
Pledge Station,,,failed,False,2026-08-17T21:35:24.685319+09:00
Pledge Studio,,,failed,False,2026-08-17T21:37:36.095439+09:00
Pledge Sync,,,failed,False,2026-08-17T21:41:36.452024+09:00
Pledge Trail,,,failed,False,2026-08-17T20:41:06.345123+09:00
Pledge Vault,,,failed,False,2026-08-17T21:32:53.372558+09:00
Pledge Watch,10.0,0.0,success,False,2026-08-17T20:43:09.097865+09:00
Pledge Wave,,,failed,False,2026-08-17T20:39:04.557611+09:00
Pledge Zone,,,failed,False,2026-08-17T21:32:17.170130+09:00
Policy Anchor,10.0,0.0,success,False,2026-08-17T20:48:34.410191+09:00
Policy Atlas,50.0,4.0,success,False,2026-08-17T20:38:43.149907+09:00
Policy Base,170.0,0.0,success,False,2026-08-17T20:35:28.436030+09:00
Policy Beacon,,,failed,False,2026-08-17T21:34:09.721109+09:00
Policy Board,140.0,0.0,success,False,2026-08-17T20:32:36.001496+09:00
Policy Bridge,110.0,0.0,success,False,2026-08-17T21:30:47.592348+09:00
Policy Cascade,,,failed,False,2026-08-17T21:31:59.895065+09:00
Policy Center,1300.0,1.0,success,False,2026-08-17T21:36:43.981322+09:00
Policy Chain,,,failed,False,2026-08-17T20:42:52.966707+09:00
Policy Compass,70.0,0.0,success,False,2026-08-17T21:35:14.152571+09:00
Policy Console,10.0,0.0,success,False,2026-08-17T21:33:36.085901+09:00
Policy Core,10.0,1.0,success,False,2026-08-17T20:34:34.179062+09:00
Policy Desk,50.0,0.0,success,False,2026-08-17T21:40:41.309160+09:00
Policy Dial,,,failed,False,2026-08-17T21:31:28.023870+09:00
Policy Dock,10.0,25.0,success,False,2026-08-17T20:45:42.370254+09:00
Policy Flow,90.0,5.0,success,False,2026-08-17T20:31:59.985806+09:00
Policy Forge,30.0,1.0,success,False,2026-08-17T21:33:08.992358+09:00
Policy Frame,140.0,0.0,success,False,2026-08-17T20:36:26.800121+09:00
Policy Gate,20.0,1.0,success,False,2026-08-17T20:40:32.567080+09:00
Policy Grid,10.0,0.0,success,False,2026-08-17T20:43:25.230587+09:00
Policy Guard,30.0,14.0,success,False,2026-08-17T20:35:00.475766+09:00
Policy Keeper,20.0,5.0,success,False,2026-08-17T20:36:59.320935+09:00
Policy Lab,1600.0,0.0,success,True,2026-08-17T21:41:22.072079+09:00
Policy Ledger,,,failed,False,2026-08-17T20:33:41.175079+09:00
Policy Lens,50.0,0.0,success,False,2026-08-17T20:37:26.547523+09:00
Policy Lock,10.0,0.0,success,False,2026-08-17T20:39:15.324728+09:00
Policy Loop,10.0,7.0,success,False,2026-08-17T20:44:15.738532+09:00
Policy Manager,1300.0,3.0,success,False,2026-08-17T20:36:00.761105+09:00
Policy Map,2900.0,3.0,success,False,2026-08-17T20:38:19.209708+09:00
Policy Meter,10.0,25.0,success,False,2026-08-17T21:30:15.996537+09:00
Policy Monitor,590.0,61.0,success,False,2026-08-17T22:51:27.768654+09:00
Policy Nexus,50.0,0.0,success,False,2026-08-17T20:39:41.640400+09:00
Policy Node,,,failed,False,2026-08-17T20:41:16.510977+09:00
Policy Panel,20.0,0.0,success,False,2026-08-17T21:32:33.876836+09:00
Policy Path,40.0,0.0,success,False,2026-08-17T20:40:52.985789+09:00
Policy Point,260.0,3.0,success,False,2026-08-17T20:40:08.225876+09:00
Policy Portal,1300.0,1.0,success,False,2026-08-17T21:34:39.149688+09:00
Policy Pulse,260.0,0.0,success,False,2026-08-17T20:42:29.560038+09:00
Policy Radar,30.0,0.0,success,False,2026-08-17T21:38:29.386806+09:00
Policy Rail,,,failed,False,2026-08-17T20:44:37.629482+09:00
Policy Relay,,,failed,False,2026-08-17T21:37:21.496927+09:00
Policy Route,1900.0,1.0,success,False,2026-08-17T20:46:42.242736+09:00
Policy Scale,20.0,0.0,success,False,2026-08-17T20:47:58.336807+09:00
Policy Scope,390.0,0.0,success,False,2026-08-17T20:45:16.547101+09:00
Policy Sentry,40.0,4.0,success,False,2026-08-17T20:37:57.626492+09:00
Policy Signal,,,failed,False,2026-08-17T20:47:16.621554+09:00
Policy Station,1000000.0,1.0,success,False,2026-08-17T21:39:19.495692+09:00
Policy Sync,30.0,0.0,success,False,2026-08-17T20:33:09.747000+09:00
Policy Tracker,1600.0,5.0,success,False,2026-08-17T20:34:09.472739+09:00
Policy Trail,,,failed,False,2026-08-17T20:43:55.064759+09:00
Policy Vault,90.0,2.0,success,False,2026-08-17T21:36:20.278504+09:00
Policy Watch,880.0,5.0,success,False,2026-08-17T20:46:03.469899+09:00
Policy Wave,210.0,21.0,success,False,2026-08-17T20:41:46.079279+09:00
Policy Zone,50.0,2.0,success,False,2026-08-17T21:35:44.584576+09:00
Port Keeper,10.0,0.0,success,False,2026-08-17T22:51:27.768654+09:00
Premium Anchor,,,failed,False,2026-08-17T20:45:45.792269+09:00
Premium Atlas,30.0,10.0,success,False,2026-08-17T20:36:28.708934+09:00
Premium Base,1300.0,82.0,success,False,2026-08-17T20:33:10.817795+09:00
Premium Beacon,,,failed,False,2026-08-17T21:31:28.023870+09:00
Premium Bridge,40.0,0.0,success,False,2026-08-17T20:46:42.242736+09:00
Premium Cascade,,,failed,False,2026-08-17T20:48:00.384731+09:00
Premium Center,27100.0,2.0,success,False,2026-08-17T21:34:12.134068+09:00
Premium Chain,90.0,92.0,success,False,2026-08-17T20:40:53.994191+09:00
Premium Compass,70.0,100.0,success,False,2026-08-17T21:32:36.544768+09:00
Premium Console,40.0,50.0,success,False,2026-08-17T21:30:50.388708+09:00
Premium Core,70.0,37.0,success,False,2026-08-17T20:32:00.957216+09:00
Premium Deck,1300.0,64.0,success,False,2026-08-17T21:40:47.686331+09:00
Premium Desk,320.0,100.0,success,False,2026-08-17T21:36:47.272145+09:00
Premium Dial,,,failed,False,2026-08-17T20:47:19.659128+09:00
Premium Dock,90.0,41.0,success,False,2026-08-17T20:43:26.313536+09:00
Premium Flow,110.0,4.0,success,False,2026-08-17T21:41:25.564008+09:00
Premium Forge,,,failed,False,2026-08-17T21:30:18.085086+09:00
Premium Frame,480.0,56.0,success,False,2026-08-17T20:34:11.615000+09:00
Premium Gate,260.0,24.0,success,False,2026-08-17T20:38:21.061174+09:00
Premium Grid,20.0,1.0,success,False,2026-08-17T20:41:17.748242+09:00
Premium Guard,1900.0,6.0,success,False,2026-08-17T20:32:38.453320+09:00
Premium Hub,1000.0,0.0,success,True,2026-08-17T21:39:22.624237+09:00
Premium Keeper,,,failed,False,2026-08-17T20:34:35.742752+09:00
Premium Lab,2400.0,6.0,success,False,2026-08-17T21:37:24.355362+09:00
Premium Lens,1000.0,26.0,success,False,2026-08-17T20:35:03.370957+09:00
Premium Lock,320.0,48.0,success,False,2026-08-17T20:37:00.325562+09:00
Premium Loop,30.0,2.0,success,False,2026-08-17T20:42:08.223187+09:00
Premium Manager,30.0,0.0,success,False,2026-08-17T20:33:42.611240+09:00
Premium Map,320.0,11.0,success,False,2026-08-17T20:36:02.767132+09:00
Premium Meter,,,failed,False,2026-08-17T20:46:04.855118+09:00
Premium Nexus,3600.0,0.0,success,True,2026-08-17T20:37:28.424048+09:00
Premium Node,,,failed,False,2026-08-17T20:39:17.196343+09:00
Premium Panel,1000.0,6.0,success,False,2026-08-17T20:48:34.410191+09:00
Premium Path,,,failed,False,2026-08-17T20:38:46.053243+09:00
Premium Pilot,,,failed,False,2026-08-17T21:37:57.485180+09:00
Premium Point,2400.0,2.0,success,False,2026-08-17T20:37:58.727524+09:00
Premium Portal,14800.0,0.0,success,True,2026-08-17T21:31:59.895065+09:00
Premium Pulse,140.0,4.0,success,False,2026-08-17T20:40:33.502804+09:00
Premium Radar,,,failed,False,2026-08-17T21:35:46.466784+09:00
Premium Rail,30.0,20.0,success,False,2026-08-17T20:42:29.560038+09:00
Premium Relay,10.0,0.0,success,False,2026-08-17T21:34:42.632014+09:00
Premium Route,30.0,1.0,success,False,2026-08-17T20:44:17.126543+09:00
Premium Scale,50.0,51.0,success,False,2026-08-17T20:45:16.547101+09:00
Premium Scope,,,failed,False,2026-08-17T20:42:54.961047+09:00
Premium Sentry,,,failed,False,2026-08-17T20:35:32.317442+09:00
Premium Signal,320.0,15.0,success,False,2026-08-17T20:44:38.858684+09:00
Premium Station,320.0,8.0,success,False,2026-08-17T21:36:22.095100+09:00
Premium Studio,880.0,3.0,success,False,2026-08-17T21:38:29.386806+09:00
Premium Trail,40.0,0.0,success,False,2026-08-17T20:41:47.517366+09:00
Premium Vault,140.0,1.0,success,False,2026-08-17T21:33:37.652467+09:00
Premium Watch,18100.0,95.0,success,False,2026-08-17T20:43:56.267353+09:00
Premium Wave,110.0,4.0,success,False,2026-08-17T20:39:43.687132+09:00
Premium Zone,1900.0,1.0,success,False,2026-08-17T21:33:10.630129+09:00
Preplanning Forge,,,failed,False,2026-08-17T22:51:27.768654+09:00
Prescription Anchor,,,failed,False,2026-08-17T21:41:39.306179+09:00
Prescription Atlas,,,failed,False,2026-08-17T20:47:35.936558+09:00
Prescription Base,,,failed,False,2026-08-17T20:44:06.631034+09:00
Prescription Beacon,,,failed,False,2026-08-17T20:33:54.236742+09:00
Prescription Board,20.0,0.0,success,False,2026-08-17T20:41:27.066117+09:00
Prescription Cascade,260.0,0.0,success,False,2026-08-17T20:31:38.107939+09:00
Prescription Center,2900.0,3.0,success,False,2026-08-17T20:36:12.301778+09:00
Prescription Chain,,,failed,False,2026-08-17T21:34:26.372304+09:00
Prescription Compass,,,failed,False,2026-08-17T20:34:44.892914+09:00
Prescription Console,,,failed,False,2026-08-17T20:33:24.231963+09:00
Prescription Core,,,failed,False,2026-08-17T20:43:12.470155+09:00
Prescription Deck,,,failed,False,2026-08-17T20:40:44.017242+09:00
Prescription Desk,,,failed,False,2026-08-17T20:38:33.752321+09:00
Prescription Dock,,,failed,False,2026-08-17T21:37:39.097196+09:00
Prescription Flow,,,failed,False,2026-08-17T20:41:06.345123+09:00
Prescription Forge,,,failed,False,2026-08-17T20:32:49.512310+09:00
Prescription Frame,1000.0,100.0,success,False,2026-08-17T20:44:54.516764+09:00
Prescription Gate,,,failed,False,2026-08-17T21:31:05.600589+09:00
Prescription Grid,,,failed,False,2026-08-17T21:34:57.125142+09:00
Prescription Guard,,,failed,False,2026-08-17T20:43:36.337910+09:00
Prescription Hub,90.0,6.0,success,False,2026-08-17T20:40:20.065990+09:00
Prescription Keeper,,,failed,False,2026-08-17T20:45:30.439940+09:00
Prescription Lab,5400.0,100.0,success,False,2026-08-17T20:39:04.557611+09:00
Prescription Ledger,,,failed,False,2026-08-17T20:42:15.711128+09:00
Prescription Lens,9900.0,85.0,success,False,2026-08-17T20:45:52.903104+09:00
Prescription Lock,10.0,78.0,success,False,2026-08-17T20:48:15.314618+09:00
Prescription Loop,,,failed,False,2026-08-17T21:36:00.741055+09:00
Prescription Manager,40.0,16.0,success,False,2026-08-17T20:44:24.451216+09:00
Prescription Map,140.0,0.0,success,False,2026-08-17T20:46:59.199715+09:00
Prescription Nexus,,,failed,False,2026-08-17T21:30:00.229933+09:00
Prescription Node,,,failed,False,2026-08-17T21:32:17.170130+09:00
Prescription Panel,,,failed,False,2026-08-17T20:32:12.868338+09:00
Prescription Path,,,failed,False,2026-08-17T21:31:41.054400+09:00
Prescription Pilot,,,failed,False,2026-08-17T20:39:25.387216+09:00
Prescription Point,,,failed,False,2026-08-17T21:30:33.048254+09:00
Prescription Portal,590.0,1.0,success,False,2026-08-17T20:34:19.305897+09:00
Prescription Pulse,30.0,0.0,success,False,2026-08-17T21:33:53.413747+09:00
Prescription Radar,10.0,90.0,success,False,2026-08-17T20:37:39.748297+09:00
Prescription Rail,,,failed,False,2026-08-17T21:36:30.682605+09:00
Prescription Relay,,,failed,False,2026-08-17T20:36:40.845127+09:00
Prescription Route,10.0,0.0,success,False,2026-08-17T21:38:46.123803+09:00
Prescription Scale,110.0,14.0,success,False,2026-08-17T21:41:07.674308+09:00
Prescription Scope,10.0,0.0,success,False,2026-08-17T21:36:59.022364+09:00
Prescription Sentry,,,failed,False,2026-08-17T20:46:20.020027+09:00
Prescription Signal,,,failed,False,2026-08-17T21:39:37.908878+09:00
Prescription Station,10.0,0.0,success,False,2026-08-17T20:38:07.696860+09:00
Prescription Studio,10.0,3.0,success,False,2026-08-17T20:39:54.147287+09:00
Prescription Sync,,,failed,False,2026-08-17T20:41:55.751231+09:00
Prescription Tracker,4400.0,1.0,success,False,2026-08-17T20:42:43.172174+09:00
Prescription Trail,,,failed,False,2026-08-17T21:35:24.685319+09:00
Prescription Vault,10.0,0.0,success,False,2026-08-17T20:35:45.912195+09:00
Prescription Watch,10.0,24.0,success,False,2026-08-17T21:38:10.743063+09:00
Prescription Wave,,,failed,False,2026-08-17T21:32:53.372558+09:00
Prescription Zone,,,failed,False,2026-08-17T20:35:15.216607+09:00
Pricing Path,,,failed,False,2026-08-17T22:49:19.411310+09:00
Prior Anchor,,,failed,False,2026-08-17T20:39:18.247368+09:00
Prior Atlas,,,failed,False,2026-08-17T21:40:49.556938+09:00
Prior Base,,,failed,False,2026-08-17T21:35:49.618076+09:00
Prior Beacon,,,failed,False,2026-08-17T20:42:32.290659+09:00
Prior Board,20.0,0.0,success,False,2026-08-17T21:32:40.946824+09:00
Prior Bridge,,,failed,False,2026-08-17T20:40:13.744558+09:00
Prior Cascade,,,failed,False,2026-08-17T20:40:55.263419+09:00
Prior Center,20.0,0.0,success,False,2026-08-17T20:44:43.054193+09:00
Prior Chain,,,failed,False,2026-08-17T20:34:15.100698+09:00
Prior Compass,,,failed,False,2026-08-17T20:43:29.254301+09:00
Prior Console,,,failed,False,2026-08-17T20:42:10.144192+09:00
Prior Core,,,failed,False,2026-08-17T21:34:46.886716+09:00
Prior Deck,,,failed,False,2026-08-17T21:31:30.369012+09:00
Prior Desk,,,failed,False,2026-08-17T20:47:23.581270+09:00
Prior Dial,,,failed,False,2026-08-17T20:40:34.523017+09:00
Prior Dock,,,failed,False,2026-08-17T20:37:01.636634+09:00
Prior Flow,10.0,0.0,success,False,2026-08-17T21:32:03.436124+09:00
Prior Forge,,,failed,False,2026-08-17T20:41:48.704350+09:00
Prior Frame,,,failed,False,2026-08-17T21:36:50.527973+09:00
Prior Grid,,,failed,False,2026-08-17T20:34:36.732015+09:00
Prior Guard,,,failed,False,2026-08-17T21:35:16.200596+09:00
Prior Hub,30.0,17.0,success,False,2026-08-17T21:30:53.341117+09:00
Prior Keeper,,,failed,False,2026-08-17T21:37:24.355362+09:00
Prior Lab,110.0,0.0,success,False,2026-08-17T20:48:02.919436+09:00
Prior Ledger,,,failed,False,2026-08-17T21:33:40.096792+09:00
Prior Lens,,,failed,False,2026-08-17T21:38:00.601683+09:00
Prior Lock,,,failed,False,2026-08-17T21:41:28.759770+09:00
Prior Loop,,,failed,False,2026-08-17T20:35:35.063549+09:00
Prior Manager,20.0,0.0,success,False,2026-08-17T21:36:22.095100+09:00
Prior Map,10.0,0.0,success,False,2026-08-17T21:39:22.624237+09:00
Prior Meter,,,failed,False,2026-08-17T20:39:46.897200+09:00
Prior Node,,,failed,False,2026-08-17T20:32:02.325008+09:00
Prior Panel,,,failed,False,2026-08-17T20:41:19.373388+09:00
Prior Pilot,,,failed,False,2026-08-17T20:48:37.567206+09:00
Prior Portal,10.0,0.0,success,False,2026-08-17T20:42:59.992193+09:00
Prior Pulse,,,failed,False,2026-08-17T20:33:43.675774+09:00
Prior Radar,,,failed,False,2026-08-17T20:46:07.350212+09:00
Prior Rail,,,failed,False,2026-08-17T20:36:04.789698+09:00
Prior Relay,,,failed,False,2026-08-17T20:45:18.923986+09:00
Prior Route,,,failed,False,2026-08-17T20:37:59.877456+09:00
Prior Scale,,,failed,False,2026-08-17T20:38:48.292759+09:00
Prior Scope,,,failed,False,2026-08-17T20:36:31.502472+09:00
Prior Sentry,,,failed,False,2026-08-17T21:38:32.905021+09:00
Prior Signal,10.0,0.0,success,False,2026-08-17T20:38:23.394205+09:00
Prior Station,,,failed,False,2026-08-17T20:46:46.837602+09:00
Prior Studio,10.0,0.0,success,False,2026-08-17T21:30:22.425092+09:00
Prior Sync,,,failed,False,2026-08-17T21:33:13.463030+09:00
Prior Tracker,,,failed,False,2026-08-17T21:34:15.444697+09:00
Prior Trail,,,failed,False,2026-08-17T20:35:04.556306+09:00
Prior Vault,,,failed,False,2026-08-17T20:44:20.013961+09:00
Prior Watch,40.0,7.0,success,False,2026-08-17T20:37:29.909330+09:00
Prior Wave,,,failed,False,2026-08-17T20:32:39.820797+09:00
Prior Zone,,,failed,False,2026-08-17T20:43:56.267353+09:00
Production Anchor,,,failed,False,2026-08-17T21:36:20.278504+09:00
Production Atlas,10.0,0.0,success,False,2026-08-17T20:43:55.064759+09:00
Production Base,1600.0,4.0,success,False,2026-08-17T20:40:52.985789+09:00
Production Board,720.0,67.0,success,False,2026-08-17T20:38:19.209708+09:00
Production Bridge,20.0,0.0,success,False,2026-08-17T21:37:21.496927+09:00
Production Cascade,,,failed,False,2026-08-17T21:38:29.386806+09:00
Production Center,590.0,2.0,success,False,2026-08-17T20:32:36.001496+09:00
Production Chain,201000.0,10.0,success,False,2026-08-17T21:30:15.996537+09:00
Production Companion,,,failed,False,2026-08-17T22:51:32.586910+09:00
Production Console,90.0,55.0,success,False,2026-08-17T21:41:22.072079+09:00
Production Core,30.0,0.0,success,False,2026-08-17T20:40:08.225876+09:00
Production Deck,140.0,32.0,success,False,2026-08-17T20:37:26.547523+09:00
Production Desk,320.0,100.0,success,False,2026-08-17T20:35:00.475766+09:00
Production Dial,,,failed,False,2026-08-17T21:37:55.576177+09:00
Production Dock,,,failed,False,2026-08-17T21:33:36.085901+09:00
Production Flow,1600.0,4.0,success,False,2026-08-17T20:37:58.727524+09:00
Production Forge,,,failed,False,2026-08-17T21:40:41.309160+09:00
Production Frame,,,failed,False,2026-08-17T20:41:46.079279+09:00
Production Gate,170.0,1.0,success,False,2026-08-17T20:45:42.370254+09:00
Production Grid,40.0,1.0,success,False,2026-08-17T21:30:50.388708+09:00
Production Guard,,,failed,False,2026-08-17T20:40:32.567080+09:00
Production Hub,6600.0,12.0,success,False,2026-08-17T20:36:59.320935+09:00
Production Keeper,,,failed,False,2026-08-17T20:42:06.946542+09:00
Production Lab,390.0,1.0,success,False,2026-08-17T20:35:32.317442+09:00
Production Ledger,20.0,0.0,success,False,2026-08-17T20:39:15.324728+09:00
Production Lens,90.0,0.0,success,False,2026-08-17T20:42:29.560038+09:00
Production Lock,10.0,0.0,success,False,2026-08-17T20:44:17.126543+09:00
Production Loop,70.0,23.0,success,False,2026-08-17T21:31:59.895065+09:00
Production Manager,90500.0,12.0,success,False,2026-08-17T20:41:16.510977+09:00
Production Map,210.0,1.0,success,False,2026-08-17T20:43:25.230587+09:00
Production Meter,140.0,22.0,success,False,2026-08-17T21:36:47.272145+09:00
Production Nexus,,,failed,False,2026-08-17T20:44:37.629482+09:00
Production Node,40.0,3.0,success,False,2026-08-17T20:46:42.242736+09:00
Production Panel,30.0,3.0,success,False,2026-08-17T21:39:19.495692+09:00
Production Path,50.0,6.0,success,False,2026-08-17T20:46:03.469899+09:00
Production Pilot,30.0,0.0,success,False,2026-08-17T20:36:00.761105+09:00
Production Point,390.0,2.0,success,False,2026-08-17T20:45:16.547101+09:00
Production Pulse,30.0,0.0,success,False,2026-08-17T20:48:34.410191+09:00
Production Radar,,,failed,False,2026-08-17T20:34:09.472739+09:00
Production Rail,,,failed,False,2026-08-17T21:32:36.544768+09:00
Production Relay,30.0,61.0,success,False,2026-08-17T20:33:09.747000+09:00
Production Route,30.0,2.0,success,False,2026-08-17T21:34:39.149688+09:00
Production Scale,1900.0,99.0,success,False,2026-08-17T21:35:44.584576+09:00
Production Scope,30.0,0.0,success,False,2026-08-17T21:33:08.992358+09:00
Production Sentry,,,failed,False,2026-08-17T20:42:54.961047+09:00
Production Signal,,,failed,False,2026-08-17T21:35:14.152571+09:00
Production Station,260.0,6.0,success,False,2026-08-17T20:34:34.179062+09:00
Production Studio,2900.0,12.0,success,False,2026-08-17T20:36:26.800121+09:00
Production Sync,10.0,2.0,success,False,2026-08-17T20:38:46.053243+09:00
Production Tracker,880.0,31.0,success,False,2026-08-17T20:39:41.640400+09:00
Production Trail,,,failed,False,2026-08-17T21:31:28.023870+09:00
Production Vault,170.0,0.0,success,False,2026-08-17T20:31:59.985806+09:00
Production Watch,90.0,5.0,success,False,2026-08-17T21:34:09.721109+09:00
Production Wave,,,failed,False,2026-08-17T20:47:16.621554+09:00
Property Anchor,,,failed,False,2026-08-17T20:42:32.290659+09:00
Property Atlas,90.0,5.0,success,False,2026-08-17T20:33:15.121215+09:00
Property Base,1000.0,16.0,success,False,2026-08-17T21:41:28.759770+09:00
Property Beacon,170.0,0.0,success,False,2026-08-17T20:46:07.350212+09:00
Property Board,480.0,3.0,success,False,2026-08-17T21:36:50.527973+09:00
Property Bridge,880.0,26.0,success,False,2026-08-17T20:43:29.254301+09:00
Property Cascade,,,failed,False,2026-08-17T20:44:20.013961+09:00
Property Center,2400.0,9.0,success,False,2026-08-17T21:30:22.425092+09:00
Property Chain,720.0,53.0,success,False,2026-08-17T20:38:02.236902+09:00
Property Compass,50.0,5.0,success,False,2026-08-17T20:47:23.581270+09:00
Property Console,,,failed,False,2026-08-17T20:45:46.874737+09:00
Property Core,50.0,4.0,success,False,2026-08-17T21:39:22.624237+09:00
Property Deck,50.0,1.0,success,False,2026-08-17T21:35:49.618076+09:00
Property Desk,720.0,12.0,success,False,2026-08-17T21:33:13.463030+09:00
Property Dial,20.0,1.0,success,False,2026-08-17T20:43:57.612589+09:00
Property Dock,,,failed,False,2026-08-17T20:40:34.523017+09:00
Property Flow,260.0,8.0,success,False,2026-08-17T21:36:24.237197+09:00
Property Forge,,,failed,False,2026-08-17T20:45:18.923986+09:00
Property Gate,390.0,100.0,success,False,2026-08-17T20:35:04.556306+09:00
Property Grid,390.0,4.0,success,False,2026-08-17T20:38:23.394205+09:00
Property Guard,170.0,9.0,success,False,2026-08-17T21:40:49.556938+09:00
Property Hub,27100.0,13.0,success,False,2026-08-17T21:35:16.200596+09:00
Property Lab,1900.0,3.0,success,False,2026-08-17T21:33:40.096792+09:00
Property Ledger,110.0,18.0,success,False,2026-08-17T21:38:00.601683+09:00
Property Lock,170.0,40.0,success,False,2026-08-17T20:33:43.675774+09:00
Property Loop,880.0,12.0,success,False,2026-08-17T20:39:18.247368+09:00
Property Map,6600.0,20.0,success,False,2026-08-17T20:32:39.820797+09:00
Property Meter,40.0,13.0,success,False,2026-08-17T20:42:59.992193+09:00
Property Nexus,170.0,3.0,success,False,2026-08-17T20:34:15.100698+09:00
Property Node,50.0,0.0,success,False,2026-08-17T20:36:04.789698+09:00
Property Panel,880.0,2.0,success,False,2026-08-17T20:44:43.054193+09:00
Property Path,210.0,1.0,success,False,2026-08-17T20:35:36.002153+09:00
Property Pilot,320.0,28.0,success,False,2026-08-17T21:34:15.444697+09:00
Property Point,2900.0,2.0,success,False,2026-08-17T20:34:36.732015+09:00
Property Portal,2400.0,16.0,success,False,2026-08-17T20:46:46.837602+09:00
Property Pulse,720.0,6.0,success,False,2026-08-17T20:37:29.909330+09:00
Property Radar,12100.0,53.0,success,False,2026-08-17T21:32:03.436124+09:00
Property Rail,,,failed,False,2026-08-17T20:39:46.897200+09:00
Property Relay,,,failed,False,2026-08-17T21:30:53.341117+09:00
Property Route,320.0,1.0,success,False,2026-08-17T20:41:19.373388+09:00
Property Scale,260.0,90.0,success,False,2026-08-17T20:42:10.144192+09:00
Property Scheduler,,,failed,False,2026-08-17T22:49:19.411310+09:00
Property Scope,140.0,4.0,success,False,2026-08-17T20:40:13.744558+09:00
Property Sentry,,,failed,False,2026-08-17T20:32:02.325008+09:00
Property Signal,,,failed,False,2026-08-17T20:41:48.704350+09:00
Property Station,3600.0,9.0,success,False,2026-08-17T21:32:40.946824+09:00
Property Studio,480.0,4.0,success,False,2026-08-17T21:34:46.886716+09:00
Property Sync,590.0,6.0,success,False,2026-08-17T21:37:26.190503+09:00
Property Tracker,720.0,29.0,success,False,2026-08-17T21:38:32.905021+09:00
Property Trail,,,failed,False,2026-08-17T20:38:51.261946+09:00
Property Vault,390.0,0.0,success,False,2026-08-17T20:48:37.567206+09:00
Property Watch,720.0,11.0,success,False,2026-08-17T20:40:55.263419+09:00
Property Wave,8100.0,1.0,success,False,2026-08-17T20:36:31.502472+09:00
Property Zone,1900.0,3.0,success,False,2026-08-17T20:48:02.919436+09:00
Provider Anchor,,,failed,False,2026-08-17T20:34:40.569545+09:00
Provider Atlas,,,failed,False,2026-08-17T21:34:20.474166+09:00
Provider Base,50.0,3.0,success,False,2026-08-17T21:30:27.922058+09:00
Provider Beacon,50.0,12.0,success,False,2026-08-17T20:38:26.412397+09:00
Provider Board,,,failed,False,2026-08-17T20:45:50.172264+09:00
Provider Bridge,40.0,0.0,success,False,2026-08-17T20:35:40.356029+09:00
Provider Cascade,,,failed,False,2026-08-17T20:36:38.149505+09:00
Provider Center,40.0,0.0,success,False,2026-08-17T20:40:41.186342+09:00
Provider Chain,,,failed,False,2026-08-17T21:40:59.899740+09:00
Provider Compass,,,failed,False,2026-08-17T20:39:21.363517+09:00
Provider Console,,,failed,False,2026-08-17T20:38:04.703276+09:00
Provider Core,10.0,0.0,success,False,2026-08-17T20:48:09.439521+09:00
Provider Deck,,,failed,False,2026-08-17T20:44:46.784780+09:00
Provider Desk,,,failed,False,2026-08-17T20:42:36.789908+09:00
Provider Dial,,,failed,False,2026-08-17T20:36:08.746361+09:00
Provider Dock,,,failed,False,2026-08-17T20:32:08.584337+09:00
Provider Flow,9900.0,0.0,success,True,2026-08-17T20:45:24.269018+09:00
Provider Forge,,,failed,False,2026-08-17T20:37:34.472176+09:00
Provider Frame,,,failed,False,2026-08-17T21:31:35.848823+09:00
Provider Gate,,,failed,False,2026-08-17T21:36:26.445152+09:00
Provider Grid,,,failed,False,2026-08-17T21:41:34.183941+09:00
Provider Guard,,,failed,False,2026-08-17T20:48:44.119140+09:00
Provider Hub,2900.0,0.0,success,True,2026-08-17T20:44:22.162347+09:00
Provider Keeper,,,failed,False,2026-08-17T21:32:11.115049+09:00
Provider Lab,,,failed,False,2026-08-17T20:43:05.974432+09:00
Provider Ledger,,,failed,False,2026-08-17T20:46:51.703605+09:00
Provider Lens,,,failed,False,2026-08-17T21:32:47.122898+09:00
Provider Lock,20.0,7.0,success,False,2026-08-17T21:34:53.019649+09:00
Provider Manager,70.0,2.0,success,False,2026-08-17T21:31:00.206645+09:00
Provider Map,50.0,5.0,success,False,2026-08-17T21:33:45.075228+09:00
Provider Meter,,,failed,False,2026-08-17T20:35:09.040915+09:00
Provider Nexus,50.0,2.0,success,False,2026-08-17T21:35:20.515813+09:00
Provider Node,10.0,36.0,success,False,2026-08-17T21:37:32.627735+09:00
Provider Panel,480.0,2.0,success,False,2026-08-17T20:37:05.313557+09:00
Provider Path,210.0,19.0,success,False,2026-08-17T21:36:54.710856+09:00
Provider Pilot,,,failed,False,2026-08-17T20:43:32.566232+09:00
Provider Point,90.0,0.0,success,False,2026-08-17T21:35:54.911296+09:00
Provider Portal,33100.0,1.0,success,False,2026-08-17T20:38:58.199942+09:00
Provider Pulse,,,failed,False,2026-08-17T21:39:28.354494+09:00
Provider Radar,,,failed,False,2026-08-17T20:41:53.253624+09:00
Provider Relay,,,failed,False,2026-08-17T20:41:01.819842+09:00
Provider Route,,,failed,False,2026-08-17T20:33:18.087238+09:00
Provider Scale,10.0,0.0,success,False,2026-08-17T20:34:17.127214+09:00
Provider Scope,10.0,0.0,success,False,2026-08-17T20:31:35.680631+09:00
Provider Sentry,,,failed,False,2026-08-17T21:33:19.243075+09:00
Provider Signal,10.0,0.0,success,False,2026-08-17T20:33:48.971139+09:00
Provider Station,,,failed,False,2026-08-17T20:42:12.704128+09:00
Provider Studio,140.0,5.0,success,False,2026-08-17T20:44:01.266186+09:00
Provider Sync,,,failed,False,2026-08-17T20:46:14.149623+09:00
Provider Tracker,,,failed,False,2026-08-17T20:47:28.313560+09:00
Provider Vault,70.0,1.0,success,False,2026-08-17T20:40:17.203996+09:00
Provider Watch,10.0,0.0,success,False,2026-08-17T20:32:46.505342+09:00
Provider Wave,,,failed,False,2026-08-17T21:38:05.775829+09:00
Provider Zone,20.0,0.0,success,False,2026-08-17T20:39:51.023967+09:00
Provisioning Assistant,10.0,,success,False,2026-08-17T22:46:53.613180+09:00
Provisioning Atlas,,,failed,False,2026-08-17T20:44:01.266186+09:00
Provisioning Base,,,failed,False,2026-08-17T20:41:03.029394+09:00
Provisioning Board,,,failed,False,2026-08-17T20:38:31.317013+09:00
Provisioning Bridge,,,failed,False,2026-08-17T20:32:39.820797+09:00
Provisioning Cascade,,,failed,False,2026-08-17T20:33:43.675774+09:00
Provisioning Center,720.0,2.0,success,False,2026-08-17T20:32:47.475978+09:00
Provisioning Chain,,,failed,False,2026-08-17T21:30:30.781560+09:00
Provisioning Console,10.0,0.0,success,False,2026-08-17T20:35:04.556306+09:00
Provisioning Core,,,failed,False,2026-08-17T20:40:19.019495+09:00
Provisioning Deck,,,failed,False,2026-08-17T20:37:38.706086+09:00
Provisioning Desk,,,failed,False,2026-08-17T20:35:12.658616+09:00
Provisioning Dial,,,failed,False,2026-08-17T20:33:10.817795+09:00
Provisioning Dock,,,failed,False,2026-08-17T21:33:48.082783+09:00
Provisioning Flow,30.0,6.0,success,False,2026-08-17T20:38:06.157627+09:00
Provisioning Forge,,,failed,False,2026-08-17T20:34:36.732015+09:00
Provisioning Frame,,,failed,False,2026-08-17T20:41:54.470071+09:00
Provisioning Gate,,,failed,False,2026-08-17T20:45:51.407426+09:00
Provisioning Grid,,,failed,False,2026-08-17T21:31:02.177338+09:00
Provisioning Guard,,,failed,False,2026-08-17T20:40:42.163784+09:00
Provisioning Hub,,,failed,False,2026-08-17T20:37:08.027448+09:00
Provisioning Keeper,,,failed,False,2026-08-17T20:42:13.997557+09:00
Provisioning Lab,,,failed,False,2026-08-17T20:35:44.075031+09:00
Provisioning Ledger,,,failed,False,2026-08-17T20:39:23.919432+09:00
Provisioning Lens,,,failed,False,2026-08-17T20:42:40.071307+09:00
Provisioning Lock,,,failed,False,2026-08-17T20:44:23.108645+09:00
Provisioning Loop,,,failed,False,2026-08-17T21:32:15.070878+09:00
Provisioning Manager,50.0,3.0,success,False,2026-08-17T20:41:24.809383+09:00
Provisioning Map,,,failed,False,2026-08-17T20:43:34.295212+09:00
Provisioning Meter,,,failed,False,2026-08-17T20:32:02.325008+09:00
Provisioning Nexus,,,failed,False,2026-08-17T20:44:51.445524+09:00
Provisioning Node,,,failed,False,2026-08-17T20:46:53.844827+09:00
Provisioning Panel,,,failed,False,2026-08-17T20:34:11.615000+09:00
Provisioning Path,,,failed,False,2026-08-17T20:46:16.531586+09:00
Provisioning Pilot,,,failed,False,2026-08-17T20:36:11.237181+09:00
Provisioning Point,210.0,7.0,success,False,2026-08-17T20:45:26.162726+09:00
Provisioning Pulse,,,failed,False,2026-08-17T20:49:39.030080+09:00
Provisioning Radar,,,failed,False,2026-08-17T20:34:18.335664+09:00
Provisioning Rail,,,failed,False,2026-08-17T21:32:50.995270+09:00
Provisioning Relay,,,failed,False,2026-08-17T20:33:21.754611+09:00
Provisioning Scope,,,failed,False,2026-08-17T21:33:20.961288+09:00
Provisioning Sentry,,,failed,False,2026-08-17T20:43:08.098438+09:00
Provisioning Station,10.0,0.0,success,False,2026-08-17T20:34:42.726088+09:00
Provisioning Studio,,,failed,False,2026-08-17T20:36:39.507807+09:00
Provisioning Sync,,,failed,False,2026-08-17T20:38:59.956902+09:00
Provisioning Tracker,,,failed,False,2026-08-17T20:39:52.233588+09:00
Provisioning Trail,,,failed,False,2026-08-17T21:31:39.058447+09:00
Provisioning Vault,,,failed,False,2026-08-17T20:32:10.469810+09:00
Provisioning Watch,,,failed,False,2026-08-17T21:34:24.214520+09:00
Provisioning Wave,,,failed,False,2026-08-17T20:47:33.914967+09:00
Provisioning Zone,,,failed,False,2026-08-17T20:31:36.969919+09:00
Punchlist Anchor,,,failed,False,2026-08-17T20:45:18.923986+09:00
Punchlist Atlas,,,failed,False,2026-08-17T20:36:04.789698+09:00
Punchlist Base,,,failed,False,2026-08-17T20:32:39.820797+09:00
Punchlist Beacon,,,failed,False,2026-08-17T21:30:53.341117+09:00
Punchlist Board,,,failed,False,2026-08-17T21:41:28.759770+09:00
Punchlist Bridge,,,failed,False,2026-08-17T20:46:07.350212+09:00
Punchlist Cascade,,,failed,False,2026-08-17T20:47:23.581270+09:00
Punchlist Center,,,failed,False,2026-08-17T21:33:40.096792+09:00
Punchlist Chain,,,failed,False,2026-08-17T20:40:34.523017+09:00
Punchlist Compass,,,failed,False,2026-08-17T21:32:03.436124+09:00
Punchlist Console,,,failed,False,2026-08-17T21:30:22.425092+09:00
Punchlist Core,,,failed,False,2026-08-17T20:31:29.603433+09:00
Punchlist Deck,,,failed,False,2026-08-17T21:39:25.145394+09:00
Punchlist Desk,,,failed,False,2026-08-17T21:36:24.237197+09:00
Punchlist Dial,,,failed,False,2026-08-17T20:46:49.856300+09:00
Punchlist Dock,,,failed,False,2026-08-17T20:42:59.992193+09:00
Punchlist Flow,,,failed,False,2026-08-17T21:40:49.556938+09:00
Punchlist Forge,,,failed,False,2026-08-17T20:48:40.258747+09:00
Punchlist Frame,,,failed,False,2026-08-17T20:33:46.243100+09:00
Punchlist Gate,,,failed,False,2026-08-17T20:38:02.236902+09:00
Punchlist Grid,,,failed,False,2026-08-17T20:40:55.263419+09:00
Punchlist Guard,,,failed,False,2026-08-17T20:32:03.329355+09:00
Punchlist Hub,,,failed,False,2026-08-17T21:38:32.905021+09:00
Punchlist Keeper,,,failed,False,2026-08-17T20:34:15.100698+09:00
Punchlist Lab,,,failed,False,2026-08-17T21:36:50.527973+09:00
Punchlist Lens,,,failed,False,2026-08-17T20:34:36.732015+09:00
Punchlist Lock,,,failed,False,2026-08-17T20:36:31.502472+09:00
Punchlist Loop,,,failed,False,2026-08-17T20:41:48.704350+09:00
Punchlist Manager,90.0,42.0,success,False,2026-08-17T20:33:15.121215+09:00
Punchlist Map,,,failed,False,2026-08-17T20:35:36.002153+09:00
Punchlist Meter,,,failed,False,2026-08-17T20:45:46.874737+09:00
Punchlist Nexus,,,failed,False,2026-08-17T20:37:01.636634+09:00
Punchlist Node,,,failed,False,2026-08-17T20:38:51.261946+09:00
Punchlist Panel,,,failed,False,2026-08-17T20:48:02.919436+09:00
Punchlist Path,,,failed,False,2026-08-17T20:38:23.394205+09:00
Punchlist Pilot,,,failed,False,2026-08-17T21:37:26.190503+09:00
Punchlist Point,,,failed,False,2026-08-17T20:37:29.909330+09:00
Punchlist Portal,,,failed,False,2026-08-17T21:31:30.369012+09:00
Punchlist Pulse,,,failed,False,2026-08-17T20:40:13.744558+09:00
Punchlist Radar,,,failed,False,2026-08-17T21:35:18.423759+09:00
Punchlist Rail,,,failed,False,2026-08-17T20:42:10.144192+09:00
Punchlist Relay,,,failed,False,2026-08-17T21:34:15.444697+09:00
Punchlist Route,,,failed,False,2026-08-17T20:43:57.612589+09:00
Punchlist Scale,,,failed,False,2026-08-17T20:44:43.054193+09:00
Punchlist Scope,,,failed,False,2026-08-17T20:42:34.302604+09:00
Punchlist Sentry,,,failed,False,2026-08-17T20:35:06.364440+09:00
Punchlist Signal,,,failed,False,2026-08-17T20:44:20.013961+09:00
Punchlist Station,,,failed,False,2026-08-17T21:35:49.618076+09:00
Punchlist Studio,,,failed,False,2026-08-17T21:38:00.601683+09:00
Punchlist Trail,,,failed,False,2026-08-17T20:41:19.373388+09:00
Punchlist Vault,,,failed,False,2026-08-17T21:33:13.463030+09:00
Punchlist Watch,,,failed,False,2026-08-17T20:43:29.254301+09:00
Punchlist Wave,,,failed,False,2026-08-17T20:39:18.247368+09:00
Punchlist Zone,,,failed,False,2026-08-17T21:32:40.946824+09:00
Quality Anchor,40.0,0.0,success,False,2026-08-17T21:30:53.341117+09:00
Quality Atlas,10.0,44.0,success,False,2026-08-17T20:39:46.897200+09:00
Quality Base,110.0,4.0,success,False,2026-08-17T20:36:31.502472+09:00
Quality Beacon,50.0,1.0,success,False,2026-08-17T21:35:18.423759+09:00
Quality Board,390.0,4.0,success,False,2026-08-17T20:33:46.243100+09:00
Quality Bridge,40.0,1.0,success,False,2026-08-17T21:32:05.797514+09:00
Quality Cascade,170.0,43.0,success,False,2026-08-17T21:33:13.463030+09:00
Quality Center,14800.0,9.0,success,False,2026-08-17T21:38:00.601683+09:00
Quality Chain,1000.0,31.0,success,False,2026-08-17T20:43:57.612589+09:00
Quality Compass,320.0,100.0,success,False,2026-08-17T21:36:24.237197+09:00
Quality Console,30.0,45.0,success,False,2026-08-17T21:34:46.886716+09:00
Quality Core,480.0,1.0,success,False,2026-08-17T20:35:36.002153+09:00
Quality Deck,170.0,69.0,success,False,2026-08-17T20:32:41.344957+09:00
Quality Dial,,,failed,False,2026-08-17T21:32:40.946824+09:00
Quality Dock,50.0,13.0,success,False,2026-08-17T20:46:49.856300+09:00
Quality Flow,170.0,3.0,success,False,2026-08-17T20:33:15.121215+09:00
Quality Forge,110.0,2.0,success,False,2026-08-17T21:34:15.444697+09:00
Quality Frame,320.0,97.0,success,False,2026-08-17T20:37:29.909330+09:00
Quality Gate,4400.0,8.0,success,False,2026-08-17T20:41:19.373388+09:00
Quality Grid,30.0,0.0,success,False,2026-08-17T20:44:21.106446+09:00
Quality Guard,1600.0,4.0,success,False,2026-08-17T20:36:04.789698+09:00
Quality Hub,1000.0,3.0,success,False,2026-08-17T20:32:03.329355+09:00
Quality Keeper,50.0,0.0,success,False,2026-08-17T20:38:02.236902+09:00
Quality Ledger,,,failed,False,2026-08-17T20:34:38.143389+09:00
Quality Lens,260.0,16.0,success,False,2026-08-17T20:38:23.394205+09:00
Quality Lock,480.0,54.0,success,False,2026-08-17T20:40:13.744558+09:00
Quality Loop,90.0,2.0,success,False,2026-08-17T20:45:22.370262+09:00
Quality Manager,6600.0,5.0,success,False,2026-08-17T20:37:01.636634+09:00
Quality Map,320.0,4.0,success,False,2026-08-17T20:39:18.247368+09:00
Quality Meter,110.0,36.0,success,False,2026-08-17T21:31:33.014186+09:00
Quality Nexus,20.0,0.0,success,False,2026-08-17T20:40:34.523017+09:00
Quality Node,,,failed,False,2026-08-17T20:42:10.144192+09:00
Quality Panel,210.0,15.0,success,False,2026-08-17T21:33:40.096792+09:00
Quality Path,20.0,1.0,success,False,2026-08-17T20:41:48.704350+09:00
Quality Point,1300.0,1.0,success,False,2026-08-17T20:40:55.263419+09:00
Quality Portal,260.0,1.0,success,False,2026-08-17T21:35:49.618076+09:00
Quality Pulse,590.0,0.0,success,False,2026-08-17T20:43:29.254301+09:00
Quality Radar,20.0,5.0,success,False,2026-08-17T21:40:49.556938+09:00
Quality Rail,210.0,13.0,success,False,2026-08-17T20:45:46.874737+09:00
Quality Relay,10.0,5.0,success,False,2026-08-17T21:38:35.218560+09:00
Quality Route,20.0,0.0,success,False,2026-08-17T20:48:02.919436+09:00
Quality Scale,880.0,48.0,success,False,2026-08-17T21:30:22.425092+09:00
Quality Scope,70.0,20.0,success,False,2026-08-17T20:46:07.350212+09:00
Quality Sentry,,,failed,False,2026-08-17T20:38:51.261946+09:00
Quality Signal,480.0,0.0,success,False,2026-08-17T20:48:40.258747+09:00
Quality Station,140.0,6.0,success,False,2026-08-17T21:41:28.759770+09:00
Quality Studio,1900.0,2.0,success,False,2026-08-17T20:31:29.603433+09:00
Quality Sync,10.0,0.0,success,False,2026-08-17T20:34:15.100698+09:00
Quality Tracker,260.0,11.0,success,False,2026-08-17T20:35:06.364440+09:00
Quality Trail,,,failed,False,2026-08-17T20:44:43.054193+09:00
Quality Vault,260.0,5.0,success,False,2026-08-17T21:37:26.190503+09:00
Quality Watch,1600.0,17.0,success,False,2026-08-17T20:47:23.581270+09:00
Quality Wave,,,failed,False,2026-08-17T20:42:34.302604+09:00
Quality Zone,1600.0,1.0,success,False,2026-08-17T21:36:50.527973+09:00
Queue Anchor,,,failed,False,2026-08-17T21:37:32.627735+09:00
Queue Atlas,,,failed,False,2026-08-17T20:44:51.445524+09:00
Queue Base,20.0,25.0,success,False,2026-08-17T20:41:54.470071+09:00
Queue Board,590.0,1.0,success,False,2026-08-17T20:39:23.919432+09:00
Queue Bridge,10.0,4.0,success,False,2026-08-17T21:38:40.825363+09:00
Queue Cascade,,,failed,False,2026-08-17T21:40:59.899740+09:00
Queue Center,,,failed,False,2026-08-17T20:33:51.962760+09:00
Queue Chain,20.0,98.0,success,False,2026-08-17T21:31:39.058447+09:00
Queue Compass,,,failed,False,2026-08-17T20:32:10.469810+09:00
Queue Core,,,failed,False,2026-08-17T20:41:03.029394+09:00
Queue Deck,,,failed,False,2026-08-17T20:38:31.317013+09:00
Queue Desk,,,failed,False,2026-08-17T20:36:11.237181+09:00
Queue Dial,,,failed,False,2026-08-17T21:39:34.435552+09:00
Queue Dock,,,failed,False,2026-08-17T21:34:53.019649+09:00
Queue Flow,70.0,22.0,success,False,2026-08-17T20:38:59.956902+09:00
Queue Frame,,,failed,False,2026-08-17T20:42:40.071307+09:00
Queue Gate,30.0,13.0,success,False,2026-08-17T20:46:53.844827+09:00
Queue Grid,,,failed,False,2026-08-17T21:32:15.070878+09:00
Queue Guard,20.0,72.0,success,False,2026-08-17T20:41:24.809383+09:00
Queue Hub,20.0,15.0,success,False,2026-08-17T20:38:06.157627+09:00
Queue Keeper,,,failed,False,2026-08-17T20:43:08.098438+09:00
Queue Lab,110.0,0.0,success,False,2026-08-17T20:36:39.507807+09:00
Queue Ledger,,,failed,False,2026-08-17T20:40:19.019495+09:00
Queue Lens,,,failed,False,2026-08-17T20:43:34.295212+09:00
Queue Lock,40.0,1.0,success,False,2026-08-17T20:45:26.162726+09:00
Queue Loop,10.0,0.0,success,False,2026-08-17T21:33:20.961288+09:00
Queue Manager,9900.0,90.0,success,False,2026-08-17T20:42:13.997557+09:00
Queue Map,30.0,0.0,success,False,2026-08-17T20:44:23.108645+09:00
Queue Meter,,,failed,False,2026-08-17T21:38:08.965654+09:00
Queue Nexus,,,failed,False,2026-08-17T20:45:51.407426+09:00
Queue Node,40.0,3.0,success,False,2026-08-17T20:48:13.207047+09:00
Queue Panel,720.0,0.0,success,False,2026-08-17T21:41:36.452024+09:00
Queue Path,10.0,0.0,success,False,2026-08-17T20:47:33.914967+09:00
Queue Pilot,20.0,8.0,success,False,2026-08-17T20:37:08.027448+09:00
Queue Point,1600.0,5.0,success,False,2026-08-17T20:46:16.531586+09:00
Queue Portal,,,failed,False,2026-08-17T20:31:36.969919+09:00
Queue Pulse,,,failed,False,2026-08-17T21:31:02.177338+09:00
Queue Radar,10.0,18.0,success,False,2026-08-17T20:35:12.658616+09:00
Queue Rail,210.0,71.0,success,False,2026-08-17T21:33:48.082783+09:00
Queue Relay,,,failed,False,2026-08-17T20:34:18.335664+09:00
Queue Route,10.0,0.0,success,False,2026-08-17T21:35:58.459168+09:00
Queue Scale,,,failed,False,2026-08-17T21:36:57.018160+09:00
Queue Scope,,,failed,False,2026-08-17T21:34:24.214520+09:00
Queue Sentry,,,failed,False,2026-08-17T20:44:04.848400+09:00
Queue Signal,30.0,0.0,success,False,2026-08-17T21:36:28.444275+09:00
Queue Station,20.0,6.0,success,False,2026-08-17T20:35:44.075031+09:00
Queue Studio,10.0,0.0,success,False,2026-08-17T20:37:38.706086+09:00
Queue Sync,20.0,0.0,success,False,2026-08-17T20:39:52.233588+09:00
Queue Tracker,140.0,9.0,success,False,2026-08-17T20:40:42.163784+09:00
Queue Trail,,,failed,False,2026-08-17T21:32:50.995270+09:00
Queue Vault,10.0,0.0,success,False,2026-08-17T20:33:21.754611+09:00
Queue Watch,30.0,2.0,success,False,2026-08-17T21:35:22.295985+09:00
Queue Wave,,,failed,False,2026-08-17T20:49:39.030080+09:00
Queue Zone,30.0,2.0,success,False,2026-08-17T20:32:47.475978+09:00
Rack Monitor,1900.0,100.0,success,False,2026-08-17T22:49:19.411310+09:00
Ratio Portal,,,failed,False,2026-08-17T22:46:57.477508+09:00
Recall Anchor,,,failed,False,2026-08-17T21:35:30.145341+09:00
Recall Atlas,70.0,4.0,success,False,2026-08-17T20:43:12.470155+09:00
Recall Base,20.0,0.0,success,False,2026-08-17T20:40:21.350341+09:00
Recall Beacon,10.0,0.0,success,False,2026-08-17T21:41:07.674308+09:00
Recall Board,20.0,1.0,success,False,2026-08-17T20:37:44.009684+09:00
Recall Bridge,,,failed,False,2026-08-17T21:36:32.684484+09:00
Recall Cascade,,,failed,False,2026-08-17T21:37:39.097196+09:00
Recall Center,90.0,15.0,success,False,2026-08-17T20:31:41.996994+09:00
Recall Chain,,,failed,False,2026-08-17T20:48:18.389398+09:00
Recall Console,,,failed,False,2026-08-17T21:39:40.995935+09:00
Recall Core,,,failed,False,2026-08-17T20:39:28.862436+09:00
Recall Deck,,,failed,False,2026-08-17T20:36:47.157974+09:00
Recall Desk,,,failed,False,2026-08-17T20:34:22.385109+09:00
Recall Dial,,,failed,False,2026-08-17T21:37:02.739524+09:00
Recall Dock,,,failed,False,2026-08-17T21:32:57.336519+09:00
Recall Flow,,,failed,False,2026-08-17T20:37:14.189830+09:00
Recall Forge,,,failed,False,2026-08-17T21:39:02.253193+09:00
Recall Frame,,,failed,False,2026-08-17T20:41:07.425187+09:00
Recall Gate,,,failed,False,2026-08-17T20:44:58.380838+09:00
Recall Grid,20.0,0.0,success,False,2026-08-17T21:30:02.792774+09:00
Recall Guard,,,failed,False,2026-08-17T20:39:57.613991+09:00
Recall Hub,,,failed,False,2026-08-17T20:36:13.174234+09:00
Recall Keeper,,,failed,False,2026-08-17T20:41:30.101842+09:00
Recall Lab,10.0,0.0,success,False,2026-08-17T20:34:46.285590+09:00
Recall Ledger,40.0,0.0,success,False,2026-08-17T20:38:35.163236+09:00
Recall Lens,,,failed,False,2026-08-17T20:41:57.166662+09:00
Recall Lock,,,failed,False,2026-08-17T20:43:38.857738+09:00
Recall Loop,20.0,0.0,success,False,2026-08-17T21:31:08.679950+09:00
Recall Manager,10.0,11.0,success,False,2026-08-17T20:40:45.689604+09:00
Recall Map,20.0,0.0,success,False,2026-08-17T20:42:46.441273+09:00
Recall Meter,,,failed,False,2026-08-17T21:36:05.315924+09:00
Recall Nexus,,,failed,False,2026-08-17T20:44:07.827451+09:00
Recall Node,,,failed,False,2026-08-17T20:45:54.147634+09:00
Recall Panel,,,failed,False,2026-08-17T21:38:13.718334+09:00
Recall Path,,,failed,False,2026-08-17T20:45:30.439940+09:00
Recall Pilot,,,failed,False,2026-08-17T20:35:16.626138+09:00
Recall Point,10.0,0.0,success,False,2026-08-17T20:44:25.446111+09:00
Recall Portal,20.0,5.0,success,False,2026-08-17T21:41:42.015478+09:00
Recall Pulse,40.0,4.0,success,False,2026-08-17T20:47:39.394205+09:00
Recall Radar,30.0,1.0,success,False,2026-08-17T20:33:27.108642+09:00
Recall Rail,,,failed,False,2026-08-17T21:31:44.399230+09:00
Recall Relay,,,failed,False,2026-08-17T20:32:14.147491+09:00
Recall Route,,,failed,False,2026-08-17T21:33:56.834131+09:00
Recall Scale,,,failed,False,2026-08-17T21:34:57.125142+09:00
Recall Scope,30.0,0.0,success,False,2026-08-17T21:32:20.148818+09:00
Recall Sentry,,,failed,False,2026-08-17T20:42:16.988485+09:00
Recall Signal,10.0,0.0,success,False,2026-08-17T21:34:28.165323+09:00
Recall Station,10.0,0.0,success,False,2026-08-17T20:33:56.397010+09:00
Recall Studio,40.0,2.0,success,False,2026-08-17T20:35:47.352548+09:00
Recall Sync,,,failed,False,2026-08-17T20:38:08.924079+09:00
Recall Tracker,210.0,9.0,success,False,2026-08-17T20:39:05.666395+09:00
Recall Trail,,,failed,False,2026-08-17T21:30:37.005083+09:00
Recall Watch,20.0,1.0,success,False,2026-08-17T21:33:24.629057+09:00
Recall Wave,,,failed,False,2026-08-17T20:46:22.420312+09:00
Recipe Anchor,,,failed,False,2026-08-17T20:38:23.394205+09:00
Recipe Atlas,10.0,0.0,success,False,2026-08-17T21:38:32.905021+09:00
Recipe Base,90.0,100.0,success,False,2026-08-17T21:34:42.632014+09:00
Recipe Beacon,6600.0,0.0,success,True,2026-08-17T20:41:48.704350+09:00
Recipe Board,210.0,49.0,success,False,2026-08-17T21:31:30.369012+09:00
Recipe Bridge,70.0,0.0,success,False,2026-08-17T20:39:18.247368+09:00
Recipe Cascade,,,failed,False,2026-08-17T20:40:13.744558+09:00
Recipe Center,30.0,2.0,success,False,2026-08-17T20:43:56.267353+09:00
Recipe Chain,20.0,0.0,success,False,2026-08-17T20:33:15.121215+09:00
Recipe Cockpit,,,failed,False,2026-08-17T22:46:53.613180+09:00
Recipe Compass,4400.0,0.0,success,True,2026-08-17T20:42:32.290659+09:00
Recipe Console,,,failed,False,2026-08-17T20:41:19.373388+09:00
Recipe Core,,,failed,False,2026-08-17T21:33:40.096792+09:00
Recipe Deck,170.0,12.0,success,False,2026-08-17T21:30:22.425092+09:00
Recipe Desk,10.0,7.0,success,False,2026-08-17T20:46:07.350212+09:00
Recipe Dial,,,failed,False,2026-08-17T20:39:46.897200+09:00
Recipe Dock,,,failed,False,2026-08-17T20:36:04.789698+09:00
Recipe Flow,10.0,2.0,success,False,2026-08-17T21:30:53.341117+09:00
Recipe Forge,70.0,0.0,success,False,2026-08-17T20:40:55.263419+09:00
Recipe Frame,590.0,51.0,success,False,2026-08-17T21:35:49.618076+09:00
Recipe Grid,30.0,0.0,success,False,2026-08-17T20:33:43.675774+09:00
Recipe Guard,,,failed,False,2026-08-17T21:34:15.444697+09:00
Recipe Hub,320.0,2.0,success,False,2026-08-17T20:48:37.567206+09:00
Recipe Keeper,8100.0,12.0,success,False,2026-08-17T21:36:22.095100+09:00
Recipe Lab,70.0,1.0,success,False,2026-08-17T20:46:46.837602+09:00
Recipe Ledger,,,failed,False,2026-08-17T21:32:40.946824+09:00
Recipe Lens,50.0,1.0,success,False,2026-08-17T21:36:50.527973+09:00
Recipe Lock,10.0,0.0,success,False,2026-08-17T21:39:22.624237+09:00
Recipe Loop,,,failed,False,2026-08-17T20:34:36.732015+09:00
Recipe Manager,720.0,5.0,success,False,2026-08-17T21:35:16.200596+09:00
Recipe Map,50.0,0.0,success,False,2026-08-17T21:38:00.601683+09:00
Recipe Meter,,,failed,False,2026-08-17T20:38:48.292759+09:00
Recipe Nexus,,,failed,False,2026-08-17T21:40:49.556938+09:00
Recipe Panel,,,failed,False,2026-08-17T20:40:34.523017+09:00
Recipe Pilot,,,failed,False,2026-08-17T20:47:23.581270+09:00
Recipe Point,40.0,0.0,success,False,2026-08-17T21:41:28.759770+09:00
Recipe Portal,30.0,1.0,success,False,2026-08-17T20:42:10.144192+09:00
Recipe Pulse,,,failed,False,2026-08-17T20:32:39.820797+09:00
Recipe Radar,1000.0,2.0,success,False,2026-08-17T20:45:18.923986+09:00
Recipe Rail,40.0,0.0,success,False,2026-08-17T20:35:04.556306+09:00
Recipe Relay,10.0,0.0,success,False,2026-08-17T20:44:20.013961+09:00
Recipe Route,10.0,0.0,success,False,2026-08-17T20:37:01.636634+09:00
Recipe Scale,1600.0,3.0,success,False,2026-08-17T20:37:59.877456+09:00
Recipe Scope,,,failed,False,2026-08-17T20:35:35.063549+09:00
Recipe Sentry,,,failed,False,2026-08-17T21:37:24.355362+09:00
Recipe Signal,,,failed,False,2026-08-17T20:37:28.424048+09:00
Recipe Station,140.0,1.0,success,False,2026-08-17T20:45:46.874737+09:00
Recipe Studio,50.0,1.0,success,False,2026-08-17T20:48:02.919436+09:00
Recipe Sync,10.0,0.0,success,False,2026-08-17T21:32:03.436124+09:00
Recipe Tracker,210.0,17.0,success,False,2026-08-17T21:33:13.463030+09:00
Recipe Trail,,,failed,False,2026-08-17T20:34:15.100698+09:00
Recipe Vault,140.0,4.0,success,False,2026-08-17T20:43:29.254301+09:00
Recipe Watch,140.0,1.0,success,False,2026-08-17T20:36:31.502472+09:00
Recipe Zone,90.0,10.0,success,False,2026-08-17T20:42:59.992193+09:00
Reconciliation Atlas,,,failed,False,2026-08-17T21:30:00.229933+09:00
Reconciliation Base,,,failed,False,2026-08-17T20:44:54.516764+09:00
Reconciliation Beacon,,,failed,False,2026-08-17T20:34:44.892914+09:00
Reconciliation Board,,,failed,False,2026-08-17T20:42:15.711128+09:00
Reconciliation Bridge,590.0,4.0,success,False,2026-08-17T20:31:38.107939+09:00
Reconciliation Cascade,,,failed,False,2026-08-17T20:32:49.512310+09:00
Reconciliation Center,110.0,1.0,success,False,2026-08-17T20:37:11.919122+09:00
Reconciliation Chain,,,failed,False,2026-08-17T21:35:24.685319+09:00
Reconciliation Compass,,,failed,False,2026-08-17T20:35:45.912195+09:00
Reconciliation Console,,,failed,False,2026-08-17T20:34:19.305897+09:00
Reconciliation Core,,,failed,False,2026-08-17T20:44:06.631034+09:00
Reconciliation Deck,10.0,0.0,success,False,2026-08-17T20:41:27.066117+09:00
Reconciliation Desk,,,failed,False,2026-08-17T20:39:25.387216+09:00
Reconciliation Dial,,,failed,False,2026-08-17T20:32:12.868338+09:00
Reconciliation Dock,,,failed,False,2026-08-17T21:38:46.123803+09:00
Reconciliation Flow,,,failed,False,2026-08-17T20:41:55.751231+09:00
Reconciliation Forge,,,failed,False,2026-08-17T20:33:54.236742+09:00
Reconciliation Frame,,,failed,False,2026-08-17T20:45:52.903104+09:00
Reconciliation Gate,,,failed,False,2026-08-17T21:32:17.170130+09:00
Reconciliation Grid,,,failed,False,2026-08-17T21:36:00.741055+09:00
Reconciliation Guard,,,failed,False,2026-08-17T20:44:25.446111+09:00
Reconciliation Hub,,,failed,False,2026-08-17T20:41:06.345123+09:00
Reconciliation Keeper,,,failed,False,2026-08-17T20:46:20.020027+09:00
Reconciliation Lab,,,failed,False,2026-08-17T20:39:54.147287+09:00
Reconciliation Ledger,590.0,3.0,success,False,2026-08-17T20:43:12.470155+09:00
Reconciliation Lens,,,failed,False,2026-08-17T20:46:59.199715+09:00
Reconciliation Lock,,,failed,False,2026-08-17T21:30:33.048254+09:00
Reconciliation Loop,260.0,0.0,success,False,2026-08-17T21:36:59.022364+09:00
Reconciliation Manager,170.0,1.0,success,False,2026-08-17T20:45:30.439940+09:00
Reconciliation Map,,,failed,False,2026-08-17T20:48:15.314618+09:00
Reconciliation Nexus,,,failed,False,2026-08-17T21:31:05.600589+09:00
Reconciliation Node,,,failed,False,2026-08-17T21:33:22.663564+09:00
Reconciliation Panel,,,failed,False,2026-08-17T20:33:24.231963+09:00
Reconciliation Path,,,failed,False,2026-08-17T21:32:53.372558+09:00
Reconciliation Pilot,,,failed,False,2026-08-17T20:40:20.065990+09:00
Reconciliation Point,,,failed,False,2026-08-17T21:31:41.054400+09:00
Reconciliation Portal,30.0,14.0,success,False,2026-08-17T20:35:15.216607+09:00
Reconciliation Pulse,,,failed,False,2026-08-17T21:34:57.125142+09:00
Reconciliation Radar,,,failed,False,2026-08-17T20:38:33.752321+09:00
Reconciliation Rail,,,failed,False,2026-08-17T21:37:39.097196+09:00
Reconciliation Relay,,,failed,False,2026-08-17T20:37:39.748297+09:00
Reconciliation Route,,,failed,False,2026-08-17T21:41:07.674308+09:00
Reconciliation Scope,,,failed,False,2026-08-17T21:38:10.743063+09:00
Reconciliation Sentry,,,failed,False,2026-08-17T20:47:35.936558+09:00
Reconciliation Signal,,,failed,False,2026-08-17T21:41:39.306179+09:00
Reconciliation Station,,,failed,False,2026-08-17T20:39:04.557611+09:00
Reconciliation Studio,,,failed,False,2026-08-17T20:40:44.017242+09:00
Reconciliation Sync,,,failed,False,2026-08-17T20:42:43.172174+09:00
Reconciliation Tracker,20.0,24.0,success,False,2026-08-17T20:43:36.337910+09:00
Reconciliation Trail,,,failed,False,2026-08-17T21:36:32.684484+09:00
Reconciliation Vault,,,failed,False,2026-08-17T20:36:40.845127+09:00
Reconciliation Watch,,,failed,False,2026-08-17T21:39:37.908878+09:00
Reconciliation Wave,,,failed,False,2026-08-17T21:33:53.413747+09:00
Reconciliation Zone,,,failed,False,2026-08-17T20:36:12.301778+09:00
Records Anchor,,,failed,False,2026-08-17T20:43:38.857738+09:00
Records Atlas,,,failed,False,2026-08-17T20:34:20.444490+09:00
Records Beacon,,,failed,False,2026-08-17T20:47:39.394205+09:00
Records Board,590.0,48.0,success,False,2026-08-17T21:38:13.718334+09:00
Records Bridge,,,failed,False,2026-08-17T20:44:25.446111+09:00
Records Cascade,,,failed,False,2026-08-17T20:45:30.439940+09:00
Records Center,1600.0,2.0,success,False,2026-08-17T21:31:44.399230+09:00
Records Chain,,,failed,False,2026-08-17T20:39:05.666395+09:00
Records Compass,,,failed,False,2026-08-17T21:30:02.792774+09:00
Records Console,,,failed,False,2026-08-17T20:46:59.199715+09:00
Records Core,,,failed,False,2026-08-17T21:41:39.306179+09:00
Records Deck,,,failed,False,2026-08-17T21:37:02.739524+09:00
Records Desk,,,failed,False,2026-08-17T21:34:26.372304+09:00
Records Dial,,,failed,False,2026-08-17T20:44:58.380838+09:00
Records Dock,,,failed,False,2026-08-17T20:41:30.101842+09:00
Records Flow,,,failed,False,2026-08-17T21:37:39.097196+09:00
Records Forge,,,failed,False,2026-08-17T20:46:22.420312+09:00
Records Frame,4400.0,100.0,success,False,2026-08-17T20:31:41.996994+09:00
Records Gate,,,failed,False,2026-08-17T20:36:13.174234+09:00
Records Grid,,,failed,False,2026-08-17T20:39:28.862436+09:00
Records Hub,110.0,2.0,success,False,2026-08-17T21:36:32.684484+09:00
Records Keeper,1900.0,1.0,success,False,2026-08-17T20:32:14.147491+09:00
Records Lab,,,failed,False,2026-08-17T21:34:57.125142+09:00
Records Ledger,,,failed,False,2026-08-17T21:39:40.995935+09:00
Records Lens,,,failed,False,2026-08-17T20:32:53.240136+09:00
Records Lock,,,failed,False,2026-08-17T20:34:44.892914+09:00
Records Loop,,,failed,False,2026-08-17T20:40:21.350341+09:00
Records Map,,,failed,False,2026-08-17T20:33:56.397010+09:00
Records Meter,,,failed,False,2026-08-17T20:44:06.631034+09:00
Records Nexus,,,failed,False,2026-08-17T20:35:16.626138+09:00
Records Node,,,failed,False,2026-08-17T20:37:14.189830+09:00
Records Panel,,,failed,False,2026-08-17T20:45:54.147634+09:00
Records Path,,,failed,False,2026-08-17T20:36:43.272468+09:00
Records Pilot,,,failed,False,2026-08-17T21:35:30.145341+09:00
Records Point,1900.0,9.0,success,False,2026-08-17T20:35:47.352548+09:00
Records Portal,110.0,3.0,success,False,2026-08-17T20:48:18.389398+09:00
Records Pulse,,,failed,False,2026-08-17T20:38:33.752321+09:00
Records Radar,,,failed,False,2026-08-17T21:33:24.629057+09:00
Records Rail,,,failed,False,2026-08-17T20:40:45.689604+09:00
Records Relay,,,failed,False,2026-08-17T21:32:20.148818+09:00
Records Route,,,failed,False,2026-08-17T20:42:16.988485+09:00
Records Scale,,,failed,False,2026-08-17T20:43:12.470155+09:00
Records Scope,,,failed,False,2026-08-17T20:41:07.425187+09:00
Records Sentry,,,failed,False,2026-08-17T20:33:24.231963+09:00
Records Signal,,,failed,False,2026-08-17T20:42:43.172174+09:00
Records Station,2900.0,11.0,success,False,2026-08-17T21:33:56.834131+09:00
Records Studio,74000.0,16.0,success,False,2026-08-17T21:36:05.315924+09:00
Records Sync,,,failed,False,2026-08-17T21:39:02.253193+09:00
Records Tracker,,,failed,False,2026-08-17T21:41:07.674308+09:00
Records Trail,,,failed,False,2026-08-17T20:39:57.613991+09:00
Records Vault,880.0,3.0,success,False,2026-08-17T21:31:08.679950+09:00
Records Watch,720.0,92.0,success,False,2026-08-17T20:41:57.166662+09:00
Records Wave,,,failed,False,2026-08-17T20:37:44.009684+09:00
Records Zone,320.0,1.0,success,False,2026-08-17T21:30:37.005083+09:00
Recruiting Anchor,,,failed,False,2026-08-17T20:35:47.352548+09:00
Recruiting Atlas,,,failed,False,2026-08-17T21:35:24.685319+09:00
Recruiting Base,,,failed,False,2026-08-17T21:31:44.399230+09:00
Recruiting Beacon,,,failed,False,2026-08-17T20:39:25.387216+09:00
Recruiting Board,720.0,2.0,success,False,2026-08-17T20:46:59.199715+09:00
Recruiting Bridge,10.0,14.0,success,False,2026-08-17T20:36:43.272468+09:00
Recruiting Cascade,,,failed,False,2026-08-17T20:37:39.748297+09:00
Recruiting Center,1900.0,22.0,success,False,2026-08-17T20:41:27.066117+09:00
Recruiting Compass,10.0,9.0,success,False,2026-08-17T20:40:21.350341+09:00
Recruiting Console,,,failed,False,2026-08-17T20:39:04.557611+09:00
Recruiting Core,,,failed,False,2026-08-17T21:30:33.048254+09:00
Recruiting Deck,,,failed,False,2026-08-17T20:45:52.903104+09:00
Recruiting Desk,70.0,5.0,success,False,2026-08-17T20:43:36.337910+09:00
Recruiting Dial,,,failed,False,2026-08-17T20:37:14.189830+09:00
Recruiting Dock,,,failed,False,2026-08-17T20:33:24.231963+09:00
Recruiting Flow,170.0,34.0,success,False,2026-08-17T20:46:22.420312+09:00
Recruiting Forge,,,failed,False,2026-08-17T20:38:33.752321+09:00
Recruiting Frame,,,failed,False,2026-08-17T21:32:57.336519+09:00
Recruiting Gate,,,failed,False,2026-08-17T21:37:39.097196+09:00
Recruiting Guard,,,failed,False,2026-08-17T21:31:05.600589+09:00
Recruiting Hub,2400.0,7.0,success,False,2026-08-17T20:45:30.439940+09:00
Recruiting Keeper,,,failed,False,2026-08-17T21:33:22.663564+09:00
Recruiting Lab,210.0,4.0,success,False,2026-08-17T20:44:06.631034+09:00
Recruiting Ledger,,,failed,False,2026-08-17T20:48:18.389398+09:00
Recruiting Lens,,,failed,False,2026-08-17T21:33:53.413747+09:00
Recruiting Lock,,,failed,False,2026-08-17T21:36:00.741055+09:00
Recruiting Loop,,,failed,False,2026-08-17T20:31:41.996994+09:00
Recruiting Manager,3600.0,7.0,success,False,2026-08-17T21:32:20.148818+09:00
Recruiting Map,90.0,2.0,success,False,2026-08-17T21:34:57.125142+09:00
Recruiting Meter,,,failed,False,2026-08-17T20:36:13.174234+09:00
Recruiting Nexus,,,failed,False,2026-08-17T21:36:32.684484+09:00
Recruiting Node,,,failed,False,2026-08-17T21:38:46.123803+09:00
Recruiting Panel,170.0,14.0,success,False,2026-08-17T20:38:07.696860+09:00
Recruiting Path,10.0,4.0,success,False,2026-08-17T21:38:10.743063+09:00
Recruiting Pilot,,,failed,False,2026-08-17T20:44:25.446111+09:00
Recruiting Point,50.0,4.0,success,False,2026-08-17T21:36:59.022364+09:00
Recruiting Portal,74000.0,1.0,success,False,2026-08-17T20:39:57.613991+09:00
Recruiting Pulse,,,failed,False,2026-08-17T21:41:39.306179+09:00
Recruiting Radar,20.0,22.0,success,False,2026-08-17T20:42:43.172174+09:00
Recruiting Rail,,,failed,False,2026-08-17T20:32:14.147491+09:00
Recruiting Relay,,,failed,False,2026-08-17T20:41:55.751231+09:00
Recruiting Route,,,failed,False,2026-08-17T20:34:20.444490+09:00
Recruiting Scale,,,failed,False,2026-08-17T20:35:15.216607+09:00
Recruiting Scope,,,failed,False,2026-08-17T20:32:49.512310+09:00
Recruiting Sentry,,,failed,False,2026-08-17T21:34:26.372304+09:00
Recruiting Signal,,,failed,False,2026-08-17T20:34:44.892914+09:00
Recruiting Station,720.0,41.0,success,False,2026-08-17T20:43:12.470155+09:00
Recruiting Studio,590.0,4.0,success,False,2026-08-17T20:44:54.516764+09:00
Recruiting Sync,,,failed,False,2026-08-17T20:47:35.936558+09:00
Recruiting Tracker,1300.0,33.0,success,False,2026-08-17T21:30:00.229933+09:00
Recruiting Vault,,,failed,False,2026-08-17T20:41:07.425187+09:00
Recruiting Watch,,,failed,False,2026-08-17T20:33:54.236742+09:00
Recruiting Wave,,,failed,False,2026-08-17T21:39:40.995935+09:00
Recruiting Zone,70.0,6.0,success,False,2026-08-17T20:40:45.689604+09:00
Recurring Planner,,,failed,False,2026-08-17T22:49:19.411310+09:00
Redline Anchor,,,failed,False,2026-08-17T20:34:18.335664+09:00
Redline Atlas,,,failed,False,2026-08-17T21:33:48.082783+09:00
Redline Base,,,failed,False,2026-08-17T20:49:41.074252+09:00
Redline Beacon,,,failed,False,2026-08-17T20:38:06.157627+09:00
Redline Board,170.0,3.0,success,False,2026-08-17T20:45:28.437462+09:00
Redline Bridge,10.0,0.0,success,False,2026-08-17T20:35:12.658616+09:00
Redline Cascade,,,failed,False,2026-08-17T20:36:11.237181+09:00
Redline Center,590.0,1.0,success,False,2026-08-17T20:40:19.019495+09:00
Redline Chain,10.0,0.0,success,False,2026-08-17T21:39:37.908878+09:00
Redline Compass,10.0,0.0,success,False,2026-08-17T20:38:59.956902+09:00
Redline Console,,,failed,False,2026-08-17T20:37:38.706086+09:00
Redline Core,,,failed,False,2026-08-17T20:47:33.914967+09:00
Redline Deck,,,failed,False,2026-08-17T20:44:24.451216+09:00
Redline Desk,,,failed,False,2026-08-17T20:42:13.997557+09:00
Redline Dial,,,failed,False,2026-08-17T20:35:44.075031+09:00
Redline Dock,,,failed,False,2026-08-17T20:31:36.969919+09:00
Redline Flow,10.0,0.0,success,False,2026-08-17T20:44:51.445524+09:00
Redline Forge,,,failed,False,2026-08-17T20:37:08.027448+09:00
Redline Frame,170.0,33.0,success,False,2026-08-17T21:31:02.177338+09:00
Redline Gate,,,failed,False,2026-08-17T21:35:58.459168+09:00
Redline Grid,,,failed,False,2026-08-17T21:41:04.521769+09:00
Redline Guard,,,failed,False,2026-08-17T20:48:13.207047+09:00
Redline Hub,30.0,38.0,success,False,2026-08-17T20:44:04.848400+09:00
Redline Keeper,,,failed,False,2026-08-17T21:31:39.058447+09:00
Redline Lab,50.0,0.0,success,False,2026-08-17T20:42:41.908187+09:00
Redline Ledger,,,failed,False,2026-08-17T20:46:16.531586+09:00
Redline Lens,,,failed,False,2026-08-17T21:32:15.070878+09:00
Redline Lock,10.0,5.0,success,False,2026-08-17T21:34:24.214520+09:00
Redline Manager,,,failed,False,2026-08-17T21:30:30.781560+09:00
Redline Map,9900.0,1.0,success,False,2026-08-17T21:33:20.961288+09:00
Redline Meter,30.0,8.0,success,False,2026-08-17T20:34:43.926118+09:00
Redline Nexus,,,failed,False,2026-08-17T21:34:55.256705+09:00
Redline Node,,,failed,False,2026-08-17T21:36:57.018160+09:00
Redline Organizer,70.0,2.0,success,False,2026-08-17T22:48:05.376281+09:00
Redline Panel,20.0,1.0,success,False,2026-08-17T20:36:39.507807+09:00
Redline Path,,,failed,False,2026-08-17T21:36:30.682605+09:00
Redline Pilot,140.0,0.0,success,False,2026-08-17T20:43:09.097865+09:00
Redline Point,,,failed,False,2026-08-17T21:35:22.295985+09:00
Redline Portal,10.0,0.0,success,False,2026-08-17T20:38:31.317013+09:00
Redline Pulse,,,failed,False,2026-08-17T21:38:40.825363+09:00
Redline Radar,320.0,98.0,success,False,2026-08-17T20:41:24.809383+09:00
Redline Relay,20.0,0.0,success,False,2026-08-17T20:40:42.163784+09:00
Redline Route,1600.0,0.0,success,True,2026-08-17T20:32:47.475978+09:00
Redline Scale,,,failed,False,2026-08-17T20:33:51.962760+09:00
Redline Sentry,,,failed,False,2026-08-17T21:32:50.995270+09:00
Redline Signal,20.0,0.0,success,False,2026-08-17T20:33:23.313632+09:00
Redline Station,2400.0,0.0,success,True,2026-08-17T20:41:54.470071+09:00
Redline Studio,2900.0,2.0,success,False,2026-08-17T20:43:34.295212+09:00
Redline Sync,,,failed,False,2026-08-17T20:45:51.407426+09:00
Redline Tracker,2400.0,1.0,success,False,2026-08-17T20:46:56.962156+09:00
Redline Trail,,,failed,False,2026-08-17T21:41:36.452024+09:00
Redline Vault,,,failed,False,2026-08-17T20:39:52.233588+09:00
Redline Watch,480.0,65.0,success,False,2026-08-17T20:32:10.469810+09:00
Redline Wave,10.0,0.0,success,False,2026-08-17T21:37:36.095439+09:00
Redline Zone,70.0,0.0,success,False,2026-08-17T20:39:23.919432+09:00
Reference Anchor,,,failed,False,2026-08-17T21:36:00.741055+09:00
Reference Atlas,720.0,1.0,success,False,2026-08-17T20:43:36.337910+09:00
Reference Base,260.0,9.0,success,False,2026-08-17T20:40:44.017242+09:00
Reference Beacon,,,failed,False,2026-08-17T21:41:39.306179+09:00
Reference Board,1000.0,1.0,success,False,2026-08-17T20:38:07.696860+09:00
Reference Bridge,,,failed,False,2026-08-17T21:36:59.022364+09:00
Reference Cascade,,,failed,False,2026-08-17T21:38:10.743063+09:00
Reference Center,1600.0,0.0,success,True,2026-08-17T20:32:12.868338+09:00
Reference Chain,90.0,0.0,success,False,2026-08-17T21:30:00.229933+09:00
Reference Console,,,failed,False,2026-08-17T21:41:04.521769+09:00
Reference Core,,,failed,False,2026-08-17T20:39:54.147287+09:00
Reference Deck,40.0,0.0,success,False,2026-08-17T20:37:11.919122+09:00
Reference Desk,1000.0,1.0,success,False,2026-08-17T20:34:44.892914+09:00
Reference Dial,,,failed,False,2026-08-17T21:37:36.095439+09:00
Reference Dock,,,failed,False,2026-08-17T21:33:22.663564+09:00
Reference Flow,70.0,1.0,success,False,2026-08-17T20:37:39.748297+09:00
Reference Forge,,,failed,False,2026-08-17T21:39:37.908878+09:00
Reference Frame,18100.0,0.0,success,True,2026-08-17T20:41:27.066117+09:00
Reference Gate,40.0,0.0,success,False,2026-08-17T20:45:28.437462+09:00
Reference Grid,140.0,0.0,success,False,2026-08-17T21:30:33.048254+09:00
Reference Guard,,,failed,False,2026-08-17T20:40:20.065990+09:00
Reference Hub,260.0,6.0,success,False,2026-08-17T20:36:40.845127+09:00
Reference Keeper,20.0,0.0,success,False,2026-08-17T20:41:55.751231+09:00
Reference Lab,4400.0,2.0,success,False,2026-08-17T20:35:15.216607+09:00
Reference Ledger,,,failed,False,2026-08-17T20:39:04.557611+09:00
Reference Lens,,,failed,False,2026-08-17T20:42:15.711128+09:00
Reference Lock,390.0,100.0,success,False,2026-08-17T20:44:06.631034+09:00
Reference Loop,10.0,0.0,success,False,2026-08-17T21:31:41.054400+09:00
Reference Manager,6600.0,13.0,success,False,2026-08-17T20:41:06.345123+09:00
Reference Map,8100.0,0.0,success,True,2026-08-17T20:43:09.097865+09:00
Reference Meter,140.0,5.0,success,False,2026-08-17T21:36:30.682605+09:00
Reference Nexus,,,failed,False,2026-08-17T20:44:24.451216+09:00
Reference Node,260.0,0.0,success,False,2026-08-17T20:46:20.020027+09:00
Reference Panel,110.0,2.0,success,False,2026-08-17T21:38:46.123803+09:00
Reference Path,50.0,0.0,success,False,2026-08-17T20:45:52.903104+09:00
Reference Pilot,,,failed,False,2026-08-17T20:35:45.912195+09:00
Reference Point,27100.0,2.0,success,False,2026-08-17T20:44:54.516764+09:00
Reference Pulse,,,failed,False,2026-08-17T20:48:15.314618+09:00
Reference Radar,40.0,0.0,success,False,2026-08-17T20:33:54.236742+09:00
Reference Rail,,,failed,False,2026-08-17T21:32:17.170130+09:00
Reference Relay,,,failed,False,2026-08-17T20:32:49.512310+09:00
Reference Route,,,failed,False,2026-08-17T21:34:26.372304+09:00
Reference Scale,170.0,1.0,success,False,2026-08-17T21:35:24.685319+09:00
Reference Scope,,,failed,False,2026-08-17T21:32:53.372558+09:00
Reference Sentry,,,failed,False,2026-08-17T20:42:43.172174+09:00
Reference Signal,140.0,0.0,success,False,2026-08-17T21:34:55.256705+09:00
Reference Station,90.0,18.0,success,False,2026-08-17T20:34:19.305897+09:00
Reference Studio,1300.0,1.0,success,False,2026-08-17T20:36:12.301778+09:00
Reference Sync,,,failed,False,2026-08-17T20:38:32.473394+09:00
Reference Tracker,880.0,3.0,success,False,2026-08-17T20:39:25.387216+09:00
Reference Trail,70.0,0.0,success,False,2026-08-17T21:31:05.600589+09:00
Reference Vault,,,failed,False,2026-08-17T20:31:38.107939+09:00
Reference Watch,260.0,31.0,success,False,2026-08-17T21:33:53.413747+09:00
Reference Wave,30.0,0.0,success,False,2026-08-17T20:46:59.199715+09:00
Referral Anchor,,,failed,False,2026-08-17T20:40:08.225876+09:00
Referral Base,70.0,5.0,success,False,2026-08-17T21:36:43.981322+09:00
Referral Beacon,,,failed,False,2026-08-17T20:43:25.230587+09:00
Referral Board,1000.0,1.0,success,False,2026-08-17T21:33:36.085901+09:00
Referral Bridge,30.0,14.0,success,False,2026-08-17T20:40:52.985789+09:00
Referral Cascade,,,failed,False,2026-08-17T20:41:42.376478+09:00
Referral Center,480.0,0.0,success,False,2026-08-17T20:45:42.370254+09:00
Referral Chain,90.0,0.0,success,False,2026-08-17T20:35:00.475766+09:00
Referral Cockpit,,,failed,False,2026-08-17T22:50:34.703098+09:00
Referral Compass,,,failed,False,2026-08-17T20:44:15.738532+09:00
Referral Console,,,failed,False,2026-08-17T20:42:52.966707+09:00
Referral Core,,,failed,False,2026-08-17T21:35:44.584576+09:00
Referral Deck,,,failed,False,2026-08-17T21:32:33.876836+09:00
Referral Desk,50.0,1.0,success,False,2026-08-17T20:48:31.729678+09:00
Referral Dial,,,failed,False,2026-08-17T20:41:16.510977+09:00
Referral Dock,,,failed,False,2026-08-17T20:37:57.626492+09:00
Referral Flow,70.0,8.0,success,False,2026-08-17T21:33:08.992358+09:00
Referral Forge,,,failed,False,2026-08-17T20:42:24.319818+09:00
Referral Gate,,,failed,False,2026-08-17T20:31:59.985806+09:00
Referral Grid,,,failed,False,2026-08-17T20:35:28.436030+09:00
Referral Guard,,,failed,False,2026-08-17T21:36:20.278504+09:00
Referral Hub,1600.0,2.0,success,False,2026-08-17T21:31:56.784481+09:00
Referral Lab,1300.0,1.0,success,False,2026-08-17T21:30:15.996537+09:00
Referral Ledger,10.0,0.0,success,False,2026-08-17T21:34:39.149688+09:00
Referral Loop,110.0,2.0,success,False,2026-08-17T20:36:22.753454+09:00
Referral Manager,320.0,3.0,success,False,2026-08-17T21:37:21.496927+09:00
Referral Meter,,,failed,False,2026-08-17T20:40:32.567080+09:00
Referral Node,,,failed,False,2026-08-17T20:33:08.305690+09:00
Referral Panel,10.0,3.0,success,False,2026-08-17T20:42:04.175878+09:00
Referral Path,720.0,0.0,success,False,2026-08-17T20:32:32.905502+09:00
Referral Pilot,,,failed,False,2026-08-17T21:30:47.592348+09:00
Referral Portal,390.0,4.0,success,False,2026-08-17T20:43:51.758171+09:00
Referral Pulse,,,failed,False,2026-08-17T20:34:34.179062+09:00
Referral Radar,30.0,34.0,success,False,2026-08-17T20:47:16.621554+09:00
Referral Rail,,,failed,False,2026-08-17T20:36:56.303275+09:00
Referral Relay,,,failed,False,2026-08-17T20:46:03.469899+09:00
Referral Route,,,failed,False,2026-08-17T20:38:43.149907+09:00
Referral Scale,,,failed,False,2026-08-17T20:39:41.640400+09:00
Referral Scope,,,failed,False,2026-08-17T20:37:24.505740+09:00
Referral Signal,,,failed,False,2026-08-17T20:39:13.606540+09:00
Referral Station,110.0,9.0,success,False,2026-08-17T20:47:58.336807+09:00
Referral Studio,,,failed,False,2026-08-17T21:31:23.168898+09:00
Referral Sync,,,failed,False,2026-08-17T21:34:09.721109+09:00
Referral Tracker,1300.0,12.0,success,False,2026-08-17T21:35:11.471835+09:00
Referral Trail,40.0,0.0,success,False,2026-08-17T20:35:59.491401+09:00
Referral Vault,,,failed,False,2026-08-17T20:45:15.345040+09:00
Referral Watch,,,failed,False,2026-08-17T20:38:19.209708+09:00
Referral Wave,10.0,,success,False,2026-08-17T20:33:41.175079+09:00
Referral Zone,10.0,1.0,success,False,2026-08-17T20:44:37.629482+09:00
Refill Desk,,,failed,False,2026-08-17T22:46:57.477508+09:00
Refund Anchor,,,failed,False,2026-08-17T21:33:28.260657+09:00
Refund Atlas,10.0,0.0,success,False,2026-08-17T20:41:35.724700+09:00
Refund Base,10.0,0.0,success,False,2026-08-17T20:38:37.912313+09:00
Refund Beacon,,,failed,False,2026-08-17T21:37:46.877382+09:00
Refund Board,,,failed,False,2026-08-17T20:35:51.368204+09:00
Refund Bridge,,,failed,False,2026-08-17T21:34:31.783933+09:00
Refund Cascade,,,failed,False,2026-08-17T21:35:36.118436+09:00
Refund Chain,,,failed,False,2026-08-17T20:45:56.929111+09:00
Refund Compass,,,failed,False,2026-08-17T21:39:09.779186+09:00
Refund Console,,,failed,False,2026-08-17T21:37:08.932405+09:00
Refund Core,,,failed,False,2026-08-17T20:37:49.257868+09:00
Refund Deck,,,failed,False,2026-08-17T20:34:51.045190+09:00
Refund Desk,10.0,0.0,success,False,2026-08-17T20:32:23.142780+09:00
Refund Dial,10.0,0.0,success,False,2026-08-17T21:35:06.399475+09:00
Refund Dock,,,failed,False,2026-08-17T21:30:41.512165+09:00
Refund Flow,20.0,1.0,success,False,2026-08-17T20:35:20.751202+09:00
Refund Forge,,,failed,False,2026-08-17T21:36:38.708092+09:00
Refund Frame,,,failed,False,2026-08-17T20:39:33.830984+09:00
Refund Gate,10.0,,success,False,2026-08-17T20:43:16.751377+09:00
Refund Grid,,,failed,False,2026-08-17T20:46:26.563596+09:00
Refund Guard,10.0,9.0,success,False,2026-08-17T20:38:12.491374+09:00
Refund Hub,30.0,1.0,success,False,2026-08-17T20:34:25.476328+09:00
Refund Keeper,10.0,0.0,success,False,2026-08-17T20:40:03.112671+09:00
Refund Lab,,,failed,False,2026-08-17T20:32:58.642411+09:00
Refund Ledger,10.0,7.0,success,False,2026-08-17T20:36:51.044622+09:00
Refund Lens,,,failed,False,2026-08-17T20:40:27.760312+09:00
Refund Lock,10.0,0.0,success,False,2026-08-17T20:42:00.146835+09:00
Refund Loop,,,failed,False,2026-08-17T20:47:47.373505+09:00
Refund Manager,210.0,4.0,success,False,2026-08-17T20:39:09.333217+09:00
Refund Map,,,failed,False,2026-08-17T20:41:11.362619+09:00
Refund Meter,,,failed,False,2026-08-17T21:34:01.777052+09:00
Refund Nexus,,,failed,False,2026-08-17T20:42:19.428112+09:00
Refund Node,,,failed,False,2026-08-17T20:44:10.950266+09:00
Refund Panel,,,failed,False,2026-08-17T21:36:10.133574+09:00
Refund Path,10.0,0.0,success,False,2026-08-17T20:43:44.073906+09:00
Refund Pilot,30.0,41.0,success,False,2026-08-17T20:33:31.328442+09:00
Refund Point,170.0,2.0,success,False,2026-08-17T20:42:49.578916+09:00
Refund Portal,1300.0,1.0,success,False,2026-08-17T21:38:18.723173+09:00
Refund Pulse,,,failed,False,2026-08-17T20:45:34.633599+09:00
Refund Rail,,,failed,False,2026-08-17T20:48:23.905428+09:00
Refund Route,,,failed,False,2026-08-17T21:31:49.761986+09:00
Refund Scale,,,failed,False,2026-08-17T21:33:02.340741+09:00
Refund Scope,,,failed,False,2026-08-17T21:30:08.257838+09:00
Refund Sentry,,,failed,False,2026-08-17T20:40:49.686418+09:00
Refund Signal,,,failed,False,2026-08-17T21:32:25.465592+09:00
Refund Station,,,failed,False,2026-08-17T20:31:49.556843+09:00
Refund Studio,,,failed,False,2026-08-17T20:34:02.071546+09:00
Refund Sync,,,failed,False,2026-08-17T20:36:18.497930+09:00
Refund Tracker,33100.0,0.0,success,True,2026-08-17T20:37:18.091212+09:00
Refund Trail,,,failed,False,2026-08-17T20:47:07.356899+09:00
Refund Watch,10.0,0.0,success,False,2026-08-17T21:31:15.457583+09:00
Refund Wave,,,failed,False,2026-08-17T20:44:32.138425+09:00
Registration Anchor,,,failed,False,2026-08-17T20:38:46.053243+09:00
Registration Atlas,,,failed,False,2026-08-17T21:39:19.495692+09:00
Registration Base,10.0,0.0,success,False,2026-08-17T21:35:14.152571+09:00
Registration Beacon,,,failed,False,2026-08-17T20:42:06.946542+09:00
Registration Board,590.0,0.0,success,False,2026-08-17T21:31:59.895065+09:00
Registration Bridge,,,failed,False,2026-08-17T20:39:43.687132+09:00
Registration Cascade,,,failed,False,2026-08-17T20:40:33.502804+09:00
Registration Center,720.0,1.0,success,False,2026-08-17T20:44:17.126543+09:00
Registration Chain,,,failed,False,2026-08-17T20:33:42.611240+09:00
Registration Compass,,,failed,False,2026-08-17T20:42:54.961047+09:00
Registration Console,,,failed,False,2026-08-17T20:41:46.079279+09:00
Registration Core,,,failed,False,2026-08-17T21:34:09.721109+09:00
Registration Deck,20.0,0.0,success,False,2026-08-17T21:30:50.388708+09:00
Registration Desk,2400.0,39.0,success,False,2026-08-17T20:46:42.242736+09:00
Registration Dial,,,failed,False,2026-08-17T20:40:10.157299+09:00
Registration Dock,,,failed,False,2026-08-17T20:36:26.800121+09:00
Registration Flow,170.0,2.0,success,False,2026-08-17T21:31:28.023870+09:00
Registration Forge,,,failed,False,2026-08-17T20:41:17.748242+09:00
Registration Frame,1600.0,2.0,success,False,2026-08-17T21:36:20.278504+09:00
Registration Grid,1600.0,0.0,success,True,2026-08-17T20:34:09.472739+09:00
Registration Guard,,,failed,False,2026-08-17T21:34:39.149688+09:00
Registration Hub,170.0,6.0,success,False,2026-08-17T21:30:18.085086+09:00
Registration Keeper,70.0,3.0,success,False,2026-08-17T21:36:47.272145+09:00
Registration Lab,40.0,0.0,success,False,2026-08-17T20:47:16.621554+09:00
Registration Ledger,,,failed,False,2026-08-17T21:33:10.630129+09:00
Registration Lens,,,failed,False,2026-08-17T21:37:21.496927+09:00
Registration Lock,90.0,17.0,success,False,2026-08-17T21:40:47.686331+09:00
Registration Loop,,,failed,False,2026-08-17T20:35:03.370957+09:00
Registration Manager,260.0,3.0,success,False,2026-08-17T21:35:46.466784+09:00
Registration Map,480.0,0.0,success,False,2026-08-17T21:38:29.386806+09:00
Registration Meter,,,failed,False,2026-08-17T20:39:15.324728+09:00
Registration Nexus,,,failed,False,2026-08-17T21:41:25.564008+09:00
Registration Panel,260.0,3.0,success,False,2026-08-17T20:40:53.994191+09:00
Registration Pilot,,,failed,False,2026-08-17T20:48:00.384731+09:00
Registration Portal,110000.0,1.0,success,False,2026-08-17T20:42:29.560038+09:00
Registration Pulse,,,failed,False,2026-08-17T20:33:09.747000+09:00
Registration Radar,,,failed,False,2026-08-17T20:45:42.370254+09:00
Registration Rail,,,failed,False,2026-08-17T20:35:32.317442+09:00
Registration Relay,,,failed,False,2026-08-17T20:44:38.858684+09:00
Registration Route,30.0,0.0,success,False,2026-08-17T20:37:26.547523+09:00
Registration Scale,,,failed,False,2026-08-17T20:38:21.061174+09:00
Registration Scope,10.0,0.0,success,False,2026-08-17T20:36:00.761105+09:00
Registration Sentry,,,failed,False,2026-08-17T21:37:57.485180+09:00
Registration Signal,,,failed,False,2026-08-17T20:37:58.727524+09:00
Registration Station,140.0,12.0,success,False,2026-08-17T20:46:04.855118+09:00
Registration Studio,10.0,0.0,success,False,2026-08-17T20:48:34.410191+09:00
Registration Sync,,,failed,False,2026-08-17T21:32:36.544768+09:00
Registration Tracker,1900.0,18.0,success,False,2026-08-17T21:33:37.652467+09:00
Registration Trail,,,failed,False,2026-08-17T20:34:35.742752+09:00
Registration Vault,10.0,0.0,success,False,2026-08-17T20:43:55.064759+09:00
Registration Watch,20.0,0.0,success,False,2026-08-17T20:36:59.320935+09:00
Registration Wave,,,failed,False,2026-08-17T20:32:00.957216+09:00
Registration Zone,140.0,0.0,success,False,2026-08-17T20:43:26.313536+09:00
Renewal Anchor,,,failed,False,2026-08-17T21:41:44.845375+09:00
Renewal Atlas,,,failed,False,2026-08-17T20:47:45.474295+09:00
Renewal Base,,,failed,False,2026-08-17T20:44:09.032273+09:00
Renewal Beacon,,,failed,False,2026-08-17T20:34:01.116253+09:00
Renewal Board,,,failed,False,2026-08-17T20:41:33.336783+09:00
Renewal Cascade,,,failed,False,2026-08-17T20:31:46.547401+09:00
Renewal Center,480.0,8.0,success,False,2026-08-17T20:36:17.521162+09:00
Renewal Chain,10.0,0.0,success,False,2026-08-17T21:34:29.947705+09:00
Renewal Compass,,,failed,False,2026-08-17T20:34:48.922886+09:00
Renewal Console,,,failed,False,2026-08-17T20:33:30.325030+09:00
Renewal Core,,,failed,False,2026-08-17T20:43:15.863986+09:00
Renewal Deck,,,failed,False,2026-08-17T20:40:48.754907+09:00
Renewal Desk,90.0,49.0,success,False,2026-08-17T20:38:36.286112+09:00
Renewal Dock,,,failed,False,2026-08-17T21:37:44.992622+09:00
Renewal Flow,,,failed,False,2026-08-17T20:41:09.985510+09:00
Renewal Forge,,,failed,False,2026-08-17T20:32:57.689274+09:00
Renewal Frame,,,failed,False,2026-08-17T20:45:09.617976+09:00
Renewal Gate,,,failed,False,2026-08-17T21:31:11.680234+09:00
Renewal Grid,,,failed,False,2026-08-17T21:35:02.943607+09:00
Renewal Guard,,,failed,False,2026-08-17T20:43:42.299051+09:00
Renewal Hub,720.0,1.0,success,False,2026-08-17T20:40:26.535789+09:00
Renewal Keeper,,,failed,False,2026-08-17T20:45:33.619281+09:00
Renewal Lab,20.0,0.0,success,False,2026-08-17T20:39:06.787331+09:00
Renewal Ledger,,,failed,False,2026-08-17T20:42:18.152107+09:00
Renewal Lens,,,failed,False,2026-08-17T20:45:55.190861+09:00
Renewal Lock,,,failed,False,2026-08-17T20:48:21.583177+09:00
Renewal Loop,,,failed,False,2026-08-17T21:36:07.544663+09:00
Renewal Manager,390.0,0.0,success,False,2026-08-17T20:44:29.668652+09:00
Renewal Map,260.0,7.0,success,False,2026-08-17T20:47:04.642239+09:00
Renewal Nexus,1600.0,7.0,success,False,2026-08-17T21:30:05.905035+09:00
Renewal Node,,,failed,False,2026-08-17T21:32:23.259221+09:00
Renewal Panel,,,failed,False,2026-08-17T20:32:21.226449+09:00
Renewal Path,10.0,0.0,success,False,2026-08-17T21:31:49.761986+09:00
Renewal Pilot,,,failed,False,2026-08-17T20:39:31.272188+09:00
Renewal Point,170.0,1.0,success,False,2026-08-17T21:30:38.829852+09:00
Renewal Portal,2400.0,1.0,success,False,2026-08-17T20:34:23.568448+09:00
Renewal Pulse,,,failed,False,2026-08-17T21:33:59.802696+09:00
Renewal Radar,10.0,0.0,success,False,2026-08-17T20:37:47.401646+09:00
Renewal Rail,,,failed,False,2026-08-17T21:36:36.847955+09:00
Renewal Relay,,,failed,False,2026-08-17T20:36:48.387810+09:00
Renewal Route,,,failed,False,2026-08-17T21:39:05.774100+09:00
Renewal Scale,,,failed,False,2026-08-17T21:41:14.862117+09:00
Renewal Scope,,,failed,False,2026-08-17T21:37:05.127331+09:00
Renewal Sentry,,,failed,False,2026-08-17T20:46:23.888336+09:00
Renewal Signal,,,failed,False,2026-08-17T21:39:44.948189+09:00
Renewal Station,30.0,3.0,success,False,2026-08-17T20:38:11.520193+09:00
Renewal Studio,720.0,3.0,success,False,2026-08-17T20:40:01.743309+09:00
Renewal Sync,,,failed,False,2026-08-17T20:41:58.937145+09:00
Renewal Tracker,320.0,2.0,success,False,2026-08-17T20:42:47.401639+09:00
Renewal Trail,,,failed,False,2026-08-17T21:35:33.419897+09:00
Renewal Vault,,,failed,False,2026-08-17T20:35:50.076535+09:00
Renewal Watch,,,failed,False,2026-08-17T21:38:15.647846+09:00
Renewal Wave,,,failed,False,2026-08-17T21:33:00.443260+09:00
Renewal Zone,260.0,17.0,success,False,2026-08-17T20:35:19.683482+09:00
Rent Anchor,,,failed,False,2026-08-17T21:39:44.948189+09:00
Rent Atlas,20.0,12.0,success,False,2026-08-17T20:46:23.888336+09:00
Rent Base,70.0,6.0,success,False,2026-08-17T20:43:15.863986+09:00
Rent Beacon,590.0,65.0,success,False,2026-08-17T20:32:57.689274+09:00
Rent Board,2400.0,3.0,success,False,2026-08-17T20:40:48.754907+09:00
Rent Bridge,170.0,4.0,success,False,2026-08-17T21:41:44.845375+09:00
Rent Center,14800.0,44.0,success,False,2026-08-17T20:35:19.683482+09:00
Rent Chain,110.0,22.0,success,False,2026-08-17T21:33:26.536272+09:00
Rent Compass,140.0,14.0,success,False,2026-08-17T20:34:01.116253+09:00
Rent Console,2400.0,39.0,success,False,2026-08-17T20:32:21.226449+09:00
Rent Core,20.0,0.0,success,False,2026-08-17T20:42:18.152107+09:00
Rent Deck,210.0,10.0,success,False,2026-08-17T20:40:01.743309+09:00
Rent Desk,1600.0,26.0,success,False,2026-08-17T20:37:47.401646+09:00
Rent Dock,10.0,0.0,success,False,2026-08-17T21:36:36.847955+09:00
Rent Flow,210.0,14.0,success,False,2026-08-17T20:40:24.654920+09:00
Rent Forge,,,failed,False,2026-08-17T20:31:46.547401+09:00
Rent Frame,,,failed,False,2026-08-17T20:44:09.032273+09:00
Rent Gate,40.0,36.0,success,False,2026-08-17T21:30:05.905035+09:00
Rent Grid,50.0,13.0,success,False,2026-08-17T21:33:59.802696+09:00
Rent Guard,720.0,13.0,success,False,2026-08-17T20:42:47.401639+09:00
Rent Hub,27100.0,24.0,success,False,2026-08-17T20:39:31.272188+09:00
Rent Keeper,20.0,12.0,success,False,2026-08-17T20:44:29.668652+09:00
Rent Lab,590.0,13.0,success,False,2026-08-17T20:38:11.520193+09:00
Rent Ledger,9900.0,49.0,success,False,2026-08-17T20:41:33.336783+09:00
Rent Lens,27100.0,35.0,success,False,2026-08-17T20:45:09.617976+09:00
Rent Lock,140.0,16.0,success,False,2026-08-17T20:47:04.642239+09:00
Rent Loop,480.0,14.0,success,False,2026-08-17T21:35:02.943607+09:00
Rent Manager,14800.0,37.0,success,False,2026-08-17T20:43:42.299051+09:00
Rent Map,6600.0,8.0,success,False,2026-08-17T20:45:55.190861+09:00
Rent Meter,170.0,21.0,success,False,2026-08-17T21:41:14.862117+09:00
Rent Nexus,40.0,6.0,success,False,2026-08-17T20:47:45.474295+09:00
Rent Node,,,failed,False,2026-08-17T21:31:11.680234+09:00
Rent Path,720.0,17.0,success,False,2026-08-17T21:30:38.829852+09:00
Rent Pilot,110.0,17.0,success,False,2026-08-17T20:38:36.286112+09:00
Rent Point,1600.0,9.0,success,False,2026-08-17T20:48:21.583177+09:00
Rent Portal,5400.0,19.0,success,False,2026-08-17T20:33:30.325030+09:00
Rent Pulse,10.0,0.0,success,False,2026-08-17T21:33:00.443260+09:00
Rent Radar,480.0,39.0,success,False,2026-08-17T20:36:48.387810+09:00
Rent Rail,,,failed,False,2026-08-17T21:35:33.419897+09:00
Rent Relay,20.0,1.0,success,False,2026-08-17T20:35:50.076535+09:00
Rent Route,,,failed,False,2026-08-17T21:37:44.992622+09:00
Rent Scale,390.0,41.0,success,False,2026-08-17T21:39:05.774100+09:00
Rent Scope,70.0,5.0,success,False,2026-08-17T21:36:07.544663+09:00
Rent Sentry,,,failed,False,2026-08-17T20:45:33.619281+09:00
Rent Signal,1300.0,98.0,success,False,2026-08-17T21:38:15.647846+09:00
Rent Station,590.0,2.0,success,False,2026-08-17T20:37:16.947301+09:00
Rent Studio,49500.0,47.0,success,False,2026-08-17T20:39:06.787331+09:00
Rent Sync,1900.0,18.0,success,False,2026-08-17T20:41:08.316613+09:00
Rent Tracker,880.0,21.0,success,False,2026-08-17T20:41:58.937145+09:00
Rent Trail,880.0,4.0,success,False,2026-08-17T21:34:29.947705+09:00
Rent Vault,1900.0,3.0,success,False,2026-08-17T20:34:48.922886+09:00
Rent Watch,2900.0,23.0,success,False,2026-08-17T21:37:05.127331+09:00
Rent Wave,50.0,1.0,success,False,2026-08-17T21:31:46.266854+09:00
Rent Zone,1900.0,8.0,success,False,2026-08-17T20:34:23.568448+09:00
Requisition Anchor,,,failed,False,2026-08-17T21:30:38.829852+09:00
Requisition Atlas,,,failed,False,2026-08-17T20:39:31.272188+09:00
Requisition Base,,,failed,False,2026-08-17T20:36:14.881787+09:00
Requisition Beacon,,,failed,False,2026-08-17T21:35:00.218033+09:00
Requisition Board,,,failed,False,2026-08-17T20:33:30.325030+09:00
Requisition Bridge,,,failed,False,2026-08-17T21:31:46.266854+09:00
Requisition Cascade,,,failed,False,2026-08-17T21:33:00.443260+09:00
Requisition Center,,,failed,False,2026-08-17T21:37:42.380657+09:00
Requisition Chain,,,failed,False,2026-08-17T20:43:42.299051+09:00
Requisition Compass,,,failed,False,2026-08-17T21:36:07.544663+09:00
Requisition Console,,,failed,False,2026-08-17T21:34:29.947705+09:00
Requisition Core,,,failed,False,2026-08-17T20:35:18.626237+09:00
Requisition Deck,,,failed,False,2026-08-17T20:32:17.131006+09:00
Requisition Desk,,,failed,False,2026-08-17T21:41:42.015478+09:00
Requisition Dial,,,failed,False,2026-08-17T21:32:23.259221+09:00
Requisition Dock,,,failed,False,2026-08-17T20:46:23.888336+09:00
Requisition Flow,,,failed,False,2026-08-17T20:32:55.422953+09:00
Requisition Forge,,,failed,False,2026-08-17T21:33:59.802696+09:00
Requisition Frame,,,failed,False,2026-08-17T20:37:15.920679+09:00
Requisition Gate,,,failed,False,2026-08-17T20:41:08.316613+09:00
Requisition Grid,,,failed,False,2026-08-17T20:44:09.032273+09:00
Requisition Guard,,,failed,False,2026-08-17T20:35:48.969093+09:00
Requisition Hub,,,failed,False,2026-08-17T20:31:44.848533+09:00
Requisition Keeper,,,failed,False,2026-08-17T20:37:45.876313+09:00
Requisition Ledger,,,failed,False,2026-08-17T20:34:23.568448+09:00
Requisition Lens,,,failed,False,2026-08-17T20:38:11.520193+09:00
Requisition Lock,,,failed,False,2026-08-17T20:39:59.910293+09:00
Requisition Loop,,,failed,False,2026-08-17T20:45:09.617976+09:00
Requisition Manager,30.0,0.0,success,False,2026-08-17T20:36:48.387810+09:00
Requisition Map,,,failed,False,2026-08-17T20:39:06.787331+09:00
Requisition Meter,,,failed,False,2026-08-17T21:31:11.680234+09:00
Requisition Nexus,,,failed,False,2026-08-17T20:40:24.654920+09:00
Requisition Node,,,failed,False,2026-08-17T20:41:58.937145+09:00
Requisition Panel,,,failed,False,2026-08-17T21:33:26.536272+09:00
Requisition Path,,,failed,False,2026-08-17T20:41:33.336783+09:00
Requisition Point,20.0,0.0,success,False,2026-08-17T20:40:46.604989+09:00
Requisition Portal,30.0,0.0,success,False,2026-08-17T21:35:33.419897+09:00
Requisition Pulse,,,failed,False,2026-08-17T20:43:14.638625+09:00
Requisition Radar,,,failed,False,2026-08-17T21:39:44.948189+09:00
Requisition Rail,,,failed,False,2026-08-17T20:45:32.525368+09:00
Requisition Relay,,,failed,False,2026-08-17T21:38:15.647846+09:00
Requisition Route,,,failed,False,2026-08-17T20:47:45.474295+09:00
Requisition Scale,,,failed,False,2026-08-17T21:30:05.905035+09:00
Requisition Scope,,,failed,False,2026-08-17T20:45:55.190861+09:00
Requisition Sentry,,,failed,False,2026-08-17T20:38:36.286112+09:00
Requisition Signal,,,failed,False,2026-08-17T20:48:21.583177+09:00
Requisition Station,,,failed,False,2026-08-17T21:41:12.952922+09:00
Requisition Sync,,,failed,False,2026-08-17T20:33:59.012811+09:00
Requisition Tracker,30.0,14.0,success,False,2026-08-17T20:34:48.922886+09:00
Requisition Trail,,,failed,False,2026-08-17T20:44:27.303320+09:00
Requisition Vault,,,failed,False,2026-08-17T21:37:05.127331+09:00
Requisition Watch,,,failed,False,2026-08-17T20:47:00.954455+09:00
Requisition Wave,,,failed,False,2026-08-17T20:42:18.152107+09:00
Requisition Zone,,,failed,False,2026-08-17T21:36:34.713232+09:00
Reservation Anchor,,,failed,False,2026-08-17T20:33:48.971139+09:00
Reservation Atlas,390.0,4.0,success,False,2026-08-17T20:42:06.946542+09:00
Reservation Base,,,failed,False,2026-08-17T20:39:15.324728+09:00
Reservation Beacon,,,failed,False,2026-08-17T20:37:34.472176+09:00
Reservation Board,390.0,59.0,success,False,2026-08-17T20:36:26.800121+09:00
Reservation Bridge,,,failed,False,2026-08-17T20:34:40.569545+09:00
Reservation Cascade,,,failed,False,2026-08-17T20:35:40.356029+09:00
Reservation Chain,,,failed,False,2026-08-17T20:46:42.242736+09:00
Reservation Compass,,,failed,False,2026-08-17T20:38:26.412397+09:00
Reservation Console,,,failed,False,2026-08-17T20:37:05.313557+09:00
Reservation Core,,,failed,False,2026-08-17T20:38:19.209708+09:00
Reservation Dashboard,40.0,22.0,success,False,2026-08-17T22:51:32.586910+09:00
Reservation Deck,30.0,23.0,success,False,2026-08-17T20:35:32.317442+09:00
Reservation Desk,4400.0,38.0,success,False,2026-08-17T20:33:09.747000+09:00
Reservation Dial,,,failed,False,2026-08-17T20:35:09.040915+09:00
Reservation Flow,50.0,8.0,success,False,2026-08-17T20:36:00.761105+09:00
Reservation Forge,,,failed,False,2026-08-17T20:36:38.149505+09:00
Reservation Frame,,,failed,False,2026-08-17T20:40:08.225876+09:00
Reservation Gate,70.0,0.0,success,False,2026-08-17T20:43:55.064759+09:00
Reservation Grid,10.0,2.0,success,False,2026-08-17T20:47:16.621554+09:00
Reservation Guard,,,failed,False,2026-08-17T20:38:46.053243+09:00
Reservation Hub,140.0,4.0,success,False,2026-08-17T20:35:00.475766+09:00
Reservation Keeper,,,failed,False,2026-08-17T20:40:32.567080+09:00
Reservation Lab,30.0,0.0,success,False,2026-08-17T20:33:41.175079+09:00
Reservation Ledger,,,failed,False,2026-08-17T20:37:26.547523+09:00
Reservation Lens,,,failed,False,2026-08-17T20:40:52.985789+09:00
Reservation Lock,,,failed,False,2026-08-17T20:42:29.560038+09:00
Reservation Loop,10.0,0.0,success,False,2026-08-17T20:48:34.410191+09:00
Reservation Manager,1600.0,3.0,success,False,2026-08-17T20:39:41.640400+09:00
Reservation Map,14800.0,0.0,success,True,2026-08-17T20:41:46.079279+09:00
Reservation Meter,,,failed,False,2026-08-17T20:34:17.127214+09:00
Reservation Nexus,390.0,12.0,success,False,2026-08-17T20:42:52.966707+09:00
Reservation Node,,,failed,False,2026-08-17T20:44:37.629482+09:00
Reservation Panel,,,failed,False,2026-08-17T20:36:08.746361+09:00
Reservation Path,,,failed,False,2026-08-17T20:44:15.738532+09:00
Reservation Pilot,,,failed,False,2026-08-17T20:34:09.472739+09:00
Reservation Point,390.0,1.0,success,False,2026-08-17T20:43:25.230587+09:00
Reservation Portal,260.0,14.0,success,False,2026-08-17T20:38:04.703276+09:00
Reservation Pulse,,,failed,False,2026-08-17T20:46:03.469899+09:00
Reservation Radar,,,failed,False,2026-08-17T20:31:59.985806+09:00
Reservation Route,,,failed,False,2026-08-17T20:32:08.584337+09:00
Reservation Scale,,,failed,False,2026-08-17T20:33:18.087238+09:00
Reservation Sentry,,,failed,False,2026-08-17T20:41:16.510977+09:00
Reservation Signal,,,failed,False,2026-08-17T20:32:46.505342+09:00
Reservation Station,210.0,2.0,success,False,2026-08-17T20:32:36.001496+09:00
Reservation Studio,590.0,11.0,success,False,2026-08-17T20:34:34.179062+09:00
Reservation Sync,,,failed,False,2026-08-17T20:36:59.320935+09:00
Reservation Tracker,40.0,13.0,success,False,2026-08-17T20:37:57.626492+09:00
Reservation Trail,20.0,0.0,success,False,2026-08-17T20:47:58.336807+09:00
Reservation Watch,,,failed,False,2026-08-17T20:31:35.680631+09:00
Reservation Wave,,,failed,False,2026-08-17T20:45:16.547101+09:00
Reservation Zone,110.0,11.0,success,False,2026-08-17T20:38:58.199942+09:00
Reserve Watch,590.0,41.0,success,False,2026-08-17T22:51:27.768654+09:00
Resident Ledger,260.0,13.0,success,False,2026-08-17T22:46:53.613180+09:00
Resident Watch,2400.0,3.0,success,False,2026-08-17T22:51:32.586910+09:00
Resolution Anchor,,,failed,False,2026-08-17T20:45:33.619281+09:00
Resolution Atlas,,,failed,False,2026-08-17T20:36:18.497930+09:00
Resolution Base,,,failed,False,2026-08-17T20:32:57.689274+09:00
Resolution Beacon,,,failed,False,2026-08-17T21:31:15.457583+09:00
Resolution Board,12100.0,1.0,success,False,2026-08-17T21:41:47.180143+09:00
Resolution Bridge,,,failed,False,2026-08-17T20:46:26.563596+09:00
Resolution Cascade,,,failed,False,2026-08-17T20:47:47.373505+09:00
Resolution Center,4400.0,1.0,success,False,2026-08-17T21:34:01.777052+09:00
Resolution Chain,,,failed,False,2026-08-17T20:40:48.754907+09:00
Resolution Compass,,,failed,False,2026-08-17T21:32:25.465592+09:00
Resolution Console,,,failed,False,2026-08-17T21:30:41.512165+09:00
Resolution Core,,,failed,False,2026-08-17T20:31:49.556843+09:00
Resolution Deck,,,failed,False,2026-08-17T21:39:57.727763+09:00
Resolution Desk,27100.0,11.0,success,False,2026-08-17T21:36:36.847955+09:00
Resolution Dial,,,failed,False,2026-08-17T20:47:07.356899+09:00
Resolution Dock,,,failed,False,2026-08-17T20:43:15.863986+09:00
Resolution Flow,,,failed,False,2026-08-17T21:41:14.862117+09:00
Resolution Forge,,,failed,False,2026-08-17T21:30:08.257838+09:00
Resolution Frame,40.0,65.0,success,False,2026-08-17T20:34:01.116253+09:00
Resolution Gate,1830000.0,2.0,success,False,2026-08-17T20:38:12.491374+09:00
Resolution Grid,170.0,0.0,success,False,2026-08-17T20:41:09.985510+09:00
Resolution Guard,,,failed,False,2026-08-17T20:32:23.142780+09:00
Resolution Hub,70.0,1.0,success,False,2026-08-17T21:39:09.779186+09:00
Resolution Keeper,10.0,0.0,success,False,2026-08-17T20:34:25.476328+09:00
Resolution Lab,140.0,3.0,success,False,2026-08-17T21:37:08.932405+09:00
Resolution Lens,140.0,0.0,success,False,2026-08-17T20:34:51.045190+09:00
Resolution Lock,,,failed,False,2026-08-17T20:36:51.044622+09:00
Resolution Loop,,,failed,False,2026-08-17T20:42:00.146835+09:00
Resolution Manager,140.0,0.0,success,False,2026-08-17T20:33:31.328442+09:00
Resolution Map,320.0,22.0,success,False,2026-08-17T20:35:51.368204+09:00
Resolution Meter,30.0,0.0,success,False,2026-08-17T20:45:56.929111+09:00
Resolution Nexus,,,failed,False,2026-08-17T20:37:18.091212+09:00
Resolution Node,,,failed,False,2026-08-17T20:39:09.333217+09:00
Resolution Panel,170.0,89.0,success,False,2026-08-17T20:48:23.905428+09:00
Resolution Path,20.0,0.0,success,False,2026-08-17T20:38:37.912313+09:00
Resolution Pilot,,,failed,False,2026-08-17T21:37:44.992622+09:00
Resolution Planner,880.0,1.0,success,False,2026-08-17T22:49:21.662634+09:00
Resolution Point,140.0,0.0,success,False,2026-08-17T20:37:47.401646+09:00
Resolution Portal,1600.0,0.0,success,True,2026-08-17T21:31:49.761986+09:00
Resolution Pulse,,,failed,False,2026-08-17T20:40:26.535789+09:00
Resolution Radar,140.0,3.0,success,False,2026-08-17T21:35:36.118436+09:00
Resolution Rail,,,failed,False,2026-08-17T20:42:19.428112+09:00
Resolution Relay,10.0,0.0,success,False,2026-08-17T21:34:31.783933+09:00
Resolution Route,10.0,0.0,success,False,2026-08-17T20:44:10.950266+09:00
Resolution Scale,3600.0,1.0,success,False,2026-08-17T20:45:10.862003+09:00
Resolution Scope,1900.0,0.0,success,True,2026-08-17T20:42:49.578916+09:00
Resolution Sentry,,,failed,False,2026-08-17T20:35:19.683482+09:00
Resolution Signal,50.0,0.0,success,False,2026-08-17T20:44:29.668652+09:00
Resolution Station,,,failed,False,2026-08-17T21:36:10.133574+09:00
Resolution Studio,1000.0,6.0,success,False,2026-08-17T21:38:18.723173+09:00
Resolution Trail,50.0,0.0,success,False,2026-08-17T20:41:35.724700+09:00
Resolution Vault,,,failed,False,2026-08-17T21:33:28.260657+09:00
Resolution Watch,30.0,88.0,success,False,2026-08-17T20:43:44.073906+09:00
Resolution Wave,,,failed,False,2026-08-17T20:39:32.550443+09:00
Resolution Zone,10.0,0.0,success,False,2026-08-17T21:33:02.340741+09:00
Response Anchor,40.0,0.0,success,False,2026-08-17T20:32:03.329355+09:00
Response Atlas,,,failed,False,2026-08-17T21:31:33.014186+09:00
Response Base,30.0,4.0,success,False,2026-08-17T20:46:12.433556+09:00
Response Beacon,10.0,,success,False,2026-08-17T20:36:06.570384+09:00
Response Board,70.0,13.0,success,False,2026-08-17T20:43:30.530213+09:00
Response Bridge,,,failed,False,2026-08-17T20:33:16.020559+09:00
Response Cascade,10.0,0.0,success,False,2026-08-17T20:34:16.019094+09:00
Response Center,170.0,1.0,success,False,2026-08-17T20:38:24.877008+09:00
Response Chain,170.0,0.0,success,False,2026-08-17T21:36:52.396982+09:00
Response Compass,,,failed,False,2026-08-17T20:37:03.531282+09:00
Response Console,,,failed,False,2026-08-17T20:35:36.002153+09:00
Response Core,390.0,6.0,success,False,2026-08-17T20:45:22.370262+09:00
Response Deck,,,failed,False,2026-08-17T20:42:34.302604+09:00
Response Desk,10.0,13.0,success,False,2026-08-17T20:40:36.395454+09:00
Response Dial,,,failed,False,2026-08-17T20:33:46.243100+09:00
Response Dock,,,failed,False,2026-08-17T21:41:31.698252+09:00
Response Flow,20.0,10.0,success,False,2026-08-17T20:43:01.991108+09:00
Response Forge,,,failed,False,2026-08-17T20:35:06.364440+09:00
Response Frame,20.0,2.0,success,False,2026-08-17T20:47:25.656493+09:00
Response Gate,,,failed,False,2026-08-17T21:33:42.291802+09:00
Response Grid,390.0,0.0,success,False,2026-08-17T21:37:26.190503+09:00
Response Guard,,,failed,False,2026-08-17T20:45:46.874737+09:00
Response Hub,30.0,0.0,success,False,2026-08-17T20:42:11.427186+09:00
Response Keeper,,,failed,False,2026-08-17T20:48:06.680156+09:00
Response Lab,140.0,19.0,success,False,2026-08-17T20:41:00.568700+09:00
Response Ledger,,,failed,False,2026-08-17T20:44:21.106446+09:00
Response Lens,,,failed,False,2026-08-17T20:48:40.258747+09:00
Response Lock,,,failed,False,2026-08-17T21:32:05.797514+09:00
Response Loop,90.0,0.0,success,False,2026-08-17T21:38:35.218560+09:00
Response Manager,110.0,0.0,success,False,2026-08-17T20:46:49.856300+09:00
Response Map,70.0,0.0,success,False,2026-08-17T21:30:57.458125+09:00
Response Meter,,,failed,False,2026-08-17T20:32:41.344957+09:00
Response Nexus,,,failed,False,2026-08-17T21:32:45.123730+09:00
Response Node,390.0,1.0,success,False,2026-08-17T21:34:46.886716+09:00
Response Panel,10.0,1.0,success,False,2026-08-17T20:34:38.143389+09:00
Response Path,10.0,0.0,success,False,2026-08-17T21:34:17.965302+09:00
Response Pilot,,,failed,False,2026-08-17T20:41:20.787117+09:00
Response Point,70.0,4.0,success,False,2026-08-17T21:33:17.550972+09:00
Response Portal,,,failed,False,2026-08-17T20:36:35.862750+09:00
Response Pulse,,,failed,False,2026-08-17T21:36:24.237197+09:00
Response Radar,,,failed,False,2026-08-17T20:39:49.091027+09:00
Response Rail,,,failed,False,2026-08-17T21:39:25.145394+09:00
Response Relay,,,failed,False,2026-08-17T20:38:51.261946+09:00
Response Scale,320.0,0.0,success,False,2026-08-17T20:31:29.603433+09:00
Response Scope,,,failed,False,2026-08-17T21:40:51.783967+09:00
Response Sentry,,,failed,False,2026-08-17T21:30:24.502544+09:00
Response Station,,,failed,False,2026-08-17T20:40:15.034726+09:00
Response Studio,20.0,0.0,success,False,2026-08-17T20:41:50.983322+09:00
Response Sync,,,failed,False,2026-08-17T20:43:57.612589+09:00
Response Tracker,70.0,0.0,success,False,2026-08-17T20:44:45.631544+09:00
Response Trail,140.0,42.0,success,False,2026-08-17T21:38:03.717082+09:00
Response Vault,,,failed,False,2026-08-17T20:38:02.236902+09:00
Response Wave,,,failed,False,2026-08-17T21:35:18.423759+09:00
Response Zone,20.0,0.0,success,False,2026-08-17T20:37:29.909330+09:00
Restock Anchor,,,failed,False,2026-08-17T21:38:24.477715+09:00
Restock Atlas,,,failed,False,2026-08-17T20:45:35.834234+09:00
Restock Base,,,failed,False,2026-08-17T20:42:22.378966+09:00
Restock Beacon,,,failed,False,2026-08-17T20:31:55.017364+09:00
Restock Board,,,failed,False,2026-08-17T20:40:05.754832+09:00
Restock Bridge,,,failed,False,2026-08-17T21:40:01.418165+09:00
Restock Cascade,,,failed,False,2026-08-17T21:41:49.444267+09:00
Restock Center,,,failed,False,2026-08-17T20:34:31.529799+09:00
Restock Chain,,,failed,False,2026-08-17T21:32:31.405261+09:00
Restock Compass,,,failed,False,2026-08-17T20:33:01.756540+09:00
Restock Core,,,failed,False,2026-08-17T20:41:41.231730+09:00
Restock Deck,,,failed,False,2026-08-17T20:39:12.627798+09:00
Restock Desk,10.0,75.0,success,False,2026-08-17T20:36:52.122948+09:00
Restock Dial,,,failed,False,2026-08-17T21:41:19.053416+09:00
Restock Dock,,,failed,False,2026-08-17T21:35:41.309233+09:00
Restock Flow,,,failed,False,2026-08-17T20:39:36.069990+09:00
Restock Frame,,,failed,False,2026-08-17T20:43:18.551816+09:00
Restock Gate,,,failed,False,2026-08-17T20:47:50.375793+09:00
Restock Grid,,,failed,False,2026-08-17T21:33:05.832312+09:00
Restock Guard,,,failed,False,2026-08-17T20:42:02.791525+09:00
Restock Hub,10.0,0.0,success,False,2026-08-17T20:38:40.859557+09:00
Restock Keeper,,,failed,False,2026-08-17T20:43:48.259554+09:00
Restock Lab,10.0,10.0,success,False,2026-08-17T20:37:19.032635+09:00
Restock Ledger,,,failed,False,2026-08-17T20:40:51.053535+09:00
Restock Lens,,,failed,False,2026-08-17T20:44:11.907751+09:00
Restock Lock,,,failed,False,2026-08-17T20:45:58.318950+09:00
Restock Loop,,,failed,False,2026-08-17T21:34:03.414909+09:00
Restock Manager,,,failed,False,2026-08-17T20:42:50.595044+09:00
Restock Map,,,failed,False,2026-08-17T20:45:14.001779+09:00
Restock Meter,,,failed,False,2026-08-17T21:39:13.221117+09:00
Restock Nexus,,,failed,False,2026-08-17T20:46:29.220439+09:00
Restock Node,,,failed,False,2026-08-17T21:30:10.122952+09:00
Restock Path,,,failed,False,2026-08-17T20:48:29.594833+09:00
Restock Pilot,,,failed,False,2026-08-17T20:37:51.221015+09:00
Restock Point,,,failed,False,2026-08-17T20:47:09.255931+09:00
Restock Portal,,,failed,False,2026-08-17T20:32:26.534581+09:00
Restock Pulse,10.0,0.0,success,False,2026-08-17T21:31:54.606698+09:00
Restock Radar,20.0,3.0,success,False,2026-08-17T20:35:52.510868+09:00
Restock Rail,,,failed,False,2026-08-17T21:34:34.023181+09:00
Restock Relay,,,failed,False,2026-08-17T20:34:55.202462+09:00
Restock Route,,,failed,False,2026-08-17T21:36:40.900045+09:00
Restock Scale,,,failed,False,2026-08-17T21:37:49.733247+09:00
Restock Scope,,,failed,False,2026-08-17T21:35:08.893531+09:00
Restock Sentry,,,failed,False,2026-08-17T20:44:33.462366+09:00
Restock Signal,,,failed,False,2026-08-17T21:37:10.762781+09:00
Restock Station,,,failed,False,2026-08-17T20:36:20.228244+09:00
Restock Studio,,,failed,False,2026-08-17T20:38:14.865229+09:00
Restock Sync,,,failed,False,2026-08-17T20:40:29.235539+09:00
Restock Tracker,170.0,5.0,success,False,2026-08-17T20:41:13.511022+09:00
Restock Trail,,,failed,False,2026-08-17T21:33:30.231055+09:00
Restock Vault,40.0,0.0,success,False,2026-08-17T20:34:03.344800+09:00
Restock Watch,30.0,4.0,success,False,2026-08-17T21:36:12.498401+09:00
Restock Wave,,,failed,False,2026-08-17T21:30:45.538595+09:00
Restock Zone,,,failed,False,2026-08-17T20:33:36.115262+09:00
Retail Keeper,10.0,0.0,success,False,2026-08-17T22:48:03.176041+09:00
Retainer Anchor,,,failed,False,2026-08-17T21:34:31.783933+09:00
Retainer Atlas,,,failed,False,2026-08-17T20:42:19.428112+09:00
Retainer Base,20.0,3.0,success,False,2026-08-17T20:39:33.830984+09:00
Retainer Beacon,,,failed,False,2026-08-17T21:39:09.779186+09:00
Retainer Board,,,failed,False,2026-08-17T20:36:51.044622+09:00
Retainer Bridge,390.0,4.0,success,False,2026-08-17T21:35:36.118436+09:00
Retainer Cascade,,,failed,False,2026-08-17T21:36:38.708092+09:00
Retainer Chain,110.0,65.0,success,False,2026-08-17T20:47:07.356899+09:00
Retainer Compass,,,failed,False,2026-08-17T21:41:16.664514+09:00
Retainer Console,,,failed,False,2026-08-17T21:38:18.723173+09:00
Retainer Core,,,failed,False,2026-08-17T20:38:37.912313+09:00
Retainer Deck,,,failed,False,2026-08-17T20:35:51.368204+09:00
Retainer Desk,,,failed,False,2026-08-17T20:33:31.328442+09:00
Retainer Dial,,,failed,False,2026-08-17T21:36:10.133574+09:00
Retainer Dock,,,failed,False,2026-08-17T21:31:52.108049+09:00
Retainer Flow,,,failed,False,2026-08-17T20:36:18.497930+09:00
Retainer Forge,,,failed,False,2026-08-17T21:37:46.877382+09:00
Retainer Frame,10.0,0.0,success,False,2026-08-17T20:40:27.760312+09:00
Retainer Gate,,,failed,False,2026-08-17T20:44:10.950266+09:00
Retainer Grid,,,failed,False,2026-08-17T20:47:47.373505+09:00
Retainer Guard,70.0,86.0,success,False,2026-08-17T20:39:09.333217+09:00
Retainer Hub,20.0,18.0,success,False,2026-08-17T20:35:20.751202+09:00
Retainer Keeper,10.0,98.0,success,False,2026-08-17T20:40:49.686418+09:00
Retainer Lab,70.0,56.0,success,False,2026-08-17T20:34:02.071546+09:00
Retainer Ledger,,,failed,False,2026-08-17T20:37:49.257868+09:00
Retainer Lens,30.0,13.0,success,False,2026-08-17T20:41:11.362619+09:00
Retainer Lock,90.0,6.0,success,False,2026-08-17T20:42:49.578916+09:00
Retainer Loop,,,failed,False,2026-08-17T21:30:08.257838+09:00
Retainer Manager,,,failed,False,2026-08-17T20:40:03.112671+09:00
Retainer Map,,,failed,False,2026-08-17T20:42:00.146835+09:00
Retainer Meter,,,failed,False,2026-08-17T21:35:06.399475+09:00
Retainer Nexus,,,failed,False,2026-08-17T20:43:16.751377+09:00
Retainer Node,,,failed,False,2026-08-17T20:45:10.862003+09:00
Retainer Panel,,,failed,False,2026-08-17T21:37:08.932405+09:00
Retainer Path,,,failed,False,2026-08-17T20:44:32.138425+09:00
Retainer Pilot,,,failed,False,2026-08-17T20:34:25.476328+09:00
Retainer Point,,,failed,False,2026-08-17T20:43:44.073906+09:00
Retainer Portal,,,failed,False,2026-08-17T21:39:57.727763+09:00
Retainer Pulse,,,failed,False,2026-08-17T20:46:27.690682+09:00
Retainer Radar,,,failed,False,2026-08-17T20:32:23.142780+09:00
Retainer Rail,,,failed,False,2026-08-17T21:30:41.512165+09:00
Retainer Route,,,failed,False,2026-08-17T21:33:02.340741+09:00
Retainer Scale,,,failed,False,2026-08-17T21:34:01.777052+09:00
Retainer Scope,,,failed,False,2026-08-17T21:31:17.550614+09:00
Retainer Sentry,,,failed,False,2026-08-17T20:41:35.724700+09:00
Retainer Signal,,,failed,False,2026-08-17T21:33:28.260657+09:00
Retainer Station,,,failed,False,2026-08-17T20:32:58.642411+09:00
Retainer Studio,,,failed,False,2026-08-17T20:34:51.045190+09:00
Retainer Sync,,,failed,False,2026-08-17T20:37:18.091212+09:00
Retainer Tracker,30.0,5.0,success,False,2026-08-17T20:38:12.491374+09:00
Retainer Trail,,,failed,False,2026-08-17T20:48:23.905428+09:00
Retainer Watch,,,failed,False,2026-08-17T21:32:28.090728+09:00
Retainer Wave,,,failed,False,2026-08-17T20:45:34.633599+09:00
Retainer Zone,,,failed,False,2026-08-17T21:41:47.180143+09:00
Retention Lens,,,failed,False,2026-08-17T22:49:21.662634+09:00
Return Anchor,,,failed,False,2026-08-17T20:43:58.581518+09:00
Return Atlas,,,failed,False,2026-08-17T20:34:40.569545+09:00
Return Beacon,20.0,0.0,success,False,2026-08-17T20:48:06.680156+09:00
Return Board,590.0,90.0,success,False,2026-08-17T21:38:37.304138+09:00
Return Bridge,30.0,0.0,success,False,2026-08-17T20:44:45.631544+09:00
Return Cascade,,,failed,False,2026-08-17T20:45:48.787557+09:00
Return Center,1000.0,5.0,success,False,2026-08-17T21:32:05.797514+09:00
Return Chain,20.0,0.0,success,False,2026-08-17T20:39:20.129592+09:00
Return Compass,,,failed,False,2026-08-17T21:30:24.502544+09:00
Return Console,,,failed,False,2026-08-17T20:47:25.656493+09:00
Return Deck,10.0,0.0,success,False,2026-08-17T21:37:30.311680+09:00
Return Desk,1300.0,100.0,success,False,2026-08-17T21:34:50.586670+09:00
Return Dial,10.0,0.0,success,False,2026-08-17T20:45:24.269018+09:00
Return Dock,,,failed,False,2026-08-17T20:41:50.983322+09:00
Return Engine,10.0,1.0,success,False,2026-08-17T22:46:57.477508+09:00
Return Flow,390.0,0.0,success,False,2026-08-17T21:38:03.717082+09:00
Return Forge,,,failed,False,2026-08-17T20:46:51.703605+09:00
Return Frame,1000.0,14.0,success,False,2026-08-17T20:32:07.300250+09:00
Return Gate,20.0,22.0,success,False,2026-08-17T20:36:35.862750+09:00
Return Grid,20.0,50.0,success,False,2026-08-17T20:39:49.091027+09:00
Return Hub,1600.0,0.0,success,True,2026-08-17T21:36:52.396982+09:00
Return Keeper,,,failed,False,2026-08-17T20:32:44.310093+09:00
Return Lab,8100.0,98.0,success,False,2026-08-17T21:35:20.515813+09:00
Return Ledger,20.0,0.0,success,False,2026-08-17T21:40:51.783967+09:00
Return Lens,,,failed,False,2026-08-17T20:33:16.020559+09:00
Return Lock,50.0,9.0,success,False,2026-08-17T20:35:08.080059+09:00
Return Loop,480.0,2.0,success,False,2026-08-17T20:40:36.395454+09:00
Return Manager,90.0,17.0,success,False,2026-08-17T20:31:33.560642+09:00
Return Map,140.0,0.0,success,False,2026-08-17T20:34:16.019094+09:00
Return Meter,,,failed,False,2026-08-17T20:44:22.162347+09:00
Return Nexus,,,failed,False,2026-08-17T20:35:38.392873+09:00
Return Node,30.0,0.0,success,False,2026-08-17T20:37:32.011303+09:00
Return Panel,110.0,49.0,success,False,2026-08-17T20:46:12.433556+09:00
Return Path,1600.0,4.0,success,False,2026-08-17T20:37:03.531282+09:00
Return Pilot,20.0,0.0,success,False,2026-08-17T21:35:52.306880+09:00
Return Point,720.0,0.0,success,False,2026-08-17T20:36:06.570384+09:00
Return Portal,2400.0,16.0,success,False,2026-08-17T20:48:44.119140+09:00
Return Pulse,,,failed,False,2026-08-17T20:38:53.767345+09:00
Return Radar,,,failed,False,2026-08-17T21:33:42.291802+09:00
Return Rail,40.0,23.0,success,False,2026-08-17T20:41:00.568700+09:00
Return Relay,,,failed,False,2026-08-17T21:32:45.123730+09:00
Return Route,390.0,3.0,success,False,2026-08-17T20:42:36.789908+09:00
Return Scale,9900.0,0.0,success,True,2026-08-17T20:43:30.530213+09:00
Return Scope,,,failed,False,2026-08-17T20:41:20.787117+09:00
Return Sentry,,,failed,False,2026-08-17T20:33:47.539654+09:00
Return Signal,90.0,3.0,success,False,2026-08-17T20:43:01.991108+09:00
Return Station,90.0,0.0,success,False,2026-08-17T21:34:17.965302+09:00
Return Studio,1300.0,11.0,success,False,2026-08-17T21:36:26.445152+09:00
Return Sync,,,failed,False,2026-08-17T21:39:28.354494+09:00
Return Tracker,880.0,0.0,success,False,2026-08-17T21:41:31.698252+09:00
Return Trail,,,failed,False,2026-08-17T20:40:15.034726+09:00
Return Vault,,,failed,False,2026-08-17T21:31:35.848823+09:00
Return Watch,50.0,6.0,success,False,2026-08-17T20:42:11.427186+09:00
Return Wave,,,failed,False,2026-08-17T20:38:03.705761+09:00
Return Zone,40.0,0.0,success,False,2026-08-17T21:30:57.458125+09:00
Review Anchor,10.0,4.0,success,False,2026-08-17T21:33:32.175377+09:00
Review Atlas,260.0,0.0,success,False,2026-08-17T20:41:42.376478+09:00
Review Base,90.0,11.0,success,False,2026-08-17T20:38:41.975413+09:00
Review Beacon,,,failed,False,2026-08-17T21:37:55.576177+09:00
Review Board,2400.0,1.0,success,False,2026-08-17T20:35:59.491401+09:00
Review Bridge,50.0,1.0,success,False,2026-08-17T21:34:37.066296+09:00
Review Cascade,,,failed,False,2026-08-17T21:35:44.584576+09:00
Review Center,,,failed,False,2026-08-17T21:41:53.145173+09:00
Review Chain,10.0,0.0,success,False,2026-08-17T20:46:01.536512+09:00
Review Compass,10.0,0.0,success,False,2026-08-17T21:39:15.761980+09:00
Review Console,140.0,16.0,success,False,2026-08-17T21:37:17.917122+09:00
Review Core,10.0,0.0,success,False,2026-08-17T20:37:55.339961+09:00
Review Deck,70.0,0.0,success,False,2026-08-17T20:34:58.202084+09:00
Review Desk,20.0,19.0,success,False,2026-08-17T20:32:32.905502+09:00
Review Dial,,,failed,False,2026-08-17T21:35:11.471835+09:00
Review Dock,10.0,0.0,success,False,2026-08-17T21:30:47.592348+09:00
Review Flow,1300.0,1.0,success,False,2026-08-17T20:35:25.429619+09:00
Review Forge,260.0,1.0,success,False,2026-08-17T21:36:43.981322+09:00
Review Frame,210.0,3.0,success,False,2026-08-17T20:39:37.454360+09:00
Review Gate,1600.0,1.0,success,False,2026-08-17T20:43:22.316757+09:00
Review Grid,210.0,0.0,success,False,2026-08-17T20:46:31.116711+09:00
Review Guard,50.0,34.0,success,False,2026-08-17T20:38:16.946588+09:00
Review Hub,2900.0,1.0,success,False,2026-08-17T20:34:33.124318+09:00
Review Keeper,4400.0,4.0,success,False,2026-08-17T20:40:06.808560+09:00
Review Lab,170.0,2.0,success,False,2026-08-17T20:33:05.160713+09:00
Review Ledger,10.0,2.0,success,False,2026-08-17T20:36:56.303275+09:00
Review Lens,1000.0,5.0,success,False,2026-08-17T20:40:31.600880+09:00
Review Lock,140.0,1.0,success,False,2026-08-17T20:42:04.175878+09:00
Review Loop,1600.0,35.0,success,False,2026-08-17T20:47:53.457764+09:00
Review Manager,1300.0,9.0,success,False,2026-08-17T20:39:13.606540+09:00
Review Map,1900.0,4.0,success,False,2026-08-17T20:41:15.125085+09:00
Review Meter,20.0,0.0,success,False,2026-08-17T21:34:05.861065+09:00
Review Nexus,110.0,1.0,success,False,2026-08-17T20:42:24.319818+09:00
Review Node,,,failed,False,2026-08-17T20:44:14.789024+09:00
Review Panel,260.0,1.0,success,False,2026-08-17T21:36:17.240271+09:00
Review Path,10.0,2.0,success,False,2026-08-17T20:43:51.758171+09:00
Review Pilot,1900.0,3.0,success,False,2026-08-17T20:33:40.236931+09:00
Review Point,480.0,1.0,success,False,2026-08-17T20:42:51.727520+09:00
Review Portal,880.0,1.0,success,False,2026-08-17T21:38:26.629916+09:00
Review Pulse,1000.0,1.0,success,False,2026-08-17T20:45:40.214755+09:00
Review Rail,390.0,41.0,success,False,2026-08-17T20:48:31.729678+09:00
Review Route,,,failed,False,2026-08-17T21:31:56.784481+09:00
Review Scale,320.0,36.0,success,False,2026-08-17T21:33:08.992358+09:00
Review Scope,170.0,0.0,success,False,2026-08-17T21:30:13.279777+09:00
Review Sentry,140.0,9.0,success,False,2026-08-17T20:40:52.069695+09:00
Review Signal,320.0,70.0,success,False,2026-08-17T21:32:33.876836+09:00
Review Station,40.0,0.0,success,False,2026-08-17T20:31:58.373055+09:00
Review Studio,1900.0,20.0,success,False,2026-08-17T20:34:07.278551+09:00
Review Sync,170.0,6.0,success,False,2026-08-17T20:36:22.753454+09:00
Review Tracker,1000.0,20.0,success,False,2026-08-17T20:37:21.758511+09:00
Review Trail,20.0,2.0,success,False,2026-08-17T20:47:13.736905+09:00
Review Vault,390.0,1.0,success,False,2026-08-17T21:41:22.072079+09:00
Review Watch,2900.0,39.0,success,False,2026-08-17T21:31:23.168898+09:00
Review Wave,3600.0,7.0,success,False,2026-08-17T20:44:36.649130+09:00
Review Zone,1300.0,0.0,success,True,2026-08-17T21:40:37.066671+09:00
Rider Anchor,40.0,4.0,success,False,2026-08-17T21:35:08.893531+09:00
Rider Atlas,20.0,1.0,success,False,2026-08-17T20:42:50.595044+09:00
Rider Base,70.0,10.0,success,False,2026-08-17T20:40:05.754832+09:00
Rider Beacon,,,failed,False,2026-08-17T21:40:01.418165+09:00
Rider Board,140.0,77.0,success,False,2026-08-17T20:37:19.032635+09:00
Rider Bridge,110.0,21.0,success,False,2026-08-17T21:36:12.498401+09:00
Rider Cascade,,,failed,False,2026-08-17T21:37:10.762781+09:00
Rider Chain,40.0,26.0,success,False,2026-08-17T20:47:50.375793+09:00
Rider Compass,90.0,12.0,success,False,2026-08-17T21:41:49.444267+09:00
Rider Console,20.0,0.0,success,False,2026-08-17T21:39:13.221117+09:00
Rider Core,90.0,79.0,success,False,2026-08-17T20:39:12.627798+09:00
Rider Deck,320.0,13.0,success,False,2026-08-17T20:36:20.228244+09:00
Rider Desk,,,failed,False,2026-08-17T20:34:03.344800+09:00
Rider Dial,,,failed,False,2026-08-17T21:36:40.900045+09:00
Rider Dock,,,failed,False,2026-08-17T21:32:31.405261+09:00
Rider Flow,40.0,13.0,success,False,2026-08-17T20:36:52.122948+09:00
Rider Forge,20.0,0.0,success,False,2026-08-17T21:38:24.477715+09:00
Rider Frame,20.0,10.0,success,False,2026-08-17T20:40:51.053535+09:00
Rider Gate,590.0,2.0,success,False,2026-08-17T20:44:33.462366+09:00
Rider Grid,,,failed,False,2026-08-17T20:48:29.594833+09:00
Rider Guard,90.0,64.0,success,False,2026-08-17T20:39:36.069990+09:00
Rider Hub,4400.0,10.0,success,False,2026-08-17T20:35:52.510868+09:00
Rider Keeper,,,failed,False,2026-08-17T20:41:13.511022+09:00
Rider Lab,880.0,29.0,success,False,2026-08-17T20:34:29.454165+09:00
Rider Ledger,,,failed,False,2026-08-17T20:38:14.865229+09:00
Rider Lens,,,failed,False,2026-08-17T20:41:41.231730+09:00
Rider Lock,90.0,42.0,success,False,2026-08-17T20:43:18.551816+09:00
Rider Loop,,,failed,False,2026-08-17T21:30:43.453478+09:00
Rider Manager,10.0,0.0,success,False,2026-08-17T20:40:29.235539+09:00
Rider Map,720.0,12.0,success,False,2026-08-17T20:42:21.345142+09:00
Rider Meter,40.0,1.0,success,False,2026-08-17T21:35:38.144027+09:00
Rider Nexus,,,failed,False,2026-08-17T20:43:48.259554+09:00
Rider Node,,,failed,False,2026-08-17T20:45:35.834234+09:00
Rider Panel,1000.0,0.0,success,True,2026-08-17T21:37:49.733247+09:00
Rider Path,10.0,0.0,success,False,2026-08-17T20:45:12.889782+09:00
Rider Pilot,70.0,0.0,success,False,2026-08-17T20:34:55.202462+09:00
Rider Point,720.0,2.0,success,False,2026-08-17T20:44:11.907751+09:00
Rider Portal,2900.0,0.0,success,True,2026-08-17T21:41:19.053416+09:00
Rider Pulse,70.0,100.0,success,False,2026-08-17T20:47:09.255931+09:00
Rider Radar,210.0,1.0,success,False,2026-08-17T20:33:01.756540+09:00
Rider Rail,10.0,0.0,success,False,2026-08-17T21:31:19.415531+09:00
Rider Relay,110.0,2.0,success,False,2026-08-17T20:31:52.293572+09:00
Rider Route,20.0,95.0,success,False,2026-08-17T21:33:30.231055+09:00
Rider Scale,10.0,0.0,success,False,2026-08-17T21:34:34.023181+09:00
Rider Scope,10.0,0.0,success,False,2026-08-17T21:31:54.606698+09:00
Rider Sentry,,,failed,False,2026-08-17T20:42:02.791525+09:00
Rider Signal,90.0,0.0,success,False,2026-08-17T21:34:03.414909+09:00
Rider Station,140.0,2.0,success,False,2026-08-17T20:33:36.115262+09:00
Rider Studio,1600.0,4.0,success,False,2026-08-17T20:35:22.813816+09:00
Rider Sync,40.0,73.0,success,False,2026-08-17T20:37:51.221015+09:00
Rider Tracker,320.0,0.0,success,False,2026-08-17T20:38:40.859557+09:00
Rider Trail,40.0,1.0,success,False,2026-08-17T21:30:10.122952+09:00
Rider Watch,590.0,19.0,success,False,2026-08-17T21:33:04.357190+09:00
Rider Wave,6600.0,5.0,success,False,2026-08-17T20:45:58.318950+09:00
Rights Anchor,10.0,,success,False,2026-08-17T20:39:11.470645+09:00
Rights Atlas,,,failed,False,2026-08-17T21:40:01.418165+09:00
Rights Base,,,failed,False,2026-08-17T21:35:38.144027+09:00
Rights Beacon,,,failed,False,2026-08-17T20:42:21.345142+09:00
Rights Board,,,failed,False,2026-08-17T21:32:28.090728+09:00
Rights Bridge,,,failed,False,2026-08-17T20:40:03.112671+09:00
Rights Cascade,,,failed,False,2026-08-17T20:40:49.686418+09:00
Rights Center,390.0,5.0,success,False,2026-08-17T20:44:32.138425+09:00
Rights Chain,10.0,2.0,success,False,2026-08-17T20:34:02.071546+09:00
Rights Compass,,,failed,False,2026-08-17T20:43:16.751377+09:00
Rights Console,,,failed,False,2026-08-17T20:42:01.579820+09:00
Rights Core,,,failed,False,2026-08-17T21:34:34.023181+09:00
Rights Deck,,,failed,False,2026-08-17T21:31:17.550614+09:00
Rights Desk,,,failed,False,2026-08-17T20:47:07.356899+09:00
Rights Dial,,,failed,False,2026-08-17T20:40:27.760312+09:00
Rights Dock,,,failed,False,2026-08-17T20:36:52.122948+09:00
Rights Flow,10.0,0.0,success,False,2026-08-17T21:31:52.108049+09:00
Rights Forge,,,failed,False,2026-08-17T20:41:38.152103+09:00
Rights Frame,,,failed,False,2026-08-17T21:36:38.708092+09:00
Rights Grid,,,failed,False,2026-08-17T20:34:29.454165+09:00
Rights Guard,,,failed,False,2026-08-17T21:35:06.399475+09:00
Rights Hub,880.0,3.0,success,False,2026-08-17T21:30:43.453478+09:00
Rights Keeper,,,failed,False,2026-08-17T21:37:10.762781+09:00
Rights Lab,70.0,0.0,success,False,2026-08-17T20:47:50.375793+09:00
Rights Ledger,20.0,0.0,success,False,2026-08-17T21:33:30.231055+09:00
Rights Lens,110.0,3.0,success,False,2026-08-17T21:37:46.877382+09:00
Rights Lock,,,failed,False,2026-08-17T21:41:16.664514+09:00
Rights Loop,,,failed,False,2026-08-17T20:35:20.751202+09:00
Rights Manager,4400.0,2.0,success,False,2026-08-17T21:36:12.498401+09:00
Rights Map,,,failed,False,2026-08-17T21:39:13.221117+09:00
Rights Meter,,,failed,False,2026-08-17T20:39:33.830984+09:00
Rights Nexus,,,failed,False,2026-08-17T21:41:47.180143+09:00
Rights Node,,,failed,False,2026-08-17T20:31:52.293572+09:00
Rights Panel,,,failed,False,2026-08-17T20:41:11.362619+09:00
Rights Pilot,,,failed,False,2026-08-17T20:48:26.612997+09:00
Rights Portal,,,failed,False,2026-08-17T20:42:50.595044+09:00
Rights Pulse,,,failed,False,2026-08-17T20:33:33.696511+09:00
Rights Radar,90.0,2.0,success,False,2026-08-17T20:45:58.318950+09:00
Rights Rail,,,failed,False,2026-08-17T20:35:52.510868+09:00
Rights Relay,,,failed,False,2026-08-17T20:45:12.889782+09:00
Rights Route,,,failed,False,2026-08-17T20:37:49.257868+09:00
Rights Scale,10.0,0.0,success,False,2026-08-17T20:38:40.859557+09:00
Rights Scope,,,failed,False,2026-08-17T20:36:20.228244+09:00
Rights Sentry,,,failed,False,2026-08-17T21:38:18.723173+09:00
Rights Signal,,,failed,False,2026-08-17T20:38:13.537846+09:00
Rights Station,,,failed,False,2026-08-17T20:46:27.690682+09:00
Rights Studio,,,failed,False,2026-08-17T21:30:10.122952+09:00
Rights Sync,,,failed,False,2026-08-17T21:33:04.357190+09:00
Rights Tracker,110.0,1.0,success,False,2026-08-17T21:34:03.414909+09:00
Rights Trail,,,failed,False,2026-08-17T20:34:53.035348+09:00
Rights Vault,,,failed,False,2026-08-17T20:44:11.907751+09:00
Rights Watch,260.0,10.0,success,False,2026-08-17T20:37:18.091212+09:00
Rights Wave,,,failed,False,2026-08-17T20:32:26.534581+09:00
Rights Zone,,,failed,False,2026-08-17T20:43:46.830313+09:00
Roaming Anchor,,,failed,False,2026-08-17T21:31:41.054400+09:00
Roaming Atlas,,,failed,False,2026-08-17T20:40:20.065990+09:00
Roaming Base,210.0,29.0,success,False,2026-08-17T20:37:11.919122+09:00
Roaming Beacon,,,failed,False,2026-08-17T21:36:00.741055+09:00
Roaming Board,390.0,9.0,success,False,2026-08-17T20:34:19.305897+09:00
Roaming Bridge,,,failed,False,2026-08-17T21:32:53.372558+09:00
Roaming Cascade,,,failed,False,2026-08-17T21:33:53.413747+09:00
Roaming Center,20.0,4.0,success,False,2026-08-17T21:38:46.123803+09:00
Roaming Chain,,,failed,False,2026-08-17T20:44:24.451216+09:00
Roaming Compass,10.0,0.0,success,False,2026-08-17T21:36:59.022364+09:00
Roaming Console,,,failed,False,2026-08-17T21:35:24.685319+09:00
Roaming Core,,,failed,False,2026-08-17T20:36:12.301778+09:00
Roaming Deck,,,failed,False,2026-08-17T20:33:23.313632+09:00
Roaming Dial,,,failed,False,2026-08-17T21:33:22.663564+09:00
Roaming Dock,,,failed,False,2026-08-17T20:47:35.936558+09:00
Roaming Flow,50.0,25.0,success,False,2026-08-17T20:33:54.236742+09:00
Roaming Forge,,,failed,False,2026-08-17T21:34:55.256705+09:00
Roaming Frame,,,failed,False,2026-08-17T20:38:07.696860+09:00
Roaming Gate,10.0,0.0,success,False,2026-08-17T20:41:55.751231+09:00
Roaming Grid,,,failed,False,2026-08-17T20:44:54.516764+09:00
Roaming Guard,70.0,5.0,success,False,2026-08-17T20:36:40.845127+09:00
Roaming Hub,320.0,8.0,success,False,2026-08-17T20:32:49.512310+09:00
Roaming Keeper,,,failed,False,2026-08-17T20:38:32.473394+09:00
Roaming Ledger,,,failed,False,2026-08-17T20:35:15.216607+09:00
Roaming Lens,10.0,0.0,success,False,2026-08-17T20:39:04.557611+09:00
Roaming Lock,70.0,0.0,success,False,2026-08-17T20:40:44.017242+09:00
Roaming Loop,,,failed,False,2026-08-17T20:45:52.903104+09:00
Roaming Manager,40.0,1.0,success,False,2026-08-17T20:37:39.748297+09:00
Roaming Map,170.0,1.0,success,False,2026-08-17T20:39:54.147287+09:00
Roaming Meter,,,failed,False,2026-08-17T21:32:17.170130+09:00
Roaming Nexus,10.0,0.0,success,False,2026-08-17T20:41:06.345123+09:00
Roaming Node,,,failed,False,2026-08-17T20:42:41.908187+09:00
Roaming Panel,,,failed,False,2026-08-17T21:34:26.372304+09:00
Roaming Path,10.0,0.0,success,False,2026-08-17T20:42:15.711128+09:00
Roaming Pilot,,,failed,False,2026-08-17T20:31:38.107939+09:00
Roaming Point,10.0,14.0,success,False,2026-08-17T20:41:27.066117+09:00
Roaming Portal,,,failed,False,2026-08-17T21:36:30.682605+09:00
Roaming Pulse,,,failed,False,2026-08-17T20:44:06.631034+09:00
Roaming Radar,,,failed,False,2026-08-17T21:41:39.306179+09:00
Roaming Rail,,,failed,False,2026-08-17T20:46:20.020027+09:00
Roaming Relay,,,failed,False,2026-08-17T21:39:37.908878+09:00
Roaming Route,10.0,0.0,success,False,2026-08-17T21:30:00.229933+09:00
Roaming Scale,,,failed,False,2026-08-17T21:31:05.600589+09:00
Roaming Scope,,,failed,False,2026-08-17T20:46:56.962156+09:00
Roaming Sentry,,,failed,False,2026-08-17T20:39:25.387216+09:00
Roaming Signal,590.0,0.0,success,False,2026-08-17T21:30:33.048254+09:00
Roaming Studio,10.0,1.0,success,False,2026-08-17T20:32:12.868338+09:00
Roaming Sync,,,failed,False,2026-08-17T20:34:43.926118+09:00
Roaming Tracker,10.0,0.0,success,False,2026-08-17T20:35:45.912195+09:00
Roaming Trail,50.0,3.0,success,False,2026-08-17T20:45:28.437462+09:00
Roaming Vault,,,failed,False,2026-08-17T21:38:10.743063+09:00
Roaming Watch,40.0,18.0,success,False,2026-08-17T20:48:15.314618+09:00
Roaming Wave,10.0,0.0,success,False,2026-08-17T20:43:09.097865+09:00
Roaming Zone,170.0,13.0,success,False,2026-08-17T21:37:36.095439+09:00
Rollback Anchor,,,failed,False,2026-08-17T21:31:08.679950+09:00
Rollback Atlas,,,failed,False,2026-08-17T20:39:57.613991+09:00
Rollback Base,,,failed,False,2026-08-17T20:36:43.272468+09:00
Rollback Beacon,,,failed,False,2026-08-17T21:35:30.145341+09:00
Rollback Board,,,failed,False,2026-08-17T20:33:56.397010+09:00
Rollback Bridge,,,failed,False,2026-08-17T21:32:20.148818+09:00
Rollback Cascade,,,failed,False,2026-08-17T21:33:24.629057+09:00
Rollback Center,,,failed,False,2026-08-17T21:38:13.718334+09:00
Rollback Chain,,,failed,False,2026-08-17T20:44:07.827451+09:00
Rollback Compass,,,failed,False,2026-08-17T21:36:32.684484+09:00
Rollback Console,,,failed,False,2026-08-17T21:34:57.125142+09:00
Rollback Core,,,failed,False,2026-08-17T20:35:47.352548+09:00
Rollback Deck,10.0,0.0,success,False,2026-08-17T20:32:53.240136+09:00
Rollback Dial,,,failed,False,2026-08-17T21:32:57.336519+09:00
Rollback Dock,,,failed,False,2026-08-17T20:46:59.199715+09:00
Rollback Flow,,,failed,False,2026-08-17T20:33:24.231963+09:00
Rollback Forge,,,failed,False,2026-08-17T21:34:28.165323+09:00
Rollback Frame,170.0,0.0,success,False,2026-08-17T20:37:44.009684+09:00
Rollback Gate,,,failed,False,2026-08-17T20:41:30.101842+09:00
Rollback Grid,,,failed,False,2026-08-17T20:44:25.446111+09:00
Rollback Guard,,,failed,False,2026-08-17T20:36:13.174234+09:00
Rollback Hub,10.0,0.0,success,False,2026-08-17T20:32:14.147491+09:00
Rollback Keeper,,,failed,False,2026-08-17T20:38:08.924079+09:00
Rollback Ledger,,,failed,False,2026-08-17T20:34:46.285590+09:00
Rollback Lens,,,failed,False,2026-08-17T20:38:33.752321+09:00
Rollback Lock,,,failed,False,2026-08-17T20:40:21.350341+09:00
Rollback Loop,,,failed,False,2026-08-17T20:45:30.439940+09:00
Rollback Manager,10.0,0.0,success,False,2026-08-17T20:37:14.189830+09:00
Rollback Map,,,failed,False,2026-08-17T20:39:28.862436+09:00
Rollback Meter,,,failed,False,2026-08-17T21:31:44.399230+09:00
Rollback Nexus,,,failed,False,2026-08-17T20:40:45.689604+09:00
Rollback Node,,,failed,False,2026-08-17T20:42:16.988485+09:00
Rollback Panel,,,failed,False,2026-08-17T21:33:56.834131+09:00
Rollback Path,,,failed,False,2026-08-17T20:41:57.166662+09:00
Rollback Point,10.0,0.0,success,False,2026-08-17T20:41:07.425187+09:00
Rollback Portal,,,failed,False,2026-08-17T21:36:05.315924+09:00
Rollback Pulse,,,failed,False,2026-08-17T20:43:38.857738+09:00
Rollback Radar,,,failed,False,2026-08-17T21:41:07.674308+09:00
Rollback Rail,,,failed,False,2026-08-17T20:45:54.147634+09:00
Rollback Relay,,,failed,False,2026-08-17T21:39:02.253193+09:00
Rollback Ring,,,failed,False,2026-08-17T22:49:19.411310+09:00
Rollback Route,,,failed,False,2026-08-17T20:48:18.389398+09:00
Rollback Scale,,,failed,False,2026-08-17T21:30:37.005083+09:00
Rollback Scope,,,failed,False,2026-08-17T20:46:22.420312+09:00
Rollback Sentry,10.0,,success,False,2026-08-17T20:39:05.666395+09:00
Rollback Signal,,,failed,False,2026-08-17T21:30:02.792774+09:00
Rollback Station,,,failed,False,2026-08-17T21:41:42.015478+09:00
Rollback Studio,,,failed,False,2026-08-17T20:31:41.996994+09:00
Rollback Sync,,,failed,False,2026-08-17T20:34:20.444490+09:00
Rollback Tracker,,,failed,False,2026-08-17T20:35:16.626138+09:00
Rollback Trail,,,failed,False,2026-08-17T20:44:58.380838+09:00
Rollback Vault,,,failed,False,2026-08-17T21:37:39.097196+09:00
Rollback Watch,,,failed,False,2026-08-17T20:47:39.394205+09:00
Rollback Wave,,,failed,False,2026-08-17T20:42:46.441273+09:00
Rollback Zone,,,failed,False,2026-08-17T21:37:02.739524+09:00
Roster Anchor,,,failed,False,2026-08-17T20:42:11.427186+09:00
Roster Atlas,,,failed,False,2026-08-17T20:32:44.310093+09:00
Roster Base,10.0,6.0,success,False,2026-08-17T21:40:51.783967+09:00
Roster Beacon,,,failed,False,2026-08-17T20:45:48.787557+09:00
Roster Board,110.0,19.0,success,False,2026-08-17T21:36:26.445152+09:00
Roster Bridge,,,failed,False,2026-08-17T20:43:01.991108+09:00
Roster Cascade,,,failed,False,2026-08-17T20:43:58.581518+09:00
Roster Center,50.0,0.0,success,False,2026-08-17T20:48:44.119140+09:00
Roster Chain,,,failed,False,2026-08-17T20:37:32.011303+09:00
Roster Compass,,,failed,False,2026-08-17T20:46:51.703605+09:00
Roster Console,,,failed,False,2026-08-17T20:45:22.370262+09:00
Roster Core,10.0,2.0,success,False,2026-08-17T21:38:35.218560+09:00
Roster Deck,,,failed,False,2026-08-17T21:35:20.515813+09:00
Roster Desk,,,failed,False,2026-08-17T21:32:45.123730+09:00
Roster Dial,,,failed,False,2026-08-17T20:43:30.530213+09:00
Roster Dock,,,failed,False,2026-08-17T20:40:15.034726+09:00
Roster Flow,10.0,0.0,success,False,2026-08-17T21:35:52.306880+09:00
Roster Forge,,,failed,False,2026-08-17T20:44:45.631544+09:00
Roster Gate,,,failed,False,2026-08-17T20:34:38.143389+09:00
Roster Grid,50.0,0.0,success,False,2026-08-17T20:38:03.705761+09:00
Roster Guard,20.0,0.0,success,False,2026-08-17T21:39:28.354494+09:00
Roster Hub,30.0,2.0,success,False,2026-08-17T21:34:50.586670+09:00
Roster Lab,170.0,13.0,success,False,2026-08-17T21:33:17.550972+09:00
Roster Ledger,,,failed,False,2026-08-17T21:37:30.311680+09:00
Roster Lock,70.0,0.0,success,False,2026-08-17T20:33:16.020559+09:00
Roster Loop,50.0,7.0,success,False,2026-08-17T20:38:53.767345+09:00
Roster Manager,260.0,10.0,success,False,2026-08-17T21:41:31.698252+09:00
Roster Map,20.0,0.0,success,False,2026-08-17T20:32:07.300250+09:00
Roster Meter,,,failed,False,2026-08-17T20:42:36.789908+09:00
Roster Nexus,,,failed,False,2026-08-17T20:33:47.539654+09:00
Roster Node,,,failed,False,2026-08-17T20:35:38.392873+09:00
Roster Panel,30.0,9.0,success,False,2026-08-17T20:44:21.106446+09:00
Roster Path,,,failed,False,2026-08-17T20:35:08.080059+09:00
Roster Pilot,70.0,0.0,success,False,2026-08-17T21:33:42.291802+09:00
Roster Point,880.0,0.0,success,False,2026-08-17T20:34:16.019094+09:00
Roster Portal,2400.0,3.0,success,False,2026-08-17T20:46:12.433556+09:00
Roster Pulse,,,failed,False,2026-08-17T20:37:03.531282+09:00
Roster Radar,30.0,0.0,success,False,2026-08-17T21:31:33.014186+09:00
Roster Rail,,,failed,False,2026-08-17T20:39:20.129592+09:00
Roster Relay,,,failed,False,2026-08-17T21:30:24.502544+09:00
Roster Route,,,failed,False,2026-08-17T20:41:00.568700+09:00
Roster Scale,,,failed,False,2026-08-17T20:41:50.983322+09:00
Roster Scope,,,failed,False,2026-08-17T20:39:49.091027+09:00
Roster Sentry,,,failed,False,2026-08-17T20:31:33.560642+09:00
Roster Signal,,,failed,False,2026-08-17T20:41:20.787117+09:00
Roster Station,,,failed,False,2026-08-17T21:32:05.797514+09:00
Roster Studio,50.0,1.0,success,False,2026-08-17T21:34:17.965302+09:00
Roster Sync,20.0,2.0,success,False,2026-08-17T21:36:52.396982+09:00
Roster Tracker,90.0,6.0,success,False,2026-08-17T21:38:03.717082+09:00
Roster Trail,,,failed,False,2026-08-17T20:38:24.877008+09:00
Roster Vault,20.0,0.0,success,False,2026-08-17T20:48:06.680156+09:00
Roster Watch,1900.0,6.0,success,False,2026-08-17T20:40:36.395454+09:00
Roster Wave,,,failed,False,2026-08-17T20:36:06.570384+09:00
Roster Zone,10.0,14.0,success,False,2026-08-17T20:47:25.656493+09:00
Rotation Anchor,,,failed,False,2026-08-17T20:31:55.017364+09:00
Rotation Atlas,,,failed,False,2026-08-17T21:31:19.415531+09:00
Rotation Base,260.0,19.0,success,False,2026-08-17T20:46:01.536512+09:00
Rotation Beacon,210.0,89.0,success,False,2026-08-17T20:35:52.510868+09:00
Rotation Board,590.0,69.0,success,False,2026-08-17T20:43:18.551816+09:00
Rotation Bridge,480.0,3.0,success,False,2026-08-17T20:33:01.756540+09:00
Rotation Cascade,,,failed,False,2026-08-17T20:34:03.344800+09:00
Rotation Center,110.0,3.0,success,False,2026-08-17T20:38:14.865229+09:00
Rotation Chain,,,failed,False,2026-08-17T21:36:40.900045+09:00
Rotation Compass,90.0,29.0,success,False,2026-08-17T20:36:55.192509+09:00
Rotation Console,,,failed,False,2026-08-17T20:35:22.813816+09:00
Rotation Core,1300.0,1.0,success,False,2026-08-17T20:45:14.001779+09:00
Rotation Deck,,,failed,False,2026-08-17T20:42:22.378966+09:00
Rotation Desk,2400.0,100.0,success,False,2026-08-17T20:40:29.235539+09:00
Rotation Dial,260.0,5.0,success,False,2026-08-17T20:33:36.115262+09:00
Rotation Dock,,,failed,False,2026-08-17T21:41:19.053416+09:00
Rotation Flow,390.0,0.0,success,False,2026-08-17T20:42:50.595044+09:00
Rotation Forge,,,failed,False,2026-08-17T20:34:55.202462+09:00
Rotation Frame,720.0,54.0,success,False,2026-08-17T20:47:09.255931+09:00
Rotation Gate,480.0,15.0,success,False,2026-08-17T21:33:32.175377+09:00
Rotation Grid,320.0,0.0,success,False,2026-08-17T21:37:10.762781+09:00
Rotation Guard,50.0,1.0,success,False,2026-08-17T20:45:35.834234+09:00
Rotation Hub,50.0,7.0,success,False,2026-08-17T20:42:02.791525+09:00
Rotation Keeper,,,failed,False,2026-08-17T20:47:53.457764+09:00
Rotation Lab,40.0,0.0,success,False,2026-08-17T20:40:51.053535+09:00
Rotation Ledger,,,failed,False,2026-08-17T20:44:14.789024+09:00
Rotation Lens,,,failed,False,2026-08-17T20:48:29.594833+09:00
Rotation Lock,2400.0,7.0,success,False,2026-08-17T21:31:54.606698+09:00
Rotation Loop,,,failed,False,2026-08-17T21:38:24.477715+09:00
Rotation Manager,2900.0,2.0,success,False,2026-08-17T20:46:29.220439+09:00
Rotation Map,480.0,2.0,success,False,2026-08-17T21:30:45.538595+09:00
Rotation Meter,880.0,100.0,success,False,2026-08-17T20:32:30.733040+09:00
Rotation Nexus,,,failed,False,2026-08-17T21:32:31.405261+09:00
Rotation Node,,,failed,False,2026-08-17T21:34:34.023181+09:00
Rotation Panel,260.0,7.0,success,False,2026-08-17T20:34:31.529799+09:00
Rotation Path,10.0,0.0,success,False,2026-08-17T21:34:03.414909+09:00
Rotation Pilot,40.0,1.0,success,False,2026-08-17T20:41:13.511022+09:00
Rotation Planner,320.0,3.0,success,False,2026-08-17T22:50:36.545244+09:00
Rotation Point,1600.0,0.0,success,True,2026-08-17T21:33:05.832312+09:00
Rotation Portal,,,failed,False,2026-08-17T20:36:21.712002+09:00
Rotation Pulse,,,failed,False,2026-08-17T21:36:12.498401+09:00
Rotation Radar,590.0,2.0,success,False,2026-08-17T20:39:36.069990+09:00
Rotation Rail,,,failed,False,2026-08-17T21:39:13.221117+09:00
Rotation Relay,10.0,100.0,success,False,2026-08-17T20:38:40.859557+09:00
Rotation Scope,,,failed,False,2026-08-17T21:40:37.066671+09:00
Rotation Sentry,,,failed,False,2026-08-17T21:30:13.279777+09:00
Rotation Station,1600.0,1.0,success,False,2026-08-17T20:40:05.754832+09:00
Rotation Studio,,,failed,False,2026-08-17T20:41:41.231730+09:00
Rotation Sync,,,failed,False,2026-08-17T20:43:48.259554+09:00
Rotation Tracker,260.0,4.0,success,False,2026-08-17T20:44:33.462366+09:00
Rotation Trail,,,failed,False,2026-08-17T21:37:49.733247+09:00
Rotation Vault,,,failed,False,2026-08-17T20:37:51.221015+09:00
Rotation Watch,2400.0,91.0,success,False,2026-08-17T21:41:49.444267+09:00
Rotation Wave,260.0,2.0,success,False,2026-08-17T21:35:08.893531+09:00
Rotation Zone,,,failed,False,2026-08-17T20:37:19.032635+09:00
Route Atlas,70.0,6.0,success,False,2026-08-17T20:48:18.389398+09:00
Route Base,70.0,0.0,success,False,2026-08-17T20:44:27.303320+09:00
Route Beacon,,,failed,False,2026-08-17T20:34:22.385109+09:00
Route Board,320.0,14.0,success,False,2026-08-17T20:41:57.166662+09:00
Route Cascade,,,failed,False,2026-08-17T20:32:17.131006+09:00
Route Center,70.0,0.0,success,False,2026-08-17T20:36:47.157974+09:00
Route Chain,70.0,21.0,success,False,2026-08-17T21:35:00.218033+09:00
Route Compass,10.0,0.0,success,False,2026-08-17T20:35:16.626138+09:00
Route Console,,,failed,False,2026-08-17T20:33:56.397010+09:00
Route Core,,,failed,False,2026-08-17T20:43:38.857738+09:00
Route Deck,,,failed,False,2026-08-17T20:41:08.316613+09:00
Route Desk,90.0,11.0,success,False,2026-08-17T20:39:05.666395+09:00
Route Dial,,,failed,False,2026-08-17T20:31:44.848533+09:00
Route Flow,90.0,6.0,success,False,2026-08-17T20:41:30.101842+09:00
Route Forge,10.0,6.0,success,False,2026-08-17T20:33:27.108642+09:00
Route Frame,,,failed,False,2026-08-17T20:45:32.525368+09:00
Route Gate,10.0,0.0,success,False,2026-08-17T21:31:44.399230+09:00
Route Grid,,,failed,False,2026-08-17T22:51:32.586910+09:00
Route Guard,390.0,0.0,success,False,2026-08-17T20:44:07.827451+09:00
Route Hub,320.0,3.0,success,False,2026-08-17T20:40:46.604989+09:00
Route Keeper,,,failed,False,2026-08-17T20:45:54.147634+09:00
Route Lab,110.0,1.0,success,False,2026-08-17T20:39:28.862436+09:00
Route Ledger,,,failed,False,2026-08-17T20:42:46.441273+09:00
Route Lens,210.0,18.0,success,False,2026-08-17T20:46:22.420312+09:00
Route Lock,50.0,13.0,success,False,2026-08-17T21:30:02.792774+09:00
Route Loop,880.0,20.0,success,False,2026-08-17T21:36:34.713232+09:00
Route Manager,880.0,13.0,success,False,2026-08-17T20:44:58.380838+09:00
Route Map,246000.0,1.0,success,False,2026-08-17T20:47:39.394205+09:00
Route Nexus,170.0,0.0,success,False,2026-08-17T21:30:37.005083+09:00
Route Node,720.0,2.0,success,False,2026-08-17T21:32:57.336519+09:00
Route Panel,30.0,0.0,success,False,2026-08-17T20:32:53.240136+09:00
Route Path,480.0,0.0,success,False,2026-08-17T21:32:20.148818+09:00
Route Pilot,40.0,36.0,success,False,2026-08-17T20:39:57.613991+09:00
Route Point,170.0,1.0,success,False,2026-08-17T21:31:08.679950+09:00
Route Portal,40.0,1.0,success,False,2026-08-17T20:34:46.285590+09:00
Route Pulse,90.0,13.0,success,False,2026-08-17T21:34:28.165323+09:00
Route Radar,70.0,1.0,success,False,2026-08-17T20:38:08.924079+09:00
Route Rail,1300.0,28.0,success,False,2026-08-17T21:37:02.739524+09:00
Route Relay,140.0,2.0,success,False,2026-08-17T20:37:15.920679+09:00
Route Scale,30.0,0.0,success,False,2026-08-17T20:32:36.001496+09:00
Route Sentry,10.0,,success,False,2026-08-17T20:47:00.954455+09:00
Route Signal,320.0,2.0,success,False,2026-08-17T20:32:00.957216+09:00
Route Station,140.0,0.0,success,False,2026-08-17T20:38:35.163236+09:00
Route Studio,140.0,1.0,success,False,2026-08-17T20:40:24.654920+09:00
Route Sync,20.0,8.0,success,False,2026-08-17T20:42:16.988485+09:00
Route Tracker,4400.0,9.0,success,False,2026-08-17T20:43:14.638625+09:00
Route Trail,880.0,47.0,success,False,2026-08-17T21:36:05.315924+09:00
Route Vault,10.0,3.0,success,False,2026-08-17T20:36:14.881787+09:00
Route Wave,30.0,3.0,success,False,2026-08-17T21:33:24.629057+09:00
Route Zone,170.0,0.0,success,False,2026-08-17T20:35:48.969093+09:00
Royalty Anchor,,,failed,False,2026-08-17T21:37:26.190503+09:00
Royalty Atlas,,,failed,False,2026-08-17T20:44:43.054193+09:00
Royalty Base,40.0,1.0,success,False,2026-08-17T20:41:48.704350+09:00
Royalty Board,,,failed,False,2026-08-17T20:39:18.247368+09:00
Royalty Bridge,,,failed,False,2026-08-17T21:38:35.218560+09:00
Royalty Cascade,,,failed,False,2026-08-17T21:40:49.556938+09:00
Royalty Center,50.0,0.0,success,False,2026-08-17T20:33:46.243100+09:00
Royalty Chain,5400.0,29.0,success,False,2026-08-17T21:31:33.014186+09:00
Royalty Compass,,,failed,False,2026-08-17T20:32:03.329355+09:00
Royalty Core,390.0,12.0,success,False,2026-08-17T20:41:00.568700+09:00
Royalty Deck,,,failed,False,2026-08-17T20:38:24.877008+09:00
Royalty Desk,,,failed,False,2026-08-17T20:36:04.789698+09:00
Royalty Dial,,,failed,False,2026-08-17T21:39:25.145394+09:00
Royalty Dock,,,failed,False,2026-08-17T21:34:46.886716+09:00
Royalty Flow,110.0,0.0,success,False,2026-08-17T20:38:51.261946+09:00
Royalty Frame,2900.0,13.0,success,False,2026-08-17T20:42:34.302604+09:00
Royalty Gate,4400.0,4.0,success,False,2026-08-17T20:46:49.856300+09:00
Royalty Grid,,,failed,False,2026-08-17T21:32:05.797514+09:00
Royalty Guard,40500.0,6.0,success,False,2026-08-17T20:41:19.373388+09:00
Royalty Hub,40.0,0.0,success,False,2026-08-17T20:38:02.236902+09:00
Royalty Keeper,,,failed,False,2026-08-17T20:43:01.991108+09:00
Royalty Lab,20.0,0.0,success,False,2026-08-17T20:36:35.862750+09:00
Royalty Ledger,,,failed,False,2026-08-17T20:40:15.034726+09:00
Royalty Lens,,,failed,False,2026-08-17T20:43:30.530213+09:00
Royalty Lock,,,failed,False,2026-08-17T20:45:22.370262+09:00
Royalty Loop,110.0,4.0,success,False,2026-08-17T21:33:17.550972+09:00
Royalty Manager,70.0,1.0,success,False,2026-08-17T20:42:10.144192+09:00
Royalty Map,390.0,2.0,success,False,2026-08-17T20:44:21.106446+09:00
Royalty Meter,,,failed,False,2026-08-17T21:38:03.717082+09:00
Royalty Nexus,,,failed,False,2026-08-17T20:45:46.874737+09:00
Royalty Node,,,failed,False,2026-08-17T20:48:06.680156+09:00
Royalty Panel,,,failed,False,2026-08-17T21:41:28.759770+09:00
Royalty Path,,,failed,False,2026-08-17T20:47:23.581270+09:00
Royalty Pilot,,,failed,False,2026-08-17T20:37:01.636634+09:00
Royalty Point,110.0,0.0,success,False,2026-08-17T20:46:12.433556+09:00
Royalty Portal,50.0,0.0,success,False,2026-08-17T20:31:29.603433+09:00
Royalty Pulse,,,failed,False,2026-08-17T21:30:57.458125+09:00
Royalty Radar,10.0,2.0,success,False,2026-08-17T20:35:06.364440+09:00
Royalty Rail,,,failed,False,2026-08-17T21:33:42.291802+09:00
Royalty Relay,,,failed,False,2026-08-17T20:34:15.100698+09:00
Royalty Route,8100.0,7.0,success,False,2026-08-17T21:35:52.306880+09:00
Royalty Scale,10.0,1.0,success,False,2026-08-17T21:36:52.396982+09:00
Royalty Scope,40.0,1.0,success,False,2026-08-17T21:34:15.444697+09:00
Royalty Sentry,,,failed,False,2026-08-17T20:43:57.612589+09:00
Royalty Signal,,,failed,False,2026-08-17T21:36:24.237197+09:00
Royalty Station,10.0,0.0,success,False,2026-08-17T20:35:36.002153+09:00
Royalty Studio,9900.0,2.0,success,False,2026-08-17T20:37:29.909330+09:00
Royalty Sync,,,failed,False,2026-08-17T20:39:49.091027+09:00
Royalty Tracker,90.0,18.0,success,False,2026-08-17T20:40:36.395454+09:00
Royalty Trail,,,failed,False,2026-08-17T21:32:45.123730+09:00
Royalty Vault,10.0,0.0,success,False,2026-08-17T20:33:16.020559+09:00
Royalty Watch,33100.0,66.0,success,False,2026-08-17T21:35:18.423759+09:00
Royalty Wave,1300.0,1.0,success,False,2026-08-17T20:48:40.258747+09:00
Royalty Zone,720.0,2.0,success,False,2026-08-17T20:32:41.344957+09:00
Runbook Anchor,,,failed,False,2026-08-17T20:38:16.946588+09:00
Runbook Atlas,,,failed,False,2026-08-17T21:38:26.629916+09:00
Runbook Base,,,failed,False,2026-08-17T21:34:39.149688+09:00
Runbook Beacon,,,failed,False,2026-08-17T20:41:42.376478+09:00
Runbook Board,,,failed,False,2026-08-17T21:31:23.168898+09:00
Runbook Bridge,,,failed,False,2026-08-17T20:39:13.606540+09:00
Runbook Cascade,,,failed,False,2026-08-17T20:40:08.225876+09:00
Runbook Center,,,failed,False,2026-08-17T20:43:51.758171+09:00
Runbook Chain,,,failed,False,2026-08-17T20:33:08.305690+09:00
Runbook Compass,,,failed,False,2026-08-17T20:42:24.319818+09:00
Runbook Console,,,failed,False,2026-08-17T20:41:15.125085+09:00
Runbook Core,,,failed,False,2026-08-17T21:33:36.085901+09:00
Runbook Deck,,,failed,False,2026-08-17T21:30:15.996537+09:00
Runbook Desk,,,failed,False,2026-08-17T20:46:03.469899+09:00
Runbook Dial,,,failed,False,2026-08-17T20:39:37.454360+09:00
Runbook Dock,,,failed,False,2026-08-17T20:35:59.491401+09:00
Runbook Flow,,,failed,False,2026-08-17T21:30:47.592348+09:00
Runbook Forge,,,failed,False,2026-08-17T20:40:52.985789+09:00
Runbook Frame,,,failed,False,2026-08-17T21:35:44.584576+09:00
Runbook Gate,,,failed,False,2026-08-17T21:41:53.145173+09:00
Runbook Grid,,,failed,False,2026-08-17T20:33:41.175079+09:00
Runbook Guard,,,failed,False,2026-08-17T21:34:09.721109+09:00
Runbook Hub,,,failed,False,2026-08-17T20:48:31.729678+09:00
Runbook Keeper,,,failed,False,2026-08-17T21:36:20.278504+09:00
Runbook Lab,,,failed,False,2026-08-17T20:46:31.116711+09:00
Runbook Ledger,,,failed,False,2026-08-17T21:32:33.876836+09:00
Runbook Lens,,,failed,False,2026-08-17T21:36:43.981322+09:00
Runbook Lock,,,failed,False,2026-08-17T21:39:19.495692+09:00
Runbook Loop,,,failed,False,2026-08-17T20:34:33.124318+09:00
Runbook Manager,,,failed,False,2026-08-17T21:35:11.471835+09:00
Runbook Map,,,failed,False,2026-08-17T21:37:55.576177+09:00
Runbook Meter,,,failed,False,2026-08-17T20:38:43.149907+09:00
Runbook Nexus,,,failed,False,2026-08-17T21:40:41.309160+09:00
Runbook Panel,,,failed,False,2026-08-17T20:40:32.567080+09:00
Runbook Pilot,,,failed,False,2026-08-17T20:47:16.621554+09:00
Runbook Point,,,failed,False,2026-08-17T21:41:22.072079+09:00
Runbook Portal,,,failed,False,2026-08-17T20:42:04.175878+09:00
Runbook Pulse,,,failed,False,2026-08-17T20:32:32.905502+09:00
Runbook Radar,,,failed,False,2026-08-17T20:45:15.345040+09:00
Runbook Rail,,,failed,False,2026-08-17T20:35:00.475766+09:00
Runbook Relay,,,failed,False,2026-08-17T20:44:15.738532+09:00
Runbook Route,,,failed,False,2026-08-17T20:36:56.303275+09:00
Runbook Scale,,,failed,False,2026-08-17T20:37:57.626492+09:00
Runbook Scope,,,failed,False,2026-08-17T20:35:28.436030+09:00
Runbook Sentry,,,failed,False,2026-08-17T21:37:21.496927+09:00
Runbook Signal,,,failed,False,2026-08-17T20:37:24.505740+09:00
Runbook Station,,,failed,False,2026-08-17T20:45:42.370254+09:00
Runbook Studio,,,failed,False,2026-08-17T20:47:58.336807+09:00
Runbook Sync,,,failed,False,2026-08-17T21:31:56.784481+09:00
Runbook Tracker,,,failed,False,2026-08-17T21:33:08.992358+09:00
Runbook Trail,,,failed,False,2026-08-17T20:34:08.377719+09:00
Runbook Vault,,,failed,False,2026-08-17T20:43:25.230587+09:00
Runbook Watch,,,failed,False,2026-08-17T20:36:22.753454+09:00
Runbook Zone,,,failed,False,2026-08-17T20:42:52.966707+09:00
Safety Loop,720.0,6.0,success,False,2026-08-17T22:48:03.176041+09:00
Satisfaction Anchor,,,failed,False,2026-08-17T21:41:34.183941+09:00
Satisfaction Atlas,,,failed,False,2026-08-17T20:47:28.313560+09:00
Satisfaction Base,,,failed,False,2026-08-17T20:43:58.581518+09:00
Satisfaction Beacon,,,failed,False,2026-08-17T20:33:47.539654+09:00
Satisfaction Board,10.0,0.0,success,False,2026-08-17T20:41:22.469867+09:00
Satisfaction Cascade,,,failed,False,2026-08-17T20:31:35.680631+09:00
Satisfaction Center,,,failed,False,2026-08-17T20:36:08.746361+09:00
Satisfaction Chain,20.0,0.0,success,False,2026-08-17T21:34:20.474166+09:00
Satisfaction Compass,,,failed,False,2026-08-17T20:34:40.569545+09:00
Satisfaction Console,,,failed,False,2026-08-17T20:33:18.087238+09:00
Satisfaction Core,,,failed,False,2026-08-17T20:43:05.974432+09:00
Satisfaction Deck,,,failed,False,2026-08-17T20:40:41.186342+09:00
Satisfaction Desk,,,failed,False,2026-08-17T20:38:26.412397+09:00
Satisfaction Dock,,,failed,False,2026-08-17T21:37:30.311680+09:00
Satisfaction Flow,,,failed,False,2026-08-17T20:41:01.819842+09:00
Satisfaction Forge,,,failed,False,2026-08-17T20:32:44.310093+09:00
Satisfaction Frame,,,failed,False,2026-08-17T20:44:46.784780+09:00
Satisfaction Gate,,,failed,False,2026-08-17T21:31:00.206645+09:00
Satisfaction Grid,,,failed,False,2026-08-17T21:34:50.586670+09:00
Satisfaction Guard,,,failed,False,2026-08-17T20:43:32.566232+09:00
Satisfaction Hub,10.0,2.0,success,False,2026-08-17T20:40:17.203996+09:00
Satisfaction Keeper,,,failed,False,2026-08-17T20:45:24.269018+09:00
Satisfaction Lab,,,failed,False,2026-08-17T20:38:58.199942+09:00
Satisfaction Ledger,,,failed,False,2026-08-17T20:42:12.704128+09:00
Satisfaction Lens,,,failed,False,2026-08-17T20:45:50.172264+09:00
Satisfaction Lock,,,failed,False,2026-08-17T20:48:09.439521+09:00
Satisfaction Loop,10.0,0.0,success,False,2026-08-17T21:35:54.911296+09:00
Satisfaction Manager,10.0,0.0,success,False,2026-08-17T20:44:22.162347+09:00
Satisfaction Map,30.0,0.0,success,False,2026-08-17T20:46:51.703605+09:00
Satisfaction Nexus,,,failed,False,2026-08-17T20:48:44.119140+09:00
Satisfaction Node,,,failed,False,2026-08-17T21:32:11.115049+09:00
Satisfaction Panel,,,failed,False,2026-08-17T20:32:08.584337+09:00
Satisfaction Path,,,failed,False,2026-08-17T21:31:35.848823+09:00
Satisfaction Pilot,10.0,0.0,success,False,2026-08-17T20:39:21.363517+09:00
Satisfaction Point,210.0,0.0,success,False,2026-08-17T21:30:27.922058+09:00
Satisfaction Portal,10.0,,success,False,2026-08-17T20:34:17.127214+09:00
Satisfaction Pulse,,,failed,False,2026-08-17T21:33:45.075228+09:00
Satisfaction Radar,10.0,,success,False,2026-08-17T20:37:34.472176+09:00
Satisfaction Rail,,,failed,False,2026-08-17T21:36:26.445152+09:00
Satisfaction Relay,,,failed,False,2026-08-17T20:36:38.149505+09:00
Satisfaction Route,,,failed,False,2026-08-17T21:38:37.304138+09:00
Satisfaction Scale,720.0,2.0,success,False,2026-08-17T21:40:59.899740+09:00
Satisfaction Scope,,,failed,False,2026-08-17T21:36:54.710856+09:00
Satisfaction Sentry,,,failed,False,2026-08-17T20:46:14.149623+09:00
Satisfaction Signal,,,failed,False,2026-08-17T21:39:28.354494+09:00
Satisfaction Station,10.0,0.0,success,False,2026-08-17T20:38:03.705761+09:00
Satisfaction Studio,,,failed,False,2026-08-17T20:39:51.023967+09:00
Satisfaction Sync,,,failed,False,2026-08-17T20:41:53.253624+09:00
Satisfaction Tracker,,,failed,False,2026-08-17T20:42:36.789908+09:00
Satisfaction Trail,,,failed,False,2026-08-17T21:35:20.515813+09:00
Satisfaction Vault,,,failed,False,2026-08-17T20:35:40.356029+09:00
Satisfaction Watch,90.0,1.0,success,False,2026-08-17T21:38:05.775829+09:00
Satisfaction Wave,,,failed,False,2026-08-17T21:32:47.122898+09:00
Satisfaction Zone,20.0,0.0,success,False,2026-08-17T20:35:08.080059+09:00
Schedule Anchor,,,failed,False,2026-08-17T20:37:55.339961+09:00
Schedule Atlas,,,failed,False,2026-08-17T21:37:49.733247+09:00
Schedule Base,2400.0,2.0,success,False,2026-08-17T21:34:05.861065+09:00
Schedule Beacon,,,failed,False,2026-08-17T20:41:13.511022+09:00
Schedule Board,1600.0,100.0,success,False,2026-08-17T21:30:45.538595+09:00
Schedule Bridge,2400.0,0.0,success,True,2026-08-17T20:38:41.975413+09:00
Schedule Cascade,,,failed,False,2026-08-17T20:39:36.069990+09:00
Schedule Center,50.0,3.0,success,False,2026-08-17T20:43:22.316757+09:00
Schedule Chain,,,failed,False,2026-08-17T20:32:30.733040+09:00
Schedule Cockpit,,,failed,False,2026-08-17T22:50:36.545244+09:00
Schedule Compass,,,failed,False,2026-08-17T20:42:02.791525+09:00
Schedule Console,110.0,0.0,success,False,2026-08-17T20:40:51.053535+09:00
Schedule Core,,,failed,False,2026-08-17T21:33:05.832312+09:00
Schedule Deck,,,failed,False,2026-08-17T20:48:29.594833+09:00
Schedule Desk,,,failed,False,2026-08-17T20:45:35.834234+09:00
Schedule Dial,,,failed,False,2026-08-17T20:39:12.627798+09:00
Schedule Dock,10.0,0.0,success,False,2026-08-17T20:35:25.429619+09:00
Schedule Flow,320.0,3.0,success,False,2026-08-17T21:30:13.279777+09:00
Schedule Forge,,,failed,False,2026-08-17T20:40:29.235539+09:00
Schedule Frame,90.0,19.0,success,False,2026-08-17T21:35:08.893531+09:00
Schedule Gate,,,failed,False,2026-08-17T21:41:19.053416+09:00
Schedule Grid,720.0,5.0,success,False,2026-08-17T20:33:05.160713+09:00
Schedule Guard,,,failed,False,2026-08-17T21:33:32.175377+09:00
Schedule Hub,210.0,6.0,success,False,2026-08-17T20:47:53.457764+09:00
Schedule Keeper,50.0,76.0,success,False,2026-08-17T21:35:41.309233+09:00
Schedule Lab,140.0,8.0,success,False,2026-08-17T20:46:01.536512+09:00
Schedule Ledger,,,failed,False,2026-08-17T21:31:54.606698+09:00
Schedule Lens,,,failed,False,2026-08-17T21:36:17.240271+09:00
Schedule Lock,140.0,13.0,success,False,2026-08-17T21:38:24.477715+09:00
Schedule Loop,,,failed,False,2026-08-17T20:34:07.278551+09:00
Schedule Manager,1000.0,20.0,success,False,2026-08-17T21:34:37.066296+09:00
Schedule Map,720.0,3.0,success,False,2026-08-17T21:37:17.917122+09:00
Schedule Meter,10.0,1.0,success,False,2026-08-17T20:38:14.865229+09:00
Schedule Nexus,40.0,0.0,success,False,2026-08-17T21:39:15.761980+09:00
Schedule Organizer,880.0,72.0,success,False,2026-08-17T22:49:19.411310+09:00
Schedule Panel,140.0,49.0,success,False,2026-08-17T20:40:05.754832+09:00
Schedule Path,40500.0,0.0,success,True,2026-08-17T21:41:49.444267+09:00
Schedule Pilot,1000.0,3.0,success,False,2026-08-17T20:46:29.220439+09:00
Schedule Point,1600.0,4.0,success,False,2026-08-17T21:40:37.066671+09:00
Schedule Portal,390.0,2.0,success,False,2026-08-17T20:41:41.231730+09:00
Schedule Pulse,,,failed,False,2026-08-17T20:31:55.017364+09:00
Schedule Radar,480.0,0.0,success,False,2026-08-17T20:44:36.649130+09:00
Schedule Rail,,,failed,False,2026-08-17T20:34:31.529799+09:00
Schedule Relay,,,failed,False,2026-08-17T20:43:48.259554+09:00
Schedule Route,1600.0,3.0,success,False,2026-08-17T20:36:21.712002+09:00
Schedule Scale,10.0,0.0,success,False,2026-08-17T20:37:21.758511+09:00
Schedule Scope,10.0,0.0,success,False,2026-08-17T20:34:55.202462+09:00
Schedule Sentry,,,failed,False,2026-08-17T21:36:40.900045+09:00
Schedule Signal,,,failed,False,2026-08-17T20:36:55.192509+09:00
Schedule Station,30.0,0.0,success,False,2026-08-17T20:45:14.001779+09:00
Schedule Studio,170.0,4.0,success,False,2026-08-17T20:47:13.736905+09:00
Schedule Suite,,,failed,False,2026-08-17T22:49:19.411310+09:00
Schedule Sync,90.0,6.0,success,False,2026-08-17T21:31:19.415531+09:00
Schedule Terminal,,,failed,False,2026-08-17T20:44:14.789024+09:00
Schedule Tracker,720.0,54.0,success,False,2026-08-17T21:32:31.405261+09:00
Schedule Trail,,,failed,False,2026-08-17T20:33:36.115262+09:00
Schedule Vault,,,failed,False,2026-08-17T20:42:51.727520+09:00
Schedule Watch,390.0,3.0,success,False,2026-08-17T20:35:55.625501+09:00
Schedule Zone,10.0,0.0,success,False,2026-08-17T20:42:22.378966+09:00
Scheduling Anchor,,,failed,False,2026-08-17T20:40:21.350341+09:00
Scheduling Base,,,failed,False,2026-08-17T21:36:59.022364+09:00
Scheduling Beacon,,,failed,False,2026-08-17T20:43:38.857738+09:00
Scheduling Board,1600.0,100.0,success,False,2026-08-17T21:33:53.413747+09:00
Scheduling Bridge,,,failed,False,2026-08-17T20:41:07.425187+09:00
Scheduling Cascade,,,failed,False,2026-08-17T20:41:57.166662+09:00
Scheduling Center,50.0,3.0,success,False,2026-08-17T20:45:52.903104+09:00
Scheduling Chain,,,failed,False,2026-08-17T20:35:15.216607+09:00
Scheduling Compass,,,failed,False,2026-08-17T20:44:25.446111+09:00
Scheduling Console,10.0,14.0,success,False,2026-08-17T20:43:12.470155+09:00
Scheduling Core,,,failed,False,2026-08-17T21:36:00.741055+09:00
Scheduling Deck,,,failed,False,2026-08-17T21:32:57.336519+09:00
Scheduling Desk,,,failed,False,2026-08-17T21:30:00.229933+09:00
Scheduling Dial,,,failed,False,2026-08-17T20:41:30.101842+09:00
Scheduling Dock,,,failed,False,2026-08-17T20:38:07.696860+09:00
Scheduling Flow,,,failed,False,2026-08-17T21:33:22.663564+09:00
Scheduling Forge,,,failed,False,2026-08-17T20:42:43.172174+09:00
Scheduling Frame,,,failed,False,2026-08-17T21:38:10.743063+09:00
Scheduling Gate,,,failed,False,2026-08-17T20:32:14.147491+09:00
Scheduling Grid,720.0,5.0,success,False,2026-08-17T20:35:47.352548+09:00
Scheduling Guard,,,failed,False,2026-08-17T21:36:32.684484+09:00
Scheduling Hub,210.0,6.0,success,False,2026-08-17T21:32:20.148818+09:00
Scheduling Keeper,,,failed,False,2026-08-17T21:39:02.253193+09:00
Scheduling Lab,,,failed,False,2026-08-17T21:30:37.005083+09:00
Scheduling Ledger,,,failed,False,2026-08-17T21:34:57.125142+09:00
Scheduling Lens,,,failed,False,2026-08-17T21:39:40.995935+09:00
Scheduling Loop,,,failed,False,2026-08-17T20:36:43.272468+09:00
Scheduling Manager,1000.0,20.0,success,False,2026-08-17T21:37:39.097196+09:00
Scheduling Map,720.0,3.0,success,False,2026-08-17T21:41:39.306179+09:00
Scheduling Meter,,,failed,False,2026-08-17T20:40:45.689604+09:00
Scheduling Node,,,failed,False,2026-08-17T20:33:24.231963+09:00
Scheduling Ops,,,failed,False,2026-08-17T22:50:34.703098+09:00
Scheduling Panel,140.0,49.0,success,False,2026-08-17T20:42:15.711128+09:00
Scheduling Path,,,failed,False,2026-08-17T20:32:49.512310+09:00
Scheduling Pilot,,,failed,False,2026-08-17T21:31:08.679950+09:00
Scheduling Point,,,failed,False,2026-08-17T20:31:41.996994+09:00
Scheduling Portal,390.0,2.0,success,False,2026-08-17T20:44:06.631034+09:00
Scheduling Pulse,,,failed,False,2026-08-17T20:34:44.892914+09:00
Scheduling Radar,,,failed,False,2026-08-17T20:47:35.936558+09:00
Scheduling Rail,,,failed,False,2026-08-17T20:37:14.189830+09:00
Scheduling Relay,,,failed,False,2026-08-17T20:46:22.420312+09:00
Scheduling Route,1600.0,3.0,success,False,2026-08-17T20:39:04.557611+09:00
Scheduling Scale,10.0,0.0,success,False,2026-08-17T20:39:57.613991+09:00
Scheduling Scope,,,failed,False,2026-08-17T20:37:44.009684+09:00
Scheduling Sentry,,,failed,False,2026-08-17T21:41:07.674308+09:00
Scheduling Signal,,,failed,False,2026-08-17T20:39:28.862436+09:00
Scheduling Station,,,failed,False,2026-08-17T20:48:18.389398+09:00
Scheduling Studio,170.0,4.0,success,False,2026-08-17T21:31:44.399230+09:00
Scheduling Sync,,,failed,False,2026-08-17T21:34:26.372304+09:00
Scheduling Tracker,720.0,54.0,success,False,2026-08-17T21:35:30.145341+09:00
Scheduling Trail,,,failed,False,2026-08-17T20:36:13.174234+09:00
Scheduling Vault,,,failed,False,2026-08-17T20:45:30.439940+09:00
Scheduling Watch,10.0,21.0,success,False,2026-08-17T20:38:33.752321+09:00
Scheduling Wave,,,failed,False,2026-08-17T20:33:56.397010+09:00
Scheduling Zone,,,failed,False,2026-08-17T20:44:58.380838+09:00
Scholarship Anchor,,,failed,False,2026-08-17T20:32:23.142780+09:00
Scholarship Atlas,,,failed,False,2026-08-17T21:31:52.108049+09:00
Scholarship Base,50.0,10.0,success,False,2026-08-17T20:46:27.690682+09:00
Scholarship Beacon,,,failed,False,2026-08-17T20:36:18.497930+09:00
Scholarship Board,390.0,15.0,success,False,2026-08-17T20:43:46.830313+09:00
Scholarship Bridge,480.0,5.0,success,False,2026-08-17T20:33:33.696511+09:00
Scholarship Cascade,,,failed,False,2026-08-17T20:34:25.476328+09:00
Scholarship Center,70.0,11.0,success,False,2026-08-17T20:38:37.912313+09:00
Scholarship Chain,,,failed,False,2026-08-17T21:37:08.932405+09:00
Scholarship Compass,110.0,6.0,success,False,2026-08-17T20:37:18.091212+09:00
Scholarship Console,,,failed,False,2026-08-17T20:35:51.368204+09:00
Scholarship Core,,,failed,False,2026-08-17T20:45:34.633599+09:00
Scholarship Deck,,,failed,False,2026-08-17T20:42:49.578916+09:00
Scholarship Desk,30.0,15.0,success,False,2026-08-17T20:40:49.686418+09:00
Scholarship Dial,,,failed,False,2026-08-17T20:34:02.071546+09:00
Scholarship Dock,,,failed,False,2026-08-17T21:41:47.180143+09:00
Scholarship Flow,,,failed,False,2026-08-17T20:43:16.751377+09:00
Scholarship Forge,,,failed,False,2026-08-17T20:35:20.751202+09:00
Scholarship Frame,,,failed,False,2026-08-17T20:47:47.373505+09:00
Scholarship Gate,140.0,1.0,success,False,2026-08-17T21:34:01.777052+09:00
Scholarship Grid,10.0,14.0,success,False,2026-08-17T21:37:46.877382+09:00
Scholarship Guard,,,failed,False,2026-08-17T20:45:56.929111+09:00
Scholarship Hub,880.0,17.0,success,False,2026-08-17T20:42:21.345142+09:00
Scholarship Keeper,,,failed,False,2026-08-17T20:48:26.612997+09:00
Scholarship Lab,,,failed,False,2026-08-17T20:41:11.362619+09:00
Scholarship Ledger,,,failed,False,2026-08-17T20:44:32.138425+09:00
Scholarship Lens,,,failed,False,2026-08-17T21:30:10.122952+09:00
Scholarship Lock,10.0,0.0,success,False,2026-08-17T21:32:28.090728+09:00
Scholarship Loop,,,failed,False,2026-08-17T21:39:09.779186+09:00
Scholarship Manager,260.0,33.0,success,False,2026-08-17T20:47:07.356899+09:00
Scholarship Map,20.0,6.0,success,False,2026-08-17T21:31:17.550614+09:00
Scholarship Meter,,,failed,False,2026-08-17T20:32:58.642411+09:00
Scholarship Nexus,,,failed,False,2026-08-17T21:33:04.357190+09:00
Scholarship Node,,,failed,False,2026-08-17T21:35:06.399475+09:00
Scholarship Panel,10.0,14.0,success,False,2026-08-17T20:34:53.035348+09:00
Scholarship Path,10.0,17.0,success,False,2026-08-17T21:34:31.783933+09:00
Scholarship Pilot,1900.0,38.0,success,False,2026-08-17T20:41:38.152103+09:00
Scholarship Point,20.0,7.0,success,False,2026-08-17T21:33:30.231055+09:00
Scholarship Portal,301000.0,5.0,success,False,2026-08-17T20:36:51.044622+09:00
Scholarship Pulse,,,failed,False,2026-08-17T21:36:38.708092+09:00
Scholarship Radar,20.0,18.0,success,False,2026-08-17T20:40:03.112671+09:00
Scholarship Rail,,,failed,False,2026-08-17T21:40:01.418165+09:00
Scholarship Relay,,,failed,False,2026-08-17T20:39:11.470645+09:00
Scholarship Scale,,,failed,False,2026-08-17T20:31:49.556843+09:00
Scholarship Scope,,,failed,False,2026-08-17T21:41:16.664514+09:00
Scholarship Sentry,,,failed,False,2026-08-17T21:30:43.453478+09:00
Scholarship Station,20.0,0.0,success,False,2026-08-17T20:40:27.760312+09:00
Scholarship Studio,10.0,3.0,success,False,2026-08-17T20:42:01.579820+09:00
Scholarship Sync,,,failed,False,2026-08-17T20:44:10.950266+09:00
Scholarship Tracker,3600.0,6.0,success,False,2026-08-17T20:45:12.889782+09:00
Scholarship Trail,,,failed,False,2026-08-17T21:38:18.723173+09:00
Scholarship Vault,,,failed,False,2026-08-17T20:38:13.537846+09:00
Scholarship Wave,,,failed,False,2026-08-17T21:35:38.144027+09:00
Scholarship Zone,70.0,5.0,success,False,2026-08-17T20:37:49.257868+09:00
Screening Anchor,,,failed,False,2026-08-17T21:33:24.629057+09:00
Screening Atlas,,,failed,False,2026-08-17T20:41:30.101842+09:00
Screening Base,50.0,21.0,success,False,2026-08-17T20:38:33.752321+09:00
Screening Beacon,,,failed,False,2026-08-17T21:37:39.097196+09:00
Screening Board,2900.0,24.0,success,False,2026-08-17T20:35:47.352548+09:00
Screening Bridge,,,failed,False,2026-08-17T21:34:28.165323+09:00
Screening Cascade,390.0,2.0,success,False,2026-08-17T21:35:30.145341+09:00
Screening Center,390.0,15.0,success,False,2026-08-17T21:41:42.015478+09:00
Screening Chain,,,failed,False,2026-08-17T20:45:54.147634+09:00
Screening Compass,,,failed,False,2026-08-17T21:39:02.253193+09:00
Screening Console,,,failed,False,2026-08-17T21:37:02.739524+09:00
Screening Core,,,failed,False,2026-08-17T20:37:44.009684+09:00
Screening Deck,5400.0,99.0,success,False,2026-08-17T20:34:46.285590+09:00
Screening Desk,5400.0,62.0,success,False,2026-08-17T20:32:14.147491+09:00
Screening Dial,,,failed,False,2026-08-17T21:34:57.125142+09:00
Screening Dock,,,failed,False,2026-08-17T21:30:37.005083+09:00
Screening Flow,,,failed,False,2026-08-17T20:35:16.626138+09:00
Screening Forge,,,failed,False,2026-08-17T21:36:32.684484+09:00
Screening Frame,3600.0,100.0,success,False,2026-08-17T20:39:28.862436+09:00
Screening Gate,720.0,100.0,success,False,2026-08-17T20:43:12.470155+09:00
Screening Grid,1000.0,2.0,success,False,2026-08-17T20:46:22.420312+09:00
Screening Guard,22200.0,14.0,success,False,2026-08-17T20:38:08.924079+09:00
Screening Hub,,,failed,False,2026-08-17T20:34:20.444490+09:00
Screening Keeper,,,failed,False,2026-08-17T20:39:57.613991+09:00
Screening Lab,260.0,8.0,success,False,2026-08-17T20:32:53.240136+09:00
Screening Ledger,,,failed,False,2026-08-17T20:36:43.272468+09:00
Screening Lens,,,failed,False,2026-08-17T20:40:21.350341+09:00
Screening Lock,60500.0,1.0,success,False,2026-08-17T20:41:57.166662+09:00
Screening Loop,,,failed,False,2026-08-17T20:47:39.394205+09:00
Screening Manager,480.0,13.0,success,False,2026-08-17T20:39:05.666395+09:00
Screening Map,,,failed,False,2026-08-17T20:41:07.425187+09:00
Screening Meter,110.0,2.0,success,False,2026-08-17T21:33:56.834131+09:00
Screening Nexus,,,failed,False,2026-08-17T20:42:16.988485+09:00
Screening Node,,,failed,False,2026-08-17T20:44:07.827451+09:00
Screening Panel,4400.0,100.0,success,False,2026-08-17T21:36:05.315924+09:00
Screening Path,,,failed,False,2026-08-17T20:43:38.857738+09:00
Screening Pilot,10.0,7.0,success,False,2026-08-17T20:33:27.108642+09:00
Screening Point,390.0,0.0,success,False,2026-08-17T20:42:46.441273+09:00
Screening Portal,1300.0,1.0,success,False,2026-08-17T21:38:13.718334+09:00
Screening Pulse,,,failed,False,2026-08-17T20:45:30.439940+09:00
Screening Rail,,,failed,False,2026-08-17T20:48:18.389398+09:00
Screening Route,,,failed,False,2026-08-17T21:31:44.399230+09:00
Screening Scale,1600.0,0.0,success,True,2026-08-17T21:32:57.336519+09:00
Screening Scope,,,failed,False,2026-08-17T21:30:02.792774+09:00
Screening Sentry,,,failed,False,2026-08-17T20:40:45.689604+09:00
Screening Signal,,,failed,False,2026-08-17T21:32:20.148818+09:00
Screening Station,390.0,2.0,success,False,2026-08-17T20:31:41.996994+09:00
Screening Studio,40500.0,12.0,success,False,2026-08-17T20:33:56.397010+09:00
Screening Sync,,,failed,False,2026-08-17T20:36:13.174234+09:00
Screening Tracker,10.0,0.0,success,False,2026-08-17T20:37:14.189830+09:00
Screening Trail,,,failed,False,2026-08-17T20:46:59.199715+09:00
Screening Vault,,,failed,False,2026-08-17T21:41:07.674308+09:00
Screening Watch,20.0,0.0,success,False,2026-08-17T21:31:08.679950+09:00
Screening Wave,,,failed,False,2026-08-17T20:44:25.446111+09:00
Screening Zone,880.0,0.0,success,False,2026-08-17T21:39:40.995935+09:00
Season Beacon,,,failed,False,2026-08-17T22:48:03.176041+09:00
Segment Anchor,,,failed,False,2026-08-17T20:38:13.537846+09:00
Segment Atlas,,,failed,False,2026-08-17T21:38:18.723173+09:00
Segment Base,30.0,0.0,success,False,2026-08-17T21:34:31.783933+09:00
Segment Beacon,,,failed,False,2026-08-17T20:41:38.152103+09:00
Segment Board,20.0,4.0,success,False,2026-08-17T21:31:17.550614+09:00
Segment Bridge,590.0,0.0,success,False,2026-08-17T20:39:11.470645+09:00
Segment Cascade,,,failed,False,2026-08-17T20:40:03.112671+09:00
Segment Center,20.0,4.0,success,False,2026-08-17T20:43:46.830313+09:00
Segment Chain,50.0,2.0,success,False,2026-08-17T20:32:58.642411+09:00
Segment Compass,,,failed,False,2026-08-17T20:42:21.345142+09:00
Segment Console,10.0,0.0,success,False,2026-08-17T20:41:11.362619+09:00
Segment Core,10.0,0.0,success,False,2026-08-17T21:33:30.231055+09:00
Segment Deck,,,failed,False,2026-08-17T21:30:10.122952+09:00
Segment Desk,,,failed,False,2026-08-17T20:45:58.318950+09:00
Segment Dial,,,failed,False,2026-08-17T20:39:33.830984+09:00
Segment Dock,,,failed,False,2026-08-17T20:35:51.368204+09:00
Segment Flow,50.0,9.0,success,False,2026-08-17T21:30:43.453478+09:00
Segment Forge,,,failed,False,2026-08-17T20:40:49.686418+09:00
Segment Frame,140.0,11.0,success,False,2026-08-17T21:35:38.144027+09:00
Segment Gate,50.0,4.0,success,False,2026-08-17T21:41:47.180143+09:00
Segment Grid,10.0,4.0,success,False,2026-08-17T20:33:33.696511+09:00
Segment Guard,,,failed,False,2026-08-17T21:34:03.414909+09:00
Segment Hub,40.0,8.0,success,False,2026-08-17T20:48:26.612997+09:00
Segment Keeper,,,failed,False,2026-08-17T21:36:10.133574+09:00
Segment Lab,,,failed,False,2026-08-17T20:46:27.690682+09:00
Segment Ledger,,,failed,False,2026-08-17T21:32:28.090728+09:00
Segment Lens,,,failed,False,2026-08-17T21:36:38.708092+09:00
Segment Lock,20.0,5.0,success,False,2026-08-17T21:39:13.221117+09:00
Segment Loop,,,failed,False,2026-08-17T20:34:29.454165+09:00
Segment Manager,260.0,1.0,success,False,2026-08-17T21:35:06.399475+09:00
Segment Map,720.0,0.0,success,False,2026-08-17T21:37:46.877382+09:00
Segment Meter,,,failed,False,2026-08-17T20:38:37.912313+09:00
Segment Nexus,,,failed,False,2026-08-17T21:40:01.418165+09:00
Segment Panel,10.0,18.0,success,False,2026-08-17T20:40:27.760312+09:00
Segment Pilot,,,failed,False,2026-08-17T20:47:07.356899+09:00
Segment Point,70.0,0.0,success,False,2026-08-17T21:41:16.664514+09:00
Segment Portal,,,failed,False,2026-08-17T20:42:01.579820+09:00
Segment Pulse,,,failed,False,2026-08-17T20:32:26.534581+09:00
Segment Radar,,,failed,False,2026-08-17T20:45:12.889782+09:00
Segment Rail,,,failed,False,2026-08-17T20:34:53.035348+09:00
Segment Relay,,,failed,False,2026-08-17T20:44:11.907751+09:00
Segment Route,70.0,0.0,success,False,2026-08-17T20:36:52.122948+09:00
Segment Scale,30.0,38.0,success,False,2026-08-17T20:37:49.257868+09:00
Segment Scope,10.0,0.0,success,False,2026-08-17T20:35:20.751202+09:00
Segment Sentry,10.0,29.0,success,False,2026-08-17T21:37:10.762781+09:00
Segment Signal,10.0,0.0,success,False,2026-08-17T20:37:18.091212+09:00
Segment Station,10.0,0.0,success,False,2026-08-17T20:45:34.633599+09:00
Segment Studio,50.0,1.0,success,False,2026-08-17T20:47:50.375793+09:00
Segment Sync,,,failed,False,2026-08-17T21:31:52.108049+09:00
Segment Tracker,480.0,19.0,success,False,2026-08-17T21:33:04.357190+09:00
Segment Trail,,,failed,False,2026-08-17T20:34:02.071546+09:00
Segment Vault,,,failed,False,2026-08-17T20:43:16.751377+09:00
Segment Watch,20.0,57.0,success,False,2026-08-17T20:36:20.228244+09:00
Segment Zone,,,failed,False,2026-08-17T20:42:49.578916+09:00
Service Anchor,30.0,51.0,success,False,2026-08-17T20:37:28.424048+09:00
Service Atlas,2400.0,2.0,success,False,2026-08-17T21:37:24.355362+09:00
Service Base,1000.0,1.0,success,False,2026-08-17T21:33:40.096792+09:00
Service Beacon,10.0,1.0,success,False,2026-08-17T20:40:55.263419+09:00
Service Board,880.0,44.0,success,False,2026-08-17T21:30:22.425092+09:00
Service Bridge,1600.0,34.0,success,False,2026-08-17T20:38:23.394205+09:00
Service Cascade,10.0,0.0,success,False,2026-08-17T20:39:18.247368+09:00
Service Center,49500.0,4.0,success,False,2026-08-17T20:42:59.992193+09:00
Service Chain,320.0,1.0,success,False,2026-08-17T20:32:02.325008+09:00
Service Compass,50.0,1.0,success,False,2026-08-17T20:41:47.517366+09:00
Service Console,720.0,4.0,success,False,2026-08-17T20:40:34.523017+09:00
Service Core,4400.0,11.0,success,False,2026-08-17T21:32:40.946824+09:00
Service Deck,880.0,5.0,success,False,2026-08-17T20:48:02.919436+09:00
Service Desk,60500.0,26.0,success,False,2026-08-17T20:45:18.923986+09:00
Service Dial,50.0,0.0,success,False,2026-08-17T20:38:48.292759+09:00
Service Dock,90.0,2.0,success,False,2026-08-17T20:35:04.556306+09:00
Service Flow,1000.0,5.0,success,False,2026-08-17T20:48:37.567206+09:00
Service Forge,90.0,24.0,success,False,2026-08-17T20:40:13.744558+09:00
Service Frame,40.0,23.0,success,False,2026-08-17T21:34:42.632014+09:00
Service Gate,480.0,13.0,success,False,2026-08-17T21:40:47.686331+09:00
Service Grid,70.0,0.0,success,False,2026-08-17T20:32:39.820797+09:00
Service Guard,880.0,4.0,success,False,2026-08-17T21:33:13.463030+09:00
Service Hub,14800.0,2.0,success,False,2026-08-17T20:47:19.659128+09:00
Service Keeper,90.0,10.0,success,False,2026-08-17T21:35:16.200596+09:00
Service Lab,3600.0,3.0,success,False,2026-08-17T20:45:45.792269+09:00
Service Ledger,40.0,1.0,success,False,2026-08-17T21:31:30.369012+09:00
Service Lens,260.0,9.0,success,False,2026-08-17T21:35:49.618076+09:00
Service Lock,110.0,24.0,success,False,2026-08-17T21:38:00.601683+09:00
Service Loop,2400.0,0.0,success,True,2026-08-17T20:33:43.675774+09:00
Service Manager,12100.0,3.0,success,False,2026-08-17T21:34:15.444697+09:00
Service Map,2400.0,3.0,success,False,2026-08-17T21:36:50.527973+09:00
Service Meter,320.0,16.0,success,False,2026-08-17T20:37:59.877456+09:00
Service Metrics,390.0,2.0,success,False,2026-08-17T22:46:53.613180+09:00
Service Nexus,50.0,0.0,success,False,2026-08-17T21:38:32.905021+09:00
Service Panel,2400.0,33.0,success,False,2026-08-17T20:39:46.897200+09:00
Service Path,480.0,2.0,success,False,2026-08-17T21:41:28.759770+09:00
Service Pilot,260.0,19.0,success,False,2026-08-17T20:46:07.350212+09:00
Service Point,18100.0,3.0,success,False,2026-08-17T21:39:22.624237+09:00
Service Portal,22200.0,2.0,success,False,2026-08-17T20:41:19.373388+09:00
Service Radar,110.0,1.0,success,False,2026-08-17T20:44:20.013961+09:00
Service Rail,110.0,9.0,success,False,2026-08-17T20:34:15.100698+09:00
Service Relay,3600.0,1.0,success,False,2026-08-17T20:43:29.254301+09:00
Service Route,590.0,2.0,success,False,2026-08-17T20:36:04.789698+09:00
Service Scale,110.0,18.0,success,False,2026-08-17T20:37:01.636634+09:00
Service Scope,590.0,1.0,success,False,2026-08-17T20:34:36.732015+09:00
Service Sentry,10.0,,success,False,2026-08-17T21:36:22.095100+09:00
Service Signal,1000.0,3.0,success,False,2026-08-17T20:36:31.502472+09:00
Service Station,246000.0,9.0,success,False,2026-08-17T20:44:43.054193+09:00
Service Studio,1600.0,10.0,success,False,2026-08-17T20:46:46.837602+09:00
Service Sync,880.0,5.0,success,False,2026-08-17T21:30:53.341117+09:00
Service Tracker,1600.0,8.0,success,False,2026-08-17T21:32:03.436124+09:00
Service Trail,40.0,1.0,success,False,2026-08-17T20:33:15.121215+09:00
Service Vault,70.0,2.0,success,False,2026-08-17T20:42:32.290659+09:00
Service Watch,720.0,36.0,success,False,2026-08-17T20:35:35.063549+09:00
Service Zone,1600.0,2.0,success,False,2026-08-17T20:42:08.223187+09:00
Session Anchor,,,failed,False,2026-08-17T20:47:47.373505+09:00
Session Atlas,20.0,0.0,success,False,2026-08-17T20:38:12.491374+09:00
Session Base,140.0,0.0,success,False,2026-08-17T20:34:51.045190+09:00
Session Beacon,,,failed,False,2026-08-17T21:33:28.260657+09:00
Session Board,1000.0,41.0,success,False,2026-08-17T20:31:49.556843+09:00
Session Bridge,30.0,0.0,success,False,2026-08-17T21:30:08.257838+09:00
Session Cascade,,,failed,False,2026-08-17T21:31:15.457583+09:00
Session Center,20.0,2.0,success,False,2026-08-17T21:36:10.133574+09:00
Session Chain,,,failed,False,2026-08-17T20:42:19.428112+09:00
Session Compass,,,failed,False,2026-08-17T21:34:31.783933+09:00
Session Console,110.0,0.0,success,False,2026-08-17T21:33:02.340741+09:00
Session Core,,,failed,False,2026-08-17T20:34:02.071546+09:00
Session Desk,1000.0,100.0,success,False,2026-08-17T21:39:09.779186+09:00
Session Dial,,,failed,False,2026-08-17T21:30:41.512165+09:00
Session Dock,30.0,0.0,success,False,2026-08-17T20:45:10.862003+09:00
Session Forge,,,failed,False,2026-08-17T21:32:25.465592+09:00
Session Frame,10.0,50.0,success,False,2026-08-17T20:35:51.368204+09:00
Session Gate,,,failed,False,2026-08-17T20:40:01.743309+09:00
Session Grid,,,failed,False,2026-08-17T20:42:49.578916+09:00
Session Guard,20.0,0.0,success,False,2026-08-17T20:34:25.476328+09:00
Session Keeper,320.0,1.0,success,False,2026-08-17T20:36:18.497930+09:00
Session Lab,14800.0,3.0,success,False,2026-08-17T21:39:57.727763+09:00
Session Ledger,,,failed,False,2026-08-17T20:32:58.642411+09:00
Session Lens,10.0,0.0,success,False,2026-08-17T20:36:51.044622+09:00
Session Lock,390.0,0.0,success,False,2026-08-17T20:38:37.912313+09:00
Session Loop,210.0,12.0,success,False,2026-08-17T20:43:44.073906+09:00
Session Manager,1900.0,1.0,success,False,2026-08-17T20:35:19.683482+09:00
Session Map,720.0,0.0,success,False,2026-08-17T20:37:49.257868+09:00
Session Meter,,,failed,False,2026-08-17T20:48:23.905428+09:00
Session Nexus,,,failed,False,2026-08-17T20:39:09.333217+09:00
Session Node,30.0,0.0,success,False,2026-08-17T20:40:48.754907+09:00
Session Organizer,20.0,37.0,success,False,2026-08-17T22:50:34.703098+09:00
Session Panel,590.0,0.0,success,False,2026-08-17T21:31:49.761986+09:00
Session Path,20.0,0.0,success,False,2026-08-17T20:40:26.535789+09:00
Session Pilot,20.0,0.0,success,False,2026-08-17T21:41:14.862117+09:00
Session Point,20.0,1.0,success,False,2026-08-17T20:39:32.550443+09:00
Session Portal,40.0,6.0,success,False,2026-08-17T21:34:01.777052+09:00
Session Pulse,,,failed,False,2026-08-17T20:42:00.146835+09:00
Session Radar,10.0,40.0,success,False,2026-08-17T21:37:44.992622+09:00
Session Rail,10.0,,success,False,2026-08-17T20:44:10.950266+09:00
Session Relay,,,failed,False,2026-08-17T21:36:36.847955+09:00
Session Route,,,failed,False,2026-08-17T20:45:56.929111+09:00
Session Scale,,,failed,False,2026-08-17T20:47:07.356899+09:00
Session Scope,170.0,0.0,success,False,2026-08-17T20:44:32.138425+09:00
Session Sentry,,,failed,False,2026-08-17T20:37:18.091212+09:00
Session Signal,40.0,2.0,success,False,2026-08-17T20:46:26.563596+09:00
Session Station,,,failed,False,2026-08-17T21:38:18.723173+09:00
Session Studio,3600.0,6.0,success,False,2026-08-17T21:41:47.180143+09:00
Session Sync,90.0,1.0,success,False,2026-08-17T20:32:23.142780+09:00
Session Tracker,170.0,6.0,success,False,2026-08-17T20:33:31.328442+09:00
Session Trail,40.0,2.0,success,False,2026-08-17T20:43:16.751377+09:00
Session Vault,20.0,1.0,success,False,2026-08-17T21:35:36.118436+09:00
Session Watch,30.0,11.0,success,False,2026-08-17T20:45:34.633599+09:00
Session Wave,,,failed,False,2026-08-17T20:41:09.985510+09:00
Session Zone,,,failed,False,2026-08-17T21:35:02.943607+09:00
Shift Anchor,,,failed,False,2026-08-17T20:40:17.203996+09:00
Shift Base,33100.0,44.0,success,False,2026-08-17T21:36:54.710856+09:00
Shift Beacon,,,failed,False,2026-08-17T20:43:32.566232+09:00
Shift Board,14800.0,9.0,success,False,2026-08-17T21:33:45.075228+09:00
Shift Bridge,140.0,93.0,success,False,2026-08-17T20:41:01.819842+09:00
Shift Cascade,,,failed,False,2026-08-17T20:41:53.253624+09:00
Shift Center,170.0,0.0,success,False,2026-08-17T20:45:50.172264+09:00
Shift Chain,70.0,3.0,success,False,2026-08-17T20:35:09.040915+09:00
Shift Compass,20.0,8.0,success,False,2026-08-17T20:44:22.162347+09:00
Shift Console,390.0,10.0,success,False,2026-08-17T20:43:05.974432+09:00
Shift Core,30.0,0.0,success,False,2026-08-17T21:35:54.911296+09:00
Shift Deck,20.0,1.0,success,False,2026-08-17T21:32:47.122898+09:00
Shift Desk,20.0,100.0,success,False,2026-08-17T20:48:45.753465+09:00
Shift Dial,590.0,1.0,success,False,2026-08-17T20:41:22.469867+09:00
Shift Dock,,,failed,False,2026-08-17T20:38:04.703276+09:00
Shift Flow,210.0,15.0,success,False,2026-08-17T21:33:19.243075+09:00
Shift Forge,20.0,0.0,success,False,2026-08-17T20:42:40.071307+09:00
Shift Frame,70.0,6.0,success,False,2026-08-17T21:38:05.775829+09:00
Shift Gate,320.0,5.0,success,False,2026-08-17T20:32:08.584337+09:00
Shift Grid,30.0,9.0,success,False,2026-08-17T20:35:40.356029+09:00
Shift Guard,260.0,30.0,success,False,2026-08-17T21:36:28.444275+09:00
Shift Hub,210.0,1.0,success,False,2026-08-17T21:32:11.115049+09:00
Shift Keeper,40.0,0.0,success,False,2026-08-17T21:38:37.304138+09:00
Shift Lab,18100.0,2.0,success,False,2026-08-17T21:30:27.922058+09:00
Shift Ledger,,,failed,False,2026-08-17T21:34:53.019649+09:00
Shift Lens,880.0,82.0,success,False,2026-08-17T21:39:34.435552+09:00
Shift Loop,10.0,4.0,success,False,2026-08-17T20:36:38.149505+09:00
Shift Manager,5400.0,2.0,success,False,2026-08-17T21:37:32.627735+09:00
Shift Map,140.0,0.0,success,False,2026-08-17T21:41:34.183941+09:00
Shift Meter,50.0,2.0,success,False,2026-08-17T20:40:41.186342+09:00
Shift Node,,,failed,False,2026-08-17T20:33:18.087238+09:00
Shift Panel,90.0,6.0,success,False,2026-08-17T20:42:12.704128+09:00
Shift Path,10.0,0.0,success,False,2026-08-17T20:32:46.505342+09:00
Shift Pilot,40.0,7.0,success,False,2026-08-17T21:31:00.206645+09:00
Shift Point,480.0,1.0,success,False,2026-08-17T20:31:35.680631+09:00
Shift Portal,140.0,6.0,success,False,2026-08-17T20:44:01.266186+09:00
Shift Pulse,,,failed,False,2026-08-17T20:34:42.726088+09:00
Shift Radar,20.0,5.0,success,False,2026-08-17T20:47:28.313560+09:00
Shift Rail,170.0,0.0,success,False,2026-08-17T20:37:05.313557+09:00
Shift Relay,50.0,0.0,success,False,2026-08-17T20:46:14.149623+09:00
Shift Route,,,failed,False,2026-08-17T20:38:58.199942+09:00
Shift Scale,90.0,0.0,success,False,2026-08-17T20:39:51.023967+09:00
Shift Scope,,,failed,False,2026-08-17T20:37:34.472176+09:00
Shift Sentry,,,failed,False,2026-08-17T21:40:59.899740+09:00
Shift Signal,390.0,0.0,success,False,2026-08-17T20:39:21.363517+09:00
Shift Station,110.0,5.0,success,False,2026-08-17T20:48:09.439521+09:00
Shift Studio,1600.0,1.0,success,False,2026-08-17T21:31:35.848823+09:00
Shift Sync,3600.0,2.0,success,False,2026-08-17T21:34:20.474166+09:00
Shift Tracker,880.0,11.0,success,False,2026-08-17T21:35:20.515813+09:00
Shift Trail,10.0,0.0,success,False,2026-08-17T20:36:08.746361+09:00
Shift Vault,320.0,1.0,success,False,2026-08-17T20:45:26.162726+09:00
Shift Watch,50.0,25.0,success,False,2026-08-17T20:38:26.412397+09:00
Shift Wave,1600.0,8.0,success,False,2026-08-17T20:33:48.971139+09:00
Shift Zone,140.0,8.0,success,False,2026-08-17T20:44:46.784780+09:00
Shipment Anchor,,,failed,False,2026-08-17T20:43:55.064759+09:00
Shipment Atlas,,,failed,False,2026-08-17T20:34:35.742752+09:00
Shipment Beacon,,,failed,False,2026-08-17T20:48:00.384731+09:00
Shipment Board,1000.0,5.0,success,False,2026-08-17T21:38:29.386806+09:00
Shipment Bridge,,,failed,False,2026-08-17T20:44:38.858684+09:00
Shipment Cascade,,,failed,False,2026-08-17T20:45:45.792269+09:00
Shipment Center,6600.0,13.0,success,False,2026-08-17T21:31:59.895065+09:00
Shipment Chain,880.0,20.0,success,False,2026-08-17T20:39:17.196343+09:00
Shipment Compass,,,failed,False,2026-08-17T21:30:18.085086+09:00
Shipment Console,,,failed,False,2026-08-17T20:47:19.659128+09:00
Shipment Deck,,,failed,False,2026-08-17T21:37:24.355362+09:00
Shipment Desk,,,failed,False,2026-08-17T21:34:39.149688+09:00
Shipment Dial,,,failed,False,2026-08-17T20:45:16.547101+09:00
Shipment Dock,8100.0,3.0,success,False,2026-08-17T20:41:47.517366+09:00
Shipment Flow,90.0,6.0,success,False,2026-08-17T21:37:57.485180+09:00
Shipment Forge,,,failed,False,2026-08-17T20:46:42.242736+09:00
Shipment Frame,,,failed,False,2026-08-17T20:32:00.957216+09:00
Shipment Gate,,,failed,False,2026-08-17T20:36:28.708934+09:00
Shipment Grid,,,failed,False,2026-08-17T20:39:43.687132+09:00
Shipment Hub,720.0,13.0,success,False,2026-08-17T21:36:47.272145+09:00
Shipment Keeper,,,failed,False,2026-08-17T20:32:38.453320+09:00
Shipment Lab,,,failed,False,2026-08-17T21:35:14.152571+09:00
Shipment Ledger,,,failed,False,2026-08-17T21:40:47.686331+09:00
Shipment Lens,,,failed,False,2026-08-17T20:33:10.817795+09:00
Shipment Lock,880.0,4.0,success,False,2026-08-17T20:35:03.370957+09:00
Shipment Loop,,,failed,False,2026-08-17T20:40:33.502804+09:00
Shipment Map,14800.0,2.0,success,False,2026-08-17T20:34:11.615000+09:00
Shipment Meter,,,failed,False,2026-08-17T20:44:17.126543+09:00
Shipment Nexus,,,failed,False,2026-08-17T20:35:32.317442+09:00
Shipment Node,,,failed,False,2026-08-17T20:37:26.547523+09:00
Shipment Panel,,,failed,False,2026-08-17T20:46:04.855118+09:00
Shipment Path,,,failed,False,2026-08-17T20:37:00.325562+09:00
Shipment Pilot,,,failed,False,2026-08-17T21:35:46.466784+09:00
Shipment Point,6600.0,5.0,success,False,2026-08-17T20:36:02.767132+09:00
Shipment Portal,1600.0,4.0,success,False,2026-08-17T20:48:34.410191+09:00
Shipment Pulse,,,failed,False,2026-08-17T20:38:46.053243+09:00
Shipment Radar,90500.0,5.0,success,False,2026-08-17T21:33:37.652467+09:00
Shipment Rail,,,failed,False,2026-08-17T20:40:53.994191+09:00
Shipment Relay,,,failed,False,2026-08-17T21:32:36.544768+09:00
Shipment Route,3600.0,3.0,success,False,2026-08-17T20:42:29.560038+09:00
Shipment Scale,3600.0,100.0,success,False,2026-08-17T20:43:26.313536+09:00
Shipment Scope,,,failed,False,2026-08-17T20:41:17.748242+09:00
Shipment Sentry,,,failed,False,2026-08-17T20:33:42.611240+09:00
Shipment Signal,,,failed,False,2026-08-17T20:42:54.961047+09:00
Shipment Station,1900.0,93.0,success,False,2026-08-17T21:34:12.134068+09:00
Shipment Studio,,,failed,False,2026-08-17T21:36:20.278504+09:00
Shipment Sync,,,failed,False,2026-08-17T21:39:19.495692+09:00
Shipment Tracker,450000.0,3.0,success,False,2026-08-17T21:41:25.564008+09:00
Shipment Trail,,,failed,False,2026-08-17T20:40:10.157299+09:00
Shipment Vault,,,failed,False,2026-08-17T21:31:28.023870+09:00
Shipment Watch,,,failed,False,2026-08-17T20:42:08.223187+09:00
Shipment Wave,,,failed,False,2026-08-17T20:37:58.727524+09:00
Shipment Zone,,,failed,False,2026-08-17T21:30:50.388708+09:00
Shuttle Anchor,,,failed,False,2026-08-17T21:40:01.418165+09:00
Shuttle Atlas,,,failed,False,2026-08-17T20:46:29.220439+09:00
Shuttle Base,50.0,9.0,success,False,2026-08-17T20:43:18.551816+09:00
Shuttle Beacon,110.0,2.0,success,False,2026-08-17T20:33:01.756540+09:00
Shuttle Board,1300.0,67.0,success,False,2026-08-17T20:40:51.053535+09:00
Shuttle Bridge,30.0,0.0,success,False,2026-08-17T21:41:49.444267+09:00
Shuttle Center,30.0,9.0,success,False,2026-08-17T20:35:22.813816+09:00
Shuttle Chain,,,failed,False,2026-08-17T21:33:30.231055+09:00
Shuttle Compass,,,failed,False,2026-08-17T20:34:03.344800+09:00
Shuttle Console,10.0,0.0,success,False,2026-08-17T20:32:26.534581+09:00
Shuttle Core,30.0,8.0,success,False,2026-08-17T20:42:22.378966+09:00
Shuttle Deck,20.0,18.0,success,False,2026-08-17T20:40:05.754832+09:00
Shuttle Desk,10.0,0.0,success,False,2026-08-17T20:37:51.221015+09:00
Shuttle Dock,90.0,0.0,success,False,2026-08-17T21:36:40.900045+09:00
Shuttle Flow,210.0,0.0,success,False,2026-08-17T20:40:29.235539+09:00
Shuttle Forge,,,failed,False,2026-08-17T20:31:55.017364+09:00
Shuttle Frame,20.0,1.0,success,False,2026-08-17T20:44:11.907751+09:00
Shuttle Gate,390.0,2.0,success,False,2026-08-17T21:30:10.122952+09:00
Shuttle Grid,,,failed,False,2026-08-17T21:34:03.414909+09:00
Shuttle Guard,50.0,52.0,success,False,2026-08-17T20:42:50.595044+09:00
Shuttle Hub,140.0,0.0,success,False,2026-08-17T20:39:36.069990+09:00
Shuttle Keeper,,,failed,False,2026-08-17T20:44:33.462366+09:00
Shuttle Lab,70.0,82.0,success,False,2026-08-17T20:38:14.865229+09:00
Shuttle Ledger,,,failed,False,2026-08-17T20:41:41.231730+09:00
Shuttle Lens,,,failed,False,2026-08-17T20:45:14.001779+09:00
Shuttle Lock,480.0,14.0,success,False,2026-08-17T20:47:09.255931+09:00
Shuttle Loop,260.0,0.0,success,False,2026-08-17T21:35:08.893531+09:00
Shuttle Manager,10.0,2.0,success,False,2026-08-17T20:43:48.259554+09:00
Shuttle Map,170.0,0.0,success,False,2026-08-17T20:45:58.318950+09:00
Shuttle Meter,,,failed,False,2026-08-17T21:41:19.053416+09:00
Shuttle Nexus,,,failed,False,2026-08-17T20:47:50.375793+09:00
Shuttle Node,,,failed,False,2026-08-17T21:31:19.415531+09:00
Shuttle Path,40.0,0.0,success,False,2026-08-17T21:30:45.538595+09:00
Shuttle Pilot,70.0,0.0,success,False,2026-08-17T20:38:40.859557+09:00
Shuttle Point,880.0,1.0,success,False,2026-08-17T20:48:29.594833+09:00
Shuttle Portal,110.0,0.0,success,False,2026-08-17T20:33:36.115262+09:00
Shuttle Pulse,,,failed,False,2026-08-17T21:33:05.832312+09:00
Shuttle Radar,260.0,4.0,success,False,2026-08-17T20:36:52.122948+09:00
Shuttle Rail,110.0,7.0,success,False,2026-08-17T21:35:41.309233+09:00
Shuttle Relay,720.0,0.0,success,False,2026-08-17T20:35:52.510868+09:00
Shuttle Route,320.0,1.0,success,False,2026-08-17T21:37:49.733247+09:00
Shuttle Scale,,,failed,False,2026-08-17T21:39:13.221117+09:00
Shuttle Scope,30.0,0.0,success,False,2026-08-17T21:36:12.498401+09:00
Shuttle Sentry,,,failed,False,2026-08-17T20:45:35.834234+09:00
Shuttle Signal,,,failed,False,2026-08-17T21:38:24.477715+09:00
Shuttle Station,1300.0,1.0,success,False,2026-08-17T20:37:19.032635+09:00
Shuttle Studio,40.0,1.0,success,False,2026-08-17T20:39:12.627798+09:00
Shuttle Suite,,,failed,False,2026-08-17T22:50:34.703098+09:00
Shuttle Sync,10.0,7.0,success,False,2026-08-17T20:41:13.511022+09:00
Shuttle Tracker,1300.0,1.0,success,False,2026-08-17T20:42:02.791525+09:00
Shuttle Trail,,,failed,False,2026-08-17T21:34:34.023181+09:00
Shuttle Vault,,,failed,False,2026-08-17T20:34:55.202462+09:00
Shuttle Watch,50.0,7.0,success,False,2026-08-17T21:37:10.762781+09:00
Shuttle Wave,,,failed,False,2026-08-17T21:31:54.606698+09:00
Shuttle Zone,880.0,2.0,success,False,2026-08-17T20:34:31.529799+09:00
Silo Anchor,,,failed,False,2026-08-17T21:41:22.072079+09:00
Silo Atlas,10.0,0.0,success,False,2026-08-17T20:47:13.736905+09:00
Silo Base,140.0,1.0,success,False,2026-08-17T20:43:51.758171+09:00
Silo Beacon,,,failed,False,2026-08-17T20:33:40.236931+09:00
Silo Board,10.0,0.0,success,False,2026-08-17T20:41:15.125085+09:00
Silo Center,320.0,5.0,success,False,2026-08-17T20:35:59.491401+09:00
Silo Chain,170.0,11.0,success,False,2026-08-17T21:34:05.861065+09:00
Silo Compass,,,failed,False,2026-08-17T20:34:33.124318+09:00
Silo Console,,,failed,False,2026-08-17T20:33:08.305690+09:00
Silo Core,,,failed,False,2026-08-17T20:42:52.966707+09:00
Silo Deck,10.0,0.0,success,False,2026-08-17T20:40:31.600880+09:00
Silo Desk,,,failed,False,2026-08-17T20:38:16.946588+09:00
Silo Dock,,,failed,False,2026-08-17T21:37:17.917122+09:00
Silo Flow,20.0,5.0,success,False,2026-08-17T20:40:52.069695+09:00
Silo Forge,,,failed,False,2026-08-17T20:32:32.905502+09:00
Silo Frame,70.0,4.0,success,False,2026-08-17T20:44:36.649130+09:00
Silo Gate,70.0,0.0,success,False,2026-08-17T21:30:47.592348+09:00
Silo Grid,10.0,0.0,success,False,2026-08-17T21:34:37.066296+09:00
Silo Guard,50.0,4.0,success,False,2026-08-17T20:43:22.316757+09:00
Silo Hub,30.0,0.0,success,False,2026-08-17T20:40:06.808560+09:00
Silo Keeper,,,failed,False,2026-08-17T20:45:15.345040+09:00
Silo Lab,110.0,0.0,success,False,2026-08-17T20:38:43.149907+09:00
Silo Ledger,,,failed,False,2026-08-17T20:42:04.175878+09:00
Silo Lens,,,failed,False,2026-08-17T20:45:40.214755+09:00
Silo Lock,,,failed,False,2026-08-17T20:47:58.336807+09:00
Silo Loop,,,failed,False,2026-08-17T21:35:44.584576+09:00
Silo Manager,390.0,2.0,success,False,2026-08-17T20:44:15.738532+09:00
Silo Map,590.0,0.0,success,False,2026-08-17T20:46:31.116711+09:00
Silo Meter,10.0,8.0,success,False,2026-08-17T21:41:53.145173+09:00
Silo Nexus,,,failed,False,2026-08-17T20:48:31.729678+09:00
Silo Node,,,failed,False,2026-08-17T21:31:56.784481+09:00
Silo Panel,,,failed,False,2026-08-17T20:31:58.373055+09:00
Silo Path,20.0,4.0,success,False,2026-08-17T21:31:23.168898+09:00
Silo Pilot,50.0,1.0,success,False,2026-08-17T20:39:13.606540+09:00
Silo Point,1900.0,10.0,success,False,2026-08-17T21:30:15.996537+09:00
Silo Portal,20.0,2.0,success,False,2026-08-17T20:34:08.377719+09:00
Silo Pulse,,,failed,False,2026-08-17T21:33:36.085901+09:00
Silo Radar,,,failed,False,2026-08-17T20:37:24.505740+09:00
Silo Rail,,,failed,False,2026-08-17T21:36:17.240271+09:00
Silo Relay,,,failed,False,2026-08-17T20:36:22.753454+09:00
Silo Route,40.0,0.0,success,False,2026-08-17T21:38:26.629916+09:00
Silo Scale,70.0,41.0,success,False,2026-08-17T21:40:41.309160+09:00
Silo Scope,10.0,0.0,success,False,2026-08-17T21:36:43.981322+09:00
Silo Sentry,,,failed,False,2026-08-17T20:46:03.469899+09:00
Silo Signal,,,failed,False,2026-08-17T21:39:15.761980+09:00
Silo Station,320.0,0.0,success,False,2026-08-17T20:37:57.626492+09:00
Silo Studio,880.0,2.0,success,False,2026-08-17T20:39:37.454360+09:00
Silo Sync,10.0,0.0,success,False,2026-08-17T20:41:42.376478+09:00
Silo Tracker,,,failed,False,2026-08-17T20:42:24.319818+09:00
Silo Trail,210.0,0.0,success,False,2026-08-17T21:35:11.471835+09:00
Silo Vault,50.0,0.0,success,False,2026-08-17T20:35:28.436030+09:00
Silo Watch,480.0,10.0,success,False,2026-08-17T21:37:55.576177+09:00
Silo Wave,,,failed,False,2026-08-17T21:32:33.876836+09:00
Silo Zone,,,failed,False,2026-08-17T20:34:58.202084+09:00
Soil Anchor,880.0,97.0,success,False,2026-08-17T20:43:09.097865+09:00
Soil Atlas,170.0,1.0,success,False,2026-08-17T20:33:51.962760+09:00
Soil Beacon,,,failed,False,2026-08-17T20:46:56.962156+09:00
Soil Board,110.0,36.0,success,False,2026-08-17T21:37:36.095439+09:00
Soil Bridge,30.0,0.0,success,False,2026-08-17T20:44:04.848400+09:00
Soil Cascade,,,failed,False,2026-08-17T20:44:54.516764+09:00
Soil Center,50.0,5.0,success,False,2026-08-17T21:31:05.600589+09:00
Soil Chain,10.0,0.0,success,False,2026-08-17T20:38:32.473394+09:00
Soil Compass,40.0,1.0,success,False,2026-08-17T20:48:15.314618+09:00
Soil Console,,,failed,False,2026-08-17T20:46:20.020027+09:00
Soil Core,1300.0,10.0,success,False,2026-08-17T21:41:04.521769+09:00
Soil Deck,,,failed,False,2026-08-17T21:36:30.682605+09:00
Soil Desk,,,failed,False,2026-08-17T21:33:48.082783+09:00
Soil Dial,,,failed,False,2026-08-17T20:44:24.451216+09:00
Soil Dock,,,failed,False,2026-08-17T20:41:06.345123+09:00
Soil Flow,170.0,3.0,success,False,2026-08-17T21:36:57.018160+09:00
Soil Forge,,,failed,False,2026-08-17T20:45:51.407426+09:00
Soil Gate,10.0,0.0,success,False,2026-08-17T20:35:45.912195+09:00
Soil Grid,390.0,8.0,success,False,2026-08-17T20:38:59.956902+09:00
Soil Guard,1000.0,74.0,success,False,2026-08-17T21:41:36.452024+09:00
Soil Hub,70.0,0.0,success,False,2026-08-17T21:35:58.459168+09:00
Soil Keeper,50.0,10.0,success,False,2026-08-17T20:31:38.107939+09:00
Soil Lab,1600.0,5.0,success,False,2026-08-17T21:34:24.214520+09:00
Soil Ledger,,,failed,False,2026-08-17T21:38:46.123803+09:00
Soil Lens,30.0,0.0,success,False,2026-08-17T20:32:12.868338+09:00
Soil Lock,50.0,38.0,success,False,2026-08-17T20:34:19.305897+09:00
Soil Loop,,,failed,False,2026-08-17T20:39:54.147287+09:00
Soil Map,6600.0,1.0,success,False,2026-08-17T20:33:23.313632+09:00
Soil Meter,1600.0,100.0,success,False,2026-08-17T20:43:36.337910+09:00
Soil Nexus,,,failed,False,2026-08-17T20:34:43.926118+09:00
Soil Node,,,failed,False,2026-08-17T20:36:40.845127+09:00
Soil Panel,30.0,0.0,success,False,2026-08-17T20:45:28.437462+09:00
Soil Path,110.0,4.0,success,False,2026-08-17T20:36:12.301778+09:00
Soil Pilot,,,failed,False,2026-08-17T21:34:55.256705+09:00
Soil Point,320.0,2.0,success,False,2026-08-17T20:35:12.658616+09:00
Soil Portal,90.0,4.0,success,False,2026-08-17T20:47:33.914967+09:00
Soil Pulse,40.0,11.0,success,False,2026-08-17T20:38:06.157627+09:00
Soil Radar,10.0,38.0,success,False,2026-08-17T21:32:53.372558+09:00
Soil Rail,,,failed,False,2026-08-17T20:40:20.065990+09:00
Soil Relay,,,failed,False,2026-08-17T21:31:41.054400+09:00
Soil Route,,,failed,False,2026-08-17T20:41:55.751231+09:00
Soil Scale,40.0,5.0,success,False,2026-08-17T20:42:41.908187+09:00
Soil Scope,30.0,16.0,success,False,2026-08-17T20:40:44.017242+09:00
Soil Sentry,,,failed,False,2026-08-17T20:32:47.475978+09:00
Soil Signal,,,failed,False,2026-08-17T20:42:13.997557+09:00
Soil Station,140.0,3.0,success,False,2026-08-17T21:33:22.663564+09:00
Soil Studio,1000.0,10.0,success,False,2026-08-17T21:35:24.685319+09:00
Soil Sync,,,failed,False,2026-08-17T21:38:08.965654+09:00
Soil Tracker,90.0,8.0,success,False,2026-08-17T21:39:37.908878+09:00
Soil Trail,70.0,2.0,success,False,2026-08-17T20:39:25.387216+09:00
Soil Vault,,,failed,False,2026-08-17T21:30:33.048254+09:00
Soil Watch,90.0,75.0,success,False,2026-08-17T20:41:27.066117+09:00
Soil Wave,10.0,0.0,success,False,2026-08-17T20:37:11.919122+09:00
Soil Zone,260.0,0.0,success,False,2026-08-17T21:30:00.229933+09:00
Sourcing Anchor,,,failed,False,2026-08-17T21:38:40.825363+09:00
Sourcing Atlas,,,failed,False,2026-08-17T20:45:51.407426+09:00
Sourcing Base,,,failed,False,2026-08-17T20:42:41.908187+09:00
Sourcing Beacon,,,failed,False,2026-08-17T20:32:10.469810+09:00
Sourcing Board,70.0,4.0,success,False,2026-08-17T20:40:19.019495+09:00
Sourcing Bridge,,,failed,False,2026-08-17T21:40:59.899740+09:00
Sourcing Center,30.0,3.0,success,False,2026-08-17T20:34:42.726088+09:00
Sourcing Chain,10.0,43.0,success,False,2026-08-17T21:32:50.995270+09:00
Sourcing Compass,,,failed,False,2026-08-17T20:33:21.754611+09:00
Sourcing Console,,,failed,False,2026-08-17T20:31:36.969919+09:00
Sourcing Core,,,failed,False,2026-08-17T20:41:54.470071+09:00
Sourcing Deck,,,failed,False,2026-08-17T20:39:23.919432+09:00
Sourcing Desk,10.0,0.0,success,False,2026-08-17T20:37:08.027448+09:00
Sourcing Dial,,,failed,False,2026-08-17T21:41:36.452024+09:00
Sourcing Dock,,,failed,False,2026-08-17T21:35:58.459168+09:00
Sourcing Flow,,,failed,False,2026-08-17T20:39:52.233588+09:00
Sourcing Frame,,,failed,False,2026-08-17T20:43:34.295212+09:00
Sourcing Gate,90.0,1.0,success,False,2026-08-17T20:48:13.207047+09:00
Sourcing Grid,40.0,14.0,success,False,2026-08-17T21:33:20.961288+09:00
Sourcing Guard,,,failed,False,2026-08-17T20:42:13.997557+09:00
Sourcing Hub,480.0,4.0,success,False,2026-08-17T20:38:59.956902+09:00
Sourcing Keeper,,,failed,False,2026-08-17T20:44:04.848400+09:00
Sourcing Lab,1600.0,11.0,success,False,2026-08-17T20:37:38.706086+09:00
Sourcing Ledger,,,failed,False,2026-08-17T20:41:03.029394+09:00
Sourcing Lens,10.0,4.0,success,False,2026-08-17T20:44:23.108645+09:00
Sourcing Lock,,,failed,False,2026-08-17T20:46:16.531586+09:00
Sourcing Loop,,,failed,False,2026-08-17T21:34:24.214520+09:00
Sourcing Manager,2400.0,4.0,success,False,2026-08-17T20:43:08.098438+09:00
Sourcing Map,1600.0,79.0,success,False,2026-08-17T20:45:26.162726+09:00
Sourcing Meter,,,failed,False,2026-08-17T21:39:34.435552+09:00
Sourcing Nexus,,,failed,False,2026-08-17T20:46:53.844827+09:00
Sourcing Node,,,failed,False,2026-08-17T21:30:30.781560+09:00
Sourcing Path,,,failed,False,2026-08-17T20:49:39.030080+09:00
Sourcing Pilot,,,failed,False,2026-08-17T20:38:06.157627+09:00
Sourcing Point,10.0,2.0,success,False,2026-08-17T20:47:33.914967+09:00
Sourcing Portal,320.0,8.0,success,False,2026-08-17T20:32:47.475978+09:00
Sourcing Pulse,,,failed,False,2026-08-17T21:32:15.070878+09:00
Sourcing Radar,,,failed,False,2026-08-17T20:36:11.237181+09:00
Sourcing Rail,,,failed,False,2026-08-17T21:34:53.019649+09:00
Sourcing Relay,,,failed,False,2026-08-17T20:35:12.658616+09:00
Sourcing Route,,,failed,False,2026-08-17T21:36:57.018160+09:00
Sourcing Scale,,,failed,False,2026-08-17T21:38:08.965654+09:00
Sourcing Scope,,,failed,False,2026-08-17T21:35:22.295985+09:00
Sourcing Sentry,,,failed,False,2026-08-17T20:44:51.445524+09:00
Sourcing Signal,,,failed,False,2026-08-17T21:37:32.627735+09:00
Sourcing Station,,,failed,False,2026-08-17T20:36:39.507807+09:00
Sourcing Studio,30.0,10.0,success,False,2026-08-17T20:38:31.317013+09:00
Sourcing Sync,,,failed,False,2026-08-17T20:40:42.163784+09:00
Sourcing Tracker,70.0,24.0,success,False,2026-08-17T20:41:24.809383+09:00
Sourcing Trail,,,failed,False,2026-08-17T21:33:48.082783+09:00
Sourcing Vault,30.0,7.0,success,False,2026-08-17T20:34:18.335664+09:00
Sourcing Watch,,,failed,False,2026-08-17T21:36:28.444275+09:00
Sourcing Wave,,,failed,False,2026-08-17T21:31:02.177338+09:00
Sourcing Zone,,,failed,False,2026-08-17T20:33:51.962760+09:00
Sponsor Anchor,,,failed,False,2026-08-17T20:31:35.680631+09:00
Sponsor Atlas,70.0,0.0,success,False,2026-08-17T21:31:00.206645+09:00
Sponsor Base,40.0,1.0,success,False,2026-08-17T20:45:50.172264+09:00
Sponsor Beacon,,,failed,False,2026-08-17T20:35:40.356029+09:00
Sponsor Board,720.0,90.0,success,False,2026-08-17T20:43:05.974432+09:00
Sponsor Bridge,10.0,0.0,success,False,2026-08-17T20:32:44.310093+09:00
Sponsor Cascade,,,failed,False,2026-08-17T20:33:48.971139+09:00
Sponsor Center,10.0,0.0,success,False,2026-08-17T20:38:04.703276+09:00
Sponsor Chain,,,failed,False,2026-08-17T21:36:26.445152+09:00
Sponsor Compass,,,failed,False,2026-08-17T20:36:38.149505+09:00
Sponsor Console,,,failed,False,2026-08-17T20:35:08.080059+09:00
Sponsor Core,,,failed,False,2026-08-17T20:44:46.784780+09:00
Sponsor Deck,260.0,10.0,success,False,2026-08-17T20:42:12.704128+09:00
Sponsor Desk,,,failed,False,2026-08-17T20:40:17.203996+09:00
Sponsor Dial,,,failed,False,2026-08-17T20:33:18.087238+09:00
Sponsor Dock,,,failed,False,2026-08-17T21:40:59.899740+09:00
Sponsor Flow,,,failed,False,2026-08-17T20:42:36.789908+09:00
Sponsor Forge,,,failed,False,2026-08-17T20:34:40.569545+09:00
Sponsor Frame,20.0,83.0,success,False,2026-08-17T20:46:51.703605+09:00
Sponsor Gate,,,failed,False,2026-08-17T21:33:19.243075+09:00
Sponsor Grid,50.0,0.0,success,False,2026-08-17T21:36:54.710856+09:00
Sponsor Guard,10.0,2.0,success,False,2026-08-17T20:45:24.269018+09:00
Sponsor Hub,70.0,3.0,success,False,2026-08-17T20:41:53.253624+09:00
Sponsor Keeper,,,failed,False,2026-08-17T20:47:28.313560+09:00
Sponsor Lab,10.0,5.0,success,False,2026-08-17T20:40:41.186342+09:00
Sponsor Ledger,,,failed,False,2026-08-17T20:44:01.266186+09:00
Sponsor Lens,140.0,1.0,success,False,2026-08-17T20:48:09.439521+09:00
Sponsor Lock,20.0,0.0,success,False,2026-08-17T21:31:35.848823+09:00
Sponsor Loop,40.0,7.0,success,False,2026-08-17T21:38:05.775829+09:00
Sponsor Manager,480.0,9.0,success,False,2026-08-17T20:46:14.149623+09:00
Sponsor Map,40.0,0.0,success,False,2026-08-17T21:30:27.922058+09:00
Sponsor Meter,10.0,0.0,success,False,2026-08-17T20:32:08.584337+09:00
Sponsor Nexus,,,failed,False,2026-08-17T21:32:11.115049+09:00
Sponsor Node,,,failed,False,2026-08-17T21:34:20.474166+09:00
Sponsor Panel,40.0,2.0,success,False,2026-08-17T20:34:17.127214+09:00
Sponsor Path,,,failed,False,2026-08-17T21:33:45.075228+09:00
Sponsor Pilot,110.0,35.0,success,False,2026-08-17T20:41:01.819842+09:00
Sponsor Point,20.0,1.0,success,False,2026-08-17T21:32:47.122898+09:00
Sponsor Portal,1600.0,1.0,success,False,2026-08-17T20:36:08.746361+09:00
Sponsor Pulse,70.0,3.0,success,False,2026-08-17T21:35:54.911296+09:00
Sponsor Radar,90.0,12.0,success,False,2026-08-17T20:39:21.363517+09:00
Sponsor Rail,,,failed,False,2026-08-17T21:38:37.304138+09:00
Sponsor Relay,,,failed,False,2026-08-17T20:38:26.412397+09:00
Sponsor Scope,10.0,0.0,success,False,2026-08-17T21:39:28.354494+09:00
Sponsor Sentry,,,failed,False,2026-08-17T20:48:44.119140+09:00
Sponsor Station,,,failed,False,2026-08-17T20:39:51.023967+09:00
Sponsor Studio,170.0,1.0,success,False,2026-08-17T20:41:22.469867+09:00
Sponsor Sync,,,failed,False,2026-08-17T20:43:32.566232+09:00
Sponsor Tracker,90.0,13.0,success,False,2026-08-17T20:44:22.162347+09:00
Sponsor Trail,90.0,2.0,success,False,2026-08-17T21:37:30.311680+09:00
Sponsor Vault,,,failed,False,2026-08-17T20:37:34.472176+09:00
Sponsor Watch,70.0,5.0,success,False,2026-08-17T21:41:34.183941+09:00
Sponsor Wave,,,failed,False,2026-08-17T21:34:53.019649+09:00
Sponsor Zone,,,failed,False,2026-08-17T20:37:05.313557+09:00
Staffing Anchor,,,failed,False,2026-08-17T20:47:09.255931+09:00
Staffing Atlas,1000.0,4.0,success,False,2026-08-17T20:37:51.221015+09:00
Staffing Base,,,failed,False,2026-08-17T20:34:29.454165+09:00
Staffing Beacon,10.0,,success,False,2026-08-17T21:33:04.357190+09:00
Staffing Bridge,,,failed,False,2026-08-17T20:48:26.612997+09:00
Staffing Cascade,,,failed,False,2026-08-17T21:30:43.453478+09:00
Staffing Center,720.0,18.0,success,False,2026-08-17T21:35:38.144027+09:00
Staffing Chain,,,failed,False,2026-08-17T20:42:01.579820+09:00
Staffing Compass,,,failed,False,2026-08-17T21:34:03.414909+09:00
Staffing Console,,,failed,False,2026-08-17T21:32:28.090728+09:00
Staffing Core,140.0,7.0,success,False,2026-08-17T20:33:33.696511+09:00
Staffing Desk,480.0,74.0,success,False,2026-08-17T21:38:24.477715+09:00
Staffing Dial,,,failed,False,2026-08-17T21:30:10.122952+09:00
Staffing Dock,,,failed,False,2026-08-17T20:44:33.462366+09:00
Staffing Forge,40.0,4.0,success,False,2026-08-17T21:31:52.108049+09:00
Staffing Frame,,,failed,False,2026-08-17T20:35:22.813816+09:00
Staffing Gate,,,failed,False,2026-08-17T20:39:33.830984+09:00
Staffing Grid,210.0,3.0,success,False,2026-08-17T20:42:21.345142+09:00
Staffing Guard,,,failed,False,2026-08-17T20:34:03.344800+09:00
Staffing Hub,12100.0,2.0,success,False,2026-08-17T21:41:47.180143+09:00
Staffing Keeper,,,failed,False,2026-08-17T20:35:52.510868+09:00
Staffing Lab,1000.0,1.0,success,False,2026-08-17T21:39:13.221117+09:00
Staffing Ledger,,,failed,False,2026-08-17T20:32:26.534581+09:00
Staffing Lens,,,failed,False,2026-08-17T20:36:20.228244+09:00
Staffing Lock,,,failed,False,2026-08-17T20:38:13.537846+09:00
Staffing Loop,,,failed,False,2026-08-17T20:43:18.551816+09:00
Staffing Manager,1600.0,2.0,success,False,2026-08-17T20:34:53.035348+09:00
Staffing Map,140.0,6.0,success,False,2026-08-17T20:37:19.032635+09:00
Staffing Meter,,,failed,False,2026-08-17T20:47:50.375793+09:00
Staffing Navigator,,,failed,False,2026-08-17T22:50:34.703098+09:00
Staffing Nexus,,,failed,False,2026-08-17T20:38:40.859557+09:00
Staffing Node,,,failed,False,2026-08-17T20:40:29.235539+09:00
Staffing Panel,,,failed,False,2026-08-17T21:31:17.550614+09:00
Staffing Path,,,failed,False,2026-08-17T20:40:05.754832+09:00
Staffing Pilot,,,failed,False,2026-08-17T21:40:01.418165+09:00
Staffing Point,8100.0,22.0,success,False,2026-08-17T20:39:11.470645+09:00
Staffing Portal,110000.0,0.0,success,True,2026-08-17T21:33:30.231055+09:00
Staffing Pulse,,,failed,False,2026-08-17T20:41:38.152103+09:00
Staffing Radar,,,failed,False,2026-08-17T21:37:10.762781+09:00
Staffing Rail,,,failed,False,2026-08-17T20:43:46.830313+09:00
Staffing Relay,,,failed,False,2026-08-17T21:36:12.498401+09:00
Staffing Route,10.0,0.0,success,False,2026-08-17T20:45:35.834234+09:00
Staffing Scale,,,failed,False,2026-08-17T20:46:27.690682+09:00
Staffing Scope,10.0,0.0,success,False,2026-08-17T20:44:11.907751+09:00
Staffing Sentry,,,failed,False,2026-08-17T20:36:52.122948+09:00
Staffing Signal,,,failed,False,2026-08-17T20:45:58.318950+09:00
Staffing Station,1900.0,8.0,success,False,2026-08-17T21:37:46.877382+09:00
Staffing Studio,30.0,0.0,success,False,2026-08-17T21:41:16.664514+09:00
Staffing Sync,,,failed,False,2026-08-17T20:31:52.293572+09:00
Staffing Tracker,1600.0,12.0,success,False,2026-08-17T20:33:01.756540+09:00
Staffing Trail,,,failed,False,2026-08-17T20:42:50.595044+09:00
Staffing Vault,10.0,,success,False,2026-08-17T21:35:08.893531+09:00
Staffing Watch,,,failed,False,2026-08-17T20:45:12.889782+09:00
Staffing Wave,,,failed,False,2026-08-17T20:40:51.053535+09:00
Staffing Zone,40500.0,4.0,success,False,2026-08-17T21:34:34.023181+09:00
Statute Anchor,,,failed,False,2026-08-17T20:47:53.457764+09:00
Statute Atlas,,,failed,False,2026-08-17T20:38:16.946588+09:00
Statute Base,10.0,59.0,success,False,2026-08-17T20:34:58.202084+09:00
Statute Beacon,,,failed,False,2026-08-17T21:33:32.175377+09:00
Statute Board,,,failed,False,2026-08-17T20:31:58.373055+09:00
Statute Bridge,,,failed,False,2026-08-17T21:30:13.279777+09:00
Statute Cascade,,,failed,False,2026-08-17T21:31:23.168898+09:00
Statute Center,,,failed,False,2026-08-17T21:36:17.240271+09:00
Statute Chain,,,failed,False,2026-08-17T20:42:22.378966+09:00
Statute Compass,,,failed,False,2026-08-17T21:34:37.066296+09:00
Statute Console,,,failed,False,2026-08-17T21:33:05.832312+09:00
Statute Core,,,failed,False,2026-08-17T20:34:07.278551+09:00
Statute Desk,,,failed,False,2026-08-17T21:39:15.761980+09:00
Statute Dial,,,failed,False,2026-08-17T21:30:45.538595+09:00
Statute Dock,,,failed,False,2026-08-17T20:45:14.001779+09:00
Statute Forge,,,failed,False,2026-08-17T21:32:33.876836+09:00
Statute Frame,,,failed,False,2026-08-17T20:35:55.625501+09:00
Statute Gate,,,failed,False,2026-08-17T20:40:06.808560+09:00
Statute Grid,,,failed,False,2026-08-17T20:42:51.727520+09:00
Statute Guard,,,failed,False,2026-08-17T20:34:33.124318+09:00
Statute Keeper,,,failed,False,2026-08-17T20:36:21.712002+09:00
Statute Lab,,,failed,False,2026-08-17T21:40:37.066671+09:00
Statute Ledger,,,failed,False,2026-08-17T20:33:05.160713+09:00
Statute Lens,,,failed,False,2026-08-17T20:36:55.192509+09:00
Statute Lock,,,failed,False,2026-08-17T20:38:41.975413+09:00
Statute Loop,,,failed,False,2026-08-17T20:43:51.758171+09:00
Statute Manager,,,failed,False,2026-08-17T20:35:25.429619+09:00
Statute Map,,,failed,False,2026-08-17T20:37:55.339961+09:00
Statute Meter,,,failed,False,2026-08-17T20:48:31.729678+09:00
Statute Nexus,,,failed,False,2026-08-17T20:39:13.606540+09:00
Statute Node,,,failed,False,2026-08-17T20:40:52.069695+09:00
Statute Panel,,,failed,False,2026-08-17T21:31:56.784481+09:00
Statute Path,,,failed,False,2026-08-17T20:40:31.600880+09:00
Statute Pilot,,,failed,False,2026-08-17T21:41:19.053416+09:00
Statute Point,,,failed,False,2026-08-17T20:39:37.454360+09:00
Statute Portal,,,failed,False,2026-08-17T21:34:05.861065+09:00
Statute Pulse,,,failed,False,2026-08-17T20:42:04.175878+09:00
Statute Radar,,,failed,False,2026-08-17T21:37:49.733247+09:00
Statute Rail,,,failed,False,2026-08-17T20:44:14.789024+09:00
Statute Relay,,,failed,False,2026-08-17T21:36:43.981322+09:00
Statute Route,,,failed,False,2026-08-17T20:46:01.536512+09:00
Statute Scale,,,failed,False,2026-08-17T20:47:13.736905+09:00
Statute Scope,,,failed,False,2026-08-17T20:44:36.649130+09:00
Statute Sentry,,,failed,False,2026-08-17T20:37:21.758511+09:00
Statute Signal,,,failed,False,2026-08-17T20:46:31.116711+09:00
Statute Station,,,failed,False,2026-08-17T21:38:26.629916+09:00
Statute Studio,,,failed,False,2026-08-17T21:41:53.145173+09:00
Statute Sync,,,failed,False,2026-08-17T20:32:30.733040+09:00
Statute Tracker,,,failed,False,2026-08-17T20:33:40.236931+09:00
Statute Trail,,,failed,False,2026-08-17T20:43:22.316757+09:00
Statute Vault,,,failed,False,2026-08-17T21:35:41.309233+09:00
Statute Watch,,,failed,False,2026-08-17T20:45:40.214755+09:00
Statute Wave,,,failed,False,2026-08-17T20:41:15.125085+09:00
Statute Zone,,,failed,False,2026-08-17T21:35:11.471835+09:00
Sterilization Station,90.0,26.0,success,False,2026-08-17T22:50:34.703098+09:00
Stewardship Anchor,,,failed,False,2026-08-17T20:34:03.344800+09:00
Stewardship Atlas,,,failed,False,2026-08-17T21:33:32.175377+09:00
Stewardship Base,,,failed,False,2026-08-17T20:48:29.594833+09:00
Stewardship Beacon,,,failed,False,2026-08-17T20:37:51.221015+09:00
Stewardship Board,10.0,3.0,success,False,2026-08-17T20:45:14.001779+09:00
Stewardship Bridge,,,failed,False,2026-08-17T20:34:55.202462+09:00
Stewardship Cascade,,,failed,False,2026-08-17T20:35:55.625501+09:00
Stewardship Center,70.0,0.0,success,False,2026-08-17T20:40:05.754832+09:00
Stewardship Chain,,,failed,False,2026-08-17T21:39:13.221117+09:00
Stewardship Compass,,,failed,False,2026-08-17T20:38:41.975413+09:00
Stewardship Console,,,failed,False,2026-08-17T20:37:21.758511+09:00
Stewardship Core,,,failed,False,2026-08-17T20:47:09.255931+09:00
Stewardship Deck,,,failed,False,2026-08-17T20:44:14.789024+09:00
Stewardship Desk,,,failed,False,2026-08-17T20:42:02.791525+09:00
Stewardship Dial,,,failed,False,2026-08-17T20:35:22.813816+09:00
Stewardship Flow,,,failed,False,2026-08-17T20:44:33.462366+09:00
Stewardship Forge,,,failed,False,2026-08-17T20:36:55.192509+09:00
Stewardship Frame,,,failed,False,2026-08-17T21:30:45.538595+09:00
Stewardship Gate,,,failed,False,2026-08-17T21:35:41.309233+09:00
Stewardship Grid,,,failed,False,2026-08-17T21:40:37.066671+09:00
Stewardship Guard,,,failed,False,2026-08-17T20:47:53.457764+09:00
Stewardship Hub,,,failed,False,2026-08-17T20:43:48.259554+09:00
Stewardship Keeper,,,failed,False,2026-08-17T21:31:19.415531+09:00
Stewardship Lab,,,failed,False,2026-08-17T20:42:22.378966+09:00
Stewardship Ledger,,,failed,False,2026-08-17T20:46:01.536512+09:00
Stewardship Lens,,,failed,False,2026-08-17T21:31:54.606698+09:00
Stewardship Lock,,,failed,False,2026-08-17T21:34:05.861065+09:00
Stewardship Loop,,,failed,False,2026-08-17T21:41:49.444267+09:00
Stewardship Manager,90.0,1.0,success,False,2026-08-17T21:30:13.279777+09:00
Stewardship Map,10.0,0.0,success,False,2026-08-17T21:33:05.832312+09:00
Stewardship Meter,,,failed,False,2026-08-17T20:34:31.529799+09:00
Stewardship Nexus,,,failed,False,2026-08-17T21:34:34.023181+09:00
Stewardship Node,,,failed,False,2026-08-17T21:36:40.900045+09:00
Stewardship Organizer,,,failed,False,2026-08-17T22:50:36.545244+09:00
Stewardship Panel,,,failed,False,2026-08-17T20:36:21.712002+09:00
Stewardship Path,,,failed,False,2026-08-17T21:36:12.498401+09:00
Stewardship Pilot,,,failed,False,2026-08-17T20:42:51.727520+09:00
Stewardship Point,,,failed,False,2026-08-17T21:35:08.893531+09:00
Stewardship Portal,20.0,2.0,success,False,2026-08-17T20:38:14.865229+09:00
Stewardship Pulse,,,failed,False,2026-08-17T21:38:24.477715+09:00
Stewardship Radar,,,failed,False,2026-08-17T20:41:13.511022+09:00
Stewardship Relay,,,failed,False,2026-08-17T20:40:29.235539+09:00
Stewardship Route,,,failed,False,2026-08-17T20:32:30.733040+09:00
Stewardship Scale,,,failed,False,2026-08-17T20:33:36.115262+09:00
Stewardship Sentry,,,failed,False,2026-08-17T21:32:31.405261+09:00
Stewardship Signal,,,failed,False,2026-08-17T20:33:05.160713+09:00
Stewardship Station,,,failed,False,2026-08-17T20:41:41.231730+09:00
Stewardship Studio,,,failed,False,2026-08-17T20:43:18.551816+09:00
Stewardship Sync,,,failed,False,2026-08-17T20:45:35.834234+09:00
Stewardship Tracker,,,failed,False,2026-08-17T20:46:29.220439+09:00
Stewardship Trail,50.0,1.0,success,False,2026-08-17T21:41:19.053416+09:00
Stewardship Vault,,,failed,False,2026-08-17T20:39:36.069990+09:00
Stewardship Watch,,,failed,False,2026-08-17T20:31:55.017364+09:00
Stewardship Wave,,,failed,False,2026-08-17T21:37:10.762781+09:00
Stewardship Zone,,,failed,False,2026-08-17T20:39:12.627798+09:00
Storefront Anchor,,,failed,False,2026-08-17T20:35:18.626237+09:00
Storefront Atlas,,,failed,False,2026-08-17T21:35:00.218033+09:00
Storefront Base,,,failed,False,2026-08-17T21:31:11.680234+09:00
Storefront Beacon,,,failed,False,2026-08-17T20:39:05.666395+09:00
Storefront Board,1900.0,5.0,success,False,2026-08-17T20:46:23.888336+09:00
Storefront Bridge,,,failed,False,2026-08-17T20:36:14.881787+09:00
Storefront Cascade,,,failed,False,2026-08-17T20:37:15.920679+09:00
Storefront Center,,,failed,False,2026-08-17T20:41:08.316613+09:00
Storefront Chain,,,failed,False,2026-08-17T21:41:42.015478+09:00
Storefront Compass,,,failed,False,2026-08-17T20:39:59.910293+09:00
Storefront Console,,,failed,False,2026-08-17T20:38:35.163236+09:00
Storefront Core,,,failed,False,2026-08-17T21:30:02.792774+09:00
Storefront Deck,,,failed,False,2026-08-17T20:45:32.525368+09:00
Storefront Desk,880.0,100.0,success,False,2026-08-17T20:43:14.638625+09:00
Storefront Dial,,,failed,False,2026-08-17T20:36:47.157974+09:00
Storefront Dock,,,failed,False,2026-08-17T20:32:55.422953+09:00
Storefront Flow,,,failed,False,2026-08-17T20:45:54.147634+09:00
Storefront Forge,,,failed,False,2026-08-17T20:38:08.924079+09:00
Storefront Frame,1000.0,25.0,success,False,2026-08-17T21:32:23.259221+09:00
Storefront Gate,590.0,37.0,success,False,2026-08-17T21:37:02.739524+09:00
Storefront Guard,,,failed,False,2026-08-17T21:30:38.829852+09:00
Storefront Hub,,,failed,False,2026-08-17T20:44:58.380838+09:00
Storefront Keeper,,,failed,False,2026-08-17T21:33:00.443260+09:00
Storefront Lab,50.0,1.0,success,False,2026-08-17T20:43:42.299051+09:00
Storefront Ledger,,,failed,False,2026-08-17T20:47:39.394205+09:00
Storefront Lens,,,failed,False,2026-08-17T21:33:24.629057+09:00
Storefront Lock,720.0,99.0,success,False,2026-08-17T21:35:33.419897+09:00
Storefront Manager,10.0,4.0,success,False,2026-08-17T21:31:46.266854+09:00
Storefront Map,,,failed,False,2026-08-17T21:34:28.165323+09:00
Storefront Meter,,,failed,False,2026-08-17T20:35:48.969093+09:00
Storefront Nexus,,,failed,False,2026-08-17T21:36:05.315924+09:00
Storefront Node,,,failed,False,2026-08-17T21:38:13.718334+09:00
Storefront Panel,480.0,19.0,success,False,2026-08-17T20:37:45.876313+09:00
Storefront Path,,,failed,False,2026-08-17T21:37:42.380657+09:00
Storefront Pilot,,,failed,False,2026-08-17T20:44:07.827451+09:00
Storefront Point,1600.0,25.0,success,False,2026-08-17T21:36:34.713232+09:00
Storefront Portal,8100.0,0.0,success,True,2026-08-17T20:39:31.272188+09:00
Storefront Pulse,,,failed,False,2026-08-17T21:41:12.952922+09:00
Storefront Radar,,,failed,False,2026-08-17T20:42:16.988485+09:00
Storefront Rail,,,failed,False,2026-08-17T20:31:44.848533+09:00
Storefront Relay,,,failed,False,2026-08-17T20:41:33.336783+09:00
Storefront Route,,,failed,False,2026-08-17T20:33:59.012811+09:00
Storefront Scale,,,failed,False,2026-08-17T20:34:46.285590+09:00
Storefront Scope,,,failed,False,2026-08-17T20:32:17.131006+09:00
Storefront Sentry,,,failed,False,2026-08-17T21:33:56.834131+09:00
Storefront Signal,,,failed,False,2026-08-17T20:34:22.385109+09:00
Storefront Station,,,failed,False,2026-08-17T20:42:46.441273+09:00
Storefront Studio,720.0,4.0,success,False,2026-08-17T20:44:27.303320+09:00
Storefront Sync,,,failed,False,2026-08-17T20:47:00.954455+09:00
Storefront Tracker,10.0,,success,False,2026-08-17T20:48:21.583177+09:00
Storefront Vault,,,failed,False,2026-08-17T20:40:46.604989+09:00
Storefront Watch,,,failed,False,2026-08-17T20:33:27.108642+09:00
Storefront Wave,,,failed,False,2026-08-17T21:39:02.253193+09:00
Storefront Zone,,,failed,False,2026-08-17T20:40:24.654920+09:00
Stylist Pilot,,,failed,False,2026-08-17T22:46:53.613180+09:00
Subcontractor Anchor,,,failed,False,2026-08-17T20:43:01.991108+09:00
Subcontractor Atlas,,,failed,False,2026-08-17T20:33:47.539654+09:00
Subcontractor Beacon,,,failed,False,2026-08-17T20:46:51.703605+09:00
Subcontractor Board,,,failed,False,2026-08-17T21:37:30.311680+09:00
Subcontractor Bridge,,,failed,False,2026-08-17T20:43:58.581518+09:00
Subcontractor Cascade,,,failed,False,2026-08-17T20:44:45.631544+09:00
Subcontractor Center,,,failed,False,2026-08-17T21:30:57.458125+09:00
Subcontractor Chain,,,failed,False,2026-08-17T20:38:24.877008+09:00
Subcontractor Compass,,,failed,False,2026-08-17T20:48:06.680156+09:00
Subcontractor Console,,,failed,False,2026-08-17T20:46:12.433556+09:00
Subcontractor Core,,,failed,False,2026-08-17T21:40:51.783967+09:00
Subcontractor Deck,,,failed,False,2026-08-17T21:36:26.445152+09:00
Subcontractor Desk,,,failed,False,2026-08-17T21:33:42.291802+09:00
Subcontractor Dial,,,failed,False,2026-08-17T20:44:21.106446+09:00
Subcontractor Dock,,,failed,False,2026-08-17T20:41:00.568700+09:00
Subcontractor Flow,,,failed,False,2026-08-17T21:36:52.396982+09:00
Subcontractor Forge,,,failed,False,2026-08-17T20:45:48.787557+09:00
Subcontractor Gate,,,failed,False,2026-08-17T20:35:38.392873+09:00
Subcontractor Grid,,,failed,False,2026-08-17T20:38:53.767345+09:00
Subcontractor Guard,,,failed,False,2026-08-17T21:41:31.698252+09:00
Subcontractor Hub,880.0,19.0,success,False,2026-08-17T21:35:52.306880+09:00
Subcontractor Keeper,,,failed,False,2026-08-17T20:31:33.560642+09:00
Subcontractor Lab,,,failed,False,2026-08-17T21:34:17.965302+09:00
Subcontractor Ledger,10.0,4.0,success,False,2026-08-17T21:38:35.218560+09:00
Subcontractor Lens,,,failed,False,2026-08-17T20:32:07.300250+09:00
Subcontractor Lock,,,failed,False,2026-08-17T20:34:16.019094+09:00
Subcontractor Loop,,,failed,False,2026-08-17T20:39:49.091027+09:00
Subcontractor Map,,,failed,False,2026-08-17T20:33:16.020559+09:00
Subcontractor Meter,,,failed,False,2026-08-17T20:43:30.530213+09:00
Subcontractor Nexus,,,failed,False,2026-08-17T20:34:38.143389+09:00
Subcontractor Node,,,failed,False,2026-08-17T20:36:35.862750+09:00
Subcontractor Panel,,,failed,False,2026-08-17T20:45:24.269018+09:00
Subcontractor Path,,,failed,False,2026-08-17T20:36:06.570384+09:00
Subcontractor Pilot,,,failed,False,2026-08-17T21:34:50.586670+09:00
Subcontractor Point,,,failed,False,2026-08-17T20:35:08.080059+09:00
Subcontractor Portal,110.0,23.0,success,False,2026-08-17T20:47:25.656493+09:00
Subcontractor Pulse,,,failed,False,2026-08-17T20:38:03.705761+09:00
Subcontractor Radar,,,failed,False,2026-08-17T21:32:45.123730+09:00
Subcontractor Rail,,,failed,False,2026-08-17T20:40:15.034726+09:00
Subcontractor Relay,,,failed,False,2026-08-17T21:31:33.014186+09:00
Subcontractor Route,,,failed,False,2026-08-17T20:41:50.983322+09:00
Subcontractor Scale,,,failed,False,2026-08-17T20:42:36.789908+09:00
Subcontractor Scope,,,failed,False,2026-08-17T20:40:36.395454+09:00
Subcontractor Sentry,,,failed,False,2026-08-17T20:32:44.310093+09:00
Subcontractor Signal,,,failed,False,2026-08-17T20:42:11.427186+09:00
Subcontractor Station,,,failed,False,2026-08-17T21:33:17.550972+09:00
Subcontractor Studio,,,failed,False,2026-08-17T21:35:20.515813+09:00
Subcontractor Suite,,,failed,False,2026-08-17T22:46:57.477508+09:00
Subcontractor Sync,,,failed,False,2026-08-17T21:38:03.717082+09:00
Subcontractor Tracker,,,failed,False,2026-08-17T21:39:28.354494+09:00
Subcontractor Trail,,,failed,False,2026-08-17T20:39:20.129592+09:00
Subcontractor Vault,,,failed,False,2026-08-17T21:30:24.502544+09:00
Subcontractor Watch,,,failed,False,2026-08-17T20:41:20.787117+09:00
Subcontractor Wave,,,failed,False,2026-08-17T20:37:03.531282+09:00
Subcontractor Zone,,,failed,False,2026-08-17T20:48:44.119140+09:00
Subrogation Anchor,,,failed,False,2026-08-17T20:32:17.131006+09:00
Subrogation Atlas,,,failed,False,2026-08-17T21:31:46.266854+09:00
Subrogation Base,,,failed,False,2026-08-17T20:46:23.888336+09:00
Subrogation Beacon,,,failed,False,2026-08-17T20:36:14.881787+09:00
Subrogation Board,,,failed,False,2026-08-17T20:43:38.857738+09:00
Subrogation Bridge,,,failed,False,2026-08-17T20:33:27.108642+09:00
Subrogation Cascade,,,failed,False,2026-08-17T20:34:22.385109+09:00
Subrogation Center,,,failed,False,2026-08-17T20:38:35.163236+09:00
Subrogation Chain,,,failed,False,2026-08-17T21:37:02.739524+09:00
Subrogation Compass,,,failed,False,2026-08-17T20:37:15.920679+09:00
Subrogation Console,,,failed,False,2026-08-17T20:35:48.969093+09:00
Subrogation Core,,,failed,False,2026-08-17T20:45:32.525368+09:00
Subrogation Deck,,,failed,False,2026-08-17T20:42:46.441273+09:00
Subrogation Desk,,,failed,False,2026-08-17T20:40:46.604989+09:00
Subrogation Dial,,,failed,False,2026-08-17T20:33:56.397010+09:00
Subrogation Dock,,,failed,False,2026-08-17T21:41:42.015478+09:00
Subrogation Flow,,,failed,False,2026-08-17T20:43:14.638625+09:00
Subrogation Forge,,,failed,False,2026-08-17T20:35:16.626138+09:00
Subrogation Frame,,,failed,False,2026-08-17T20:47:39.394205+09:00
Subrogation Gate,,,failed,False,2026-08-17T21:33:56.834131+09:00
Subrogation Grid,,,failed,False,2026-08-17T21:37:42.380657+09:00
Subrogation Guard,,,failed,False,2026-08-17T20:45:54.147634+09:00
Subrogation Hub,,,failed,False,2026-08-17T20:42:16.988485+09:00
Subrogation Keeper,,,failed,False,2026-08-17T20:48:18.389398+09:00
Subrogation Lab,,,failed,False,2026-08-17T20:41:08.316613+09:00
Subrogation Ledger,,,failed,False,2026-08-17T20:44:27.303320+09:00
Subrogation Lens,,,failed,False,2026-08-17T21:30:02.792774+09:00
Subrogation Lock,,,failed,False,2026-08-17T21:32:23.259221+09:00
Subrogation Loop,,,failed,False,2026-08-17T21:39:02.253193+09:00
Subrogation Manager,20.0,15.0,success,False,2026-08-17T20:47:00.954455+09:00
Subrogation Map,,,failed,False,2026-08-17T21:31:08.679950+09:00
Subrogation Meter,,,failed,False,2026-08-17T20:32:53.240136+09:00
Subrogation Nexus,,,failed,False,2026-08-17T21:32:57.336519+09:00
Subrogation Node,,,failed,False,2026-08-17T21:35:00.218033+09:00
Subrogation Panel,,,failed,False,2026-08-17T20:34:46.285590+09:00
Subrogation Path,,,failed,False,2026-08-17T21:34:28.165323+09:00
Subrogation Pilot,,,failed,False,2026-08-17T20:41:30.101842+09:00
Subrogation Point,,,failed,False,2026-08-17T21:33:24.629057+09:00
Subrogation Portal,,,failed,False,2026-08-17T20:36:47.157974+09:00
Subrogation Pulse,,,failed,False,2026-08-17T21:36:34.713232+09:00
Subrogation Radar,,,failed,False,2026-08-17T20:39:59.910293+09:00
Subrogation Rail,,,failed,False,2026-08-17T21:39:40.995935+09:00
Subrogation Relay,,,failed,False,2026-08-17T20:39:05.666395+09:00
Subrogation Scale,,,failed,False,2026-08-17T20:31:44.848533+09:00
Subrogation Scope,,,failed,False,2026-08-17T21:41:12.952922+09:00
Subrogation Sentry,,,failed,False,2026-08-17T21:30:37.005083+09:00
Subrogation Station,,,failed,False,2026-08-17T20:40:24.654920+09:00
Subrogation Studio,,,failed,False,2026-08-17T20:41:57.166662+09:00
Subrogation Sync,,,failed,False,2026-08-17T20:44:07.827451+09:00
Subrogation Tracker,,,failed,False,2026-08-17T20:44:58.380838+09:00
Subrogation Trail,,,failed,False,2026-08-17T21:38:13.718334+09:00
Subrogation Vault,,,failed,False,2026-08-17T20:38:08.924079+09:00
Subrogation Wave,,,failed,False,2026-08-17T21:35:30.145341+09:00
Subrogation Zone,,,failed,False,2026-08-17T20:37:45.876313+09:00
Subscriber Anchor,,,failed,False,2026-08-17T20:34:09.472739+09:00
Subscriber Atlas,,,failed,False,2026-08-17T20:47:19.659128+09:00
Subscriber Base,50.0,0.0,success,False,2026-08-17T20:43:56.267353+09:00
Subscriber Beacon,,,failed,False,2026-08-17T20:33:43.675774+09:00
Subscriber Board,70.0,1.0,success,False,2026-08-17T20:41:17.748242+09:00
Subscriber Center,10.0,20.0,success,False,2026-08-17T20:36:02.767132+09:00
Subscriber Chain,,,failed,False,2026-08-17T21:34:12.134068+09:00
Subscriber Compass,,,failed,False,2026-08-17T20:34:36.732015+09:00
Subscriber Console,,,failed,False,2026-08-17T20:33:10.817795+09:00
Subscriber Core,,,failed,False,2026-08-17T20:42:59.992193+09:00
Subscriber Deck,,,failed,False,2026-08-17T20:40:33.502804+09:00
Subscriber Desk,,,failed,False,2026-08-17T20:38:21.061174+09:00
Subscriber Flow,,,failed,False,2026-08-17T20:40:55.263419+09:00
Subscriber Forge,,,failed,False,2026-08-17T20:32:39.820797+09:00
Subscriber Frame,,,failed,False,2026-08-17T20:44:38.858684+09:00
Subscriber Gate,,,failed,False,2026-08-17T21:30:53.341117+09:00
Subscriber Grid,,,failed,False,2026-08-17T21:34:42.632014+09:00
Subscriber Guard,,,failed,False,2026-08-17T20:43:26.313536+09:00
Subscriber Hub,390.0,3.0,success,False,2026-08-17T20:40:10.157299+09:00
Subscriber Keeper,,,failed,False,2026-08-17T20:45:18.923986+09:00
Subscriber Lab,0.0,,success,False,2026-08-17T20:38:48.292759+09:00
Subscriber Ledger,10.0,0.0,success,False,2026-08-17T20:42:08.223187+09:00
Subscriber Lens,,,failed,False,2026-08-17T20:45:45.792269+09:00
Subscriber Lock,10.0,0.0,success,False,2026-08-17T20:48:02.919436+09:00
Subscriber Manager,30.0,41.0,success,False,2026-08-17T20:44:20.013961+09:00
Subscriber Map,,,failed,False,2026-08-17T20:46:46.837602+09:00
Subscriber Nexus,,,failed,False,2026-08-17T20:48:37.567206+09:00
Subscriber Node,10.0,0.0,success,False,2026-08-17T21:32:03.436124+09:00
Subscriber Panel,590.0,10.0,success,False,2026-08-17T20:32:02.325008+09:00
Subscriber Path,,,failed,False,2026-08-17T21:31:30.369012+09:00
Subscriber Pilot,,,failed,False,2026-08-17T20:39:17.196343+09:00
Subscriber Point,,,failed,False,2026-08-17T21:30:22.425092+09:00
Subscriber Portal,90.0,1.0,success,False,2026-08-17T20:34:11.615000+09:00
Subscriber Pulse,,,failed,False,2026-08-17T21:33:37.652467+09:00
Subscriber Radar,,,failed,False,2026-08-17T20:37:28.424048+09:00
Subscriber Relay,,,failed,False,2026-08-17T20:36:28.708934+09:00
Subscriber Route,,,failed,False,2026-08-17T20:32:36.001496+09:00
Subscriber Scale,,,failed,False,2026-08-17T20:33:42.611240+09:00
Subscriber Sentry,,,failed,False,2026-08-17T20:46:07.350212+09:00
Subscriber Signal,,,failed,False,2026-08-17T20:33:09.747000+09:00
Subscriber Station,20.0,0.0,success,False,2026-08-17T20:37:59.877456+09:00
Subscriber Studio,40.0,11.0,success,False,2026-08-17T20:39:43.687132+09:00
Subscriber Suite,,,failed,False,2026-08-17T22:46:53.613180+09:00
Subscriber Sync,10.0,0.0,success,False,2026-08-17T20:41:47.517366+09:00
Subscriber Tracker,720.0,5.0,success,False,2026-08-17T20:42:32.290659+09:00
Subscriber Trail,10.0,0.0,success,False,2026-08-17T21:35:16.200596+09:00
Subscriber Vault,,,failed,False,2026-08-17T20:35:35.063549+09:00
Subscriber Watch,70.0,0.0,success,False,2026-08-17T20:32:00.957216+09:00
Subscriber Wave,,,failed,False,2026-08-17T21:32:40.946824+09:00
Subscriber Zone,70.0,0.0,success,False,2026-08-17T20:35:04.556306+09:00
Substation Anchor,,,failed,False,2026-08-17T20:41:57.166662+09:00
Substation Atlas,,,failed,False,2026-08-17T20:32:14.147491+09:00
Substation Base,,,failed,False,2026-08-17T21:39:40.995935+09:00
Substation Beacon,,,failed,False,2026-08-17T20:45:30.439940+09:00
Substation Board,30.0,0.0,success,False,2026-08-17T21:36:00.741055+09:00
Substation Bridge,,,failed,False,2026-08-17T20:42:43.172174+09:00
Substation Cascade,,,failed,False,2026-08-17T20:43:38.857738+09:00
Substation Center,,,failed,False,2026-08-17T20:48:18.389398+09:00
Substation Chain,,,failed,False,2026-08-17T20:37:14.189830+09:00
Substation Compass,,,failed,False,2026-08-17T20:46:22.420312+09:00
Substation Console,,,failed,False,2026-08-17T20:44:58.380838+09:00
Substation Core,,,failed,False,2026-08-17T21:38:10.743063+09:00
Substation Deck,,,failed,False,2026-08-17T21:34:57.125142+09:00
Substation Desk,,,failed,False,2026-08-17T21:32:20.148818+09:00
Substation Dial,,,failed,False,2026-08-17T20:43:12.470155+09:00
Substation Dock,,,failed,False,2026-08-17T20:39:57.613991+09:00
Substation Flow,,,failed,False,2026-08-17T21:35:30.145341+09:00
Substation Forge,,,failed,False,2026-08-17T20:44:25.446111+09:00
Substation Frame,,,failed,False,2026-08-17T21:41:39.306179+09:00
Substation Gate,40.0,2.0,success,False,2026-08-17T20:34:20.444490+09:00
Substation Grid,880.0,1.0,success,False,2026-08-17T20:37:44.009684+09:00
Substation Guard,,,failed,False,2026-08-17T21:39:02.253193+09:00
Substation Hub,,,failed,False,2026-08-17T21:34:26.372304+09:00
Substation Lab,,,failed,False,2026-08-17T21:32:57.336519+09:00
Substation Ledger,,,failed,False,2026-08-17T21:36:59.022364+09:00
Substation Lock,,,failed,False,2026-08-17T20:32:53.240136+09:00
Substation Loop,,,failed,False,2026-08-17T20:38:33.752321+09:00
Substation Manager,20.0,1.0,success,False,2026-08-17T21:41:07.674308+09:00
Substation Map,390.0,0.0,success,False,2026-08-17T20:31:41.996994+09:00
Substation Meter,20.0,25.0,success,False,2026-08-17T20:42:16.988485+09:00
Substation Nexus,,,failed,False,2026-08-17T20:33:24.231963+09:00
Substation Node,,,failed,False,2026-08-17T20:35:16.626138+09:00
Substation Panel,140.0,2.0,success,False,2026-08-17T20:44:06.631034+09:00
Substation Path,,,failed,False,2026-08-17T20:34:44.892914+09:00
Substation Pilot,,,failed,False,2026-08-17T21:33:24.629057+09:00
Substation Point,,,failed,False,2026-08-17T20:33:56.397010+09:00
Substation Portal,,,failed,False,2026-08-17T20:45:54.147634+09:00
Substation Pulse,,,failed,False,2026-08-17T20:36:43.272468+09:00
Substation Radar,,,failed,False,2026-08-17T21:31:08.679950+09:00
Substation Rail,,,failed,False,2026-08-17T20:39:05.666395+09:00
Substation Relay,390.0,2.0,success,False,2026-08-17T21:30:02.792774+09:00
Substation Route,,,failed,False,2026-08-17T20:40:45.689604+09:00
Substation Scale,,,failed,False,2026-08-17T20:41:30.101842+09:00
Substation Scope,,,failed,False,2026-08-17T20:39:28.862436+09:00
Substation Signal,,,failed,False,2026-08-17T20:41:07.425187+09:00
Substation Station,20.0,1.0,success,False,2026-08-17T21:31:44.399230+09:00
Substation Studio,40.0,2.0,success,False,2026-08-17T21:33:56.834131+09:00
Substation Sync,,,failed,False,2026-08-17T21:36:32.684484+09:00
Substation Tracker,,,failed,False,2026-08-17T21:37:39.097196+09:00
Substation Trail,,,failed,False,2026-08-17T20:38:08.924079+09:00
Substation Vault,,,failed,False,2026-08-17T20:47:39.394205+09:00
Substation Watch,10.0,0.0,success,False,2026-08-17T20:40:21.350341+09:00
Substation Wave,,,failed,False,2026-08-17T20:35:47.352548+09:00
Substation Zone,,,failed,False,2026-08-17T20:46:59.199715+09:00
Supplier Anchor,40.0,54.0,success,False,2026-08-17T20:33:33.696511+09:00
Supplier Atlas,,,failed,False,2026-08-17T21:33:04.357190+09:00
Supplier Base,480.0,2.0,success,False,2026-08-17T20:47:50.375793+09:00
Supplier Beacon,,,failed,False,2026-08-17T20:37:18.091212+09:00
Supplier Board,30.0,2.0,success,False,2026-08-17T20:44:32.138425+09:00
Supplier Bridge,,,failed,False,2026-08-17T20:34:29.454165+09:00
Supplier Cascade,10.0,0.0,success,False,2026-08-17T20:35:20.751202+09:00
Supplier Center,110.0,6.0,success,False,2026-08-17T20:39:33.830984+09:00
Supplier Compass,,,failed,False,2026-08-17T20:38:13.537846+09:00
Supplier Console,,,failed,False,2026-08-17T20:36:51.044622+09:00
Supplier Core,,,failed,False,2026-08-17T20:46:27.690682+09:00
Supplier Deck,,,failed,False,2026-08-17T20:43:46.830313+09:00
Supplier Desk,,,failed,False,2026-08-17T20:41:38.152103+09:00
Supplier Dial,,,failed,False,2026-08-17T20:34:53.035348+09:00
Supplier Flow,10.0,22.0,success,False,2026-08-17T20:44:10.950266+09:00
Supplier Forge,,,failed,False,2026-08-17T20:36:18.497930+09:00
Supplier Frame,20.0,89.0,success,False,2026-08-17T21:30:10.122952+09:00
Supplier Gate,,,failed,False,2026-08-17T21:35:06.399475+09:00
Supplier Guard,,,failed,False,2026-08-17T20:47:07.356899+09:00
Supplier Hub,18100.0,1.0,success,False,2026-08-17T20:43:16.751377+09:00
Supplier Keeper,,,failed,False,2026-08-17T21:30:43.453478+09:00
Supplier Lab,30.0,32.0,success,False,2026-08-17T20:42:01.579820+09:00
Supplier Ledger,170.0,10.0,success,False,2026-08-17T20:45:34.633599+09:00
Supplier Lens,10.0,26.0,success,False,2026-08-17T21:31:17.550614+09:00
Supplier Lock,,,failed,False,2026-08-17T21:33:30.231055+09:00
Supplier Loop,,,failed,False,2026-08-17T20:32:03.329355+09:00
Supplier Manager,480.0,6.0,success,False,2026-08-17T20:48:26.612997+09:00
Supplier Map,170.0,20.0,success,False,2026-08-17T21:32:28.090728+09:00
Supplier Meter,,,failed,False,2026-08-17T20:34:02.071546+09:00
Supplier Nexus,,,failed,False,2026-08-17T21:34:01.777052+09:00
Supplier Node,,,failed,False,2026-08-17T21:36:10.133574+09:00
Supplier Panel,2400.0,2.0,success,False,2026-08-17T20:35:51.368204+09:00
Supplier Path,,,failed,False,2026-08-17T21:35:38.144027+09:00
Supplier Pilot,,,failed,False,2026-08-17T20:42:21.345142+09:00
Supplier Point,10.0,0.0,success,False,2026-08-17T21:34:31.783933+09:00
Supplier Portal,14800.0,8.0,success,False,2026-08-17T20:37:49.257868+09:00
Supplier Radar,,,failed,False,2026-08-17T20:40:49.686418+09:00
Supplier Rail,,,failed,False,2026-08-17T20:32:41.344957+09:00
Supplier Relay,,,failed,False,2026-08-17T20:40:03.112671+09:00
Supplier Route,,,failed,False,2026-08-17T20:31:52.293572+09:00
Supplier Scale,,,failed,False,2026-08-17T20:32:58.642411+09:00
Supplier Sentry,,,failed,False,2026-08-17T21:31:52.108049+09:00
Supplier Signal,,,failed,False,2026-08-17T20:32:23.142780+09:00
Supplier Station,10.0,0.0,success,False,2026-08-17T20:41:11.362619+09:00
Supplier Studio,90.0,0.0,success,False,2026-08-17T20:42:49.578916+09:00
Supplier Sync,10.0,21.0,success,False,2026-08-17T20:45:12.889782+09:00
Supplier Tracker,70.0,17.0,success,False,2026-08-17T20:45:58.318950+09:00
Supplier Trail,,,failed,False,2026-08-17T20:31:29.603433+09:00
Supplier Vault,20.0,1.0,success,False,2026-08-17T20:39:11.470645+09:00
Supplier Wave,,,failed,False,2026-08-17T21:36:38.708092+09:00
Supplier Zone,20.0,2.0,success,False,2026-08-17T20:38:37.912313+09:00
Supply Nexus,170.0,4.0,success,False,2026-08-17T22:48:03.176041+09:00
Syllabus Anchor,,,failed,False,2026-08-17T20:37:15.920679+09:00
Syllabus Atlas,,,failed,False,2026-08-17T21:37:02.739524+09:00
Syllabus Base,,,failed,False,2026-08-17T21:33:24.629057+09:00
Syllabus Beacon,,,failed,False,2026-08-17T20:40:46.604989+09:00
Syllabus Board,20.0,0.0,success,False,2026-08-17T21:30:05.905035+09:00
Syllabus Bridge,,,failed,False,2026-08-17T20:38:11.520193+09:00
Syllabus Cascade,,,failed,False,2026-08-17T20:39:06.787331+09:00
Syllabus Center,50.0,1.0,success,False,2026-08-17T20:42:46.441273+09:00
Syllabus Chain,,,failed,False,2026-08-17T20:31:44.848533+09:00
Syllabus Compass,,,failed,False,2026-08-17T20:41:33.336783+09:00
Syllabus Console,,,failed,False,2026-08-17T20:40:24.654920+09:00
Syllabus Core,,,failed,False,2026-08-17T21:32:23.259221+09:00
Syllabus Deck,,,failed,False,2026-08-17T20:47:39.394205+09:00
Syllabus Desk,,,failed,False,2026-08-17T20:45:09.617976+09:00
Syllabus Dial,,,failed,False,2026-08-17T20:38:35.163236+09:00
Syllabus Dock,,,failed,False,2026-08-17T20:34:46.285590+09:00
Syllabus Flow,,,failed,False,2026-08-17T20:48:21.583177+09:00
Syllabus Forge,,,failed,False,2026-08-17T20:39:59.910293+09:00
Syllabus Frame,,,failed,False,2026-08-17T21:34:28.165323+09:00
Syllabus Gate,40500.0,3.0,success,False,2026-08-17T21:39:44.948189+09:00
Syllabus Grid,10.0,0.0,success,False,2026-08-17T20:32:17.131006+09:00
Syllabus Guard,,,failed,False,2026-08-17T21:33:00.443260+09:00
Syllabus Hub,,,failed,False,2026-08-17T20:47:00.954455+09:00
Syllabus Keeper,,,failed,False,2026-08-17T21:35:00.218033+09:00
Syllabus Lab,10.0,0.0,success,False,2026-08-17T20:45:32.525368+09:00
Syllabus Ledger,,,failed,False,2026-08-17T21:31:11.680234+09:00
Syllabus Lens,,,failed,False,2026-08-17T21:35:33.419897+09:00
Syllabus Lock,,,failed,False,2026-08-17T21:37:42.380657+09:00
Syllabus Loop,,,failed,False,2026-08-17T20:33:27.108642+09:00
Syllabus Manager,20.0,1.0,success,False,2026-08-17T21:33:56.834131+09:00
Syllabus Map,210.0,0.0,success,False,2026-08-17T21:36:34.713232+09:00
Syllabus Meter,,,failed,False,2026-08-17T20:37:45.876313+09:00
Syllabus Nexus,,,failed,False,2026-08-17T21:38:13.718334+09:00
Syllabus Node,,,failed,False,2026-08-17T21:41:42.015478+09:00
Syllabus Panel,,,failed,False,2026-08-17T20:39:31.272188+09:00
Syllabus Path,,,failed,False,2026-08-17T21:41:12.952922+09:00
Syllabus Pilot,260.0,7.0,success,False,2026-08-17T20:45:54.147634+09:00
Syllabus Point,10.0,0.0,success,False,2026-08-17T21:39:02.253193+09:00
Syllabus Portal,10.0,0.0,success,False,2026-08-17T20:41:08.316613+09:00
Syllabus Radar,,,failed,False,2026-08-17T20:44:07.827451+09:00
Syllabus Rail,,,failed,False,2026-08-17T20:33:59.012811+09:00
Syllabus Relay,,,failed,False,2026-08-17T20:43:14.638625+09:00
Syllabus Route,,,failed,False,2026-08-17T20:35:48.969093+09:00
Syllabus Scale,,,failed,False,2026-08-17T20:36:47.157974+09:00
Syllabus Scope,,,failed,False,2026-08-17T20:34:22.385109+09:00
Syllabus Sentry,,,failed,False,2026-08-17T21:36:05.315924+09:00
Syllabus Signal,,,failed,False,2026-08-17T20:36:14.881787+09:00
Syllabus Station,20.0,5.0,success,False,2026-08-17T20:44:27.303320+09:00
Syllabus Studio,110.0,1.0,success,False,2026-08-17T20:46:23.888336+09:00
Syllabus Sync,70.0,0.0,success,False,2026-08-17T21:30:38.829852+09:00
Syllabus Tracker,590.0,2.0,success,False,2026-08-17T21:31:46.266854+09:00
Syllabus Trail,,,failed,False,2026-08-17T20:32:55.422953+09:00
Syllabus Vault,,,failed,False,2026-08-17T20:42:18.152107+09:00
Syllabus Watch,,,failed,False,2026-08-17T20:35:18.626237+09:00
Syllabus Zone,,,failed,False,2026-08-17T20:41:58.937145+09:00
Syndication Anchor,,,failed,False,2026-08-17T21:34:50.586670+09:00
Syndication Atlas,,,failed,False,2026-08-17T20:42:36.789908+09:00
Syndication Base,,,failed,False,2026-08-17T20:39:51.023967+09:00
Syndication Beacon,,,failed,False,2026-08-17T21:39:28.354494+09:00
Syndication Board,,,failed,False,2026-08-17T20:37:05.313557+09:00
Syndication Bridge,,,failed,False,2026-08-17T21:35:54.911296+09:00
Syndication Cascade,,,failed,False,2026-08-17T21:36:54.710856+09:00
Syndication Chain,,,failed,False,2026-08-17T20:47:25.656493+09:00
Syndication Compass,,,failed,False,2026-08-17T21:41:31.698252+09:00
Syndication Console,,,failed,False,2026-08-17T21:38:37.304138+09:00
Syndication Core,,,failed,False,2026-08-17T20:38:53.767345+09:00
Syndication Dashboard,10.0,,success,False,2026-08-17T22:48:03.176041+09:00
Syndication Deck,,,failed,False,2026-08-17T20:36:08.746361+09:00
Syndication Desk,30.0,1.0,success,False,2026-08-17T20:33:47.539654+09:00
Syndication Dial,,,failed,False,2026-08-17T21:36:26.445152+09:00
Syndication Dock,,,failed,False,2026-08-17T21:32:11.115049+09:00
Syndication Flow,,,failed,False,2026-08-17T20:36:38.149505+09:00
Syndication Forge,,,failed,False,2026-08-17T21:38:05.775829+09:00
Syndication Frame,,,failed,False,2026-08-17T20:40:41.186342+09:00
Syndication Gate,,,failed,False,2026-08-17T20:44:22.162347+09:00
Syndication Grid,,,failed,False,2026-08-17T20:48:09.439521+09:00
Syndication Guard,,,failed,False,2026-08-17T20:39:21.363517+09:00
Syndication Hub,,,failed,False,2026-08-17T20:35:38.392873+09:00
Syndication Keeper,,,failed,False,2026-08-17T20:41:01.819842+09:00
Syndication Lab,,,failed,False,2026-08-17T20:34:17.127214+09:00
Syndication Ledger,,,failed,False,2026-08-17T20:38:03.705761+09:00
Syndication Lens,,,failed,False,2026-08-17T20:41:22.469867+09:00
Syndication Lock,,,failed,False,2026-08-17T20:43:05.974432+09:00
Syndication Loop,,,failed,False,2026-08-17T21:30:27.922058+09:00
Syndication Manager,70.0,3.0,success,False,2026-08-17T20:40:17.203996+09:00
Syndication Map,,,failed,False,2026-08-17T20:42:11.427186+09:00
Syndication Meter,,,failed,False,2026-08-17T21:35:20.515813+09:00
Syndication Nexus,,,failed,False,2026-08-17T20:43:32.566232+09:00
Syndication Node,,,failed,False,2026-08-17T20:45:24.269018+09:00
Syndication Panel,,,failed,False,2026-08-17T21:37:30.311680+09:00
Syndication Path,,,failed,False,2026-08-17T20:44:46.784780+09:00
Syndication Pilot,,,failed,False,2026-08-17T20:34:40.569545+09:00
Syndication Point,,,failed,False,2026-08-17T20:43:58.581518+09:00
Syndication Portal,,,failed,False,2026-08-17T21:40:51.783967+09:00
Syndication Pulse,,,failed,False,2026-08-17T20:46:51.703605+09:00
Syndication Radar,,,failed,False,2026-08-17T20:32:44.310093+09:00
Syndication Rail,,,failed,False,2026-08-17T21:31:00.206645+09:00
Syndication Relay,,,failed,False,2026-08-17T20:31:33.560642+09:00
Syndication Route,,,failed,False,2026-08-17T21:33:19.243075+09:00
Syndication Scale,,,failed,False,2026-08-17T21:34:17.965302+09:00
Syndication Scope,,,failed,False,2026-08-17T21:31:35.848823+09:00
Syndication Sentry,,,failed,False,2026-08-17T20:41:50.983322+09:00
Syndication Signal,,,failed,False,2026-08-17T21:33:45.075228+09:00
Syndication Station,,,failed,False,2026-08-17T20:33:18.087238+09:00
Syndication Studio,,,failed,False,2026-08-17T20:35:08.080059+09:00
Syndication Sync,,,failed,False,2026-08-17T20:37:32.011303+09:00
Syndication Tracker,10.0,17.0,success,False,2026-08-17T20:38:26.412397+09:00
Syndication Trail,,,failed,False,2026-08-17T20:48:44.119140+09:00
Syndication Watch,,,failed,False,2026-08-17T21:32:47.122898+09:00
Syndication Wave,,,failed,False,2026-08-17T20:45:48.787557+09:00
Tailings Suite,,,failed,False,2026-08-17T22:51:27.768654+09:00
Tenant Anchor,20.0,0.0,success,False,2026-08-17T20:44:38.858684+09:00
Tenant Atlas,,,failed,False,2026-08-17T20:35:32.317442+09:00
Tenant Base,590.0,32.0,success,False,2026-08-17T20:32:00.957216+09:00
Tenant Beacon,,,failed,False,2026-08-17T21:30:18.085086+09:00
Tenant Board,1300.0,7.0,success,False,2026-08-17T21:40:47.686331+09:00
Tenant Bridge,,,failed,False,2026-08-17T20:45:45.792269+09:00
Tenant Cascade,,,failed,False,2026-08-17T20:46:42.242736+09:00
Tenant Center,70.0,9.0,success,False,2026-08-17T21:33:10.630129+09:00
Tenant Chain,10.0,0.0,success,False,2026-08-17T20:40:10.157299+09:00
Tenant Compass,,,failed,False,2026-08-17T21:31:28.023870+09:00
Tenant Console,30.0,1.0,success,False,2026-08-17T20:48:34.410191+09:00
Tenant Deck,,,failed,False,2026-08-17T21:38:29.386806+09:00
Tenant Desk,,,failed,False,2026-08-17T21:35:46.466784+09:00
Tenant Dial,,,failed,False,2026-08-17T20:46:04.855118+09:00
Tenant Dock,,,failed,False,2026-08-17T20:42:29.560038+09:00
Tenant Flow,,,failed,False,2026-08-17T21:39:19.495692+09:00
Tenant Forge,,,failed,False,2026-08-17T20:48:00.384731+09:00
Tenant Frame,,,failed,False,2026-08-17T20:33:10.817795+09:00
Tenant Gate,,,failed,False,2026-08-17T20:37:26.547523+09:00
Tenant Grid,,,failed,False,2026-08-17T20:40:33.502804+09:00
Tenant Hub,260.0,13.0,success,False,2026-08-17T21:37:57.485180+09:00
Tenant Keeper,10.0,24.0,success,False,2026-08-17T20:33:42.611240+09:00
Tenant Lab,40.0,13.0,success,False,2026-08-17T21:36:22.095100+09:00
Tenant Lens,,,failed,False,2026-08-17T20:34:11.615000+09:00
Tenant Lock,40.0,85.0,success,False,2026-08-17T20:36:02.767132+09:00
Tenant Loop,10.0,20.0,success,False,2026-08-17T20:41:17.748242+09:00
Tenant Manager,320.0,20.0,success,False,2026-08-17T20:32:38.453320+09:00
Tenant Map,260.0,0.0,success,False,2026-08-17T20:35:03.370957+09:00
Tenant Meter,90.0,89.0,success,False,2026-08-17T20:45:16.547101+09:00
Tenant Nexus,,,failed,False,2026-08-17T20:36:28.708934+09:00
Tenant Node,,,failed,False,2026-08-17T20:38:21.061174+09:00
Tenant Panel,140.0,4.0,success,False,2026-08-17T20:47:19.659128+09:00
Tenant Path,,,failed,False,2026-08-17T20:37:58.727524+09:00
Tenant Pilot,,,failed,False,2026-08-17T21:36:47.272145+09:00
Tenant Point,,,failed,False,2026-08-17T20:37:00.325562+09:00
Tenant Portal,14800.0,6.0,success,False,2026-08-17T21:30:50.388708+09:00
Tenant Pulse,,,failed,False,2026-08-17T20:39:43.687132+09:00
Tenant Radar,,,failed,False,2026-08-17T21:34:42.632014+09:00
Tenant Rail,,,failed,False,2026-08-17T20:41:47.517366+09:00
Tenant Relay,,,failed,False,2026-08-17T21:33:37.652467+09:00
Tenant Route,,,failed,False,2026-08-17T20:43:26.313536+09:00
Tenant Scale,,,failed,False,2026-08-17T20:44:17.126543+09:00
Tenant Scope,30.0,1.0,success,False,2026-08-17T20:42:08.223187+09:00
Tenant Sentry,,,failed,False,2026-08-17T20:34:35.742752+09:00
Tenant Signal,,,failed,False,2026-08-17T20:43:55.064759+09:00
Tenant Station,30.0,0.0,success,False,2026-08-17T21:35:14.152571+09:00
Tenant Studio,20.0,29.0,success,False,2026-08-17T21:37:24.355362+09:00
Tenant Sync,40.0,4.0,success,False,2026-08-17T21:41:25.564008+09:00
Tenant Trail,,,failed,False,2026-08-17T20:40:53.994191+09:00
Tenant Vault,,,failed,False,2026-08-17T21:32:36.544768+09:00
Tenant Watch,30.0,0.0,success,False,2026-08-17T20:42:54.961047+09:00
Tenant Wave,,,failed,False,2026-08-17T20:38:46.053243+09:00
Tenant Zone,10.0,0.0,success,False,2026-08-17T21:31:59.895065+09:00
Terminal Anchor,10.0,1.0,success,False,2026-08-17T20:42:00.146835+09:00
Terminal Atlas,10.0,11.0,success,False,2026-08-17T20:32:21.226449+09:00
Terminal Base,320.0,8.0,success,False,2026-08-17T21:39:57.727763+09:00
Terminal Beacon,,,failed,False,2026-08-17T20:45:33.619281+09:00
Terminal Board,1600.0,62.0,success,False,2026-08-17T21:36:10.133574+09:00
Terminal Bridge,720.0,23.0,success,False,2026-08-17T20:42:49.578916+09:00
Terminal Cascade,10.0,0.0,success,False,2026-08-17T20:43:44.073906+09:00
Terminal Center,210.0,3.0,success,False,2026-08-17T20:48:23.905428+09:00
Terminal Chain,10.0,0.0,success,False,2026-08-17T20:37:16.947301+09:00
Terminal Compass,20.0,42.0,success,False,2026-08-17T20:46:26.563596+09:00
Terminal Console,480.0,0.0,success,False,2026-08-17T20:45:10.862003+09:00
Terminal Core,50.0,0.0,success,False,2026-08-17T21:38:18.723173+09:00
Terminal Deck,880.0,0.0,success,False,2026-08-17T21:35:02.943607+09:00
Terminal Desk,30.0,53.0,success,False,2026-08-17T21:32:25.465592+09:00
Terminal Dial,,,failed,False,2026-08-17T20:43:15.863986+09:00
Terminal Dock,170.0,1.0,success,False,2026-08-17T20:40:01.743309+09:00
Terminal Flow,140.0,0.0,success,False,2026-08-17T21:35:36.118436+09:00
Terminal Forge,,,failed,False,2026-08-17T20:44:29.668652+09:00
Terminal Frame,50.0,4.0,success,False,2026-08-17T21:41:44.845375+09:00
Terminal Gate,880.0,0.0,success,False,2026-08-17T20:34:25.476328+09:00
Terminal Guard,590.0,86.0,success,False,2026-08-17T21:39:09.779186+09:00
Terminal Hub,880.0,12.0,success,False,2026-08-17T21:34:29.947705+09:00
Terminal Lab,110.0,0.0,success,False,2026-08-17T21:33:02.340741+09:00
Terminal Lock,590.0,10.0,success,False,2026-08-17T20:32:57.689274+09:00
Terminal Loop,140.0,7.0,success,False,2026-08-17T20:38:37.912313+09:00
Terminal Manager,880.0,1.0,success,False,2026-08-17T21:41:14.862117+09:00
Terminal Map,3600.0,0.0,success,True,2026-08-17T20:31:49.556843+09:00
Terminal Nexus,320.0,1.0,success,False,2026-08-17T20:33:31.328442+09:00
Terminal Node,590.0,0.0,success,False,2026-08-17T20:35:19.683482+09:00
Terminal Panel,480.0,77.0,success,False,2026-08-17T20:44:10.950266+09:00
Terminal Path,260.0,4.0,success,False,2026-08-17T20:34:51.045190+09:00
Terminal Pilot,,,failed,False,2026-08-17T21:33:28.260657+09:00
Terminal Point,4400.0,23.0,success,False,2026-08-17T20:34:01.116253+09:00
Terminal Portal,170.0,0.0,success,False,2026-08-17T20:45:56.929111+09:00
Terminal Pulse,30.0,28.0,success,False,2026-08-17T20:36:51.044622+09:00
Terminal Radar,590.0,0.0,success,False,2026-08-17T21:31:15.457583+09:00
Terminal Rail,260.0,90.0,success,False,2026-08-17T20:39:09.333217+09:00
Terminal Relay,1600.0,79.0,success,False,2026-08-17T21:30:08.257838+09:00
Terminal Scale,30.0,23.0,success,False,2026-08-17T20:41:35.724700+09:00
Terminal Scope,74000.0,100.0,success,False,2026-08-17T20:39:32.550443+09:00
Terminal Signal,260.0,6.0,success,False,2026-08-17T20:41:09.985510+09:00
Terminal Station,2400.0,3.0,success,False,2026-08-17T21:31:49.761986+09:00
Terminal Studio,2400.0,2.0,success,False,2026-08-17T21:34:01.777052+09:00
Terminal Sync,10.0,0.0,success,False,2026-08-17T21:36:36.847955+09:00
Terminal Tracker,390.0,4.0,success,False,2026-08-17T21:37:44.992622+09:00
Terminal Trail,,,failed,False,2026-08-17T20:38:12.491374+09:00
Terminal Vault,110.0,51.0,success,False,2026-08-17T20:47:47.373505+09:00
Terminal Watch,5400.0,2.0,success,False,2026-08-17T20:40:26.535789+09:00
Terminal Wave,110.0,1.0,success,False,2026-08-17T20:35:50.076535+09:00
Terminal Zone,90.0,0.0,success,False,2026-08-17T20:47:04.642239+09:00
Termite Relay,,,failed,False,2026-08-17T22:50:36.545244+09:00
Threat Anchor,,,failed,False,2026-08-17T21:35:22.295985+09:00
Threat Atlas,30.0,23.0,success,False,2026-08-17T20:43:08.098438+09:00
Threat Base,,,failed,False,2026-08-17T20:40:19.019495+09:00
Threat Beacon,,,failed,False,2026-08-17T21:40:59.899740+09:00
Threat Board,50.0,26.0,success,False,2026-08-17T20:37:38.706086+09:00
Threat Bridge,,,failed,False,2026-08-17T21:36:28.444275+09:00
Threat Cascade,,,failed,False,2026-08-17T21:37:32.627735+09:00
Threat Center,40.0,18.0,success,False,2026-08-17T20:31:36.969919+09:00
Threat Chain,10.0,14.0,success,False,2026-08-17T20:48:13.207047+09:00
Threat Console,,,failed,False,2026-08-17T21:39:34.435552+09:00
Threat Core,,,failed,False,2026-08-17T20:39:23.919432+09:00
Threat Deck,10.0,4.0,success,False,2026-08-17T20:36:39.507807+09:00
Threat Desk,,,failed,False,2026-08-17T20:34:18.335664+09:00
Threat Dial,,,failed,False,2026-08-17T21:36:57.018160+09:00
Threat Dock,,,failed,False,2026-08-17T21:32:50.995270+09:00
Threat Flow,10.0,8.0,success,False,2026-08-17T20:37:08.027448+09:00
Threat Forge,10.0,25.0,success,False,2026-08-17T21:38:40.825363+09:00
Threat Frame,,,failed,False,2026-08-17T20:41:03.029394+09:00
Threat Gate,,,failed,False,2026-08-17T20:44:51.445524+09:00
Threat Grid,390.0,6.0,success,False,2026-08-17T20:49:39.030080+09:00
Threat Guard,20.0,19.0,success,False,2026-08-17T20:39:52.233588+09:00
Threat Hub,20.0,19.0,success,False,2026-08-17T20:36:11.237181+09:00
Threat Keeper,,,failed,False,2026-08-17T20:41:24.809383+09:00
Threat Lab,70.0,19.0,success,False,2026-08-17T20:34:42.726088+09:00
Threat Ledger,,,failed,False,2026-08-17T20:38:31.317013+09:00
Threat Lens,40.0,16.0,success,False,2026-08-17T20:41:54.470071+09:00
Threat Lock,90.0,51.0,success,False,2026-08-17T20:43:34.295212+09:00
Threat Loop,,,failed,False,2026-08-17T21:31:02.177338+09:00
Threat Manager,70.0,18.0,success,False,2026-08-17T20:40:42.163784+09:00
Threat Map,6600.0,21.0,success,False,2026-08-17T20:42:40.071307+09:00
Threat Meter,260.0,0.0,success,False,2026-08-17T21:35:58.459168+09:00
Threat Nexus,,,failed,False,2026-08-17T20:44:01.266186+09:00
Threat Node,,,failed,False,2026-08-17T20:45:51.407426+09:00
Threat Panel,,,failed,False,2026-08-17T21:38:08.965654+09:00
Threat Path,,,failed,False,2026-08-17T20:45:26.162726+09:00
Threat Pilot,,,failed,False,2026-08-17T20:35:12.658616+09:00
Threat Point,70.0,3.0,success,False,2026-08-17T20:44:23.108645+09:00
Threat Portal,10.0,23.0,success,False,2026-08-17T21:41:34.183941+09:00
Threat Pulse,30.0,16.0,success,False,2026-08-17T20:47:33.914967+09:00
Threat Radar,110.0,18.0,success,False,2026-08-17T20:33:21.754611+09:00
Threat Rail,,,failed,False,2026-08-17T21:31:39.058447+09:00
Threat Relay,,,failed,False,2026-08-17T20:32:10.469810+09:00
Threat Route,,,failed,False,2026-08-17T21:33:48.082783+09:00
Threat Scale,70.0,0.0,success,False,2026-08-17T21:34:53.019649+09:00
Threat Scope,20.0,5.0,success,False,2026-08-17T21:32:15.070878+09:00
Threat Sentry,10.0,,success,False,2026-08-17T20:42:13.997557+09:00
Threat Signal,1300.0,0.0,success,True,2026-08-17T21:34:24.214520+09:00
Threat Station,,,failed,False,2026-08-17T20:33:51.962760+09:00
Threat Studio,,,failed,False,2026-08-17T20:35:44.075031+09:00
Threat Sync,,,failed,False,2026-08-17T20:38:06.157627+09:00
Threat Tracker,90.0,36.0,success,False,2026-08-17T20:38:59.956902+09:00
Threat Trail,,,failed,False,2026-08-17T21:30:30.781560+09:00
Threat Watch,70.0,24.0,success,False,2026-08-17T21:33:20.961288+09:00
Threat Wave,10.0,0.0,success,False,2026-08-17T20:46:16.531586+09:00
Throughput Anchor,,,failed,False,2026-08-17T21:39:15.761980+09:00
Throughput Atlas,,,failed,False,2026-08-17T20:46:03.469899+09:00
Throughput Base,,,failed,False,2026-08-17T20:42:52.966707+09:00
Throughput Beacon,,,failed,False,2026-08-17T20:32:32.905502+09:00
Throughput Board,,,failed,False,2026-08-17T20:40:31.600880+09:00
Throughput Bridge,,,failed,False,2026-08-17T21:41:22.072079+09:00
Throughput Center,,,failed,False,2026-08-17T20:34:58.202084+09:00
Throughput Chain,,,failed,False,2026-08-17T21:33:08.992358+09:00
Throughput Compass,,,failed,False,2026-08-17T20:33:40.236931+09:00
Throughput Console,,,failed,False,2026-08-17T20:31:58.373055+09:00
Throughput Core,,,failed,False,2026-08-17T20:42:04.175878+09:00
Throughput Deck,,,failed,False,2026-08-17T20:39:37.454360+09:00
Throughput Desk,,,failed,False,2026-08-17T20:37:24.505740+09:00
Throughput Dial,,,failed,False,2026-08-17T21:41:53.145173+09:00
Throughput Dock,,,failed,False,2026-08-17T21:36:17.240271+09:00
Throughput Flow,,,failed,False,2026-08-17T20:40:06.808560+09:00
Throughput Frame,,,failed,False,2026-08-17T20:43:51.758171+09:00
Throughput Gate,,,failed,False,2026-08-17T20:48:31.729678+09:00
Throughput Grid,,,failed,False,2026-08-17T21:33:36.085901+09:00
Throughput Guard,,,failed,False,2026-08-17T20:42:24.319818+09:00
Throughput Hub,,,failed,False,2026-08-17T20:39:13.606540+09:00
Throughput Keeper,,,failed,False,2026-08-17T20:44:15.738532+09:00
Throughput Lab,,,failed,False,2026-08-17T20:37:55.339961+09:00
Throughput Ledger,,,failed,False,2026-08-17T20:41:15.125085+09:00
Throughput Lens,,,failed,False,2026-08-17T20:44:36.649130+09:00
Throughput Lock,,,failed,False,2026-08-17T20:46:31.116711+09:00
Throughput Loop,,,failed,False,2026-08-17T21:34:37.066296+09:00
Throughput Manager,40.0,0.0,success,False,2026-08-17T20:43:22.316757+09:00
Throughput Map,,,failed,False,2026-08-17T20:45:40.214755+09:00
Throughput Meter,10.0,7.0,success,False,2026-08-17T21:40:41.309160+09:00
Throughput Nexus,,,failed,False,2026-08-17T20:47:13.736905+09:00
Throughput Node,,,failed,False,2026-08-17T21:30:47.592348+09:00
Throughput Path,,,failed,False,2026-08-17T21:30:15.996537+09:00
Throughput Pilot,,,failed,False,2026-08-17T20:38:16.946588+09:00
Throughput Point,,,failed,False,2026-08-17T20:47:58.336807+09:00
Throughput Portal,,,failed,False,2026-08-17T20:33:08.305690+09:00
Throughput Pulse,,,failed,False,2026-08-17T21:32:33.876836+09:00
Throughput Radar,,,failed,False,2026-08-17T20:36:22.753454+09:00
Throughput Rail,,,failed,False,2026-08-17T21:35:11.471835+09:00
Throughput Relay,,,failed,False,2026-08-17T20:35:25.429619+09:00
Throughput Route,,,failed,False,2026-08-17T21:37:17.917122+09:00
Throughput Scale,,,failed,False,2026-08-17T21:38:26.629916+09:00
Throughput Scope,,,failed,False,2026-08-17T21:35:44.584576+09:00
Throughput Sentry,,,failed,False,2026-08-17T20:45:15.345040+09:00
Throughput Signal,,,failed,False,2026-08-17T21:37:55.576177+09:00
Throughput Station,,,failed,False,2026-08-17T20:36:56.303275+09:00
Throughput Studio,,,failed,False,2026-08-17T20:38:43.149907+09:00
Throughput Sync,,,failed,False,2026-08-17T20:40:52.069695+09:00
Throughput Tracker,,,failed,False,2026-08-17T20:41:42.376478+09:00
Throughput Trail,,,failed,False,2026-08-17T21:34:05.861065+09:00
Throughput Vault,,,failed,False,2026-08-17T20:34:33.124318+09:00
Throughput Watch,,,failed,False,2026-08-17T21:36:43.981322+09:00
Throughput Wave,,,failed,False,2026-08-17T21:31:23.168898+09:00
Throughput Zone,,,failed,False,2026-08-17T20:34:08.377719+09:00
Ticket Anchor,,,failed,False,2026-08-17T20:36:59.320935+09:00
Ticket Atlas,720.0,10.0,success,False,2026-08-17T20:38:08.924079+09:00
Ticket Base,90.0,3.0,success,False,2026-08-17T20:34:46.285590+09:00
Ticket Beacon,,,failed,False,2026-08-17T20:40:32.567080+09:00
Ticket Board,40500.0,0.0,success,True,2026-08-17T20:31:41.996994+09:00
Ticket Bridge,50.0,0.0,success,False,2026-08-17T20:37:58.727524+09:00
Ticket Cascade,,,failed,False,2026-08-17T20:38:46.053243+09:00
Ticket Center,22200.0,14.0,success,False,2026-08-17T20:42:29.560038+09:00
Ticket Compass,90.0,3.0,success,False,2026-08-17T20:41:16.510977+09:00
Ticket Console,30.0,7.0,success,False,2026-08-17T20:40:08.225876+09:00
Ticket Core,170.0,6.0,success,False,2026-08-17T20:33:56.397010+09:00
Ticket Desk,390.0,21.0,success,False,2026-08-17T20:44:38.858684+09:00
Ticket Dial,,,failed,False,2026-08-17T20:38:21.061174+09:00
Ticket Dock,,,failed,False,2026-08-17T20:34:35.742752+09:00
Ticket Forge,30.0,4.0,success,False,2026-08-17T20:39:41.640400+09:00
Ticket Frame,1000.0,85.0,success,False,2026-08-17T20:35:47.352548+09:00
Ticket Gate,1600.0,2.0,success,False,2026-08-17T20:39:57.613991+09:00
Ticket Grid,20.0,2.0,success,False,2026-08-17T20:32:00.957216+09:00
Ticket Guard,90.0,1.0,success,False,2026-08-17T20:34:20.444490+09:00
Ticket Keeper,70.0,5.0,success,False,2026-08-17T20:36:13.174234+09:00
Ticket Lab,390.0,6.0,success,False,2026-08-17T20:45:16.547101+09:00
Ticket Ledger,30.0,0.0,success,False,2026-08-17T20:32:53.240136+09:00
Ticket Lens,140.0,4.0,success,False,2026-08-17T20:36:43.272468+09:00
Ticket Lock,210.0,2.0,success,False,2026-08-17T20:38:33.752321+09:00
Ticket Loop,480.0,3.0,success,False,2026-08-17T20:33:09.747000+09:00
Ticket Manager,4400.0,11.0,success,False,2026-08-17T20:35:16.626138+09:00
Ticket Map,170.0,3.0,success,False,2026-08-17T20:37:44.009684+09:00
Ticket Meter,90.0,0.0,success,False,2026-08-17T20:37:26.547523+09:00
Ticket Nexus,260.0,3.0,success,False,2026-08-17T20:39:05.666395+09:00
Ticket Node,,,failed,False,2026-08-17T20:40:45.689604+09:00
Ticket Panel,140.0,3.0,success,False,2026-08-17T20:39:15.324728+09:00
Ticket Path,10.0,0.0,success,False,2026-08-17T20:40:21.350341+09:00
Ticket Pilot,260.0,28.0,success,False,2026-08-17T20:45:42.370254+09:00
Ticket Point,3600.0,2.0,success,False,2026-08-17T20:39:28.862436+09:00
Ticket Portal,3600.0,13.0,success,False,2026-08-17T20:40:53.994191+09:00
Ticket Radar,480.0,8.0,success,False,2026-08-17T20:43:55.064759+09:00
Ticket Rail,1000000.0,39.0,success,False,2026-08-17T20:33:42.611240+09:00
Ticket Relay,320.0,3.0,success,False,2026-08-17T20:42:54.961047+09:00
Ticket Route,170.0,9.0,success,False,2026-08-17T20:35:32.317442+09:00
Ticket Scale,880.0,28.0,success,False,2026-08-17T20:36:26.800121+09:00
Ticket Scope,20.0,9.0,success,False,2026-08-17T20:34:09.472739+09:00
Ticket Sentry,,,failed,False,2026-08-17T20:37:14.189830+09:00
Ticket Signal,,,failed,False,2026-08-17T20:36:00.761105+09:00
Ticket Station,9900.0,28.0,success,False,2026-08-17T20:44:17.126543+09:00
Ticket Studio,480.0,5.0,success,False,2026-08-17T20:46:04.855118+09:00
Ticket Sync,10.0,4.0,success,False,2026-08-17T20:32:14.147491+09:00
Ticket Tracker,2400.0,6.0,success,False,2026-08-17T20:33:24.231963+09:00
Ticket Trail,320.0,1.0,success,False,2026-08-17T20:32:38.453320+09:00
Ticket Vault,480.0,11.0,success,False,2026-08-17T20:42:06.946542+09:00
Ticket Watch,170.0,27.0,success,False,2026-08-17T20:35:03.370957+09:00
Ticket Zone,5400.0,1.0,success,False,2026-08-17T20:41:46.079279+09:00
Ticketing Anchor,,,failed,False,2026-08-17T21:34:28.165323+09:00
Ticketing Atlas,,,failed,False,2026-08-17T20:42:16.988485+09:00
Ticketing Base,,,failed,False,2026-08-17T20:39:28.862436+09:00
Ticketing Beacon,,,failed,False,2026-08-17T21:39:02.253193+09:00
Ticketing Board,,,failed,False,2026-08-17T20:36:43.272468+09:00
Ticketing Bridge,,,failed,False,2026-08-17T21:35:30.145341+09:00
Ticketing Cascade,,,failed,False,2026-08-17T21:36:32.684484+09:00
Ticketing Chain,,,failed,False,2026-08-17T20:47:00.954455+09:00
Ticketing Compass,,,failed,False,2026-08-17T21:41:07.674308+09:00
Ticketing Console,,,failed,False,2026-08-17T21:38:13.718334+09:00
Ticketing Core,,,failed,False,2026-08-17T20:38:35.163236+09:00
Ticketing Deck,,,failed,False,2026-08-17T20:35:47.352548+09:00
Ticketing Desk,390.0,21.0,success,False,2026-08-17T20:33:27.108642+09:00
Ticketing Dial,,,failed,False,2026-08-17T21:36:05.315924+09:00
Ticketing Dock,,,failed,False,2026-08-17T21:31:44.399230+09:00
Ticketing Flow,320.0,16.0,success,False,2026-08-17T20:36:13.174234+09:00
Ticketing Forge,,,failed,False,2026-08-17T21:37:39.097196+09:00
Ticketing Frame,,,failed,False,2026-08-17T20:40:21.350341+09:00
Ticketing Gate,1600.0,2.0,success,False,2026-08-17T20:44:07.827451+09:00
Ticketing Grid,,,failed,False,2026-08-17T20:47:39.394205+09:00
Ticketing Guard,,,failed,False,2026-08-17T20:39:05.666395+09:00
Ticketing Hub,720.0,21.0,success,False,2026-08-17T20:35:16.626138+09:00
Ticketing Keeper,,,failed,False,2026-08-17T20:40:45.689604+09:00
Ticketing Lab,,,failed,False,2026-08-17T20:33:56.397010+09:00
Ticketing Ledger,,,failed,False,2026-08-17T20:37:44.009684+09:00
Ticketing Lens,,,failed,False,2026-08-17T20:41:07.425187+09:00
Ticketing Lock,,,failed,False,2026-08-17T20:42:46.441273+09:00
Ticketing Loop,,,failed,False,2026-08-17T21:30:02.792774+09:00
Ticketing Manager,4400.0,11.0,success,False,2026-08-17T20:39:57.613991+09:00
Ticketing Map,,,failed,False,2026-08-17T20:41:57.166662+09:00
Ticketing Meter,,,failed,False,2026-08-17T21:34:57.125142+09:00
Ticketing Nexus,,,failed,False,2026-08-17T20:43:12.470155+09:00
Ticketing Node,,,failed,False,2026-08-17T20:44:58.380838+09:00
Ticketing Panel,,,failed,False,2026-08-17T21:37:02.739524+09:00
Ticketing Path,,,failed,False,2026-08-17T20:44:25.446111+09:00
Ticketing Pilot,,,failed,False,2026-08-17T20:34:20.444490+09:00
Ticketing Point,3600.0,2.0,success,False,2026-08-17T20:43:38.857738+09:00
Ticketing Portal,3600.0,13.0,success,False,2026-08-17T21:39:40.995935+09:00
Ticketing Pulse,,,failed,False,2026-08-17T20:46:22.420312+09:00
Ticketing Radar,,,failed,False,2026-08-17T20:32:14.147491+09:00
Ticketing Rail,,,failed,False,2026-08-17T21:30:37.005083+09:00
Ticketing Route,,,failed,False,2026-08-17T21:32:57.336519+09:00
Ticketing Scale,,,failed,False,2026-08-17T21:33:56.834131+09:00
Ticketing Scope,,,failed,False,2026-08-17T21:31:08.679950+09:00
Ticketing Sentry,,,failed,False,2026-08-17T20:41:30.101842+09:00
Ticketing Signal,,,failed,False,2026-08-17T21:33:24.629057+09:00
Ticketing Station,50.0,5.0,success,False,2026-08-17T20:32:53.240136+09:00
Ticketing Studio,,,failed,False,2026-08-17T20:34:46.285590+09:00
Ticketing Sync,,,failed,False,2026-08-17T20:37:14.189830+09:00
Ticketing Tracker,2400.0,6.0,success,False,2026-08-17T20:38:08.924079+09:00
Ticketing Trail,,,failed,False,2026-08-17T20:48:18.389398+09:00
Ticketing Watch,,,failed,False,2026-08-17T21:32:20.148818+09:00
Ticketing Wave,,,failed,False,2026-08-17T20:45:30.439940+09:00
Ticketing Zone,,,failed,False,2026-08-17T21:41:42.015478+09:00
Timesheet Anchor,,,failed,False,2026-08-17T20:46:42.242736+09:00
Timesheet Atlas,,,failed,False,2026-08-17T20:37:28.424048+09:00
Timesheet Base,,,failed,False,2026-08-17T20:34:11.615000+09:00
Timesheet Beacon,,,failed,False,2026-08-17T21:32:36.544768+09:00
Timesheet Bridge,,,failed,False,2026-08-17T20:48:00.384731+09:00
Timesheet Cascade,,,failed,False,2026-08-17T21:30:18.085086+09:00
Timesheet Center,,,failed,False,2026-08-17T21:35:14.152571+09:00
Timesheet Chain,,,failed,False,2026-08-17T20:41:47.517366+09:00
Timesheet Compass,,,failed,False,2026-08-17T21:33:37.652467+09:00
Timesheet Console,,,failed,False,2026-08-17T21:31:59.895065+09:00
Timesheet Core,,,failed,False,2026-08-17T20:33:10.817795+09:00
Timesheet Desk,,,failed,False,2026-08-17T21:37:57.485180+09:00
Timesheet Dial,,,failed,False,2026-08-17T20:48:34.410191+09:00
Timesheet Dock,,,failed,False,2026-08-17T20:44:17.126543+09:00
Timesheet Forge,,,failed,False,2026-08-17T21:31:28.023870+09:00
Timesheet Frame,,,failed,False,2026-08-17T20:35:03.370957+09:00
Timesheet Gate,,,failed,False,2026-08-17T20:39:17.196343+09:00
Timesheet Grid,10.0,7.0,success,False,2026-08-17T20:42:08.223187+09:00
Timesheet Guard,,,failed,False,2026-08-17T20:33:42.611240+09:00
Timesheet Hub,,,failed,False,2026-08-17T21:41:25.564008+09:00
Timesheet Keeper,20.0,53.0,success,False,2026-08-17T20:35:32.317442+09:00
Timesheet Lab,,,failed,False,2026-08-17T21:38:29.386806+09:00
Timesheet Ledger,,,failed,False,2026-08-17T20:32:00.957216+09:00
Timesheet Lens,,,failed,False,2026-08-17T20:36:02.767132+09:00
Timesheet Lock,,,failed,False,2026-08-17T20:37:58.727524+09:00
Timesheet Loop,,,failed,False,2026-08-17T20:42:54.961047+09:00
Timesheet Manager,390.0,39.0,success,False,2026-08-17T20:34:35.742752+09:00
Timesheet Map,,,failed,False,2026-08-17T20:37:00.325562+09:00
Timesheet Meter,,,failed,False,2026-08-17T20:47:19.659128+09:00
Timesheet Nexus,,,failed,False,2026-08-17T20:38:21.061174+09:00
Timesheet Node,,,failed,False,2026-08-17T20:40:10.157299+09:00
Timesheet Panel,,,failed,False,2026-08-17T21:30:50.388708+09:00
Timesheet Path,,,failed,False,2026-08-17T20:39:43.687132+09:00
Timesheet Pilot,,,failed,False,2026-08-17T21:39:22.624237+09:00
Timesheet Point,,,failed,False,2026-08-17T20:38:46.053243+09:00
Timesheet Portal,2400.0,27.0,success,False,2026-08-17T21:33:10.630129+09:00
Timesheet Pulse,,,failed,False,2026-08-17T20:41:17.748242+09:00
Timesheet Radar,,,failed,False,2026-08-17T21:36:47.272145+09:00
Timesheet Rail,,,failed,False,2026-08-17T20:43:26.313536+09:00
Timesheet Relay,,,failed,False,2026-08-17T21:35:46.466784+09:00
Timesheet Route,,,failed,False,2026-08-17T20:45:16.547101+09:00
Timesheet Scale,,,failed,False,2026-08-17T20:46:04.855118+09:00
Timesheet Scope,,,failed,False,2026-08-17T20:43:56.267353+09:00
Timesheet Sentry,,,failed,False,2026-08-17T20:36:28.708934+09:00
Timesheet Signal,,,failed,False,2026-08-17T20:45:45.792269+09:00
Timesheet Station,,,failed,False,2026-08-17T21:37:24.355362+09:00
Timesheet Studio,10.0,,success,False,2026-08-17T21:40:47.686331+09:00
Timesheet Tracker,880.0,59.0,success,False,2026-08-17T20:32:38.453320+09:00
Timesheet Trail,,,failed,False,2026-08-17T20:42:29.560038+09:00
Timesheet Vault,,,failed,False,2026-08-17T21:34:42.632014+09:00
Timesheet Watch,,,failed,False,2026-08-17T20:44:38.858684+09:00
Timesheet Wave,,,failed,False,2026-08-17T20:40:33.502804+09:00
Timesheet Zone,,,failed,False,2026-08-17T21:34:12.134068+09:00
Title Anchor,10.0,1.0,success,False,2026-08-17T21:36:38.708092+09:00
Title Atlas,10.0,0.0,success,False,2026-08-17T20:44:10.950266+09:00
Title Base,70.0,1.0,success,False,2026-08-17T20:41:11.362619+09:00
Title Board,390.0,1.0,success,False,2026-08-17T20:38:37.912313+09:00
Title Bridge,50.0,0.0,success,False,2026-08-17T21:37:46.877382+09:00
Title Cascade,,,failed,False,2026-08-17T21:39:09.779186+09:00
Title Center,390.0,1.0,success,False,2026-08-17T20:32:58.642411+09:00
Title Chain,1900.0,1.0,success,False,2026-08-17T21:30:41.512165+09:00
Title Console,10.0,0.0,success,False,2026-08-17T21:41:47.180143+09:00
Title Core,590.0,2.0,success,False,2026-08-17T20:40:27.760312+09:00
Title Deck,70.0,98.0,success,False,2026-08-17T20:37:49.257868+09:00
Title Desk,10.0,45.0,success,False,2026-08-17T20:35:20.751202+09:00
Title Dial,,,failed,False,2026-08-17T21:38:18.723173+09:00
Title Dock,,,failed,False,2026-08-17T21:34:01.777052+09:00
Title Flow,50.0,0.0,success,False,2026-08-17T20:38:12.491374+09:00
Title Forge,10.0,0.0,success,False,2026-08-17T21:41:16.664514+09:00
Title Frame,1300.0,1.0,success,False,2026-08-17T20:42:00.146835+09:00
Title Gate,10.0,0.0,success,False,2026-08-17T20:45:56.929111+09:00
Title Grid,40.0,0.0,success,False,2026-08-17T21:31:17.550614+09:00
Title Guard,30.0,12.0,success,False,2026-08-17T20:40:49.686418+09:00
Title Hub,30.0,0.0,success,False,2026-08-17T20:37:18.091212+09:00
Title Keeper,,,failed,False,2026-08-17T20:42:19.428112+09:00
Title Lab,110.0,0.0,success,False,2026-08-17T20:35:51.368204+09:00
Title Ledger,,,failed,False,2026-08-17T20:39:33.830984+09:00
Title Lens,,,failed,False,2026-08-17T20:42:49.578916+09:00
Title Lock,4400.0,60.0,success,False,2026-08-17T20:44:32.138425+09:00
Title Loop,30.0,7.0,success,False,2026-08-17T21:32:28.090728+09:00
Title Manager,1000.0,0.0,success,True,2026-08-17T20:41:35.724700+09:00
Title Map,1000.0,1.0,success,False,2026-08-17T20:43:46.830313+09:00
Title Meter,,,failed,False,2026-08-17T21:37:08.932405+09:00
Title Nexus,50.0,0.0,success,False,2026-08-17T20:45:10.862003+09:00
Title Node,,,failed,False,2026-08-17T20:47:07.356899+09:00
Title Panel,140.0,0.0,success,False,2026-08-17T21:39:57.727763+09:00
Title Path,10.0,0.0,success,False,2026-08-17T20:46:27.690682+09:00
Title Pilot,50.0,1.0,success,False,2026-08-17T20:36:18.497930+09:00
Title Point,2900.0,1.0,success,False,2026-08-17T20:45:34.633599+09:00
Title Pulse,10.0,0.0,success,False,2026-08-17T21:30:08.257838+09:00
Title Radar,,,failed,False,2026-08-17T20:34:25.476328+09:00
Title Rail,,,failed,False,2026-08-17T21:33:02.340741+09:00
Title Relay,,,failed,False,2026-08-17T20:33:31.328442+09:00
Title Route,,,failed,False,2026-08-17T21:35:06.399475+09:00
Title Scale,20.0,0.0,success,False,2026-08-17T21:36:10.133574+09:00
Title Scope,10.0,0.0,success,False,2026-08-17T21:33:28.260657+09:00
Title Sentry,,,failed,False,2026-08-17T20:43:16.751377+09:00
Title Signal,,,failed,False,2026-08-17T21:35:36.118436+09:00
Title Station,110.0,1.0,success,False,2026-08-17T20:34:53.035348+09:00
Title Studio,90.0,1.0,success,False,2026-08-17T20:36:51.044622+09:00
Title Sync,20.0,1.0,success,False,2026-08-17T20:39:09.333217+09:00
Title Tracker,4400.0,2.0,success,False,2026-08-17T20:40:03.112671+09:00
Title Trail,,,failed,False,2026-08-17T21:31:52.108049+09:00
Title Vault,10.0,2.0,success,False,2026-08-17T20:32:23.142780+09:00
Title Watch,480.0,87.0,success,False,2026-08-17T21:34:31.783933+09:00
Title Wave,22200.0,2.0,success,False,2026-08-17T20:47:47.373505+09:00
Title Zone,40.0,0.0,success,False,2026-08-17T20:31:49.556843+09:00
Trade Atlas,5400.0,39.0,success,False,2026-08-17T20:48:13.207047+09:00
Trade Base,1900.0,11.0,success,False,2026-08-17T20:44:23.108645+09:00
Trade Beacon,90.0,3.0,success,False,2026-08-17T20:34:18.335664+09:00
Trade Board,6600.0,3.0,success,False,2026-08-17T20:41:54.470071+09:00
Trade Cascade,,,failed,False,2026-08-17T20:32:10.469810+09:00
Trade Center,33100.0,11.0,success,False,2026-08-17T20:36:39.507807+09:00
Trade Chain,260.0,2.0,success,False,2026-08-17T21:34:55.256705+09:00
Trade Compass,320.0,5.0,success,False,2026-08-17T20:35:12.658616+09:00
Trade Console,320.0,21.0,success,False,2026-08-17T20:33:51.962760+09:00
Trade Core,320.0,5.0,success,False,2026-08-17T20:43:34.295212+09:00
Trade Deck,210.0,29.0,success,False,2026-08-17T20:41:03.029394+09:00
Trade Desk,33100.0,14.0,success,False,2026-08-17T20:38:59.956902+09:00
Trade Dial,,,failed,False,2026-08-17T20:31:36.969919+09:00
Trade Dock,70.0,2.0,success,False,2026-08-17T21:38:08.965654+09:00
Trade Flow,3600.0,2.0,success,False,2026-08-17T20:41:24.809383+09:00
Trade Forge,70.0,1.0,success,False,2026-08-17T20:33:21.754611+09:00
Trade Frame,1900.0,26.0,success,False,2026-08-17T20:45:26.162726+09:00
Trade Gate,110000.0,7.0,success,False,2026-08-17T21:31:39.058447+09:00
Trade Grid,2900.0,13.0,success,False,2026-08-17T21:35:22.295985+09:00
Trade Guard,390.0,2.0,success,False,2026-08-17T20:44:04.848400+09:00
Trade Hub,9900.0,9.0,success,False,2026-08-17T20:40:42.163784+09:00
Trade Keeper,50.0,4.0,success,False,2026-08-17T20:45:51.407426+09:00
Trade Lab,1900.0,5.0,success,False,2026-08-17T20:39:23.919432+09:00
Trade Ledger,480.0,8.0,success,False,2026-08-17T20:42:41.908187+09:00
Trade Lens,2400.0,14.0,success,False,2026-08-17T20:46:16.531586+09:00
Trade Lock,1900.0,9.0,success,False,2026-08-17T20:49:39.030080+09:00
Trade Loop,170.0,7.0,success,False,2026-08-17T21:36:28.444275+09:00
Trade Manager,1300.0,8.0,success,False,2026-08-17T20:44:51.445524+09:00
Trade Map,90500.0,9.0,success,False,2026-08-17T20:47:33.914967+09:00
Trade Nexus,2900.0,12.0,success,False,2026-08-17T21:30:30.781560+09:00
Trade Node,390.0,6.0,success,False,2026-08-17T21:32:50.995270+09:00
Trade Panel,1000.0,25.0,success,False,2026-08-17T20:32:47.475978+09:00
Trade Path,1600.0,9.0,success,False,2026-08-17T21:32:15.070878+09:00
Trade Pilot,1600.0,28.0,success,False,2026-08-17T20:39:52.233588+09:00
Trade Point,18100.0,43.0,success,False,2026-08-17T21:31:02.177338+09:00
Trade Portal,18100.0,1.0,success,False,2026-08-17T20:34:43.926118+09:00
Trade Pulse,1300.0,16.0,success,False,2026-08-17T21:34:24.214520+09:00
Trade Radar,320.0,10.0,success,False,2026-08-17T20:38:06.157627+09:00
Trade Rail,,,failed,False,2026-08-17T21:36:57.018160+09:00
Trade Relay,10.0,1.0,success,False,2026-08-17T20:37:08.027448+09:00
Trade Route,18100.0,3.0,success,False,2026-08-17T21:39:34.435552+09:00
Trade Scale,1300.0,51.0,success,False,2026-08-17T21:41:36.452024+09:00
Trade Scope,70.0,9.0,success,False,2026-08-17T21:37:36.095439+09:00
Trade Sentry,10.0,14.0,success,False,2026-08-17T20:46:56.962156+09:00
Trade Signal,2900.0,26.0,success,False,2026-08-17T21:41:04.521769+09:00
Trade Station,60500.0,30.0,success,False,2026-08-17T20:38:31.317013+09:00
Trade Studio,1300.0,6.0,success,False,2026-08-17T20:40:19.019495+09:00
Trade Sync,8100.0,18.0,success,False,2026-08-17T20:42:13.997557+09:00
Trade Tracker,9900.0,7.0,success,False,2026-08-17T20:43:08.098438+09:00
Trade Trail,90.0,11.0,success,False,2026-08-17T21:35:58.459168+09:00
Trade Vault,590.0,11.0,success,False,2026-08-17T20:36:11.237181+09:00
Trade Watch,3600.0,25.0,success,False,2026-08-17T21:38:40.825363+09:00
Trade Wave,1300.0,10.0,success,False,2026-08-17T21:33:20.961288+09:00
Trade Zone,60500.0,9.0,success,False,2026-08-17T20:35:44.075031+09:00
Transcript Anchor,,,failed,False,2026-08-17T20:45:48.787557+09:00
Transcript Atlas,,,failed,False,2026-08-17T20:36:35.862750+09:00
Transcript Base,,,failed,False,2026-08-17T20:33:16.020559+09:00
Transcript Beacon,,,failed,False,2026-08-17T21:31:35.848823+09:00
Transcript Bridge,,,failed,False,2026-08-17T20:46:51.703605+09:00
Transcript Cascade,,,failed,False,2026-08-17T20:48:06.680156+09:00
Transcript Center,70.0,1.0,success,False,2026-08-17T21:34:17.965302+09:00
Transcript Chain,,,failed,False,2026-08-17T20:41:00.568700+09:00
Transcript Compass,,,failed,False,2026-08-17T21:32:47.122898+09:00
Transcript Console,,,failed,False,2026-08-17T21:31:00.206645+09:00
Transcript Core,,,failed,False,2026-08-17T20:32:07.300250+09:00
Transcript Deck,,,failed,False,2026-08-17T21:40:51.783967+09:00
Transcript Desk,,,failed,False,2026-08-17T21:36:52.396982+09:00
Transcript Dial,,,failed,False,2026-08-17T20:47:25.656493+09:00
Transcript Dock,,,failed,False,2026-08-17T20:43:30.530213+09:00
Transcript Flow,10.0,29.0,success,False,2026-08-17T21:41:31.698252+09:00
Transcript Forge,,,failed,False,2026-08-17T21:30:24.502544+09:00
Transcript Frame,,,failed,False,2026-08-17T20:34:16.019094+09:00
Transcript Gate,,,failed,False,2026-08-17T20:38:24.877008+09:00
Transcript Grid,,,failed,False,2026-08-17T20:41:20.787117+09:00
Transcript Guard,,,failed,False,2026-08-17T20:32:44.310093+09:00
Transcript Hub,50.0,14.0,success,False,2026-08-17T21:39:28.354494+09:00
Transcript Keeper,,,failed,False,2026-08-17T20:34:40.569545+09:00
Transcript Lab,,,failed,False,2026-08-17T21:37:30.311680+09:00
Transcript Lens,,,failed,False,2026-08-17T20:35:08.080059+09:00
Transcript Lock,,,failed,False,2026-08-17T20:37:03.531282+09:00
Transcript Loop,,,failed,False,2026-08-17T20:42:11.427186+09:00
Transcript Manager,30.0,2.0,success,False,2026-08-17T20:33:47.539654+09:00
Transcript Map,40.0,3.0,success,False,2026-08-17T20:36:06.570384+09:00
Transcript Meter,,,failed,False,2026-08-17T20:46:12.433556+09:00
Transcript Nexus,,,failed,False,2026-08-17T20:37:32.011303+09:00
Transcript Node,,,failed,False,2026-08-17T20:39:20.129592+09:00
Transcript Panel,,,failed,False,2026-08-17T20:48:44.119140+09:00
Transcript Path,,,failed,False,2026-08-17T20:38:53.767345+09:00
Transcript Pilot,,,failed,False,2026-08-17T21:38:03.717082+09:00
Transcript Planner,,,failed,False,2026-08-17T22:46:57.477508+09:00
Transcript Point,70.0,3.0,success,False,2026-08-17T20:38:03.705761+09:00
Transcript Portal,720.0,0.0,success,False,2026-08-17T21:32:11.115049+09:00
Transcript Pulse,,,failed,False,2026-08-17T20:40:36.395454+09:00
Transcript Radar,,,failed,False,2026-08-17T21:35:52.306880+09:00
Transcript Rail,,,failed,False,2026-08-17T20:42:36.789908+09:00
Transcript Relay,,,failed,False,2026-08-17T21:34:50.586670+09:00
Transcript Route,,,failed,False,2026-08-17T20:44:22.162347+09:00
Transcript Scale,,,failed,False,2026-08-17T20:45:24.269018+09:00
Transcript Scope,,,failed,False,2026-08-17T20:43:05.974432+09:00
Transcript Sentry,,,failed,False,2026-08-17T20:35:38.392873+09:00
Transcript Signal,10.0,0.0,success,False,2026-08-17T20:44:45.631544+09:00
Transcript Station,,,failed,False,2026-08-17T21:36:26.445152+09:00
Transcript Studio,30.0,19.0,success,False,2026-08-17T21:38:37.304138+09:00
Transcript Tracker,210.0,2.0,success,False,2026-08-17T20:31:33.560642+09:00
Transcript Trail,,,failed,False,2026-08-17T20:41:50.983322+09:00
Transcript Vault,,,failed,False,2026-08-17T21:33:42.291802+09:00
Transcript Watch,,,failed,False,2026-08-17T20:43:58.581518+09:00
Transcript Wave,,,failed,False,2026-08-17T20:39:49.091027+09:00
Transcript Zone,20.0,5.0,success,False,2026-08-17T21:33:17.550972+09:00
Treatment Panel,,,failed,False,2026-08-17T22:46:57.477508+09:00
Tuition Anchor,,,failed,False,2026-08-17T20:43:32.566232+09:00
Tuition Atlas,,,failed,False,2026-08-17T20:34:17.127214+09:00
Tuition Beacon,,,failed,False,2026-08-17T20:47:28.313560+09:00
Tuition Board,1600.0,1.0,success,False,2026-08-17T21:38:05.775829+09:00
Tuition Bridge,,,failed,False,2026-08-17T20:44:23.108645+09:00
Tuition Cascade,,,failed,False,2026-08-17T20:45:26.162726+09:00
Tuition Center,9900.0,3.0,success,False,2026-08-17T21:31:39.058447+09:00
Tuition Chain,,,failed,False,2026-08-17T20:38:58.199942+09:00
Tuition Compass,,,failed,False,2026-08-17T20:49:39.030080+09:00
Tuition Console,,,failed,False,2026-08-17T20:46:53.844827+09:00
Tuition Core,,,failed,False,2026-08-17T21:41:34.183941+09:00
Tuition Deck,,,failed,False,2026-08-17T21:36:54.710856+09:00
Tuition Desk,70.0,30.0,success,False,2026-08-17T21:34:20.474166+09:00
Tuition Dial,,,failed,False,2026-08-17T20:44:46.784780+09:00
Tuition Dock,,,failed,False,2026-08-17T20:41:22.469867+09:00
Tuition Flow,,,failed,False,2026-08-17T21:37:32.627735+09:00
Tuition Forge,,,failed,False,2026-08-17T20:46:16.531586+09:00
Tuition Frame,10.0,1.0,success,False,2026-08-17T20:31:35.680631+09:00
Tuition Gate,10.0,0.0,success,False,2026-08-17T20:36:08.746361+09:00
Tuition Grid,,,failed,False,2026-08-17T20:39:21.363517+09:00
Tuition Hub,1300.0,5.0,success,False,2026-08-17T21:36:28.444275+09:00
Tuition Keeper,,,failed,False,2026-08-17T20:32:08.584337+09:00
Tuition Lab,40.0,19.0,success,False,2026-08-17T21:34:53.019649+09:00
Tuition Ledger,,,failed,False,2026-08-17T21:39:34.435552+09:00
Tuition Lens,,,failed,False,2026-08-17T20:32:46.505342+09:00
Tuition Lock,20.0,13.0,success,False,2026-08-17T20:34:42.726088+09:00
Tuition Loop,,,failed,False,2026-08-17T20:40:17.203996+09:00
Tuition Map,20.0,0.0,success,False,2026-08-17T20:33:48.971139+09:00
Tuition Meter,,,failed,False,2026-08-17T20:44:01.266186+09:00
Tuition Nexus,,,failed,False,2026-08-17T20:35:09.040915+09:00
Tuition Node,,,failed,False,2026-08-17T20:37:05.313557+09:00
Tuition Panel,,,failed,False,2026-08-17T20:45:50.172264+09:00
Tuition Path,,,failed,False,2026-08-17T20:36:39.507807+09:00
Tuition Pilot,140.0,3.0,success,False,2026-08-17T21:35:22.295985+09:00
Tuition Point,2900.0,2.0,success,False,2026-08-17T20:35:40.356029+09:00
Tuition Portal,90.0,14.0,success,False,2026-08-17T20:48:13.207047+09:00
Tuition Pulse,,,failed,False,2026-08-17T20:38:31.317013+09:00
Tuition Radar,,,failed,False,2026-08-17T21:33:19.243075+09:00
Tuition Rail,,,failed,False,2026-08-17T20:40:42.163784+09:00
Tuition Relay,,,failed,False,2026-08-17T21:32:15.070878+09:00
Tuition Route,,,failed,False,2026-08-17T20:42:12.704128+09:00
Tuition Scale,,,failed,False,2026-08-17T20:43:08.098438+09:00
Tuition Scope,,,failed,False,2026-08-17T20:41:03.029394+09:00
Tuition Sentry,,,failed,False,2026-08-17T20:33:21.754611+09:00
Tuition Signal,,,failed,False,2026-08-17T20:42:40.071307+09:00
Tuition Station,40.0,1.0,success,False,2026-08-17T21:33:45.075228+09:00
Tuition Studio,30.0,7.0,success,False,2026-08-17T21:35:54.911296+09:00
Tuition Sync,,,failed,False,2026-08-17T21:38:40.825363+09:00
Tuition Tracker,3600.0,1.0,success,False,2026-08-17T21:40:59.899740+09:00
Tuition Trail,,,failed,False,2026-08-17T20:39:51.023967+09:00
Tuition Vault,,,failed,False,2026-08-17T21:31:00.206645+09:00
Tuition Watch,50.0,0.0,success,False,2026-08-17T20:41:53.253624+09:00
Tuition Wave,10.0,0.0,success,False,2026-08-17T20:37:34.472176+09:00
Tuition Zone,260.0,6.0,success,False,2026-08-17T21:30:27.922058+09:00
Turnaround Deck,,,failed,False,2026-08-17T22:49:21.662634+09:00
Turnover Compass,,,failed,False,2026-08-17T22:51:27.768654+09:00
Underwriting Anchor,,,failed,False,2026-08-17T20:43:29.254301+09:00
Underwriting Atlas,,,failed,False,2026-08-17T20:34:15.100698+09:00
Underwriting Beacon,,,failed,False,2026-08-17T20:47:23.581270+09:00
Underwriting Board,,,failed,False,2026-08-17T21:38:00.601683+09:00
Underwriting Bridge,,,failed,False,2026-08-17T20:44:20.013961+09:00
Underwriting Cascade,,,failed,False,2026-08-17T20:45:18.923986+09:00
Underwriting Center,20.0,1.0,success,False,2026-08-17T21:31:30.369012+09:00
Underwriting Chain,,,failed,False,2026-08-17T20:38:51.261946+09:00
Underwriting Compass,,,failed,False,2026-08-17T20:48:37.567206+09:00
Underwriting Console,,,failed,False,2026-08-17T20:46:46.837602+09:00
Underwriting Core,,,failed,False,2026-08-17T21:41:28.759770+09:00
Underwriting Deck,,,failed,False,2026-08-17T21:36:50.527973+09:00
Underwriting Desk,20.0,1.0,success,False,2026-08-17T21:34:15.444697+09:00
Underwriting Dial,,,failed,False,2026-08-17T20:44:43.054193+09:00
Underwriting Dock,,,failed,False,2026-08-17T20:41:19.373388+09:00
Underwriting Flow,,,failed,False,2026-08-17T21:37:26.190503+09:00
Underwriting Forge,,,failed,False,2026-08-17T20:46:07.350212+09:00
Underwriting Gate,,,failed,False,2026-08-17T20:36:04.789698+09:00
Underwriting Grid,,,failed,False,2026-08-17T20:39:18.247368+09:00
Underwriting Hub,40.0,9.0,success,False,2026-08-17T21:36:24.237197+09:00
Underwriting Keeper,,,failed,False,2026-08-17T20:32:02.325008+09:00
Underwriting Lab,20.0,3.0,success,False,2026-08-17T21:34:46.886716+09:00
Underwriting Ledger,,,failed,False,2026-08-17T21:39:25.145394+09:00
Underwriting Lens,,,failed,False,2026-08-17T20:32:39.820797+09:00
Underwriting Lock,,,failed,False,2026-08-17T20:34:36.732015+09:00
Underwriting Loop,,,failed,False,2026-08-17T20:40:13.744558+09:00
Underwriting Map,,,failed,False,2026-08-17T20:33:46.243100+09:00
Underwriting Meter,,,failed,False,2026-08-17T20:43:57.612589+09:00
Underwriting Nexus,,,failed,False,2026-08-17T20:35:04.556306+09:00
Underwriting Node,,,failed,False,2026-08-17T20:37:01.636634+09:00
Underwriting Panel,,,failed,False,2026-08-17T20:45:46.874737+09:00
Underwriting Path,,,failed,False,2026-08-17T20:36:31.502472+09:00
Underwriting Pilot,,,failed,False,2026-08-17T21:35:16.200596+09:00
Underwriting Point,,,failed,False,2026-08-17T20:35:36.002153+09:00
Underwriting Portal,10.0,3.0,success,False,2026-08-17T20:48:02.919436+09:00
Underwriting Pulse,,,failed,False,2026-08-17T20:38:23.394205+09:00
Underwriting Radar,,,failed,False,2026-08-17T21:33:13.463030+09:00
Underwriting Rail,,,failed,False,2026-08-17T20:40:34.523017+09:00
Underwriting Relay,,,failed,False,2026-08-17T21:32:03.436124+09:00
Underwriting Route,,,failed,False,2026-08-17T20:42:10.144192+09:00
Underwriting Scale,,,failed,False,2026-08-17T20:42:59.992193+09:00
Underwriting Scope,,,failed,False,2026-08-17T20:40:55.263419+09:00
Underwriting Sentry,,,failed,False,2026-08-17T20:33:15.121215+09:00
Underwriting Signal,,,failed,False,2026-08-17T20:42:32.290659+09:00
Underwriting Station,,,failed,False,2026-08-17T21:33:40.096792+09:00
Underwriting Studio,,,failed,False,2026-08-17T21:35:49.618076+09:00
Underwriting Sync,,,failed,False,2026-08-17T21:38:32.905021+09:00
Underwriting Tracker,,,failed,False,2026-08-17T21:40:49.556938+09:00
Underwriting Trail,,,failed,False,2026-08-17T20:39:46.897200+09:00
Underwriting Vault,,,failed,False,2026-08-17T21:30:53.341117+09:00
Underwriting Watch,,,failed,False,2026-08-17T20:41:48.704350+09:00
Underwriting Wave,,,failed,False,2026-08-17T20:37:29.909330+09:00
Underwriting Zone,,,failed,False,2026-08-17T21:30:22.425092+09:00
Uptime Atlas,,,failed,False,2026-08-17T21:30:24.502544+09:00
Uptime Base,,,failed,False,2026-08-17T20:45:22.370262+09:00
Uptime Beacon,,,failed,False,2026-08-17T20:35:06.364440+09:00
Uptime Board,,,failed,False,2026-08-17T20:42:34.302604+09:00
Uptime Bridge,,,failed,False,2026-08-17T20:32:03.329355+09:00
Uptime Cascade,,,failed,False,2026-08-17T20:33:16.020559+09:00
Uptime Center,70.0,13.0,success,False,2026-08-17T20:37:29.909330+09:00
Uptime Chain,,,failed,False,2026-08-17T21:35:52.306880+09:00
Uptime Compass,,,failed,False,2026-08-17T20:36:06.570384+09:00
Uptime Console,,,failed,False,2026-08-17T20:34:38.143389+09:00
Uptime Core,,,failed,False,2026-08-17T20:44:21.106446+09:00
Uptime Deck,,,failed,False,2026-08-17T20:41:50.983322+09:00
Uptime Desk,,,failed,False,2026-08-17T20:39:49.091027+09:00
Uptime Dial,,,failed,False,2026-08-17T20:32:41.344957+09:00
Uptime Dock,,,failed,False,2026-08-17T21:39:25.145394+09:00
Uptime Flow,,,failed,False,2026-08-17T20:42:10.144192+09:00
Uptime Forge,,,failed,False,2026-08-17T20:34:16.019094+09:00
Uptime Frame,,,failed,False,2026-08-17T20:46:12.433556+09:00
Uptime Gate,,,failed,False,2026-08-17T21:32:45.123730+09:00
Uptime Grid,,,failed,False,2026-08-17T21:36:24.237197+09:00
Uptime Guard,,,failed,False,2026-08-17T20:44:45.631544+09:00
Uptime Hub,,,failed,False,2026-08-17T20:41:20.787117+09:00
Uptime Keeper,,,failed,False,2026-08-17T20:46:49.856300+09:00
Uptime Lab,390.0,2.0,success,False,2026-08-17T20:40:15.034726+09:00
Uptime Ledger,,,failed,False,2026-08-17T20:43:30.530213+09:00
Uptime Lens,,,failed,False,2026-08-17T20:47:25.656493+09:00
Uptime Lock,,,failed,False,2026-08-17T21:30:57.458125+09:00
Uptime Loop,,,failed,False,2026-08-17T21:37:26.190503+09:00
Uptime Manager,20.0,25.0,success,False,2026-08-17T20:45:46.874737+09:00
Uptime Map,,,failed,False,2026-08-17T20:48:40.258747+09:00
Uptime Meter,10.0,34.0,success,False,2026-08-17T20:31:29.603433+09:00
Uptime Nexus,,,failed,False,2026-08-17T21:31:33.014186+09:00
Uptime Node,,,failed,False,2026-08-17T21:33:42.291802+09:00
Uptime Panel,,,failed,False,2026-08-17T20:33:46.243100+09:00
Uptime Path,,,failed,False,2026-08-17T21:33:17.550972+09:00
Uptime Pilot,,,failed,False,2026-08-17T20:40:36.395454+09:00
Uptime Point,,,failed,False,2026-08-17T21:32:05.797514+09:00
Uptime Portal,,,failed,False,2026-08-17T20:35:36.002153+09:00
Uptime Pulse,,,failed,False,2026-08-17T21:35:18.423759+09:00
Uptime Radar,10.0,65.0,success,False,2026-08-17T20:38:51.261946+09:00
Uptime Rail,,,failed,False,2026-08-17T21:38:03.717082+09:00
Uptime Relay,,,failed,False,2026-08-17T20:38:02.236902+09:00
Uptime Route,,,failed,False,2026-08-17T21:41:31.698252+09:00
Uptime Scope,,,failed,False,2026-08-17T21:38:35.218560+09:00
Uptime Sentry,,,failed,False,2026-08-17T20:48:06.680156+09:00
Uptime Station,,,failed,False,2026-08-17T20:39:20.129592+09:00
Uptime Studio,20.0,0.0,success,False,2026-08-17T20:41:00.568700+09:00
Uptime Sync,,,failed,False,2026-08-17T20:43:01.991108+09:00
Uptime Tracker,170.0,52.0,success,False,2026-08-17T20:43:57.612589+09:00
Uptime Trail,,,failed,False,2026-08-17T21:36:52.396982+09:00
Uptime Vault,,,failed,False,2026-08-17T20:37:03.531282+09:00
Uptime Watch,20.0,16.0,success,False,2026-08-17T21:40:51.783967+09:00
Uptime Wave,,,failed,False,2026-08-17T21:34:17.965302+09:00
Uptime Zone,,,failed,False,2026-08-17T20:36:35.862750+09:00
Vaccination Dashboard,70.0,0.0,success,False,2026-08-17T22:46:53.613180+09:00
Variant Anchor,,,failed,False,2026-08-17T21:30:18.085086+09:00
Variant Atlas,,,failed,False,2026-08-17T20:39:17.196343+09:00
Variant Base,,,failed,False,2026-08-17T20:36:02.767132+09:00
Variant Beacon,,,failed,False,2026-08-17T21:34:42.632014+09:00
Variant Board,,,failed,False,2026-08-17T20:33:10.817795+09:00
Variant Bridge,,,failed,False,2026-08-17T21:31:28.023870+09:00
Variant Cascade,,,failed,False,2026-08-17T21:32:36.544768+09:00
Variant Center,,,failed,False,2026-08-17T21:37:24.355362+09:00
Variant Chain,,,failed,False,2026-08-17T20:43:26.313536+09:00
Variant Compass,,,failed,False,2026-08-17T21:35:46.466784+09:00
Variant Console,,,failed,False,2026-08-17T21:34:12.134068+09:00
Variant Core,,,failed,False,2026-08-17T20:35:03.370957+09:00
Variant Deck,,,failed,False,2026-08-17T20:32:00.957216+09:00
Variant Desk,10.0,98.0,success,False,2026-08-17T21:41:25.564008+09:00
Variant Dial,,,failed,False,2026-08-17T21:31:59.895065+09:00
Variant Dock,,,failed,False,2026-08-17T20:46:04.855118+09:00
Variant Flow,,,failed,False,2026-08-17T20:32:38.453320+09:00
Variant Forge,,,failed,False,2026-08-17T21:33:37.652467+09:00
Variant Frame,,,failed,False,2026-08-17T20:37:00.325562+09:00
Variant Gate,320.0,0.0,success,False,2026-08-17T20:40:53.994191+09:00
Variant Grid,,,failed,False,2026-08-17T20:43:56.267353+09:00
Variant Guard,,,failed,False,2026-08-17T20:35:35.063549+09:00
Variant Keeper,,,failed,False,2026-08-17T20:37:28.424048+09:00
Variant Ledger,,,failed,False,2026-08-17T20:34:11.615000+09:00
Variant Lens,,,failed,False,2026-08-17T20:37:59.877456+09:00
Variant Lock,,,failed,False,2026-08-17T20:39:43.687132+09:00
Variant Loop,,,failed,False,2026-08-17T20:44:38.858684+09:00
Variant Manager,50.0,0.0,success,False,2026-08-17T20:36:28.708934+09:00
Variant Map,10.0,0.0,success,False,2026-08-17T20:38:48.292759+09:00
Variant Meter,,,failed,False,2026-08-17T21:30:50.388708+09:00
Variant Nexus,,,failed,False,2026-08-17T20:40:10.157299+09:00
Variant Node,,,failed,False,2026-08-17T20:41:47.517366+09:00
Variant Panel,70.0,2.0,success,False,2026-08-17T21:33:10.630129+09:00
Variant Path,10.0,2.0,success,False,2026-08-17T20:41:17.748242+09:00
Variant Point,,,failed,False,2026-08-17T20:40:33.502804+09:00
Variant Portal,,,failed,False,2026-08-17T21:35:14.152571+09:00
Variant Pulse,,,failed,False,2026-08-17T20:42:54.961047+09:00
Variant Radar,20.0,0.0,success,False,2026-08-17T21:39:22.624237+09:00
Variant Rail,,,failed,False,2026-08-17T20:45:16.547101+09:00
Variant Relay,,,failed,False,2026-08-17T21:37:57.485180+09:00
Variant Route,,,failed,False,2026-08-17T20:47:19.659128+09:00
Variant Scale,,,failed,False,2026-08-17T20:48:34.410191+09:00
Variant Scope,,,failed,False,2026-08-17T20:45:45.792269+09:00
Variant Sentry,10.0,,success,False,2026-08-17T20:38:21.061174+09:00
Variant Signal,,,failed,False,2026-08-17T20:48:00.384731+09:00
Variant Station,,,failed,False,2026-08-17T21:40:47.686331+09:00
Variant Sync,,,failed,False,2026-08-17T20:33:42.611240+09:00
Variant Tracker,50.0,2.0,success,False,2026-08-17T20:34:35.742752+09:00
Variant Trail,,,failed,False,2026-08-17T20:44:17.126543+09:00
Variant Vault,480.0,1.0,success,False,2026-08-17T21:36:47.272145+09:00
Variant Watch,20.0,15.0,success,False,2026-08-17T20:46:42.242736+09:00
Variant Wave,,,failed,False,2026-08-17T20:42:08.223187+09:00
Variant Zone,,,failed,False,2026-08-17T21:36:22.095100+09:00
Vendor Anchor,,,failed,False,2026-08-17T20:39:54.147287+09:00
Vendor Atlas,,,failed,False,2026-08-17T21:41:36.452024+09:00
Vendor Base,50.0,0.0,success,False,2026-08-17T21:36:30.682605+09:00
Vendor Beacon,,,failed,False,2026-08-17T20:43:09.097865+09:00
Vendor Board,50.0,18.0,success,False,2026-08-17T21:33:20.961288+09:00
Vendor Bridge,50.0,1.0,success,False,2026-08-17T20:40:44.017242+09:00
Vendor Cascade,,,failed,False,2026-08-17T20:41:24.809383+09:00
Vendor Center,40500.0,0.0,success,True,2026-08-17T20:45:28.437462+09:00
Vendor Chain,50.0,60.0,success,False,2026-08-17T20:34:43.926118+09:00
Vendor Compass,,,failed,False,2026-08-17T20:44:04.848400+09:00
Vendor Console,,,failed,False,2026-08-17T20:42:41.908187+09:00
Vendor Core,20.0,9.0,success,False,2026-08-17T21:35:24.685319+09:00
Vendor Deck,30.0,0.0,success,False,2026-08-17T21:32:17.170130+09:00
Vendor Desk,40.0,6.0,success,False,2026-08-17T20:48:15.314618+09:00
Vendor Dial,,,failed,False,2026-08-17T20:41:06.345123+09:00
Vendor Dock,,,failed,False,2026-08-17T20:37:38.706086+09:00
Vendor Flow,70.0,5.0,success,False,2026-08-17T21:32:53.372558+09:00
Vendor Forge,,,failed,False,2026-08-17T20:42:13.997557+09:00
Vendor Frame,,,failed,False,2026-08-17T21:37:36.095439+09:00
Vendor Gate,110.0,10.0,success,False,2026-08-17T20:31:36.969919+09:00
Vendor Grid,20.0,79.0,success,False,2026-08-17T20:35:12.658616+09:00
Vendor Guard,,,failed,False,2026-08-17T21:35:58.459168+09:00
Vendor Hub,4400.0,4.0,success,False,2026-08-17T21:31:41.054400+09:00
Vendor Keeper,,,failed,False,2026-08-17T21:38:08.965654+09:00
Vendor Lab,30.0,14.0,success,False,2026-08-17T20:49:41.074252+09:00
Vendor Ledger,210.0,5.0,success,False,2026-08-17T21:34:24.214520+09:00
Vendor Lens,,,failed,False,2026-08-17T21:38:40.825363+09:00
Vendor Loop,390.0,30.0,success,False,2026-08-17T20:36:12.301778+09:00
Vendor Manager,12100.0,17.0,success,False,2026-08-17T21:36:57.018160+09:00
Vendor Map,480.0,0.0,success,False,2026-08-17T21:41:04.521769+09:00
Vendor Meter,,,failed,False,2026-08-17T20:40:20.065990+09:00
Vendor Navigator,,,failed,False,2026-08-17T22:48:05.376281+09:00
Vendor Node,,,failed,False,2026-08-17T20:32:47.475978+09:00
Vendor Panel,9900.0,9.0,success,False,2026-08-17T20:41:54.470071+09:00
Vendor Path,10.0,0.0,success,False,2026-08-17T20:32:10.469810+09:00
Vendor Pilot,,,failed,False,2026-08-17T21:30:33.048254+09:00
Vendor Portal,27100.0,6.0,success,False,2026-08-17T20:43:36.337910+09:00
Vendor Pulse,30.0,5.0,success,False,2026-08-17T20:34:19.305897+09:00
Vendor Radar,,,failed,False,2026-08-17T20:46:56.962156+09:00
Vendor Rail,,,failed,False,2026-08-17T20:36:40.845127+09:00
Vendor Relay,,,failed,False,2026-08-17T20:45:51.407426+09:00
Vendor Route,,,failed,False,2026-08-17T20:38:32.473394+09:00
Vendor Scale,,,failed,False,2026-08-17T20:39:23.919432+09:00
Vendor Scope,90.0,1.0,success,False,2026-08-17T20:37:11.919122+09:00
Vendor Sentry,,,failed,False,2026-08-17T21:39:37.908878+09:00
Vendor Signal,,,failed,False,2026-08-17T20:38:59.956902+09:00
Vendor Station,110.0,1.0,success,False,2026-08-17T20:47:33.914967+09:00
Vendor Studio,30.0,0.0,success,False,2026-08-17T21:31:05.600589+09:00
Vendor Sync,0.0,,success,False,2026-08-17T21:33:48.082783+09:00
Vendor Tracker,210.0,26.0,success,False,2026-08-17T21:34:55.256705+09:00
Vendor Trail,,,failed,False,2026-08-17T20:35:44.075031+09:00
Vendor Vault,2400.0,9.0,success,False,2026-08-17T20:44:51.445524+09:00
Vendor Watch,880.0,97.0,success,False,2026-08-17T20:38:06.157627+09:00
Vendor Wave,,,failed,False,2026-08-17T20:33:23.313632+09:00
Vendor Zone,2400.0,3.0,success,False,2026-08-17T20:44:24.451216+09:00
Venue Anchor,,,failed,False,2026-08-17T20:34:16.019094+09:00
Venue Atlas,,,failed,False,2026-08-17T21:33:42.291802+09:00
Venue Base,260.0,10.0,success,False,2026-08-17T20:48:40.258747+09:00
Venue Beacon,,,failed,False,2026-08-17T20:38:02.236902+09:00
Venue Board,70.0,0.0,success,False,2026-08-17T20:45:22.370262+09:00
Venue Bridge,,,failed,False,2026-08-17T20:35:06.364440+09:00
Venue Cascade,,,failed,False,2026-08-17T20:36:06.570384+09:00
Venue Center,140.0,10.0,success,False,2026-08-17T20:40:15.034726+09:00
Venue Chain,50.0,59.0,success,False,2026-08-17T21:39:25.145394+09:00
Venue Compass,10.0,0.0,success,False,2026-08-17T20:38:51.261946+09:00
Venue Console,50.0,35.0,success,False,2026-08-17T20:37:32.011303+09:00
Venue Core,10.0,3.0,success,False,2026-08-17T20:47:25.656493+09:00
Venue Deck,30.0,7.0,success,False,2026-08-17T20:44:21.106446+09:00
Venue Desk,,,failed,False,2026-08-17T20:42:11.427186+09:00
Venue Dial,,,failed,False,2026-08-17T20:35:38.392873+09:00
Venue Dock,10.0,0.0,success,False,2026-08-17T20:31:29.603433+09:00
Venue Flow,110.0,9.0,success,False,2026-08-17T20:44:45.631544+09:00
Venue Forge,,,failed,False,2026-08-17T20:37:03.531282+09:00
Venue Frame,20.0,0.0,success,False,2026-08-17T21:30:57.458125+09:00
Venue Gate,10.0,0.0,success,False,2026-08-17T21:35:52.306880+09:00
Venue Grid,,,failed,False,2026-08-17T21:40:51.783967+09:00
Venue Guard,30.0,6.0,success,False,2026-08-17T20:48:06.680156+09:00
Venue Hub,260.0,16.0,success,False,2026-08-17T20:43:57.612589+09:00
Venue Keeper,,,failed,False,2026-08-17T21:31:33.014186+09:00
Venue Lab,70.0,1.0,success,False,2026-08-17T20:42:34.302604+09:00
Venue Ledger,,,failed,False,2026-08-17T20:46:12.433556+09:00
Venue Lens,260.0,0.0,success,False,2026-08-17T21:32:05.797514+09:00
Venue Lock,,,failed,False,2026-08-17T21:34:17.965302+09:00
Venue Manager,3600.0,10.0,success,False,2026-08-17T21:30:24.502544+09:00
Venue Map,880.0,1.0,success,False,2026-08-17T21:33:17.550972+09:00
Venue Meter,50.0,0.0,success,False,2026-08-17T20:34:38.143389+09:00
Venue Nexus,,,failed,False,2026-08-17T21:34:50.586670+09:00
Venue Node,,,failed,False,2026-08-17T21:36:52.396982+09:00
Venue Panel,,,failed,False,2026-08-17T20:36:35.862750+09:00
Venue Path,,,failed,False,2026-08-17T21:36:24.237197+09:00
Venue Pilot,320.0,14.0,success,False,2026-08-17T20:43:01.991108+09:00
Venue Point,20.0,1.0,success,False,2026-08-17T21:35:18.423759+09:00
Venue Portal,110.0,4.0,success,False,2026-08-17T20:38:24.877008+09:00
Venue Pulse,10.0,1.0,success,False,2026-08-17T21:38:35.218560+09:00
Venue Radar,,,failed,False,2026-08-17T20:41:20.787117+09:00
Venue Relay,,,failed,False,2026-08-17T20:40:36.395454+09:00
Venue Route,,,failed,False,2026-08-17T20:32:41.344957+09:00
Venue Scale,30.0,4.0,success,False,2026-08-17T20:33:46.243100+09:00
Venue Sentry,,,failed,False,2026-08-17T21:32:45.123730+09:00
Venue Signal,,,failed,False,2026-08-17T20:33:16.020559+09:00
Venue Station,480.0,3.0,success,False,2026-08-17T20:41:50.983322+09:00
Venue Studio,1300.0,10.0,success,False,2026-08-17T20:43:30.530213+09:00
Venue Sync,,,failed,False,2026-08-17T20:45:48.787557+09:00
Venue Tracker,30.0,62.0,success,False,2026-08-17T20:46:49.856300+09:00
Venue Trail,,,failed,False,2026-08-17T21:41:31.698252+09:00
Venue Vault,70.0,2.0,success,False,2026-08-17T20:39:49.091027+09:00
Venue Watch,90.0,92.0,success,False,2026-08-17T20:32:03.329355+09:00
Venue Wave,,,failed,False,2026-08-17T21:37:26.190503+09:00
Venue Zone,30.0,1.0,success,False,2026-08-17T20:39:20.129592+09:00
Vessel Lock,30.0,0.0,success,False,2026-08-17T22:51:32.586910+09:00
Vitals Assistant,,,failed,False,2026-08-17T22:49:19.411310+09:00
Volunteer Anchor,,,failed,False,2026-08-17T21:34:15.444697+09:00
Volunteer Atlas,10.0,0.0,success,False,2026-08-17T20:42:10.144192+09:00
Volunteer Base,590.0,8.0,success,False,2026-08-17T20:39:18.247368+09:00
Volunteer Beacon,,,failed,False,2026-08-17T21:38:35.218560+09:00
Volunteer Board,210.0,3.0,success,False,2026-08-17T20:36:31.502472+09:00
Volunteer Bridge,50.0,3.0,success,False,2026-08-17T21:35:18.423759+09:00
Volunteer Cascade,,,failed,False,2026-08-17T21:36:24.237197+09:00
Volunteer Chain,,,failed,False,2026-08-17T20:46:49.856300+09:00
Volunteer Compass,40.0,2.0,success,False,2026-08-17T21:40:49.556938+09:00
Volunteer Console,,,failed,False,2026-08-17T21:38:00.601683+09:00
Volunteer Core,70.0,2.0,success,False,2026-08-17T20:38:24.877008+09:00
Volunteer Deck,,,failed,False,2026-08-17T20:35:36.002153+09:00
Volunteer Desk,70.0,0.0,success,False,2026-08-17T20:33:15.121215+09:00
Volunteer Dial,,,failed,False,2026-08-17T21:35:49.618076+09:00
Volunteer Dock,,,failed,False,2026-08-17T21:31:33.014186+09:00
Volunteer Flow,,,failed,False,2026-08-17T20:36:04.789698+09:00
Volunteer Forge,,,failed,False,2026-08-17T21:37:26.190503+09:00
Volunteer Frame,,,failed,False,2026-08-17T20:40:13.744558+09:00
Volunteer Gate,,,failed,False,2026-08-17T20:43:57.612589+09:00
Volunteer Grid,,,failed,False,2026-08-17T20:47:23.581270+09:00
Volunteer Guard,20.0,1.0,success,False,2026-08-17T20:38:51.261946+09:00
Volunteer Hub,4400.0,3.0,success,False,2026-08-17T20:35:06.364440+09:00
Volunteer Keeper,,,failed,False,2026-08-17T20:40:34.523017+09:00
Volunteer Lab,480.0,3.0,success,False,2026-08-17T20:33:46.243100+09:00
Volunteer Ledger,,,failed,False,2026-08-17T20:37:29.909330+09:00
Volunteer Lens,,,failed,False,2026-08-17T20:41:00.568700+09:00
Volunteer Lock,,,failed,False,2026-08-17T20:42:34.302604+09:00
Volunteer Loop,390.0,0.0,success,False,2026-08-17T20:48:40.258747+09:00
Volunteer Manager,1600.0,12.0,success,False,2026-08-17T20:39:46.897200+09:00
Volunteer Map,50.0,1.0,success,False,2026-08-17T20:41:48.704350+09:00
Volunteer Meter,,,failed,False,2026-08-17T21:34:46.886716+09:00
Volunteer Nexus,30.0,0.0,success,False,2026-08-17T20:43:01.991108+09:00
Volunteer Node,,,failed,False,2026-08-17T20:44:43.054193+09:00
Volunteer Panel,10.0,0.0,success,False,2026-08-17T21:36:52.396982+09:00
Volunteer Path,40.0,1.0,success,False,2026-08-17T20:44:21.106446+09:00
Volunteer Pilot,140.0,4.0,success,False,2026-08-17T20:34:15.100698+09:00
Volunteer Point,1600.0,3.0,success,False,2026-08-17T20:43:29.254301+09:00
Volunteer Portal,2400.0,3.0,success,False,2026-08-17T21:39:25.145394+09:00
Volunteer Pulse,,,failed,False,2026-08-17T20:46:12.433556+09:00
Volunteer Radar,,,failed,False,2026-08-17T20:32:03.329355+09:00
Volunteer Rail,,,failed,False,2026-08-17T21:30:24.502544+09:00
Volunteer Route,,,failed,False,2026-08-17T21:32:45.123730+09:00
Volunteer Scale,,,failed,False,2026-08-17T21:33:40.096792+09:00
Volunteer Scope,110.0,12.0,success,False,2026-08-17T21:30:57.458125+09:00
Volunteer Sentry,,,failed,False,2026-08-17T20:41:19.373388+09:00
Volunteer Signal,,,failed,False,2026-08-17T21:33:13.463030+09:00
Volunteer Station,20.0,0.0,success,False,2026-08-17T20:32:41.344957+09:00
Volunteer Studio,40.0,10.0,success,False,2026-08-17T20:34:38.143389+09:00
Volunteer Sync,,,failed,False,2026-08-17T20:37:01.636634+09:00
Volunteer Tracker,480.0,38.0,success,False,2026-08-17T20:38:02.236902+09:00
Volunteer Trail,1300.0,2.0,success,False,2026-08-17T20:48:06.680156+09:00
Volunteer Watch,40.0,5.0,success,False,2026-08-17T21:32:05.797514+09:00
Volunteer Wave,,,failed,False,2026-08-17T20:45:22.370262+09:00
Volunteer Zone,30.0,0.0,success,False,2026-08-17T21:41:28.759770+09:00
Voyage Terminal,10.0,0.0,success,False,2026-08-17T22:49:21.662634+09:00
Vulnerability Anchor,,,failed,False,2026-08-17T20:32:39.820797+09:00
Vulnerability Atlas,20.0,0.0,success,False,2026-08-17T21:32:03.436124+09:00
Vulnerability Base,,,failed,False,2026-08-17T20:46:46.837602+09:00
Vulnerability Beacon,,,failed,False,2026-08-17T20:36:28.708934+09:00
Vulnerability Board,,,failed,False,2026-08-17T20:43:56.267353+09:00
Vulnerability Bridge,170.0,0.0,success,False,2026-08-17T20:33:43.675774+09:00
Vulnerability Cascade,,,failed,False,2026-08-17T20:34:36.732015+09:00
Vulnerability Center,10.0,20.0,success,False,2026-08-17T20:38:48.292759+09:00
Vulnerability Chain,20.0,4.0,success,False,2026-08-17T21:37:24.355362+09:00
Vulnerability Compass,,,failed,False,2026-08-17T20:37:28.424048+09:00
Vulnerability Console,,,failed,False,2026-08-17T20:36:02.767132+09:00
Vulnerability Core,,,failed,False,2026-08-17T20:45:45.792269+09:00
Vulnerability Deck,,,failed,False,2026-08-17T20:42:59.992193+09:00
Vulnerability Desk,,,failed,False,2026-08-17T20:40:55.263419+09:00
Vulnerability Dial,,,failed,False,2026-08-17T20:34:11.615000+09:00
Vulnerability Flow,10.0,0.0,success,False,2026-08-17T20:43:29.254301+09:00
Vulnerability Forge,,,failed,False,2026-08-17T20:35:35.063549+09:00
Vulnerability Frame,,,failed,False,2026-08-17T20:48:02.919436+09:00
Vulnerability Gate,,,failed,False,2026-08-17T21:34:12.134068+09:00
Vulnerability Grid,,,failed,False,2026-08-17T21:38:00.601683+09:00
Vulnerability Guard,,,failed,False,2026-08-17T20:46:07.350212+09:00
Vulnerability Hub,140.0,23.0,success,False,2026-08-17T20:42:32.290659+09:00
Vulnerability Keeper,,,failed,False,2026-08-17T20:48:37.567206+09:00
Vulnerability Lab,210.0,9.0,success,False,2026-08-17T20:41:17.748242+09:00
Vulnerability Ledger,,,failed,False,2026-08-17T20:44:38.858684+09:00
Vulnerability Lens,,,failed,False,2026-08-17T21:30:22.425092+09:00
Vulnerability Lock,,,failed,False,2026-08-17T21:32:40.946824+09:00
Vulnerability Loop,90.0,0.0,success,False,2026-08-17T21:39:22.624237+09:00
Vulnerability Manager,8100.0,36.0,success,False,2026-08-17T20:47:19.659128+09:00
Vulnerability Map,480.0,3.0,success,False,2026-08-17T21:31:30.369012+09:00
Vulnerability Meter,,,failed,False,2026-08-17T20:33:10.817795+09:00
Vulnerability Nexus,,,failed,False,2026-08-17T21:33:10.630129+09:00
Vulnerability Node,,,failed,False,2026-08-17T21:35:16.200596+09:00
Vulnerability Panel,,,failed,False,2026-08-17T20:35:04.556306+09:00
Vulnerability Path,,,failed,False,2026-08-17T21:34:42.632014+09:00
Vulnerability Pilot,,,failed,False,2026-08-17T20:41:47.517366+09:00
Vulnerability Planner,,,failed,False,2026-08-17T22:46:53.613180+09:00
Vulnerability Point,,,failed,False,2026-08-17T21:33:40.096792+09:00
Vulnerability Portal,,,failed,False,2026-08-17T20:37:00.325562+09:00
Vulnerability Pulse,,,failed,False,2026-08-17T21:36:50.527973+09:00
Vulnerability Radar,,,failed,False,2026-08-17T20:40:10.157299+09:00
Vulnerability Rail,,,failed,False,2026-08-17T21:40:47.686331+09:00
Vulnerability Relay,,,failed,False,2026-08-17T20:39:17.196343+09:00
Vulnerability Scale,70.0,0.0,success,False,2026-08-17T20:32:02.325008+09:00
Vulnerability Scope,10.0,25.0,success,False,2026-08-17T21:41:25.564008+09:00
Vulnerability Sentry,,,failed,False,2026-08-17T21:30:53.341117+09:00
Vulnerability Station,,,failed,False,2026-08-17T20:40:34.523017+09:00
Vulnerability Studio,,,failed,False,2026-08-17T20:42:08.223187+09:00
Vulnerability Sync,,,failed,False,2026-08-17T20:44:20.013961+09:00
Vulnerability Tracker,70.0,59.0,success,False,2026-08-17T20:45:18.923986+09:00
Vulnerability Trail,,,failed,False,2026-08-17T21:38:32.905021+09:00
Vulnerability Vault,,,failed,False,2026-08-17T20:38:23.394205+09:00
Vulnerability Wave,,,failed,False,2026-08-17T21:35:49.618076+09:00
Vulnerability Zone,50.0,0.0,success,False,2026-08-17T20:37:59.877456+09:00
Waitlist Metrics,,,failed,False,2026-08-17T22:49:19.411310+09:00
Waiver Anchor,,,failed,False,2026-08-17T21:37:05.127331+09:00
Waiver Atlas,,,failed,False,2026-08-17T20:44:29.668652+09:00
Waiver Base,,,failed,False,2026-08-17T20:41:33.336783+09:00
Waiver Board,70.0,4.0,success,False,2026-08-17T20:39:06.787331+09:00
Waiver Bridge,,,failed,False,2026-08-17T21:38:15.647846+09:00
Waiver Cascade,,,failed,False,2026-08-17T21:39:44.948189+09:00
Waiver Center,,,failed,False,2026-08-17T20:33:30.325030+09:00
Waiver Chain,,,failed,False,2026-08-17T21:31:11.680234+09:00
Waiver Compass,,,failed,False,2026-08-17T20:31:46.547401+09:00
Waiver Core,,,failed,False,2026-08-17T20:40:48.754907+09:00
Waiver Deck,,,failed,False,2026-08-17T20:38:11.520193+09:00
Waiver Desk,,,failed,False,2026-08-17T20:35:50.076535+09:00
Waiver Dial,,,failed,False,2026-08-17T21:39:05.774100+09:00
Waiver Dock,,,failed,False,2026-08-17T21:34:29.947705+09:00
Waiver Flow,,,failed,False,2026-08-17T20:38:36.286112+09:00
Waiver Forge,,,failed,False,2026-08-17T21:41:44.845375+09:00
Waiver Frame,,,failed,False,2026-08-17T20:42:18.152107+09:00
Waiver Gate,10.0,,success,False,2026-08-17T20:46:23.888336+09:00
Waiver Grid,,,failed,False,2026-08-17T21:31:46.266854+09:00
Waiver Guard,,,failed,False,2026-08-17T20:41:08.316613+09:00
Waiver Hub,,,failed,False,2026-08-17T20:37:47.401646+09:00
Waiver Keeper,,,failed,False,2026-08-17T20:42:47.401639+09:00
Waiver Lab,,,failed,False,2026-08-17T20:36:17.521162+09:00
Waiver Ledger,,,failed,False,2026-08-17T20:39:59.910293+09:00
Waiver Lens,,,failed,False,2026-08-17T20:43:15.863986+09:00
Waiver Lock,,,failed,False,2026-08-17T20:45:09.617976+09:00
Waiver Loop,,,failed,False,2026-08-17T21:33:00.443260+09:00
Waiver Manager,,,failed,False,2026-08-17T20:41:58.937145+09:00
Waiver Map,,,failed,False,2026-08-17T20:44:09.032273+09:00
Waiver Meter,,,failed,False,2026-08-17T21:37:44.992622+09:00
Waiver Nexus,,,failed,False,2026-08-17T20:45:33.619281+09:00
Waiver Node,,,failed,False,2026-08-17T20:47:45.474295+09:00
Waiver Panel,,,failed,False,2026-08-17T21:41:12.952922+09:00
Waiver Path,,,failed,False,2026-08-17T20:47:04.642239+09:00
Waiver Pilot,,,failed,False,2026-08-17T20:36:48.387810+09:00
Waiver Point,,,failed,False,2026-08-17T20:45:55.190861+09:00
Waiver Pulse,,,failed,False,2026-08-17T21:30:38.829852+09:00
Waiver Radar,,,failed,False,2026-08-17T20:34:48.922886+09:00
Waiver Rail,,,failed,False,2026-08-17T21:33:26.536272+09:00
Waiver Relay,,,failed,False,2026-08-17T20:33:59.012811+09:00
Waiver Route,,,failed,False,2026-08-17T21:35:33.419897+09:00
Waiver Scale,,,failed,False,2026-08-17T21:36:34.713232+09:00
Waiver Scope,,,failed,False,2026-08-17T21:33:59.802696+09:00
Waiver Sentry,,,failed,False,2026-08-17T20:43:42.299051+09:00
Waiver Signal,,,failed,False,2026-08-17T21:36:07.544663+09:00
Waiver Station,50.0,1.0,success,False,2026-08-17T20:35:18.626237+09:00
Waiver Studio,,,failed,False,2026-08-17T20:37:16.947301+09:00
Waiver Sync,,,failed,False,2026-08-17T20:39:31.272188+09:00
Waiver Tracker,1300.0,0.0,success,True,2026-08-17T20:40:24.654920+09:00
Waiver Trail,,,failed,False,2026-08-17T21:32:23.259221+09:00
Waiver Vault,,,failed,False,2026-08-17T20:32:55.422953+09:00
Waiver Watch,30.0,0.0,success,False,2026-08-17T21:35:02.943607+09:00
Waiver Wave,,,failed,False,2026-08-17T20:48:21.583177+09:00
Waiver Zone,,,failed,False,2026-08-17T20:32:21.226449+09:00
Warehouse Anchor,10.0,0.0,success,False,2026-08-17T20:37:34.472176+09:00
Warehouse Atlas,10.0,0.0,success,False,2026-08-17T21:37:32.627735+09:00
Warehouse Base,140.0,11.0,success,False,2026-08-17T21:33:45.075228+09:00
Warehouse Beacon,30.0,14.0,success,False,2026-08-17T20:41:01.819842+09:00
Warehouse Board,110.0,19.0,success,False,2026-08-17T21:30:27.922058+09:00
Warehouse Bridge,30.0,0.0,success,False,2026-08-17T20:38:26.412397+09:00
Warehouse Cascade,,,failed,False,2026-08-17T20:39:21.363517+09:00
Warehouse Center,880.0,57.0,success,False,2026-08-17T20:43:05.974432+09:00
Warehouse Chain,110.0,13.0,success,False,2026-08-17T20:32:08.584337+09:00
Warehouse Compass,,,failed,False,2026-08-17T20:41:53.253624+09:00
Warehouse Console,210.0,0.0,success,False,2026-08-17T20:40:41.186342+09:00
Warehouse Core,,,failed,False,2026-08-17T21:32:47.122898+09:00
Warehouse Deck,90.0,33.0,success,False,2026-08-17T20:48:09.439521+09:00
Warehouse Desk,1300.0,100.0,success,False,2026-08-17T20:45:24.269018+09:00
Warehouse Dial,,,failed,False,2026-08-17T20:38:58.199942+09:00
Warehouse Dock,1000.0,32.0,success,False,2026-08-17T20:35:09.040915+09:00
Warehouse Flow,260.0,9.0,success,False,2026-08-17T20:48:45.753465+09:00
Warehouse Forge,,,failed,False,2026-08-17T20:40:17.203996+09:00
Warehouse Frame,720.0,90.0,success,False,2026-08-17T21:34:53.019649+09:00
Warehouse Gate,1900.0,61.0,success,False,2026-08-17T21:40:59.899740+09:00
Warehouse Grid,20.0,8.0,success,False,2026-08-17T20:32:46.505342+09:00
Warehouse Guard,70.0,51.0,success,False,2026-08-17T21:33:19.243075+09:00
Warehouse Hub,720.0,3.0,success,False,2026-08-17T20:47:28.313560+09:00
Warehouse Keeper,1300.0,1.0,success,False,2026-08-17T21:35:20.515813+09:00
Warehouse Lab,590.0,27.0,success,False,2026-08-17T20:45:50.172264+09:00
Warehouse Ledger,20.0,0.0,success,False,2026-08-17T21:31:35.848823+09:00
Warehouse Lens,170.0,29.0,success,False,2026-08-17T21:35:54.911296+09:00
Warehouse Lock,140.0,100.0,success,False,2026-08-17T21:38:05.775829+09:00
Warehouse Loop,30.0,0.0,success,False,2026-08-17T20:33:48.971139+09:00
Warehouse Manager,9900.0,6.0,success,False,2026-08-17T21:34:20.474166+09:00
Warehouse Map,880.0,6.0,success,False,2026-08-17T21:36:54.710856+09:00
Warehouse Meter,,,failed,False,2026-08-17T20:38:04.703276+09:00
Warehouse Nexus,,,failed,False,2026-08-17T21:38:37.304138+09:00
Warehouse Panel,110.0,18.0,success,False,2026-08-17T20:39:51.023967+09:00
Warehouse Path,30.0,7.0,success,False,2026-08-17T21:41:34.183941+09:00
Warehouse Pilot,720.0,5.0,success,False,2026-08-17T20:46:14.149623+09:00
Warehouse Point,720.0,1.0,success,False,2026-08-17T21:39:34.435552+09:00
Warehouse Portal,2900.0,11.0,success,False,2026-08-17T20:41:22.469867+09:00
Warehouse Pulse,,,failed,False,2026-08-17T20:31:35.680631+09:00
Warehouse Radar,,,failed,False,2026-08-17T20:44:22.162347+09:00
Warehouse Rail,140.0,91.0,success,False,2026-08-17T20:34:17.127214+09:00
Warehouse Relay,,,failed,False,2026-08-17T20:43:32.566232+09:00
Warehouse Route,50.0,12.0,success,False,2026-08-17T20:36:08.746361+09:00
Warehouse Scale,1000.0,100.0,success,False,2026-08-17T20:37:05.313557+09:00
Warehouse Scope,10.0,0.0,success,False,2026-08-17T20:34:42.726088+09:00
Warehouse Sentry,,,failed,False,2026-08-17T21:36:28.444275+09:00
Warehouse Signal,,,failed,False,2026-08-17T20:36:38.149505+09:00
Warehouse Station,135000.0,10.0,success,False,2026-08-17T20:44:46.784780+09:00
Warehouse Studio,2900.0,3.0,success,False,2026-08-17T20:46:53.844827+09:00
Warehouse Sync,,,failed,False,2026-08-17T21:31:00.206645+09:00
Warehouse Tracker,390.0,24.0,success,False,2026-08-17T21:32:11.115049+09:00
Warehouse Trail,,,failed,False,2026-08-17T20:33:18.087238+09:00
Warehouse Vault,,,failed,False,2026-08-17T20:42:40.071307+09:00
Warehouse Watch,6600.0,100.0,success,False,2026-08-17T20:35:40.356029+09:00
Warehouse Zone,140.0,6.0,success,False,2026-08-17T20:42:12.704128+09:00
Warranty Anchor,,,failed,False,2026-08-17T20:39:43.687132+09:00
Warranty Atlas,,,failed,False,2026-08-17T20:40:45.689604+09:00
Warranty Base,10.0,0.0,success,False,2026-08-17T20:37:44.009684+09:00
Warranty Board,10.0,0.0,success,False,2026-08-17T20:34:46.285590+09:00
Warranty Bridge,,,failed,False,2026-08-17T20:40:33.502804+09:00
Warranty Cascade,,,failed,False,2026-08-17T20:41:17.748242+09:00
Warranty Center,1900.0,2.0,success,False,2026-08-17T20:33:36.115262+09:00
Warranty Chain,50.0,92.0,success,False,2026-08-17T20:34:35.742752+09:00
Warranty Compass,,,failed,False,2026-08-17T20:31:55.017364+09:00
Warranty Core,,,failed,False,2026-08-17T20:36:43.272468+09:00
Warranty Deck,,,failed,False,2026-08-17T20:33:56.397010+09:00
Warranty Dial,,,failed,False,2026-08-17T20:40:53.994191+09:00
Warranty Dock,,,failed,False,2026-08-17T20:37:26.547523+09:00
Warranty Flow,,,failed,False,2026-08-17T20:34:20.444490+09:00
Warranty Forge,,,failed,False,2026-08-17T20:42:06.946542+09:00
Warranty Frame,,,failed,False,2026-08-17T20:38:33.752321+09:00
Warranty Grid,,,failed,False,2026-08-17T20:35:03.370957+09:00
Warranty Guard,110.0,23.0,success,False,2026-08-17T20:37:14.189830+09:00
Warranty Hub,210.0,14.0,success,False,2026-08-17T20:33:27.108642+09:00
Warranty Keeper,90.0,0.0,success,False,2026-08-17T20:39:05.666395+09:00
Warranty Lab,,,failed,False,2026-08-17T20:31:41.996994+09:00
Warranty Ledger,,,failed,False,2026-08-17T20:35:47.352548+09:00
Warranty Lens,,,failed,False,2026-08-17T20:39:28.862436+09:00
Warranty Loop,,,failed,False,2026-08-17T20:36:00.761105+09:00
Warranty Manager,390.0,3.0,success,False,2026-08-17T20:38:08.924079+09:00
Warranty Map,,,failed,False,2026-08-17T20:40:21.350341+09:00
Warranty Meter,,,failed,False,2026-08-17T20:40:10.157299+09:00
Warranty Node,,,failed,False,2026-08-17T20:32:38.453320+09:00
Warranty Panel,,,failed,False,2026-08-17T20:41:46.079279+09:00
Warranty Path,,,failed,False,2026-08-17T20:32:00.957216+09:00
Warranty Pilot,90.0,26.0,success,False,2026-08-17T20:32:14.147491+09:00
Warranty Pulse,,,failed,False,2026-08-17T20:34:09.472739+09:00
Warranty Rail,,,failed,False,2026-08-17T20:36:26.800121+09:00
Warranty Register,5400.0,2.0,success,False,2026-08-17T22:50:34.703098+09:00
Warranty Relay,,,failed,False,2026-08-17T20:34:03.344800+09:00
Warranty Route,,,failed,False,2026-08-17T20:38:21.061174+09:00
Warranty Scale,,,failed,False,2026-08-17T20:39:15.324728+09:00
Warranty Scope,70.0,0.0,success,False,2026-08-17T20:36:59.320935+09:00
Warranty Sentry,,,failed,False,2026-08-17T20:39:57.613991+09:00
Warranty Signal,,,failed,False,2026-08-17T20:38:46.053243+09:00
Warranty Studio,,,failed,False,2026-08-17T20:32:53.240136+09:00
Warranty Sync,,,failed,False,2026-08-17T20:35:16.626138+09:00
Warranty Tracker,590.0,9.0,success,False,2026-08-17T20:36:13.174234+09:00
Warranty Trail,,,failed,False,2026-08-17T20:35:32.317442+09:00
Warranty Vault,40.0,3.0,success,False,2026-08-17T20:33:01.756540+09:00
Warranty Watch,1300.0,3.0,success,False,2026-08-17T20:37:58.727524+09:00
Warranty Wave,,,failed,False,2026-08-17T20:33:09.747000+09:00
Warranty Zone,110.0,5.0,success,False,2026-08-17T20:32:26.534581+09:00
Waste Anchor,,,failed,False,2026-08-17T21:36:32.684484+09:00
Waste Atlas,390.0,15.0,success,False,2026-08-17T20:44:07.827451+09:00
Waste Base,720.0,1.0,success,False,2026-08-17T20:41:07.425187+09:00
Waste Board,480.0,6.0,success,False,2026-08-17T20:38:35.163236+09:00
Waste Bridge,,,failed,False,2026-08-17T21:37:42.380657+09:00
Waste Cascade,,,failed,False,2026-08-17T21:39:02.253193+09:00
Waste Center,2400.0,8.0,success,False,2026-08-17T20:32:53.240136+09:00
Waste Chain,1000.0,98.0,success,False,2026-08-17T21:30:37.005083+09:00
Waste Console,,,failed,False,2026-08-17T21:41:42.015478+09:00
Waste Core,,,failed,False,2026-08-17T20:40:21.350341+09:00
Waste Deck,10.0,3.0,success,False,2026-08-17T20:37:44.009684+09:00
Waste Desk,,,failed,False,2026-08-17T20:35:16.626138+09:00
Waste Dial,,,failed,False,2026-08-17T21:38:13.718334+09:00
Waste Dock,,,failed,False,2026-08-17T21:33:56.834131+09:00
Waste Flow,390.0,6.0,success,False,2026-08-17T20:38:08.924079+09:00
Waste Forge,10.0,14.0,success,False,2026-08-17T21:41:12.952922+09:00
Waste Frame,,,failed,False,2026-08-17T20:41:57.166662+09:00
Waste Gate,27100.0,53.0,success,False,2026-08-17T20:45:54.147634+09:00
Waste Grid,50.0,93.0,success,False,2026-08-17T21:31:08.679950+09:00
Waste Guard,30.0,1.0,success,False,2026-08-17T20:40:45.689604+09:00
Waste Hub,140.0,3.0,success,False,2026-08-17T20:37:14.189830+09:00
Waste Keeper,10.0,0.0,success,False,2026-08-17T20:42:16.988485+09:00
Waste Lab,480.0,1.0,success,False,2026-08-17T20:35:47.352548+09:00
Waste Ledger,,,failed,False,2026-08-17T20:39:28.862436+09:00
Waste Lens,20.0,1.0,success,False,2026-08-17T20:42:46.441273+09:00
Waste Lock,40.0,5.0,success,False,2026-08-17T20:44:25.446111+09:00
Waste Loop,30.0,0.0,success,False,2026-08-17T21:32:20.148818+09:00
Waste Manager,1300.0,49.0,success,False,2026-08-17T20:41:30.101842+09:00
Waste Map,880.0,1.0,success,False,2026-08-17T20:43:38.857738+09:00
Waste Meter,30.0,11.0,success,False,2026-08-17T21:37:02.739524+09:00
Waste Nexus,,,failed,False,2026-08-17T20:44:58.380838+09:00
Waste Node,,,failed,False,2026-08-17T20:47:00.954455+09:00
Waste Panel,,,failed,False,2026-08-17T21:39:40.995935+09:00
Waste Path,1300.0,0.0,success,True,2026-08-17T20:46:22.420312+09:00
Waste Pilot,70.0,4.0,success,False,2026-08-17T20:36:13.174234+09:00
Waste Point,480.0,1.0,success,False,2026-08-17T20:45:32.525368+09:00
Waste Pulse,,,failed,False,2026-08-17T21:30:02.792774+09:00
Waste Radar,,,failed,False,2026-08-17T20:34:22.385109+09:00
Waste Rail,,,failed,False,2026-08-17T21:32:57.336519+09:00
Waste Relay,,,failed,False,2026-08-17T20:33:27.108642+09:00
Waste Route,30.0,10.0,success,False,2026-08-17T21:35:00.218033+09:00
Waste Scale,70.0,99.0,success,False,2026-08-17T21:36:05.315924+09:00
Waste Scope,,,failed,False,2026-08-17T21:33:24.629057+09:00
Waste Sentry,,,failed,False,2026-08-17T20:43:12.470155+09:00
Waste Signal,,,failed,False,2026-08-17T21:35:30.145341+09:00
Waste Station,2900.0,25.0,success,False,2026-08-17T20:34:46.285590+09:00
Waste Studio,140.0,4.0,success,False,2026-08-17T20:36:47.157974+09:00
Waste Sync,10.0,5.0,success,False,2026-08-17T20:39:05.666395+09:00
Waste Tracker,390.0,2.0,success,False,2026-08-17T20:39:57.613991+09:00
Waste Trail,,,failed,False,2026-08-17T21:31:44.399230+09:00
Waste Vault,20.0,0.0,success,False,2026-08-17T20:32:14.147491+09:00
Waste Watch,1300.0,8.0,success,False,2026-08-17T21:34:28.165323+09:00
Waste Wave,110.0,4.0,success,False,2026-08-17T20:47:39.394205+09:00
Waste Zone,110.0,2.0,success,False,2026-08-17T20:31:41.996994+09:00
Wellness Metrics,30.0,1.0,success,False,2026-08-17T22:50:34.703098+09:00
Wellness Trail,70.0,1.0,success,False,2026-08-17T22:51:27.768654+09:00
Yield Anchor,,,failed,False,2026-08-17T20:35:50.076535+09:00
Yield Atlas,,,failed,False,2026-08-17T20:38:24.877008+09:00
Yield Base,30.0,0.0,success,False,2026-08-17T20:35:08.080059+09:00
Yield Beacon,,,failed,False,2026-08-17T20:39:32.550443+09:00
Yield Board,10.0,0.0,success,False,2026-08-17T20:32:07.300250+09:00
Yield Bridge,90.0,0.0,success,False,2026-08-17T20:36:48.387810+09:00
Yield Cascade,,,failed,False,2026-08-17T20:37:47.401646+09:00
Yield Center,30.0,4.0,success,False,2026-08-17T20:41:35.724700+09:00
Yield Compass,,,failed,False,2026-08-17T20:40:26.535789+09:00
Yield Console,,,failed,False,2026-08-17T20:39:09.333217+09:00
Yield Core,,,failed,False,2026-08-17T20:34:16.019094+09:00
Yield Desk,,,failed,False,2026-08-17T20:43:44.073906+09:00
Yield Dial,,,failed,False,2026-08-17T20:37:16.947301+09:00
Yield Dock,,,failed,False,2026-08-17T20:33:30.325030+09:00
Yield Flow,20.0,0.0,success,False,2026-08-17T20:31:33.560642+09:00
Yield Forge,10.0,0.0,success,False,2026-08-17T20:38:36.286112+09:00
Yield Frame,,,failed,False,2026-08-17T20:36:06.570384+09:00
Yield Gate,,,failed,False,2026-08-17T20:40:15.034726+09:00
Yield Guard,10.0,0.0,success,False,2026-08-17T20:34:40.569545+09:00
Yield Keeper,,,failed,False,2026-08-17T20:36:35.862750+09:00
Yield Lab,720.0,4.0,success,False,2026-08-17T20:44:09.032273+09:00
Yield Ledger,,,failed,False,2026-08-17T20:33:18.087238+09:00
Yield Lens,,,failed,False,2026-08-17T20:37:03.531282+09:00
Yield Lock,40.0,88.0,success,False,2026-08-17T20:38:53.767345+09:00
Yield Loop,10.0,0.0,success,False,2026-08-17T20:31:46.547401+09:00
Yield Manager,480.0,4.0,success,False,2026-08-17T20:35:38.392873+09:00
Yield Map,390.0,3.0,success,False,2026-08-17T20:38:03.705761+09:00
Yield Meter,,,failed,False,2026-08-17T20:36:17.521162+09:00
Yield Nexus,10.0,0.0,success,False,2026-08-17T20:39:20.129592+09:00
Yield Node,480.0,3.0,success,False,2026-08-17T20:41:01.819842+09:00
Yield Organizer,,,failed,False,2026-08-17T22:48:03.176041+09:00
Yield Panel,10.0,0.0,success,False,2026-08-17T20:38:12.491374+09:00
Yield Path,,,failed,False,2026-08-17T20:40:36.395454+09:00
Yield Pilot,20.0,1.0,success,False,2026-08-17T20:44:29.668652+09:00
Yield Point,27100.0,0.0,success,True,2026-08-17T20:39:49.091027+09:00
Yield Portal,40.0,9.0,success,False,2026-08-17T20:40:01.743309+09:00
Yield Pulse,10.0,0.0,success,False,2026-08-17T20:42:11.427186+09:00
Yield Radar,,,failed,False,2026-08-17T20:42:47.401639+09:00
Yield Rail,,,failed,False,2026-08-17T20:32:21.226449+09:00
Yield Relay,,,failed,False,2026-08-17T20:42:00.146835+09:00
Yield Route,,,failed,False,2026-08-17T20:34:23.568448+09:00
Yield Scale,,,failed,False,2026-08-17T20:35:19.683482+09:00
Yield Scope,,,failed,False,2026-08-17T20:32:57.689274+09:00
Yield Sentry,,,failed,False,2026-08-17T20:37:32.011303+09:00
Yield Signal,74000.0,22.0,success,False,2026-08-17T20:34:51.045190+09:00
Yield Station,10.0,0.0,success,False,2026-08-17T20:43:15.863986+09:00
Yield Sync,,,failed,False,2026-08-17T20:32:44.310093+09:00
Yield Tracker,90.0,4.0,success,False,2026-08-17T20:33:47.539654+09:00
Yield Vault,30.0,4.0,success,False,2026-08-17T20:41:09.985510+09:00
Yield Watch,20.0,0.0,success,False,2026-08-17T20:34:01.116253+09:00
Yield Wave,,,failed,False,2026-08-17T20:41:20.787117+09:00
Yield Zone,50.0,0.0,success,False,2026-08-17T20:40:48.754907+09:00
Zoning Anchor,,,failed,False,2026-08-17T21:32:47.122898+09:00
Zoning Atlas,260.0,2.0,success,False,2026-08-17T20:41:01.819842+09:00
Zoning Base,,,failed,False,2026-08-17T20:38:03.705761+09:00
Zoning Beacon,,,failed,False,2026-08-17T21:36:54.710856+09:00
Zoning Board,590.0,0.0,success,False,2026-08-17T20:35:08.080059+09:00
Zoning Bridge,,,failed,False,2026-08-17T21:33:42.291802+09:00
Zoning Cascade,,,failed,False,2026-08-17T21:34:50.586670+09:00
Zoning Chain,,,failed,False,2026-08-17T20:45:24.269018+09:00
Zoning Compass,,,failed,False,2026-08-17T21:38:03.717082+09:00
Zoning Console,,,failed,False,2026-08-17T21:36:26.445152+09:00
Zoning Core,,,failed,False,2026-08-17T20:37:05.313557+09:00
Zoning Deck,,,failed,False,2026-08-17T20:34:17.127214+09:00
Zoning Desk,,,failed,False,2026-08-17T20:31:33.560642+09:00
Zoning Dial,,,failed,False,2026-08-17T21:34:17.965302+09:00
Zoning Dock,,,failed,False,2026-08-17T20:48:44.119140+09:00
Zoning Flow,,,failed,False,2026-08-17T20:34:40.569545+09:00
Zoning Forge,,,failed,False,2026-08-17T21:35:52.306880+09:00
Zoning Frame,,,failed,False,2026-08-17T20:38:53.767345+09:00
Zoning Gate,,,failed,False,2026-08-17T20:42:36.789908+09:00
Zoning Grid,,,failed,False,2026-08-17T20:45:48.787557+09:00
Zoning Guard,,,failed,False,2026-08-17T20:37:32.011303+09:00
Zoning Hub,20.0,0.0,success,False,2026-08-17T20:33:47.539654+09:00
Zoning Keeper,,,failed,False,2026-08-17T20:39:20.129592+09:00
Zoning Lab,,,failed,False,2026-08-17T20:32:07.300250+09:00
Zoning Ledger,,,failed,False,2026-08-17T20:36:06.570384+09:00
Zoning Lens,,,failed,False,2026-08-17T20:39:51.023967+09:00
Zoning Lock,,,failed,False,2026-08-17T20:41:22.469867+09:00
Zoning Loop,,,failed,False,2026-08-17T20:46:51.703605+09:00
Zoning Manager,10.0,0.0,success,False,2026-08-17T20:38:26.412397+09:00
Zoning Map,9900.0,1.0,success,False,2026-08-17T20:40:41.186342+09:00
Zoning Meter,,,failed,False,2026-08-17T21:33:17.550972+09:00
Zoning Metrics,,,failed,False,2026-08-17T22:48:03.176041+09:00
Zoning Nexus,,,failed,False,2026-08-17T20:41:50.983322+09:00
Zoning Node,,,failed,False,2026-08-17T20:43:32.566232+09:00
Zoning Panel,390.0,64.0,success,False,2026-08-17T21:35:20.515813+09:00
Zoning Path,,,failed,False,2026-08-17T20:43:05.974432+09:00
Zoning Pilot,,,failed,False,2026-08-17T20:32:44.310093+09:00
Zoning Point,20.0,0.0,success,False,2026-08-17T20:42:11.427186+09:00
Zoning Portal,90.0,1.0,success,False,2026-08-17T21:37:30.311680+09:00
Zoning Pulse,,,failed,False,2026-08-17T20:44:45.631544+09:00
Zoning Rail,,,failed,False,2026-08-17T20:47:25.656493+09:00
Zoning Route,,,failed,False,2026-08-17T21:31:00.206645+09:00
Zoning Scale,,,failed,False,2026-08-17T21:32:11.115049+09:00
Zoning Scope,,,failed,False,2026-08-17T20:48:09.439521+09:00
Zoning Sentry,,,failed,False,2026-08-17T20:40:17.203996+09:00
Zoning Signal,,,failed,False,2026-08-17T21:31:35.848823+09:00
Zoning Studio,,,failed,False,2026-08-17T20:33:18.087238+09:00
Zoning Sync,,,failed,False,2026-08-17T20:35:38.392873+09:00
Zoning Tracker,,,failed,False,2026-08-17T20:36:38.149505+09:00
Zoning Trail,,,failed,False,2026-08-17T20:46:14.149623+09:00
Zoning Vault,,,failed,False,2026-08-17T21:39:28.354494+09:00
Zoning Watch,,,failed,False,2026-08-17T21:30:27.922058+09:00
Zoning Wave,,,failed,False,2026-08-17T20:43:58.581518+09:00
Zoning Zone,,,failed,False,2026-08-17T21:38:37.304138+09:00
